frame,cpu_frame_ms,cpu_physics_ms,cpu_mesh_ms,cpu_egui_ms,cpu_check_win_ms,cpu_shadow_segs_ms,cpu_submit_ms,cpu_celebration_ms,gpu_total_ms,gpu_shadow_ms,gpu_hdr_ms,gpu_bloom_ms,rope_verts,rope_tris,event,render_scale,render_mode,dragging,render_size,skip,table_shadow_mode
581,66.449,2.356,0.294,0.188,0.000,0.023,0.070,0.000,63.487,0.014,63.424,0.049,8120,15600,,2.00,2,0,8224x5140,S,0
582,66.245,2.325,0.259,0.210,0.003,0.024,0.060,0.000,63.461,0.013,63.392,0.055,8120,15600,,2.00,2,0,8224x5140,S,0
583,66.677,2.380,0.287,0.118,0.000,0.025,0.059,0.000,63.472,0.014,63.414,0.044,8120,15600,,2.00,2,0,8224x5140,S,0
584,69.945,2.311,0.252,0.068,0.000,0.017,0.053,0.000,66.856,0.014,66.799,0.044,8120,15600,,2.00,2,0,8224x5140,S,0
585,66.428,2.537,0.287,0.075,0.000,0.021,0.057,0.000,63.437,0.014,63.379,0.045,8120,15600,,2.00,2,0,8224x5140,S,0
586,65.757,2.597,0.293,0.073,0.000,0.022,0.056,0.000,63.448,0.014,63.386,0.048,8120,15600,,2.00,2,0,8224x5140,S,0
587,65.693,2.527,0.258,0.079,0.000,0.020,0.080,0.000,63.475,0.014,63.417,0.044,8120,15600,,2.00,2,0,8224x5140,S,0
588,66.770,3.398,0.319,0.081,0.000,0.021,0.062,0.000,63.450,0.013,63.388,0.048,8120,15600,,2.00,2,0,8224x5140,S,0
589,66.426,2.214,0.223,0.065,0.000,0.016,0.054,0.000,63.400,0.014,63.340,0.046,8120,15600,,2.00,2,0,8224x5140,S,0
590,67.672,2.242,0.232,0.064,0.000,0.018,0.053,0.000,65.923,0.424,65.453,0.046,8120,15600,,2.00,2,0,8224x5140,S,0
591,66.485,2.377,0.282,0.069,0.000,0.019,0.074,0.000,63.501,0.014,63.438,0.049,8120,15600,,2.00,2,0,8224x5140,S,0
592,65.778,3.170,0.317,0.080,0.000,0.023,0.059,0.000,63.411,0.014,63.351,0.046,8120,15600,,2.00,2,0,8224x5140,S,0
593,65.118,2.181,0.274,0.064,0.000,0.020,0.056,0.000,63.449,0.014,63.387,0.048,8120,15600,,2.00,2,0,8224x5140,S,0
594,66.405,2.239,0.242,0.062,0.000,0.017,0.059,0.000,63.418,0.013,63.352,0.052,8120,15600,,2.00,2,0,8224x5140,S,0
595,66.317,2.318,0.262,0.060,0.000,0.019,0.070,0.000,63.438,0.014,63.377,0.047,8120,15600,,2.00,2,0,8224x5140,S,0
596,65.794,3.041,0.296,0.071,0.000,0.021,0.050,0.000,63.491,0.013,63.430,0.047,8120,15600,,2.00,2,0,8224x5140,S,0
597,65.723,2.241,0.256,0.068,0.000,0.019,0.065,0.000,63.374,0.014,63.310,0.049,8120,15600,,2.00,2,0,8224x5140,S,0
598,65.910,2.211,0.256,0.072,0.000,0.020,0.071,0.000,63.587,0.014,63.522,0.050,8120,15600,,2.00,2,0,8224x5140,S,0
599,68.660,2.386,0.274,0.073,0.000,0.022,0.056,0.000,65.106,0.014,65.049,0.044,8120,15600,,2.00,2,0,8224x5140,S,0
600,67.895,2.638,0.270,0.073,0.000,0.024,0.062,0.000,64.831,0.014,64.780,0.037,8120,15600,,2.00,2,0,8224x5140,S,0
601,66.820,2.607,0.284,0.062,0.000,0.022,0.061,0.000,64.641,0.013,64.590,0.038,8120,15600,,2.00,2,0,8224x5140,S,0
602,67.645,2.294,0.269,0.069,0.000,0.021,0.062,0.000,64.782,0.014,64.731,0.038,8120,15600,,2.00,2,0,8224x5140,S,0
603,67.011,2.237,0.312,0.064,0.000,0.018,0.060,0.000,64.806,0.014,64.753,0.039,8120,15600,,2.00,2,0,8224x5140,S,0
604,67.204,2.513,0.346,0.077,0.000,0.028,0.066,0.000,64.658,0.014,64.598,0.046,8120,15600,,2.00,2,0,8224x5140,S,0
605,68.087,2.271,0.251,0.067,0.000,0.021,0.078,0.000,65.019,0.014,64.964,0.040,8120,15600,,2.00,2,0,8224x5140,S,0
606,67.513,2.374,0.300,0.068,0.000,0.022,0.065,0.000,65.025,0.017,64.964,0.044,8120,15600,,2.00,2,0,8224x5140,S,0
607,67.623,2.340,0.291,0.068,0.000,0.021,0.064,0.000,64.909,0.014,64.858,0.037,8120,15600,,2.00,2,0,8224x5140,S,0
608,66.692,2.503,0.296,0.072,0.000,0.020,0.050,0.000,64.779,0.014,64.729,0.037,8120,15600,,2.00,2,0,8224x5140,S,0
609,67.281,2.027,0.241,0.060,0.000,0.016,0.066,0.000,64.703,0.014,64.649,0.040,8120,15600,,2.00,2,0,8224x5140,S,0
610,67.566,2.355,0.296,0.079,0.000,0.027,0.051,0.000,64.617,0.013,64.567,0.037,8120,15600,,2.00,2,0,8224x5140,S,0
611,67.741,2.358,0.264,0.059,0.000,0.021,0.064,0.000,64.842,0.014,64.792,0.036,8120,15600,,2.00,2,0,8224x5140,S,0
612,67.227,2.272,0.235,0.062,0.000,0.018,0.050,0.000,65.048,0.013,64.989,0.045,8120,15600,,2.00,2,0,8224x5140,S,0
613,68.128,2.680,0.351,0.073,0.000,0.028,0.072,0.000,66.690,1.547,65.105,0.038,8120,15600,,2.00,2,0,8224x5140,S,0
614,66.123,2.244,0.258,0.063,0.000,0.017,0.054,0.000,63.858,0.014,63.808,0.037,8120,15600,,2.00,2,0,8224x5140,S,0
615,66.522,2.456,0.273,0.063,0.000,0.018,0.075,0.000,63.654,0.014,63.603,0.037,8120,15600,,2.00,2,0,8224x5140,S,0
616,67.924,2.189,0.261,0.064,0.000,0.020,0.053,0.000,65.374,0.014,65.313,0.047,8120,15600,,2.00,2,0,8224x5140,S,0
617,66.492,2.343,0.334,0.079,0.000,0.025,0.067,0.000,63.763,0.014,63.708,0.041,8120,15600,,2.00,2,0,8224x5140,S,0
618,69.804,2.298,0.250,0.067,0.000,0.019,0.058,0.000,66.673,0.014,66.620,0.040,8120,15600,,2.00,2,0,8224x5140,S,0
619,67.693,2.321,0.288,0.064,0.000,0.021,0.061,0.000,65.255,0.014,65.203,0.039,8120,15600,,2.00,2,0,8224x5140,S,0
620,69.609,2.274,0.301,0.067,0.000,0.023,0.057,0.000,66.937,0.013,66.884,0.040,8120,15600,,2.00,2,0,8224x5140,S,0
621,67.432,2.291,0.266,0.062,0.000,0.018,0.056,0.000,65.116,0.014,65.064,0.038,8120,15600,,2.00,2,0,8224x5140,S,0
622,67.414,2.416,0.264,0.068,0.000,0.020,0.062,0.000,64.299,0.014,64.247,0.039,8120,15600,,2.00,2,0,8224x5140,S,0
623,66.674,2.424,0.246,0.069,0.000,0.019,0.080,0.000,64.321,0.014,64.266,0.041,8120,15600,,2.00,2,0,8224x5140,S,0
624,65.915,3.921,0.361,0.079,0.000,0.024,0.067,0.000,63.487,0.014,63.423,0.051,8120,15600,,2.00,2,0,8224x5140,S,0
625,66.119,2.917,0.327,0.072,0.000,0.023,0.068,0.000,63.495,0.014,63.437,0.044,8120,15600,,2.00,2,0,8224x5140,S,0
626,65.584,2.570,0.249,0.071,0.000,0.018,0.047,0.000,63.443,0.014,63.382,0.046,8120,15600,,2.00,2,0,8224x5140,S,0
627,66.244,1.820,0.238,0.062,0.000,0.017,0.061,0.000,63.440,0.014,63.377,0.049,8120,15600,,2.00,2,0,8224x5140,S,0
628,65.842,2.732,0.278,0.056,0.000,0.016,0.063,0.000,63.386,0.014,63.328,0.043,8120,15600,,2.00,2,0,8224x5140,S,0
629,66.209,2.763,0.308,0.064,0.000,0.017,0.071,0.000,63.382,0.013,63.325,0.043,8120,15600,,2.00,2,0,8224x5140,S,0
630,65.974,3.744,0.380,0.069,0.000,0.021,0.070,0.000,63.416,0.014,63.359,0.043,8120,15600,,2.00,2,0,8224x5140,S,0
631,66.571,2.925,0.274,0.073,0.000,0.019,0.074,0.000,63.446,0.014,63.390,0.043,8120,15600,,2.00,2,0,8224x5140,S,0
632,65.683,3.483,0.348,0.081,0.000,0.023,0.053,0.000,63.454,0.017,63.390,0.047,8120,15600,,2.00,2,0,8224x5140,S,0
633,65.439,2.279,0.242,0.051,0.000,0.015,0.080,0.000,63.424,0.014,63.363,0.047,8120,15600,,2.00,2,0,8224x5140,S,0
634,66.359,2.303,0.299,0.066,0.000,0.023,0.063,0.000,63.431,0.014,63.367,0.051,8120,15600,,2.00,2,0,8224x5140,S,0
635,65.903,2.727,0.274,0.066,0.000,0.016,0.062,0.000,63.497,0.014,63.434,0.049,8120,15600,,2.00,2,0,8224x5140,S,0
636,65.824,2.430,0.255,0.062,0.000,0.017,0.072,0.000,63.460,0.014,63.398,0.049,8120,15600,,2.00,2,0,8224x5140,S,0
637,66.586,3.237,0.307,0.063,0.000,0.019,0.074,0.000,63.453,0.014,63.398,0.041,8120,15600,,2.00,2,0,8224x5140,S,0
638,65.819,3.402,0.312,0.057,0.000,0.016,0.080,0.000,63.434,0.014,63.375,0.045,8120,15600,,2.00,2,0,8224x5140,S,0
639,66.705,3.379,0.353,0.071,0.000,0.022,0.049,0.000,63.489,0.013,63.430,0.046,8120,15600,,2.00,2,0,8224x5140,S,0
640,66.252,2.080,0.246,0.058,0.000,0.017,0.070,0.000,63.494,0.014,63.439,0.041,8120,15600,,2.00,2,0,8224x5140,S,0
641,65.612,2.526,0.270,0.063,0.000,0.017,0.059,0.000,0.055,0.014,0.000,0.042,8120,15600,,2.00,2,0,8224x5140,S,0
642,66.681,2.265,0.277,0.061,0.000,0.018,0.061,0.000,63.403,0.014,63.348,0.042,8120,15600,,2.00,2,0,8224x5140,S,0
643,66.289,2.751,0.305,0.059,0.000,0.016,0.078,0.000,63.504,0.019,63.439,0.046,8120,15600,,2.00,2,0,8224x5140,S,0
644,55.271,3.140,0.369,0.074,0.000,0.031,0.066,0.000,63.455,0.014,63.393,0.048,8120,15600,tshadow_pcf,2.00,2,0,8224x5140,P,1
645,6.816,2.673,0.354,0.070,0.000,0.018,0.054,0.000,5.144,0.014,5.079,0.051,8120,15600,,2.00,2,0,8224x5140,P,1
646,9.021,0.738,0.275,0.037,0.000,0.011,0.047,0.000,5.153,0.013,5.079,0.061,8120,15600,,2.00,2,0,8224x5140,P,1
647,8.082,0.000,0.360,0.048,0.000,0.020,0.069,0.000,5.154,0.017,5.082,0.055,8120,15600,,2.00,2,0,8224x5140,P,1
648,8.293,0.932,0.291,0.037,0.000,0.013,0.045,0.000,5.147,0.014,5.079,0.054,8120,15600,,2.00,2,0,8224x5140,P,1
649,8.307,0.000,0.315,0.032,0.000,0.014,0.042,0.000,5.173,0.018,5.099,0.055,8120,15600,,2.00,2,0,8224x5140,P,1
650,8.289,0.794,0.282,0.031,0.000,0.010,0.035,0.000,5.156,0.017,5.081,0.059,8120,15600,,2.00,2,0,8224x5140,P,1
651,8.356,0.000,0.312,0.031,0.000,0.012,0.056,0.000,5.164,0.021,5.083,0.060,8120,15600,,2.00,2,0,8224x5140,P,1
652,8.331,0.781,0.332,0.031,0.000,0.011,0.046,0.000,5.155,0.014,5.081,0.060,8120,15600,,2.00,2,0,8224x5140,P,1
653,8.323,0.000,0.344,0.042,0.000,0.019,0.051,0.000,5.169,0.022,5.091,0.055,8120,15600,,2.00,2,0,8224x5140,P,1
654,8.332,0.780,0.308,0.032,0.000,0.011,0.041,0.000,5.152,0.017,5.079,0.056,8120,15600,,2.00,2,0,8224x5140,P,1
655,8.036,0.000,0.372,0.044,0.000,0.015,0.053,0.000,5.167,0.022,5.086,0.059,8120,15600,,2.00,2,0,8224x5140,P,1
656,8.352,1.115,0.334,0.036,0.000,0.011,0.040,0.000,5.154,0.018,5.079,0.058,8120,15600,,2.00,2,0,8224x5140,P,1
657,8.303,0.000,0.355,0.032,0.000,0.011,0.049,0.000,5.175,0.026,5.095,0.054,8120,15600,,2.00,2,0,8224x5140,P,1
658,8.357,0.841,0.302,0.036,0.000,0.011,0.060,0.000,5.156,0.014,5.084,0.059,8120,15600,,2.00,2,0,8224x5140,P,1
659,8.310,0.000,0.367,0.039,0.000,0.012,0.065,0.000,5.176,0.026,5.093,0.057,8120,15600,,2.00,2,0,8224x5140,P,1
660,8.415,1.107,0.304,0.033,0.000,0.010,0.066,0.000,5.152,0.017,5.080,0.055,8120,15600,,2.00,2,0,8224x5140,P,1
661,8.161,0.000,0.404,0.072,0.000,0.022,0.046,0.000,5.170,0.025,5.092,0.053,8120,15600,,2.00,2,0,8224x5140,P,1
662,8.299,0.788,0.350,0.050,0.000,0.015,0.055,0.000,5.154,0.017,5.082,0.054,8120,15600,,2.00,2,0,8224x5140,P,1
663,8.316,0.000,0.297,0.033,0.000,0.013,0.052,0.000,5.152,0.016,5.081,0.054,8120,15600,,2.00,2,0,8224x5140,P,1
664,8.335,0.853,0.284,0.031,0.000,0.010,0.034,0.000,5.155,0.017,5.081,0.056,8120,15600,,2.00,2,0,8224x5140,P,1
665,8.418,0.000,0.260,0.033,0.000,0.011,0.045,0.000,5.148,0.016,5.080,0.053,8120,15600,,2.00,2,0,8224x5140,P,1
666,8.265,0.673,0.248,0.053,0.000,0.013,0.040,0.000,5.147,0.014,5.078,0.056,8120,15600,,2.00,2,0,8224x5140,P,1
667,8.373,0.000,0.272,0.037,0.000,0.011,0.030,0.000,5.148,0.014,5.079,0.055,8120,15600,,2.00,2,0,8224x5140,P,1
668,8.256,0.699,0.241,0.031,0.000,0.010,0.052,0.000,5.153,0.016,5.081,0.056,8120,15600,,2.00,2,0,8224x5140,P,1
669,8.325,0.000,0.290,0.030,0.000,0.009,0.034,0.000,5.150,0.017,5.080,0.053,8120,15600,,2.00,2,0,8224x5140,P,1
670,8.340,0.645,0.237,0.024,0.000,0.008,0.030,0.000,5.154,0.016,5.083,0.056,8120,15600,,2.00,2,0,8224x5140,P,1
671,8.338,0.000,0.303,0.025,0.000,0.009,0.050,0.000,5.150,0.018,5.078,0.054,8120,15600,,2.00,2,0,8224x5140,P,1
672,8.320,0.683,0.254,0.025,0.000,0.009,0.047,0.000,5.149,0.016,5.080,0.053,8120,15600,,2.00,2,0,8224x5140,P,1
673,8.279,0.000,0.324,0.022,0.000,0.010,0.036,0.000,5.153,0.017,5.081,0.055,8120,15600,,2.00,2,0,8224x5140,P,1
674,8.258,0.862,0.273,0.030,0.000,0.012,0.059,0.000,5.161,0.018,5.085,0.058,8120,15600,,2.00,2,0,8224x5140,P,1
675,8.261,0.000,0.310,0.030,0.000,0.011,0.042,0.000,5.154,0.017,5.082,0.055,8120,15600,,2.00,2,0,8224x5140,P,1
676,8.272,0.912,0.281,0.028,0.000,0.009,0.050,0.000,5.155,0.016,5.083,0.056,8120,15600,,2.00,2,0,8224x5140,P,1
677,8.201,0.000,0.276,0.026,0.000,0.009,0.040,0.000,5.149,0.018,5.080,0.052,8120,15600,,2.00,2,0,8224x5140,P,1
678,8.259,0.713,0.249,0.027,0.000,0.009,0.040,0.000,5.149,0.017,5.079,0.053,8120,15600,,2.00,2,0,8224x5140,P,1
679,8.159,0.000,0.273,0.025,0.000,0.009,0.053,0.000,5.150,0.018,5.078,0.054,8120,15600,,2.00,2,0,8224x5140,P,1
680,8.212,0.698,0.261,0.026,0.000,0.009,0.052,0.000,5.150,0.016,5.082,0.051,8120,15600,,2.00,2,0,8224x5140,P,1
681,8.331,0.000,0.304,0.025,0.000,0.009,0.039,0.000,5.154,0.017,5.082,0.054,8120,15600,,2.00,2,0,8224x5140,P,1
682,8.243,0.765,0.274,0.024,0.000,0.009,0.051,0.000,5.153,0.017,5.082,0.053,8120,15600,,2.00,2,0,8224x5140,P,1
683,8.404,0.000,0.303,0.025,0.000,0.016,0.041,0.000,5.154,0.017,5.081,0.055,8120,15600,,2.00,2,0,8224x5140,P,1
684,8.281,0.918,0.283,0.029,0.000,0.013,0.031,0.000,5.150,0.017,5.081,0.052,8120,15600,,2.00,2,0,8224x5140,P,1
685,8.261,0.000,0.282,0.026,0.000,0.009,0.053,0.000,5.152,0.017,5.080,0.054,8120,15600,,2.00,2,0,8224x5140,P,1
686,8.201,0.927,0.292,0.044,0.000,0.016,0.046,0.000,5.155,0.018,5.083,0.054,8120,15600,,2.00,2,0,8224x5140,P,1
687,8.142,0.000,0.291,0.029,0.000,0.010,0.035,0.000,5.150,0.017,5.080,0.054,8120,15600,,2.00,2,0,8224x5140,P,1
688,8.236,0.902,0.258,0.028,0.000,0.010,0.031,0.000,5.152,0.016,5.081,0.055,8120,15600,,2.00,2,0,8224x5140,P,1
689,8.218,0.000,0.283,0.028,0.000,0.008,0.032,0.000,5.146,0.017,5.078,0.051,8120,15600,,2.00,2,0,8224x5140,P,1
690,8.306,0.751,0.259,0.030,0.000,0.008,0.028,0.000,5.155,0.017,5.081,0.057,8120,15600,,2.00,2,0,8224x5140,P,1
691,8.269,0.000,0.375,0.025,0.000,0.009,0.030,0.000,5.152,0.017,5.079,0.056,8120,15600,,2.00,2,0,8224x5140,P,1
692,8.360,0.747,0.280,0.026,0.000,0.008,0.047,0.000,5.154,0.016,5.082,0.056,8120,15600,,2.00,2,0,8224x5140,P,1
693,8.266,0.000,0.340,0.029,0.000,0.011,0.038,0.000,5.151,0.014,5.080,0.056,8120,15600,,2.00,2,0,8224x5140,P,1
694,8.252,0.756,0.263,0.026,0.000,0.010,0.046,0.000,5.157,0.017,5.085,0.055,8120,15600,,2.00,2,0,8224x5140,P,1
695,8.265,0.000,0.305,0.034,0.000,0.011,0.043,0.000,5.156,0.017,5.081,0.058,8120,15600,,2.00,2,0,8224x5140,P,1
696,8.197,0.688,0.297,0.028,0.000,0.010,0.057,0.000,5.156,0.018,5.085,0.053,8120,15600,,2.00,2,0,8224x5140,P,1
697,8.261,0.000,0.334,0.028,0.000,0.010,0.039,0.000,5.150,0.018,5.080,0.052,8120,15600,,2.00,2,0,8224x5140,P,1
698,8.264,0.985,0.290,0.034,0.000,0.011,0.057,0.000,5.156,0.018,5.084,0.054,8120,15600,,2.00,2,0,8224x5140,P,1
699,8.236,0.000,0.317,0.030,0.000,0.010,0.063,0.000,5.145,0.014,5.080,0.052,8120,15600,,2.00,2,0,8224x5140,P,1
700,8.198,0.723,0.289,0.031,0.000,0.011,0.046,0.000,5.159,0.018,5.082,0.059,8120,15600,,2.00,2,0,8224x5140,P,1
701,8.286,0.000,0.315,0.031,0.000,0.013,0.045,0.000,5.150,0.018,5.079,0.054,8120,15600,,2.00,2,0,8224x5140,P,1
702,8.218,0.768,0.327,0.032,0.000,0.011,0.053,0.000,5.163,0.018,5.088,0.057,8120,15600,,2.00,2,0,8224x5140,P,1
703,8.284,0.000,0.310,0.029,0.000,0.010,0.041,0.000,5.150,0.018,5.079,0.053,8120,15600,,2.00,2,0,8224x5140,P,1
704,8.236,0.720,0.300,0.031,0.000,0.010,0.070,0.000,5.154,0.018,5.082,0.053,8120,15600,,2.00,2,0,8224x5140,P,1
705,8.249,0.000,0.341,0.028,0.000,0.010,0.051,0.000,5.154,0.017,5.080,0.057,8120,15600,,2.00,2,0,8224x5140,P,1
706,8.219,0.775,0.350,0.028,0.000,0.010,0.036,0.000,5.166,0.022,5.091,0.054,8120,15600,,2.00,2,0,8224x5140,P,1
707,8.239,0.000,0.323,0.027,0.000,0.009,0.047,0.000,5.147,0.014,5.078,0.056,8120,15600,,2.00,2,0,8224x5140,P,1
708,8.283,0.669,0.281,0.030,0.000,0.010,0.046,0.000,5.149,0.017,5.081,0.051,8120,15600,,2.00,2,0,8224x5140,P,1
709,8.246,0.000,0.289,0.026,0.000,0.009,0.041,0.000,5.150,0.014,5.084,0.052,8120,15600,,2.00,2,0,8224x5140,P,1
710,8.192,0.728,0.268,0.023,0.000,0.009,0.029,0.000,5.148,0.017,5.081,0.050,8120,15600,,2.00,2,0,8224x5140,P,1
711,8.392,0.000,0.288,0.027,0.000,0.013,0.033,0.000,5.150,0.017,5.080,0.054,8120,15600,,2.00,2,0,8224x5140,P,1
712,8.306,0.786,0.278,0.024,0.000,0.009,0.027,0.000,5.163,0.022,5.089,0.052,8120,15600,,2.00,2,0,8224x5140,P,1
713,8.293,0.000,0.317,0.024,0.000,0.008,0.053,0.000,5.149,0.017,5.079,0.053,8120,15600,,2.00,2,0,8224x5140,P,1
714,8.203,0.715,0.304,0.050,0.000,0.016,0.058,0.000,5.149,0.017,5.080,0.053,8120,15600,,2.00,2,0,8224x5140,P,1
715,8.236,0.000,0.296,0.043,0.000,0.014,0.058,0.000,5.143,0.014,5.080,0.050,8120,15600,,2.00,2,0,8224x5140,P,1
716,8.151,0.646,0.273,0.051,0.000,0.014,0.044,0.000,5.148,0.016,5.080,0.052,8120,15600,,2.00,2,0,8224x5140,P,1
717,8.194,0.000,0.292,0.057,0.000,0.017,0.047,0.000,5.144,0.014,5.081,0.049,8120,15600,,2.00,2,0,8224x5140,P,1
718,8.125,0.653,0.240,0.058,0.000,0.015,0.045,0.000,5.148,0.013,5.083,0.051,8120,15600,,2.00,2,0,8224x5140,P,1
719,8.194,0.000,0.272,0.045,0.000,0.014,0.043,0.000,5.145,0.014,5.080,0.052,8120,15600,,2.00,2,0,8224x5140,P,1
720,8.213,0.746,0.259,0.040,0.000,0.013,0.039,0.000,5.151,0.016,5.080,0.055,8120,15600,,2.00,2,0,8224x5140,P,1
721,8.304,0.000,0.270,0.030,0.000,0.009,0.038,0.000,5.152,0.018,5.079,0.056,8120,15600,,2.00,2,0,8224x5140,P,1
722,8.274,0.635,0.243,0.025,0.000,0.008,0.040,0.000,5.154,0.017,5.082,0.055,8120,15600,,2.00,2,0,8224x5140,P,1
723,8.339,0.000,0.273,0.022,0.000,0.009,0.036,0.000,5.155,0.016,5.082,0.057,8120,15600,,2.00,2,0,8224x5140,P,1
724,8.332,0.577,0.234,0.021,0.000,0.007,0.051,0.000,5.152,0.017,5.081,0.055,8120,15600,,2.00,2,0,8224x5140,P,1
725,8.180,0.000,0.267,0.052,0.000,0.018,0.050,0.000,5.145,0.013,5.080,0.052,8120,15600,,2.00,2,0,8224x5140,P,1
726,8.200,0.650,0.262,0.057,0.000,0.018,0.045,0.000,5.145,0.014,5.079,0.052,8120,15600,,2.00,2,0,8224x5140,P,1
727,8.183,0.000,0.280,0.058,0.000,0.018,0.056,0.000,5.148,0.013,5.079,0.055,8120,15600,,2.00,2,0,8224x5140,P,1
728,8.170,0.593,0.249,0.057,0.000,0.017,0.052,0.000,5.150,0.014,5.079,0.056,8120,15600,,2.00,2,0,8224x5140,P,1
729,8.142,0.000,0.264,0.055,0.000,0.016,0.036,0.000,5.146,0.014,5.080,0.052,8120,15600,,2.00,2,0,8224x5140,P,1
730,8.210,0.520,0.230,0.047,0.000,0.017,0.049,0.000,5.148,0.016,5.079,0.053,8120,15600,,2.00,2,0,8224x5140,P,1
731,8.366,0.000,0.322,0.035,0.000,0.011,0.044,0.000,5.147,0.014,5.081,0.052,8120,15600,,2.00,2,0,8224x5140,P,1
732,8.207,0.638,0.238,0.034,0.000,0.010,0.045,0.000,5.150,0.016,5.082,0.052,8120,15600,,2.00,2,0,8224x5140,P,1
733,8.331,0.000,0.408,0.031,0.000,0.010,0.050,0.000,5.151,0.017,5.084,0.050,8120,15600,,2.00,2,0,8224x5140,P,1
734,8.154,0.762,0.350,0.063,0.000,0.020,0.052,0.000,5.149,0.017,5.081,0.052,8120,15600,,2.00,2,0,8224x5140,P,1
735,8.180,0.000,0.268,0.041,0.000,0.011,0.050,0.000,5.146,0.014,5.080,0.053,8120,15600,,2.00,2,0,8224x5140,P,1
736,8.196,0.750,0.230,0.038,0.000,0.012,0.031,0.000,5.147,0.016,5.081,0.051,8120,15600,,2.00,2,0,8224x5140,P,1
737,8.306,0.000,0.267,0.027,0.000,0.016,0.051,0.000,5.144,0.014,5.079,0.052,8120,15600,,2.00,2,0,8224x5140,P,1
738,8.278,0.526,0.253,0.023,0.000,0.009,0.040,0.000,5.153,0.016,5.082,0.054,8120,15600,,2.00,2,0,8224x5140,P,1
739,8.262,0.000,0.254,0.031,0.000,0.009,0.039,0.000,5.146,0.014,5.081,0.052,8120,15600,,2.00,2,0,8224x5140,P,1
740,8.142,0.694,0.223,0.038,0.000,0.011,0.036,0.000,5.147,0.016,5.079,0.052,8120,15600,,2.00,2,0,8224x5140,P,1
741,8.344,0.000,0.261,0.032,0.000,0.014,0.035,0.000,5.146,0.014,5.080,0.053,8120,15600,,2.00,2,0,8224x5140,P,1
742,8.222,0.585,0.217,0.027,0.000,0.010,0.031,0.000,5.153,0.016,5.083,0.054,8120,15600,,2.00,2,0,8224x5140,P,1
743,8.339,0.000,0.401,0.023,0.000,0.007,0.045,0.000,5.147,0.014,5.081,0.053,8120,15600,,2.00,2,0,8224x5140,P,1
744,8.284,0.518,0.236,0.030,0.000,0.011,0.048,0.000,5.150,0.016,5.080,0.054,8120,15600,,2.00,2,0,8224x5140,P,1
745,8.279,0.000,0.299,0.028,0.000,0.012,0.035,0.000,5.150,0.018,5.080,0.052,8120,15600,,2.00,2,0,8224x5140,P,1
746,8.161,0.653,0.232,0.044,0.000,0.013,0.075,0.000,5.146,0.016,5.078,0.052,8120,15600,,2.00,2,0,8224x5140,P,1
747,8.220,0.000,0.255,0.038,0.000,0.010,0.051,0.000,5.151,0.017,5.080,0.054,8120,15600,,2.00,2,0,8224x5140,P,1
748,8.186,0.649,0.203,0.023,0.000,0.009,0.044,0.000,5.154,0.016,5.081,0.057,8120,15600,,2.00,2,0,8224x5140,P,1
749,8.302,0.000,0.411,0.022,0.000,0.007,0.037,0.000,5.158,0.018,5.082,0.058,8120,15600,,2.00,2,0,8224x5140,P,1
750,8.263,0.571,0.215,0.022,0.000,0.007,0.021,0.000,5.160,0.017,5.081,0.062,8120,15600,,2.00,2,0,8224x5140,P,1
751,8.335,0.000,0.244,0.018,0.000,0.009,0.031,0.000,5.155,0.018,5.081,0.056,8120,15600,,2.00,2,0,8224x5140,P,1
752,8.328,0.533,0.219,0.018,0.000,0.007,0.025,0.000,5.158,0.017,5.080,0.061,8120,15600,,2.00,2,0,8224x5140,P,1
753,8.325,0.000,0.257,0.018,0.000,0.006,0.026,0.000,5.163,0.018,5.087,0.059,8120,15600,,2.00,2,0,8224x5140,P,1
754,8.232,0.578,0.228,0.019,0.000,0.007,0.025,0.000,5.159,0.017,5.084,0.059,8120,15600,,2.00,2,0,8224x5140,P,1
755,8.381,0.000,0.258,0.022,0.000,0.011,0.033,0.000,5.151,0.018,5.078,0.054,8120,15600,,2.00,2,0,8224x5140,P,1
756,8.233,0.567,0.241,0.022,0.000,0.011,0.034,0.000,5.152,0.016,5.080,0.056,8120,15600,,2.00,2,0,8224x5140,P,1
757,8.349,0.000,0.276,0.024,0.000,0.014,0.025,0.000,5.149,0.014,5.078,0.057,8120,15600,,2.00,2,0,8224x5140,P,1
758,8.230,0.745,0.264,0.024,0.000,0.009,0.038,0.000,5.152,0.017,5.083,0.053,8120,15600,,2.00,2,0,8224x5140,P,1
759,8.621,0.000,0.270,0.027,0.000,0.010,0.054,0.000,5.150,0.017,5.080,0.053,8120,15600,,2.00,2,0,8224x5140,P,1
760,8.214,0.761,0.263,0.048,0.000,0.017,0.050,0.000,5.152,0.016,5.082,0.053,8120,15600,,2.00,2,0,8224x5140,P,1
761,7.985,0.000,0.398,0.044,0.000,0.013,0.052,0.000,5.149,0.014,5.082,0.053,8120,15600,,2.00,2,0,8224x5140,P,1
762,8.420,0.705,0.276,0.046,0.000,0.015,0.053,0.000,5.143,0.014,5.081,0.049,8120,15600,,2.00,2,0,8224x5140,P,1
763,8.113,0.000,0.299,0.066,0.000,0.020,0.051,0.000,5.147,0.017,5.080,0.051,8120,15600,,2.00,2,0,8224x5140,P,1
764,8.127,0.669,0.256,0.058,0.000,0.016,0.043,0.000,5.148,0.014,5.080,0.054,8120,15600,,2.00,2,0,8224x5140,P,1
765,8.306,0.000,0.252,0.037,0.000,0.012,0.055,0.000,5.148,0.014,5.080,0.053,8120,15600,,2.00,2,0,8224x5140,P,1
766,8.213,0.745,0.271,0.034,0.000,0.012,0.037,0.000,5.154,0.017,5.082,0.055,8120,15600,,2.00,2,0,8224x5140,P,1
767,8.323,0.000,0.346,0.028,0.000,0.013,0.044,0.000,5.151,0.018,5.080,0.054,8120,15600,,2.00,2,0,8224x5140,P,1
768,8.249,0.581,0.255,0.024,0.000,0.009,0.040,0.000,5.153,0.016,5.082,0.055,8120,15600,,2.00,2,0,8224x5140,P,1
769,8.418,0.000,0.242,0.029,0.000,0.010,0.038,0.000,5.151,0.017,5.080,0.054,8120,15600,,2.00,2,0,8224x5140,P,1
770,8.150,0.592,0.240,0.028,0.000,0.009,0.030,0.000,5.151,0.017,5.079,0.055,8120,15600,,2.00,2,0,8224x5140,P,1
771,8.335,0.000,0.271,0.022,0.000,0.007,0.028,0.000,5.153,0.018,5.079,0.057,8120,15600,,2.00,2,0,8224x5140,P,1
772,8.220,0.577,0.234,0.020,0.000,0.008,0.033,0.000,5.154,0.017,5.082,0.055,8120,15600,,2.00,2,0,8224x5140,P,1
773,8.417,0.000,0.263,0.023,0.000,0.012,0.044,0.000,5.155,0.018,5.082,0.055,8120,15600,,2.00,2,0,8224x5140,P,1
774,8.223,0.614,0.239,0.024,0.000,0.009,0.039,0.000,5.152,0.017,5.082,0.053,8120,15600,,2.00,2,0,8224x5140,P,1
775,8.323,0.000,0.270,0.029,0.000,0.011,0.033,0.000,5.151,0.018,5.080,0.053,8120,15600,,2.00,2,0,8224x5140,P,1
776,8.294,0.636,0.235,0.027,0.000,0.011,0.039,0.000,5.150,0.016,5.079,0.055,8120,15600,,2.00,2,0,8224x5140,P,1
777,8.398,0.000,0.286,0.029,0.000,0.011,0.047,0.000,5.157,0.017,5.081,0.058,8120,15600,,2.00,2,0,8224x5140,P,1
778,8.285,0.621,0.238,0.024,0.000,0.018,0.035,0.000,5.156,0.016,5.084,0.056,8120,15600,,2.00,2,0,8224x5140,P,1
779,8.388,0.000,0.287,0.022,0.000,0.009,0.033,0.000,5.155,0.017,5.080,0.058,8120,15600,,2.00,2,0,8224x5140,P,1
780,8.337,0.916,0.257,0.023,0.000,0.010,0.066,0.000,5.154,0.018,5.080,0.056,8120,15600,,2.00,2,0,8224x5140,P,1
781,8.354,0.000,0.348,0.037,0.000,0.014,0.042,0.000,5.153,0.017,5.081,0.055,8120,15600,,2.00,2,0,8224x5140,P,1
782,8.275,0.890,0.276,0.030,0.000,0.010,0.034,0.000,5.150,0.017,5.080,0.054,8120,15600,,2.00,2,0,8224x5140,P,1
783,8.402,0.000,0.294,0.022,0.000,0.009,0.045,0.000,5.151,0.014,5.079,0.058,8120,15600,,2.00,2,0,8224x5140,P,1
784,8.336,0.901,0.295,0.040,0.000,0.015,0.040,0.000,5.149,0.017,5.081,0.051,8120,15600,,2.00,2,0,8224x5140,P,1
785,8.302,0.000,0.315,0.036,0.000,0.013,0.046,0.000,5.146,0.014,5.079,0.053,8120,15600,,2.00,2,0,8224x5140,P,1
786,8.403,0.885,0.289,0.052,0.000,0.017,0.057,0.000,5.150,0.014,5.081,0.055,8120,15600,,2.00,2,0,8224x5140,P,1
787,8.228,0.000,0.302,0.039,0.000,0.014,0.034,0.000,5.155,0.014,5.083,0.059,8120,15600,,2.00,2,0,8224x5140,P,1
788,8.208,0.783,0.268,0.027,0.000,0.009,0.030,0.000,5.152,0.016,5.080,0.056,8120,15600,,2.00,2,0,8224x5140,P,1
789,8.378,0.000,0.329,0.027,0.000,0.008,0.035,0.000,5.154,0.018,5.078,0.058,8120,15600,,2.00,2,0,8224x5140,P,1
790,8.368,0.774,0.275,0.026,0.000,0.008,0.052,0.000,5.157,0.016,5.081,0.060,8120,15600,,2.00,2,0,8224x5140,P,1
791,8.375,0.000,0.316,0.035,0.000,0.013,0.070,0.000,5.149,0.014,5.079,0.055,8120,15600,,2.00,2,0,8224x5140,P,1
792,8.368,0.886,0.298,0.035,0.000,0.014,0.056,0.000,5.153,0.018,5.081,0.055,8120,15600,,2.00,2,0,8224x5140,P,1
793,8.230,0.000,0.349,0.035,0.000,0.012,0.072,0.000,5.155,0.017,5.081,0.057,8120,15600,,2.00,2,0,8224x5140,P,1
794,8.284,0.930,0.303,0.035,0.000,0.012,0.044,0.000,5.147,0.014,5.080,0.054,8120,15600,,2.00,2,0,8224x5140,P,1
795,8.448,0.000,0.331,0.032,0.000,0.017,0.058,0.000,5.156,0.018,5.086,0.053,8120,15600,,2.00,2,0,8224x5140,P,1
796,8.264,0.933,0.309,0.037,0.000,0.012,0.049,0.000,5.150,0.018,5.079,0.053,8120,15600,,2.00,2,0,8224x5140,P,1
797,8.286,0.000,0.365,0.031,0.000,0.015,0.064,0.000,5.160,0.020,5.082,0.057,8120,15600,,2.00,2,0,8224x5140,P,1
798,8.403,1.234,0.343,0.036,0.000,0.013,0.061,0.000,5.156,0.014,5.082,0.060,8120,15600,,2.00,2,0,8224x5140,P,1
799,8.249,0.000,0.380,0.036,0.000,0.016,0.066,0.000,5.168,0.023,5.089,0.056,8120,15600,,2.00,2,0,8224x5140,P,1
800,8.305,0.985,0.365,0.035,0.000,0.011,0.056,0.000,5.154,0.017,5.082,0.055,8120,15600,,2.00,2,0,8224x5140,P,1
801,8.288,0.000,0.522,0.045,0.000,0.013,0.046,0.000,5.153,0.018,5.080,0.054,8120,15600,,2.00,2,0,8224x5140,P,1
802,8.373,0.774,0.291,0.044,0.000,0.014,0.053,0.000,5.150,0.017,5.079,0.054,8120,15600,,2.00,2,0,8224x5140,P,1
803,4.285,0.000,0.377,0.076,0.000,0.027,0.056,0.000,5.152,0.017,5.081,0.054,8120,15600,tshadow_planar,2.00,2,0,8224x5140,L,2
804,53.777,0.768,0.263,0.050,0.000,0.014,0.049,0.000,50.841,0.014,50.778,0.049,8120,15600,,2.00,2,0,8224x5140,L,2
805,53.840,2.018,0.269,0.052,0.000,0.015,0.044,0.000,50.854,0.014,50.785,0.056,8120,15600,,2.00,2,0,8224x5140,L,2
806,53.076,2.249,0.304,0.043,0.000,0.012,0.073,0.000,50.851,0.014,50.789,0.048,8120,15600,,2.00,2,0,8224x5140,L,2
807,53.258,2.466,0.318,0.058,0.000,0.016,0.042,0.000,50.835,0.014,50.774,0.047,8120,15600,,2.00,2,0,8224x5140,L,2
808,53.197,2.554,0.268,0.040,0.000,0.012,0.034,0.000,50.845,0.014,50.783,0.047,8120,15600,,2.00,2,0,8224x5140,L,2
809,53.144,1.419,0.199,0.030,0.000,0.008,0.050,0.000,50.848,0.018,50.783,0.047,8120,15600,,2.00,2,0,8224x5140,L,2
810,53.355,1.666,0.254,0.048,0.000,0.013,0.051,0.000,50.842,0.014,50.784,0.043,8120,15600,,2.00,2,0,8224x5140,L,2
811,53.415,1.755,0.251,0.061,0.000,0.019,0.060,0.000,50.832,0.014,50.777,0.041,8120,15600,,2.00,2,0,8224x5140,L,2
812,52.907,2.108,0.443,0.062,0.000,0.018,0.056,0.000,50.836,0.013,50.779,0.044,8120,15600,,2.00,2,0,8224x5140,L,2
813,54.145,2.408,0.294,0.056,0.000,0.015,0.054,0.000,50.841,0.014,50.785,0.043,8120,15600,,2.00,2,0,8224x5140,L,2
814,53.500,1.895,0.257,0.064,0.000,0.018,0.054,0.000,50.840,0.014,50.782,0.045,8120,15600,,2.00,2,0,8224x5140,L,2
815,53.128,1.522,0.241,0.054,0.000,0.014,0.051,0.000,50.833,0.013,50.776,0.044,8120,15600,,2.00,2,0,8224x5140,L,2
816,53.185,1.513,0.228,0.050,0.000,0.014,0.051,0.000,50.837,0.014,50.779,0.044,8120,15600,,2.00,2,0,8224x5140,L,2
817,53.478,1.669,0.249,0.057,0.000,0.015,0.042,0.000,50.831,0.014,50.771,0.046,8120,15600,,2.00,2,0,8224x5140,L,2
818,52.962,2.420,0.251,0.043,0.000,0.012,0.047,0.000,50.848,0.013,50.788,0.046,8120,15600,,2.00,2,0,8224x5140,L,2
819,53.770,2.039,0.272,0.039,0.000,0.011,0.063,0.000,50.834,0.014,50.774,0.046,8120,15600,,2.00,2,0,8224x5140,L,2
820,53.073,2.352,0.313,0.044,0.000,0.014,0.043,0.000,50.835,0.014,50.776,0.045,8120,15600,,2.00,2,0,8224x5140,L,2
821,53.487,1.779,0.246,0.030,0.000,0.009,0.044,0.000,50.838,0.014,50.778,0.046,8120,15600,,2.00,2,0,8224x5140,L,2
822,53.473,1.705,0.272,0.039,0.000,0.012,0.056,0.000,50.839,0.013,50.782,0.044,8120,15600,,2.00,2,0,8224x5140,L,2
823,53.858,2.246,0.244,0.057,0.000,0.017,0.050,0.000,50.836,0.014,50.778,0.044,8120,15600,,2.00,2,0,8224x5140,L,2
824,53.532,1.696,0.216,0.045,0.000,0.013,0.057,0.000,50.837,0.014,50.782,0.041,8120,15600,,2.00,2,0,8224x5140,L,2
825,53.589,1.795,0.272,0.061,0.000,0.021,0.056,0.000,50.844,0.014,50.784,0.046,8120,15600,,2.00,2,0,8224x5140,L,2
826,53.597,1.709,0.236,0.059,0.000,0.018,0.047,0.000,50.848,0.014,50.785,0.050,8120,15600,,2.00,2,0,8224x5140,L,2
827,53.753,2.072,0.213,0.042,0.000,0.014,0.047,0.000,50.845,0.015,50.785,0.046,8120,15600,,2.00,2,0,8224x5140,L,2
828,53.172,1.483,0.234,0.040,0.000,0.013,0.048,0.000,50.834,0.014,50.779,0.041,8120,15600,,2.00,2,0,8224x5140,L,2
829,53.347,1.745,0.232,0.037,0.000,0.011,0.049,0.000,50.832,0.014,50.775,0.044,8120,15600,,2.00,2,0,8224x5140,L,2
830,53.521,1.876,0.269,0.065,0.000,0.018,0.046,0.000,50.843,0.014,50.781,0.048,8120,15600,,2.00,2,0,8224x5140,L,2
831,53.312,1.595,0.234,0.059,0.000,0.015,0.047,0.000,50.843,0.014,50.783,0.046,8120,15600,,2.00,2,0,8224x5140,L,2
832,52.994,2.278,0.249,0.056,0.000,0.019,0.073,0.000,50.845,0.014,50.784,0.047,8120,15600,,2.00,2,0,8224x5140,L,2
833,54.081,2.098,0.280,0.048,0.000,0.018,0.077,0.000,50.841,0.014,50.778,0.049,8120,15600,,2.00,2,0,8224x5140,L,2
834,53.188,2.463,0.349,0.070,0.000,0.021,0.066,0.000,50.851,0.018,50.782,0.052,8120,15600,,2.00,2,0,8224x5140,L,2
835,53.341,1.898,0.247,0.067,0.000,0.018,0.062,0.000,50.847,0.014,50.786,0.048,8120,15600,,2.00,2,0,8224x5140,L,2
836,53.481,1.848,0.253,0.065,0.000,0.017,0.060,0.000,50.840,0.014,50.781,0.045,8120,15600,,2.00,2,0,8224x5140,L,2
837,52.958,2.361,0.258,0.066,0.000,0.018,0.056,0.000,50.829,0.013,50.769,0.047,8120,15600,,2.00,2,0,8224x5140,L,2
838,53.560,1.891,0.264,0.068,0.000,0.019,0.056,0.000,50.846,0.013,50.782,0.051,8120,15600,,2.00,2,0,8224x5140,L,2
839,53.246,1.526,0.220,0.040,0.000,0.011,0.049,0.000,50.843,0.014,50.774,0.055,8120,15600,,2.00,2,0,8224x5140,L,2
840,53.728,1.844,0.247,0.049,0.000,0.015,0.056,0.000,50.843,0.014,50.781,0.048,8120,15600,,2.00,2,0,8224x5140,L,2
841,53.676,1.788,0.231,0.060,0.000,0.015,0.052,0.000,50.840,0.014,50.782,0.044,8120,15600,,2.00,2,0,8224x5140,L,2
842,54.078,2.318,0.221,0.051,0.000,0.014,0.053,0.000,50.836,0.014,50.778,0.044,8120,15600,,2.00,2,0,8224x5140,L,2
843,53.637,1.855,0.319,0.069,0.000,0.019,0.056,0.000,50.837,0.014,50.775,0.048,8120,15600,,2.00,2,0,8224x5140,L,2
844,53.465,1.810,0.256,0.065,0.000,0.017,0.059,0.000,50.844,0.014,50.782,0.048,8120,15600,,2.00,2,0,8224x5140,L,2
845,54.189,1.794,0.235,0.060,0.000,0.018,0.068,0.000,50.847,0.014,50.781,0.052,8120,15600,,2.00,2,0,8224x5140,L,2
846,53.351,2.484,0.310,0.075,0.000,0.030,0.077,0.000,50.853,0.018,50.786,0.048,8120,15600,,2.00,2,0,8224x5140,L,2
847,53.575,2.806,0.343,0.078,0.000,0.022,0.071,0.000,50.844,0.014,50.778,0.052,8120,15600,,2.00,2,0,8224x5140,L,2
848,53.831,2.317,0.328,0.068,0.000,0.018,0.067,0.000,50.842,0.014,50.782,0.046,8120,15600,,2.00,2,0,8224x5140,L,2
849,53.517,1.826,0.289,0.067,0.000,0.021,0.049,0.000,50.837,0.014,50.780,0.043,8120,15600,,2.00,2,0,8224x5140,L,2
850,53.335,1.611,0.229,0.060,0.000,0.018,0.053,0.000,50.833,0.014,50.776,0.043,8120,15600,,2.00,2,0,8224x5140,L,2
851,53.587,2.213,0.239,0.058,0.000,0.016,0.063,0.000,50.848,0.014,50.782,0.052,8120,15600,,2.00,2,0,8224x5140,L,2
852,53.792,2.171,0.315,0.069,0.000,0.023,0.077,0.000,50.842,0.015,50.779,0.048,8120,15600,,2.00,2,0,8224x5140,L,2
853,53.522,2.572,0.326,0.076,0.000,0.020,0.075,0.000,50.842,0.014,50.779,0.048,8120,15600,,2.00,2,0,8224x5140,L,2
854,53.555,2.540,0.394,0.073,0.000,0.020,0.070,0.000,50.840,0.014,50.779,0.047,8120,15600,,2.00,2,0,8224x5140,L,2
855,53.859,2.213,0.298,0.071,0.000,0.019,0.067,0.000,50.838,0.014,50.778,0.046,8120,15600,,2.00,2,0,8224x5140,L,2
856,53.851,2.121,0.284,0.064,0.000,0.019,0.055,0.000,50.849,0.014,50.787,0.048,8120,15600,,2.00,2,0,8224x5140,L,2
857,53.627,1.838,0.253,0.054,0.000,0.018,0.060,0.000,50.842,0.014,50.782,0.047,8120,15600,,2.00,2,0,8224x5140,L,2
858,53.788,1.922,0.265,0.070,0.000,0.022,0.052,0.000,50.840,0.014,50.782,0.043,8120,15600,,2.00,2,0,8224x5140,L,2
859,53.500,1.889,0.238,0.063,0.000,0.017,0.045,0.000,50.852,0.014,50.786,0.052,8120,15600,,2.00,2,0,8224x5140,L,2
860,52.891,2.293,0.254,0.040,0.000,0.011,0.036,0.000,50.847,0.013,50.781,0.053,8120,15600,,2.00,2,0,8224x5140,L,2
861,53.166,1.498,0.252,0.029,0.000,0.009,0.075,0.000,50.834,0.014,50.770,0.050,8120,15600,,2.00,2,0,8224x5140,L,2
862,53.021,2.290,0.270,0.061,0.000,0.017,0.064,0.000,50.849,0.014,50.783,0.052,8120,15600,,2.00,2,0,8224x5140,L,2
863,53.273,2.345,0.313,0.046,0.000,0.013,0.082,0.000,50.854,0.014,50.784,0.056,8120,15600,,2.00,2,0,8224x5140,L,2
864,53.223,3.441,0.381,0.055,0.000,0.018,0.058,0.000,50.850,0.014,50.779,0.057,8120,15600,,2.00,2,0,8224x5140,L,2
865,53.831,3.118,0.296,0.038,0.000,0.013,0.049,0.000,50.851,0.018,50.782,0.051,8120,15600,,2.00,2,0,8224x5140,L,2
866,53.662,1.834,0.242,0.047,0.000,0.014,0.060,0.000,50.843,0.014,50.785,0.044,8120,15600,,2.00,2,0,8224x5140,L,2
867,53.392,1.747,0.224,0.058,0.000,0.015,0.066,0.000,50.838,0.014,50.782,0.042,8120,15600,,2.00,2,0,8224x5140,L,2
868,53.794,1.938,0.275,0.061,0.000,0.018,0.053,0.000,50.846,0.014,50.786,0.046,8120,15600,,2.00,2,0,8224x5140,L,2
869,53.847,2.052,0.265,0.060,0.000,0.017,0.060,0.000,50.839,0.014,50.779,0.046,8120,15600,,2.00,2,0,8224x5140,L,2
870,53.064,2.377,0.243,0.058,0.000,0.015,0.050,0.000,50.854,0.014,50.786,0.054,8120,15600,,2.00,2,0,8224x5140,L,2
871,53.274,2.430,0.303,0.050,0.000,0.014,0.079,0.000,50.844,0.014,50.780,0.051,8120,15600,,2.00,2,0,8224x5140,L,2
872,53.710,2.624,0.377,0.054,0.000,0.017,0.076,0.000,50.837,0.014,50.775,0.048,8120,15600,,2.00,2,0,8224x5140,L,2
873,53.680,2.710,0.337,0.075,0.000,0.022,0.078,0.000,50.845,0.014,50.783,0.048,8120,15600,,2.00,2,0,8224x5140,L,2
874,53.486,2.682,0.340,0.048,0.000,0.014,0.039,0.000,50.854,0.014,50.787,0.053,8120,15600,,2.00,2,0,8224x5140,L,2
875,52.951,2.307,0.236,0.030,0.000,0.010,0.029,0.000,50.850,0.014,50.784,0.053,8120,15600,,2.00,2,0,8224x5140,L,2
876,53.469,1.502,0.202,0.025,0.000,0.008,0.061,0.000,50.851,0.016,50.784,0.050,8120,15600,,2.00,2,0,8224x5140,L,2
877,53.433,1.811,0.247,0.065,0.000,0.023,0.053,0.000,50.836,0.014,50.776,0.046,8120,15600,,2.00,2,0,8224x5140,L,2
878,53.862,2.005,0.245,0.054,0.000,0.014,0.069,0.000,50.850,0.013,50.782,0.055,8120,15600,,2.00,2,0,8224x5140,L,2
879,53.900,3.926,0.350,0.052,0.000,0.016,0.091,0.000,50.851,0.014,50.791,0.047,8120,15600,,2.00,2,0,8224x5140,L,2
880,53.907,3.007,0.384,0.083,0.000,0.022,0.060,0.000,50.847,0.014,50.781,0.051,8120,15600,,2.00,2,0,8224x5140,L,2
881,53.375,1.863,0.236,0.046,0.000,0.013,0.040,0.000,50.849,0.014,50.783,0.052,8120,15600,,2.00,2,0,8224x5140,L,2
882,53.426,1.558,0.245,0.033,0.000,0.011,0.063,0.000,50.843,0.014,50.775,0.054,8120,15600,,2.00,2,0,8224x5140,L,2
883,53.762,1.798,0.256,0.038,0.000,0.012,0.051,0.000,50.846,0.014,50.781,0.051,8120,15600,,2.00,2,0,8224x5140,L,2
884,53.686,2.211,0.225,0.045,0.000,0.013,0.058,0.000,50.848,0.014,50.787,0.047,8120,15600,,2.00,2,0,8224x5140,L,2
885,53.383,1.742,0.264,0.063,0.000,0.017,0.057,0.000,50.834,0.014,50.776,0.045,8120,15600,,2.00,2,0,8224x5140,L,2
886,53.293,1.665,0.254,0.058,0.000,0.016,0.061,0.000,50.838,0.014,50.779,0.045,8120,15600,,2.00,2,0,8224x5140,L,2
887,53.642,1.956,0.245,0.067,0.000,0.018,0.047,0.000,50.841,0.014,50.784,0.043,8120,15600,,2.00,2,0,8224x5140,L,2
888,53.698,1.931,0.259,0.055,0.000,0.015,0.065,0.000,50.842,0.014,50.784,0.044,8120,15600,,2.00,2,0,8224x5140,L,2
889,53.282,2.746,0.263,0.067,0.000,0.018,0.058,0.000,50.837,0.014,50.779,0.044,8120,15600,,2.00,2,0,8224x5140,L,2
890,53.904,2.126,0.299,0.052,0.000,0.015,0.087,0.000,50.834,0.014,50.776,0.044,8120,15600,,2.00,2,0,8224x5140,L,2
891,52.823,3.073,0.414,0.072,0.000,0.024,0.059,0.000,50.837,0.014,50.778,0.045,8120,15600,,2.00,2,0,8224x5140,L,2
892,53.917,2.105,0.244,0.036,0.000,0.011,0.054,0.000,50.846,0.014,50.787,0.045,8120,15600,,2.00,2,0,8224x5140,L,2
893,53.005,2.291,0.225,0.056,0.000,0.015,0.043,0.000,50.837,0.014,50.773,0.049,8120,15600,,2.00,2,0,8224x5140,L,2
894,52.784,1.917,0.273,0.043,0.000,0.012,0.066,0.000,50.851,0.017,50.778,0.056,8120,15600,,2.00,2,0,8224x5140,L,2
895,53.300,2.451,0.311,0.051,0.000,0.015,0.048,0.000,50.845,0.014,50.778,0.054,8120,15600,,2.00,2,0,8224x5140,L,2
896,53.263,1.460,0.215,0.032,0.000,0.009,0.052,0.000,50.845,0.017,50.781,0.047,8120,15600,,2.00,2,0,8224x5140,L,2
897,53.556,1.733,0.216,0.043,0.000,0.012,0.039,0.000,50.847,0.014,50.785,0.048,8120,15600,,2.00,2,0,8224x5140,L,2
898,53.300,1.577,0.223,0.030,0.000,0.011,0.036,0.000,50.840,0.017,50.773,0.050,8120,15600,,2.00,2,0,8224x5140,L,2
899,53.495,1.945,0.204,0.030,0.000,0.008,0.033,0.000,50.852,0.016,50.783,0.053,8120,15600,,2.00,2,0,8224x5140,L,2
900,53.047,1.494,0.211,0.027,0.000,0.008,0.028,0.000,50.845,0.017,50.781,0.047,8120,15600,,2.00,2,0,8224x5140,L,2
901,53.190,1.481,0.244,0.026,0.000,0.008,0.049,0.000,50.845,0.014,50.785,0.046,8120,15600,,2.00,2,0,8224x5140,L,2
902,53.241,1.522,0.217,0.050,0.000,0.013,0.051,0.000,50.845,0.014,50.782,0.049,8120,15600,,2.00,2,0,8224x5140,L,2
903,53.444,1.650,0.217,0.040,0.000,0.012,0.039,0.000,50.839,0.014,50.777,0.048,8120,15600,,2.00,2,0,8224x5140,L,2
904,53.471,1.967,0.212,0.033,0.000,0.010,0.058,0.000,50.837,0.014,50.778,0.045,8120,15600,,2.00,2,0,8224x5140,L,2
905,53.956,2.217,0.277,0.060,0.000,0.018,0.070,0.000,50.836,0.014,50.778,0.045,8120,15600,,2.00,2,0,8224x5140,L,2
906,53.958,2.190,0.290,0.059,0.000,0.019,0.057,0.000,50.837,0.014,50.778,0.045,8120,15600,,2.00,2,0,8224x5140,L,2
907,53.494,1.773,0.281,0.055,0.000,0.017,0.079,0.000,50.842,0.014,50.781,0.047,8120,15600,,2.00,2,0,8224x5140,L,2
908,53.529,2.799,0.295,0.056,0.000,0.017,0.056,0.000,50.842,0.014,50.783,0.045,8120,15600,,2.00,2,0,8224x5140,L,2
909,53.327,1.696,0.267,0.055,0.000,0.017,0.057,0.000,50.830,0.014,50.771,0.046,8120,15600,,2.00,2,0,8224x5140,L,2
910,53.440,1.786,0.235,0.064,0.000,0.017,0.065,0.000,50.841,0.015,50.783,0.044,8120,15600,,2.00,2,0,8224x5140,L,2
911,53.537,1.765,0.258,0.063,0.000,0.017,0.059,0.000,50.839,0.014,50.780,0.045,8120,15600,,2.00,2,0,8224x5140,L,2
912,53.653,1.783,0.258,0.050,0.000,0.015,0.056,0.000,50.846,0.014,50.785,0.047,8120,15600,,2.00,2,0,8224x5140,L,2
913,53.613,2.792,0.283,0.043,0.000,0.013,0.069,0.000,50.845,0.014,50.784,0.047,8120,15600,,2.00,2,0,8224x5140,L,2
914,53.758,2.969,0.349,0.043,0.000,0.014,0.059,0.000,50.843,0.014,50.780,0.048,8120,15600,,2.00,2,0,8224x5140,L,2
915,53.695,1.791,0.262,0.031,0.000,0.012,0.057,0.000,50.844,0.014,50.781,0.049,8120,15600,,2.00,2,0,8224x5140,L,2
916,53.166,1.891,0.246,0.051,0.000,0.015,0.056,0.000,50.833,0.014,50.775,0.044,8120,15600,,2.00,2,0,8224x5140,L,2
917,53.566,1.847,0.236,0.062,0.000,0.019,0.063,0.000,50.839,0.015,50.781,0.043,8120,15600,,2.00,2,0,8224x5140,L,2
918,53.964,2.394,0.251,0.069,0.000,0.019,0.062,0.000,50.839,0.014,50.782,0.043,8120,15600,,2.00,2,0,8224x5140,L,2
919,53.549,1.823,0.248,0.064,0.000,0.019,0.059,0.000,50.839,0.014,50.781,0.044,8120,15600,,2.00,2,0,8224x5140,L,2
920,53.633,1.801,0.236,0.055,0.000,0.017,0.049,0.000,50.843,0.014,50.785,0.044,8120,15600,,2.00,2,0,8224x5140,L,2
921,53.541,1.735,0.244,0.054,0.000,0.015,0.046,0.000,50.839,0.013,50.782,0.043,8120,15600,,2.00,2,0,8224x5140,L,2
922,53.788,1.966,0.247,0.043,0.000,0.012,0.054,0.000,50.841,0.014,50.784,0.043,8120,15600,,2.00,2,0,8224x5140,L,2
923,53.315,1.658,0.242,0.061,0.000,0.020,0.069,0.000,50.840,0.014,50.787,0.039,8120,15600,,2.00,2,0,8224x5140,L,2
924,53.843,2.214,0.279,0.071,0.000,0.020,0.047,0.000,50.846,0.014,50.786,0.045,8120,15600,,2.00,2,0,8224x5140,L,2
925,53.407,1.761,0.233,0.058,0.000,0.016,0.062,0.000,50.830,0.014,50.771,0.045,8120,15600,,2.00,2,0,8224x5140,L,2
926,53.437,1.503,0.254,0.057,0.000,0.015,0.063,0.000,50.845,0.014,50.785,0.046,8120,15600,,2.00,2,0,8224x5140,L,2
927,53.369,2.617,0.255,0.068,0.000,0.018,0.059,0.000,50.843,0.014,50.779,0.049,8120,15600,,2.00,2,0,8224x5140,L,2
928,55.670,2.511,0.325,0.069,0.000,0.023,0.072,0.000,52.646,0.014,52.582,0.049,8120,15600,,2.00,2,0,8224x5140,L,2
929,53.630,2.717,0.343,0.077,0.000,0.020,0.056,0.000,50.846,0.014,50.781,0.051,8120,15600,,2.00,2,0,8224x5140,L,2
930,52.879,2.154,0.280,0.064,0.000,0.018,0.048,0.000,50.846,0.014,50.779,0.053,8120,15600,,2.00,2,0,8224x5140,L,2
931,52.823,2.318,0.216,0.032,0.000,0.010,0.032,0.000,50.850,0.014,50.785,0.051,8120,15600,,2.00,2,0,8224x5140,L,2
932,55.545,1.490,0.207,0.028,0.000,0.009,0.040,0.000,52.582,0.014,52.521,0.047,8120,15600,,2.00,2,0,8224x5140,L,2
933,53.641,1.739,0.227,0.040,0.000,0.011,0.056,0.000,50.848,0.014,50.786,0.048,8120,15600,,2.00,2,0,8224x5140,L,2
934,54.863,1.799,0.226,0.057,0.000,0.015,0.042,0.000,50.865,0.014,50.786,0.065,8120,15600,,2.00,2,0,8224x5140,L,2
935,53.836,1.991,0.225,0.042,0.000,0.012,0.047,0.000,50.887,0.014,50.790,0.084,8120,15600,,2.00,2,0,8224x5140,L,2
936,53.401,1.654,0.243,0.032,0.000,0.017,0.053,0.000,50.851,0.014,50.789,0.048,8120,15600,,2.00,2,0,8224x5140,L,2
937,54.881,1.818,0.218,0.051,0.000,0.014,0.047,0.000,52.582,0.014,52.520,0.048,8120,15600,,2.00,2,0,8224x5140,L,2
938,53.666,1.742,0.255,0.036,0.000,0.012,0.041,0.000,50.851,0.017,50.783,0.051,8120,15600,,2.00,2,0,8224x5140,L,2
939,53.827,1.985,0.226,0.037,0.000,0.011,0.065,0.000,50.847,0.014,50.779,0.054,8120,15600,,2.00,2,0,8224x5140,L,2
940,53.345,1.753,0.237,0.044,0.000,0.016,0.057,0.000,50.850,0.014,50.785,0.050,8120,15600,,2.00,2,0,8224x5140,L,2
941,53.551,1.760,0.237,0.050,0.000,0.015,0.064,0.000,50.835,0.014,50.777,0.044,8120,15600,,2.00,2,0,8224x5140,L,2
942,54.984,2.132,0.286,0.066,0.000,0.020,0.060,0.000,52.578,0.014,52.521,0.044,8120,15600,,2.00,2,0,8224x5140,L,2
943,52.871,2.354,0.244,0.065,0.000,0.018,0.076,0.000,50.843,0.014,50.782,0.047,8120,15600,,2.00,2,0,8224x5140,L,2
944,53.536,1.888,0.253,0.066,0.000,0.018,0.055,0.000,50.846,0.014,50.782,0.049,8120,15600,,2.00,2,0,8224x5140,L,2
945,53.652,1.848,0.240,0.065,0.000,0.020,0.059,0.000,50.845,0.013,50.782,0.050,8120,15600,,2.00,2,0,8224x5140,L,2
946,53.002,2.150,0.299,0.052,0.000,0.023,0.085,0.000,0.064,0.014,0.000,0.050,8120,15600,,2.00,2,0,8224x5140,L,2
947,52.891,3.094,0.420,0.056,0.000,0.019,0.046,0.000,50.847,0.014,50.780,0.053,8120,15600,,2.00,2,0,8224x5140,L,2
948,53.581,1.636,0.224,0.032,0.000,0.009,0.052,0.000,50.857,0.017,50.787,0.053,8120,15600,,2.00,2,0,8224x5140,L,2
949,52.691,2.010,0.227,0.057,0.000,0.016,0.036,0.000,50.845,0.014,50.780,0.051,8120,15600,,2.00,2,0,8224x5140,L,2
950,53.284,1.450,0.229,0.040,0.000,0.011,0.042,0.000,50.856,0.014,50.792,0.050,8120,15600,tshadow_off,2.00,2,0,8224x5140,N,3
951,4.643,1.784,0.303,0.063,0.000,0.018,0.050,0.000,2.563,0.014,2.491,0.058,8120,15600,,2.00,2,0,8224x5140,N,3
952,6.006,0.000,0.282,0.027,0.000,0.009,0.036,0.000,2.583,0.017,2.510,0.056,8120,15600,,2.00,2,0,8224x5140,N,3
953,8.359,0.749,0.211,0.025,0.000,0.010,0.035,0.000,2.549,0.016,2.475,0.058,8120,15600,,2.00,2,0,8224x5140,N,3
954,8.339,0.000,0.275,0.031,0.000,0.013,0.040,0.000,2.555,0.016,2.479,0.060,8120,15600,,2.00,2,0,8224x5140,N,3
955,8.269,0.544,0.237,0.030,0.000,0.009,0.033,0.000,2.564,0.017,2.492,0.055,8120,15600,,2.00,2,0,8224x5140,N,3
956,8.321,0.000,0.256,0.027,0.000,0.009,0.029,0.000,2.570,0.016,2.495,0.058,8120,15600,,2.00,2,0,8224x5140,N,3
957,8.394,0.696,0.236,0.026,0.000,0.012,0.046,0.000,2.585,0.017,2.509,0.059,8120,15600,,2.00,2,0,8224x5140,N,3
958,8.316,0.000,0.275,0.038,0.000,0.016,0.052,0.000,2.551,0.017,2.479,0.055,8120,15600,,2.00,2,0,8224x5140,N,3
959,8.311,0.698,0.247,0.042,0.000,0.010,0.036,0.000,2.559,0.016,2.486,0.056,8120,15600,,2.00,2,0,8224x5140,N,3
960,8.298,0.000,0.245,0.024,0.000,0.007,0.034,0.000,2.569,0.018,2.492,0.059,8120,15600,,2.00,2,0,8224x5140,N,3
961,8.229,0.579,0.251,0.029,0.000,0.010,0.045,0.000,2.558,0.017,2.482,0.059,8120,15600,,2.00,2,0,8224x5140,N,3
962,8.432,0.000,0.268,0.035,0.000,0.011,0.045,0.000,2.574,0.017,2.502,0.055,8120,15600,,2.00,2,0,8224x5140,N,3
963,8.180,0.938,0.276,0.034,0.000,0.015,0.040,0.000,2.566,0.017,2.491,0.058,8120,15600,,2.00,2,0,8224x5140,N,3
964,8.452,0.000,0.301,0.034,0.000,0.010,0.045,0.000,2.564,0.018,2.490,0.056,8120,15600,,2.00,2,0,8224x5140,N,3
965,8.299,0.919,0.335,0.036,0.000,0.015,0.054,0.000,2.551,0.018,2.472,0.061,8120,15600,,2.00,2,0,8224x5140,N,3
966,8.355,0.000,0.400,0.037,0.000,0.012,0.047,0.000,2.561,0.017,2.482,0.062,8120,15600,,2.00,2,0,8224x5140,N,3
967,8.324,0.914,0.339,0.036,0.000,0.012,0.051,0.000,2.549,0.018,2.471,0.060,8120,15600,,2.00,2,0,8224x5140,N,3
968,8.408,0.000,0.448,0.045,0.000,0.018,0.064,0.000,2.560,0.018,2.483,0.059,8120,15600,,2.00,2,0,8224x5140,N,3
969,8.414,1.125,0.420,0.044,0.000,0.016,0.099,0.000,2.557,0.018,2.479,0.061,8120,15600,,2.00,2,0,8224x5140,N,3
970,8.268,0.000,0.550,0.053,0.000,0.023,0.074,0.000,2.578,0.018,2.500,0.060,8120,15600,,2.00,2,0,8224x5140,N,3
971,9.776,1.317,0.508,0.052,0.000,0.016,0.225,0.000,2.575,0.018,2.499,0.058,8120,15600,,2.00,2,0,8224x5140,N,3
972,7.731,0.001,1.307,0.194,0.000,0.051,0.198,0.000,2.579,0.041,2.482,0.056,8120,15600,,2.00,2,0,8224x5140,N,3
973,8.847,2.174,1.246,0.195,0.000,0.071,0.194,0.000,2.604,0.015,2.531,0.058,8120,15600,,2.00,2,0,8224x5140,N,3
974,7.469,0.001,0.934,0.184,0.000,0.047,0.199,0.000,2.544,0.016,2.472,0.057,8120,15600,,2.00,2,0,8224x5140,N,3
975,9.577,1.880,0.566,0.070,0.000,0.022,0.267,0.000,2.611,0.021,2.533,0.056,8120,15600,,2.00,2,0,8224x5140,N,3
976,6.218,0.001,0.796,0.069,0.000,0.025,0.072,0.000,2.600,0.023,2.520,0.057,8120,15600,,2.00,2,0,8224x5140,N,3
977,9.559,1.473,0.506,0.054,0.000,0.016,0.209,0.000,2.661,0.027,2.578,0.056,8120,15600,,2.00,2,0,8224x5140,N,3
978,7.943,0.001,0.803,0.150,0.000,0.059,0.200,0.000,2.552,0.018,2.477,0.056,8120,15600,,2.00,2,0,8224x5140,N,3
979,7.580,1.808,0.806,0.309,0.000,0.119,0.078,0.000,2.638,0.038,2.544,0.056,8120,15600,,2.00,2,0,8224x5140,N,3
980,8.425,0.000,0.599,0.080,0.000,0.029,0.112,0.000,2.639,0.025,2.556,0.058,8120,15600,,2.00,2,0,8224x5140,N,3
981,8.178,1.187,0.467,0.089,0.000,0.027,0.080,0.000,2.661,0.034,2.569,0.057,8120,15600,,2.00,2,0,8224x5140,N,3
982,8.214,0.000,0.614,0.111,0.000,0.038,0.087,0.000,2.589,0.036,2.494,0.059,8120,15600,,2.00,2,0,8224x5140,N,3
983,8.334,1.349,0.506,0.052,0.000,0.018,0.065,0.000,2.591,0.037,2.493,0.062,8120,15600,,2.00,2,0,8224x5140,N,3
984,8.434,0.000,0.711,0.063,0.000,0.020,0.079,0.000,2.648,0.036,2.555,0.057,8120,15600,,2.00,2,0,8224x5140,N,3
985,8.044,1.208,0.388,0.066,0.000,0.027,0.067,0.000,2.621,0.038,2.525,0.058,8120,15600,,2.00,2,0,8224x5140,N,3
986,8.254,0.000,0.371,0.039,0.000,0.011,0.037,0.000,2.556,0.018,2.480,0.058,8120,15600,,2.00,2,0,8224x5140,N,3
987,8.274,0.749,0.302,0.040,0.000,0.011,0.048,0.000,2.544,0.017,2.470,0.057,8120,15600,,2.00,2,0,8224x5140,N,3
988,8.328,0.000,0.299,0.038,0.000,0.012,0.044,0.000,2.563,0.017,2.489,0.057,8120,15600,,2.00,2,0,8224x5140,N,3
989,8.282,0.736,0.286,0.033,0.000,0.011,0.033,0.000,2.555,0.016,2.481,0.057,8120,15600,,2.00,2,0,8224x5140,N,3
990,8.334,0.000,0.274,0.028,0.000,0.008,0.026,0.000,2.581,0.017,2.508,0.055,8120,15600,,2.00,2,0,8224x5140,N,3
991,8.552,0.567,0.268,0.024,0.000,0.009,0.038,0.000,2.561,0.017,2.488,0.056,8120,15600,,2.00,2,0,8224x5140,N,3
992,8.217,0.000,0.280,0.026,0.000,0.008,0.036,0.000,2.546,0.017,2.472,0.057,8120,15600,,2.00,2,0,8224x5140,N,3
993,8.432,0.667,0.242,0.024,0.000,0.010,0.034,0.000,2.560,0.017,2.477,0.066,8120,15600,,2.00,2,0,8224x5140,N,3
994,8.338,0.000,0.275,0.026,0.000,0.008,0.036,0.000,2.554,0.016,2.478,0.060,8120,15600,,2.00,2,0,8224x5140,N,3
995,8.288,0.895,0.256,0.035,0.000,0.011,0.034,0.000,2.569,0.017,2.491,0.061,8120,15600,,2.00,2,0,8224x5140,N,3
996,8.313,0.000,0.293,0.027,0.000,0.009,0.046,0.000,2.556,0.016,2.477,0.062,8120,15600,,2.00,2,0,8224x5140,N,3
997,8.358,0.698,0.270,0.025,0.000,0.009,0.058,0.000,2.570,0.017,2.490,0.063,8120,15600,,2.00,2,0,8224x5140,N,3
998,8.253,0.000,0.312,0.027,0.000,0.008,0.043,0.000,2.547,0.016,2.469,0.062,8120,15600,,2.00,2,0,8224x5140,N,3
999,8.337,0.748,0.272,0.027,0.000,0.010,0.033,0.000,2.554,0.017,2.476,0.062,8120,15600,,2.00,2,0,8224x5140,N,3
1000,8.391,0.000,0.312,0.027,0.000,0.012,0.062,0.000,2.557,0.017,2.478,0.061,8120,15600,,2.00,2,0,8224x5140,N,3
1001,8.388,0.786,0.327,0.034,0.000,0.015,0.067,0.000,2.548,0.016,2.471,0.060,8120,15600,,2.00,2,0,8224x5140,N,3
1002,8.179,0.000,0.338,0.029,0.000,0.010,0.053,0.000,2.574,0.018,2.494,0.061,8120,15600,,2.00,2,0,8224x5140,N,3
1003,8.347,0.807,0.321,0.030,0.000,0.011,0.055,0.000,2.553,0.017,2.475,0.060,8120,15600,,2.00,2,0,8224x5140,N,3
1004,8.432,0.000,0.377,0.038,0.000,0.017,0.049,0.000,2.545,0.018,2.470,0.057,8120,15600,,2.00,2,0,8224x5140,N,3
1005,8.341,0.979,0.349,0.036,0.000,0.015,0.057,0.000,2.591,0.018,2.514,0.058,8120,15600,,2.00,2,0,8224x5140,N,3
1006,8.311,0.000,0.378,0.034,0.000,0.016,0.059,0.000,2.555,0.018,2.475,0.062,8120,15600,,2.00,2,0,8224x5140,N,3
1007,8.405,0.880,0.356,0.033,0.000,0.017,0.067,0.000,2.564,0.021,2.483,0.060,8120,15600,,2.00,2,0,8224x5140,N,3
1008,8.188,0.000,0.426,0.047,0.000,0.016,0.053,0.000,2.581,0.022,2.499,0.061,8120,15600,,2.00,2,0,8224x5140,N,3
1009,8.390,1.380,0.386,0.042,0.000,0.014,0.043,0.000,2.626,0.023,2.545,0.058,8120,15600,,2.00,2,0,8224x5140,N,3
1010,8.227,0.000,0.452,0.038,0.000,0.014,0.055,0.000,2.657,0.024,2.573,0.060,8120,15600,,2.00,2,0,8224x5140,N,3
1011,8.241,1.032,0.369,0.051,0.000,0.021,0.051,0.000,2.634,0.023,2.553,0.058,8120,15600,,2.00,2,0,8224x5140,N,3
1012,8.266,0.000,0.341,0.044,0.000,0.016,0.052,0.000,2.598,0.016,2.526,0.055,8120,15600,,2.00,2,0,8224x5140,N,3
1013,8.399,0.687,0.312,0.079,0.000,0.024,0.053,0.000,2.639,0.017,2.566,0.056,8120,15600,,2.00,2,0,8224x5140,N,3
1014,8.492,0.000,0.301,0.046,0.000,0.016,0.066,0.000,2.542,0.016,2.470,0.055,8120,15600,,2.00,2,0,8224x5140,N,3
1015,8.161,0.912,0.301,0.048,0.000,0.016,0.048,0.000,2.562,0.016,2.489,0.057,8120,15600,,2.00,2,0,8224x5140,N,3
1016,8.236,0.000,0.298,0.040,0.000,0.018,0.049,0.000,2.571,0.016,2.502,0.053,8120,15600,,2.00,2,0,8224x5140,N,3
1017,8.247,0.903,0.301,0.056,0.000,0.018,0.040,0.000,2.569,0.017,2.501,0.051,8120,15600,,2.00,2,0,8224x5140,N,3
1018,8.298,0.000,0.276,0.033,0.000,0.013,0.045,0.000,2.548,0.017,2.475,0.056,8120,15600,,2.00,2,0,8224x5140,N,3
1019,8.307,0.800,0.252,0.048,0.000,0.016,0.048,0.000,2.542,0.017,2.468,0.057,8120,15600,,2.00,2,0,8224x5140,N,3
1020,8.338,0.000,0.280,0.027,0.000,0.012,0.037,0.000,2.546,0.017,2.471,0.057,8120,15600,,2.00,2,0,8224x5140,N,3
1021,8.328,0.676,0.228,0.024,0.000,0.009,0.044,0.000,2.571,0.017,2.496,0.057,8120,15600,,2.00,2,0,8224x5140,N,3
1022,8.321,0.000,0.258,0.022,0.000,0.007,0.041,0.000,2.545,0.017,2.471,0.057,8120,15600,,2.00,2,0,8224x5140,N,3
1023,8.503,0.637,0.221,0.022,0.000,0.011,0.037,0.000,2.559,0.017,2.486,0.057,8120,15600,,2.00,2,0,8224x5140,N,3
1024,8.130,0.000,0.247,0.021,0.000,0.010,0.037,0.000,2.541,0.017,2.467,0.058,8120,15600,,2.00,2,0,8224x5140,N,3
1025,8.480,0.601,0.226,0.027,0.000,0.014,0.032,0.000,2.552,0.018,2.476,0.058,8120,15600,,2.00,2,0,8224x5140,N,3
1026,8.359,0.000,0.258,0.027,0.000,0.009,0.045,0.000,2.579,0.017,2.505,0.057,8120,15600,,2.00,2,0,8224x5140,N,3
1027,8.249,0.583,0.233,0.031,0.000,0.012,0.045,0.000,2.554,0.016,2.479,0.059,8120,15600,,2.00,2,0,8224x5140,N,3
1028,8.417,0.000,0.403,0.024,0.000,0.013,0.044,0.000,2.568,0.016,2.494,0.058,8120,15600,,2.00,2,0,8224x5140,N,3
1029,8.196,0.623,0.235,0.035,0.000,0.013,0.039,0.000,2.552,0.017,2.479,0.056,8120,15600,,2.00,2,0,8224x5140,N,3
1030,8.472,0.000,0.269,0.025,0.000,0.014,0.035,0.000,2.582,0.016,2.510,0.055,8120,15600,,2.00,2,0,8224x5140,N,3
1031,8.260,0.538,0.237,0.025,0.000,0.010,0.053,0.000,2.550,0.017,2.475,0.057,8120,15600,,2.00,2,0,8224x5140,N,3
1032,8.404,0.000,0.270,0.028,0.000,0.010,0.038,0.000,2.549,0.017,2.474,0.058,8120,15600,,2.00,2,0,8224x5140,N,3
1033,8.391,0.537,0.229,0.033,0.000,0.012,0.045,0.000,2.561,0.018,2.487,0.056,8120,15600,,2.00,2,0,8224x5140,N,3
1034,8.237,0.000,0.268,0.023,0.000,0.007,0.048,0.000,2.552,0.017,2.475,0.060,8120,15600,,2.00,2,0,8224x5140,N,3
1035,8.367,0.827,0.259,0.028,0.000,0.016,0.042,0.000,2.560,0.016,2.481,0.062,8120,15600,,2.00,2,0,8224x5140,N,3
1036,8.230,0.000,0.264,0.021,0.000,0.009,0.034,0.000,2.557,0.017,2.479,0.061,8120,15600,,2.00,2,0,8224x5140,N,3
1037,8.466,0.650,0.228,0.020,0.000,0.010,0.036,0.000,2.555,0.018,2.476,0.061,8120,15600,,2.00,2,0,8224x5140,N,3
1038,8.277,0.000,0.293,0.024,0.000,0.014,0.036,0.000,2.583,0.017,2.506,0.061,8120,15600,,2.00,2,0,8224x5140,N,3
1039,8.305,0.758,0.245,0.025,0.000,0.014,0.039,0.000,2.561,0.017,2.481,0.063,8120,15600,,2.00,2,0,8224x5140,N,3
1040,8.372,0.000,0.308,0.024,0.000,0.012,0.040,0.000,2.555,0.017,2.477,0.061,8120,15600,,2.00,2,0,8224x5140,N,3
1041,8.277,0.708,0.263,0.024,0.000,0.012,0.033,0.000,2.564,0.018,2.485,0.062,8120,15600,,2.00,2,0,8224x5140,N,3
1042,8.312,0.000,0.328,0.025,0.000,0.009,0.028,0.000,2.586,0.019,2.505,0.062,8120,15600,,2.00,2,0,8224x5140,N,3
1043,8.327,0.746,0.279,0.026,0.000,0.010,0.043,0.000,2.561,0.018,2.482,0.062,8120,15600,,2.00,2,0,8224x5140,N,3
1044,8.411,0.000,0.346,0.024,0.000,0.010,0.057,0.000,2.563,0.018,2.484,0.061,8120,15600,,2.00,2,0,8224x5140,N,3
1045,8.252,0.813,0.341,0.029,0.000,0.010,0.059,0.000,2.588,0.018,2.512,0.058,8120,15600,,2.00,2,0,8224x5140,N,3
1046,8.435,0.000,0.469,0.030,0.000,0.015,0.052,0.000,2.557,0.018,2.483,0.056,8120,15600,,2.00,2,0,8224x5140,N,3
1047,8.300,0.811,0.338,0.037,0.000,0.010,0.036,0.000,2.578,0.020,2.501,0.057,8120,15600,,2.00,2,0,8224x5140,N,3
1048,8.253,0.000,0.340,0.029,0.000,0.010,0.050,0.000,2.580,0.020,2.501,0.060,8120,15600,,2.00,2,0,8224x5140,N,3
1049,8.369,0.834,0.320,0.028,0.000,0.011,0.056,0.000,2.611,0.023,2.528,0.060,8120,15600,,2.00,2,0,8224x5140,N,3
1050,8.449,0.000,0.400,0.041,0.000,0.014,0.084,0.000,2.706,0.025,2.624,0.057,8120,15600,,2.00,2,0,8224x5140,N,3
1051,8.309,0.846,0.383,0.083,0.000,0.022,0.070,0.000,2.742,0.024,2.662,0.056,8120,15600,,2.00,2,0,8224x5140,N,3
1052,8.394,0.000,0.579,0.096,0.000,0.030,0.076,0.000,2.764,0.027,2.680,0.057,8120,15600,,2.00,2,0,8224x5140,N,3
1053,8.268,0.743,0.383,0.064,0.000,0.019,0.072,0.000,2.786,0.027,2.701,0.058,8120,15600,,2.00,2,0,8224x5140,N,3
1054,8.062,0.000,0.451,0.067,0.000,0.021,0.040,0.000,2.847,0.028,2.764,0.056,8120,15600,,2.00,2,0,8224x5140,N,3
1055,8.369,0.564,0.303,0.072,0.000,0.022,0.044,0.000,2.749,0.017,2.675,0.057,8120,15600,,2.00,2,0,8224x5140,N,3
1056,8.330,0.000,0.282,0.048,0.000,0.015,0.045,0.000,2.815,0.018,2.742,0.055,8120,15600,,2.00,2,0,8224x5140,N,3
1057,8.274,0.601,0.277,0.071,0.000,0.025,0.041,0.000,2.834,0.017,2.760,0.056,8120,15600,,2.00,2,0,8224x5140,N,3
1058,8.251,0.000,0.321,0.049,0.000,0.015,0.045,0.000,2.852,0.017,2.778,0.057,8120,15600,,2.00,2,0,8224x5140,N,3
1059,8.387,0.559,0.264,0.063,0.000,0.018,0.041,0.000,2.874,0.019,2.799,0.056,8120,15600,,2.00,2,0,8224x5140,N,3
1060,8.299,0.000,0.462,0.048,0.000,0.016,0.054,0.000,2.958,0.019,2.884,0.056,8120,15600,,2.00,2,0,8224x5140,N,3
1061,8.303,0.545,0.257,0.059,0.000,0.017,0.056,0.000,2.964,0.018,2.891,0.056,8120,15600,,2.00,2,0,8224x5140,N,3
1062,8.372,0.000,0.288,0.042,0.000,0.015,0.043,0.000,3.022,0.019,2.948,0.055,8120,15600,,2.00,2,0,8224x5140,N,3
1063,8.285,0.537,0.244,0.056,0.000,0.016,0.041,0.000,3.179,0.019,3.103,0.057,8120,15600,,2.00,2,0,8224x5140,N,3
1064,8.431,0.000,0.274,0.039,0.000,0.012,0.055,0.000,3.240,0.019,3.164,0.056,8120,15600,,2.00,2,0,8224x5140,N,3
1065,8.237,0.673,0.269,0.064,0.000,0.020,0.043,0.000,3.245,0.019,3.168,0.057,8120,15600,,2.00,2,0,8224x5140,N,3
1066,8.315,0.000,0.292,0.045,0.000,0.018,0.045,0.000,3.311,0.020,3.233,0.057,8120,15600,,2.00,2,0,8224x5140,N,3
1067,8.292,0.578,0.249,0.056,0.000,0.018,0.045,0.000,3.543,0.020,3.465,0.058,8120,15600,,2.00,2,0,8224x5140,N,3
1068,8.327,0.000,0.291,0.046,0.000,0.016,0.047,0.000,3.617,0.021,3.539,0.057,8120,15600,,2.00,2,0,8224x5140,N,3
1069,8.322,0.539,0.251,0.066,0.000,0.021,0.045,0.000,3.615,0.020,3.537,0.058,8120,15600,,2.00,2,0,8224x5140,N,3
1070,8.312,0.000,0.293,0.044,0.000,0.018,0.046,0.000,3.807,0.023,3.727,0.057,8120,15600,,2.00,2,0,8224x5140,N,3
1071,8.328,0.562,0.262,0.056,0.000,0.016,0.045,0.000,4.121,0.022,4.039,0.059,8120,15600,,2.00,2,0,8224x5140,N,3
1072,8.313,0.000,0.420,0.050,0.000,0.018,0.045,0.000,4.127,0.023,4.045,0.059,8120,15600,,2.00,2,0,8224x5140,N,3
1073,8.358,0.525,0.247,0.054,0.000,0.015,0.053,0.000,4.212,0.026,4.127,0.059,8120,15600,,2.00,2,0,8224x5140,N,3
1074,8.803,0.000,0.297,0.043,0.000,0.012,0.107,0.000,4.524,0.028,4.435,0.061,8120,15600,,2.00,2,0,8224x5140,N,3
1075,7.836,1.694,0.598,0.129,0.000,0.040,0.064,0.000,4.772,0.027,4.687,0.059,8120,15600,,2.00,2,0,8224x5140,N,3
1076,8.728,0.000,0.324,0.060,0.000,0.020,0.130,0.000,4.774,0.023,4.691,0.060,8120,15600,,2.00,2,0,8224x5140,N,3
1077,7.828,1.615,0.541,0.127,0.000,0.048,0.050,0.000,4.890,0.032,4.796,0.062,8120,15600,,2.00,2,0,8224x5140,N,3
1078,8.845,0.000,0.425,0.056,0.000,0.017,0.110,0.000,5.417,0.028,5.326,0.063,8120,15600,,2.00,2,0,8224x5140,N,3
1079,7.822,1.759,0.634,0.147,0.000,0.042,0.048,0.000,5.138,0.033,5.043,0.062,8120,15600,,2.00,2,0,8224x5140,N,3
1080,8.705,0.000,0.298,0.059,0.000,0.021,0.100,0.000,5.410,0.028,5.318,0.063,8120,15600,,2.00,2,0,8224x5140,N,3
1081,7.917,1.795,0.554,0.125,0.000,0.041,0.038,0.000,5.031,0.032,4.936,0.063,8120,15600,,2.00,2,0,8224x5140,N,3
1082,8.749,0.000,0.288,0.058,0.000,0.019,0.108,0.000,5.279,0.028,5.190,0.062,8120,15600,,2.00,2,0,8224x5140,N,3
1083,8.205,1.916,0.579,0.133,0.000,0.039,0.097,0.000,5.021,0.032,4.926,0.063,8120,15600,,2.00,2,0,8224x5140,N,3
1084,8.412,0.001,0.587,0.107,0.000,0.039,0.104,0.000,5.181,0.028,5.090,0.062,8120,15600,,2.00,2,0,8224x5140,N,3
1085,8.217,1.747,0.566,0.110,0.000,0.033,0.108,0.000,5.161,0.028,5.068,0.065,8120,15600,,2.00,2,0,8224x5140,N,3
1086,8.608,0.000,0.686,0.149,0.000,0.040,0.125,0.000,5.306,0.028,5.201,0.077,8120,15600,,2.00,2,0,8224x5140,N,3
1087,7.875,2.084,1.180,0.227,0.000,0.069,0.087,0.000,4.992,0.024,4.903,0.064,8120,15600,,2.00,2,0,8224x5140,N,3
1088,8.154,0.000,0.474,0.083,0.000,0.022,0.061,0.000,4.842,0.028,4.750,0.064,8120,15600,,2.00,2,0,8224x5140,N,3
1089,8.163,0.953,0.370,0.056,0.000,0.020,0.048,0.000,4.855,0.034,4.756,0.065,8120,15600,,2.00,2,0,8224x5140,N,3
1090,8.360,0.000,0.344,0.045,0.000,0.015,0.064,0.000,4.784,0.025,4.695,0.064,8120,15600,,2.00,2,0,8224x5140,N,3
1091,8.364,1.052,0.297,0.039,0.000,0.015,0.042,0.000,4.783,0.027,4.693,0.064,8120,15600,,2.00,2,0,8224x5140,N,3
1092,8.283,0.000,0.299,0.030,0.000,0.013,0.039,0.000,4.782,0.026,4.692,0.065,8120,15600,,2.00,2,0,8224x5140,N,3
1093,8.277,0.630,0.255,0.025,0.000,0.009,0.033,0.000,4.790,0.026,4.699,0.064,8120,15600,,2.00,2,0,8224x5140,N,3
1094,8.297,0.000,0.262,0.021,0.000,0.007,0.027,0.000,4.784,0.026,4.693,0.065,8120,15600,,2.00,2,0,8224x5140,N,3
1095,8.405,0.563,0.236,0.024,0.000,0.010,0.024,0.000,5.082,0.026,4.977,0.079,8120,15600,,2.00,2,0,8224x5140,N,3
1096,8.026,0.000,0.238,0.027,0.000,0.010,0.027,0.000,4.893,0.025,4.786,0.081,8120,15600,tshadow_sdf,2.00,2,0,8224x5140,S,0
1097,78.780,0.587,0.235,0.025,0.000,0.010,0.052,0.000,75.544,0.026,75.453,0.064,8120,15600,,2.00,2,0,8224x5140,S,0
1098,65.447,3.375,0.310,0.036,0.000,0.013,0.030,0.000,63.489,0.014,63.421,0.054,8120,15600,,2.00,2,0,8224x5140,S,0
1099,65.602,2.401,0.259,0.034,0.000,0.010,0.054,0.000,63.533,0.014,63.473,0.046,8120,15600,,2.00,2,0,8224x5140,S,0
1100,65.391,2.234,0.243,0.041,0.000,0.012,0.049,0.000,63.401,0.014,63.337,0.050,8120,15600,,2.00,2,0,8224x5140,S,0
1101,66.111,1.998,0.227,0.054,0.000,0.013,0.066,0.000,63.419,0.014,63.364,0.041,8120,15600,,2.00,2,0,8224x5140,S,0
1102,66.026,1.959,0.241,0.058,0.000,0.015,0.054,0.000,63.408,0.014,63.348,0.046,8120,15600,,2.00,2,0,8224x5140,S,0
1103,65.784,2.507,0.241,0.061,0.000,0.017,0.057,0.000,63.390,0.014,63.323,0.053,8120,15600,,2.00,2,0,8224x5140,S,0
1104,66.197,2.757,0.290,0.063,0.000,0.017,0.058,0.000,63.448,0.014,63.378,0.056,8120,15600,tshadow_pcf,2.00,2,0,8224x5140,P,1
1105,7.138,3.048,0.328,0.063,0.000,0.017,0.043,0.000,5.159,0.014,5.080,0.066,8120,15600,,2.00,2,0,8224x5140,P,1
1106,7.105,0.752,0.324,0.042,0.000,0.019,0.049,0.000,5.152,0.017,5.079,0.055,8120,15600,,2.00,2,0,8224x5140,P,1
1107,7.471,0.000,0.334,0.039,0.000,0.010,0.038,0.000,5.151,0.014,5.081,0.056,8120,15600,,2.00,2,0,8224x5140,P,1
1108,7.098,0.775,0.296,0.031,0.000,0.010,0.072,0.000,5.148,0.014,5.079,0.055,8120,15600,,2.00,2,0,8224x5140,P,1
1109,7.612,0.000,0.385,0.039,0.000,0.014,0.062,0.000,5.151,0.014,5.082,0.056,8120,15600,,2.00,2,0,8224x5140,P,1
1110,7.715,1.217,0.337,0.037,0.000,0.012,0.062,0.000,5.152,0.017,5.082,0.054,8120,15600,,2.00,2,0,8224x5140,P,1
1111,7.652,0.000,0.395,0.053,0.000,0.018,0.056,0.000,5.152,0.014,5.080,0.059,8120,15600,,2.00,2,0,8224x5140,P,1
1112,8.105,1.269,0.342,0.049,0.000,0.015,0.061,0.000,5.152,0.017,5.078,0.057,8120,15600,,2.00,2,0,8224x5140,P,1
1113,8.499,0.000,0.368,0.037,0.000,0.013,0.074,0.000,5.148,0.013,5.082,0.053,8120,15600,,2.00,2,0,8224x5140,P,1
1114,8.165,1.214,0.370,0.080,0.000,0.025,0.060,0.000,5.151,0.016,5.079,0.055,8120,15600,,2.00,2,0,8224x5140,P,1
1115,8.425,0.000,0.392,0.058,0.000,0.024,0.077,0.000,5.156,0.014,5.082,0.059,8120,15600,,2.00,2,0,8224x5140,P,1
1116,8.209,1.223,0.369,0.056,0.000,0.022,0.053,0.000,5.160,0.017,5.083,0.061,8120,15600,,2.00,2,0,8224x5140,P,1
1117,8.393,0.000,0.376,0.047,0.000,0.017,0.090,0.000,5.154,0.014,5.080,0.059,8120,15600,,2.00,2,0,8224x5140,P,1
1118,8.194,1.247,0.387,0.055,0.000,0.019,0.065,0.000,5.152,0.014,5.080,0.059,8120,15600,,2.00,2,0,8224x5140,P,1
1119,8.546,0.000,0.397,0.038,0.000,0.015,0.082,0.000,5.158,0.017,5.081,0.059,8120,15600,,2.00,2,0,8224x5140,P,1
1120,8.206,1.356,0.388,0.056,0.000,0.021,0.056,0.000,5.165,0.018,5.087,0.060,8120,15600,,2.00,2,0,8224x5140,P,1
1121,8.448,0.000,0.445,0.049,0.000,0.019,0.076,0.000,5.151,0.014,5.084,0.053,8120,15600,,2.00,2,0,8224x5140,P,1
1122,8.122,1.155,0.391,0.076,0.000,0.020,0.070,0.000,5.162,0.019,5.087,0.057,8120,15600,,2.00,2,0,8224x5140,P,1
1123,8.330,0.000,0.418,0.057,0.000,0.017,0.069,0.000,5.150,0.014,5.080,0.057,8120,15600,,2.00,2,0,8224x5140,P,1
1124,8.339,1.370,0.395,0.051,0.000,0.018,0.085,0.000,5.158,0.018,5.084,0.057,8120,15600,,2.00,2,0,8224x5140,P,1
1125,8.514,0.000,0.438,0.048,0.000,0.018,0.095,0.000,5.148,0.014,5.079,0.055,8120,15600,,2.00,2,0,8224x5140,P,1
1126,8.179,1.555,0.444,0.056,0.000,0.025,0.061,0.000,5.171,0.020,5.091,0.059,8120,15600,,2.00,2,0,8224x5140,P,1
1127,8.280,0.000,0.421,0.047,0.000,0.018,0.061,0.000,5.157,0.018,5.083,0.057,8120,15600,,2.00,2,0,8224x5140,P,1
1128,8.302,1.321,0.392,0.048,0.000,0.020,0.051,0.000,5.176,0.024,5.092,0.060,8120,15600,,2.00,2,0,8224x5140,P,1
1129,8.378,0.000,0.434,0.040,0.000,0.014,0.069,0.000,5.151,0.014,5.081,0.057,8120,15600,,2.00,2,0,8224x5140,P,1
1130,8.358,1.145,0.394,0.054,0.000,0.017,0.091,0.000,5.168,0.023,5.087,0.058,8120,15600,,2.00,2,0,8224x5140,P,1
1131,8.275,0.000,0.436,0.055,0.000,0.028,0.085,0.000,5.145,0.014,5.078,0.053,8120,15600,,2.00,2,0,8224x5140,P,1
1132,8.308,1.022,0.393,0.047,0.000,0.014,0.056,0.000,5.152,0.017,5.080,0.054,8120,15600,,2.00,2,0,8224x5140,P,1
1133,8.309,0.000,0.490,0.042,0.000,0.016,0.091,0.000,5.158,0.016,5.083,0.059,8120,15600,,2.00,2,0,8224x5140,P,1
1134,8.386,1.470,0.448,0.058,0.000,0.020,0.069,0.000,5.148,0.014,5.080,0.054,8120,15600,,2.00,2,0,8224x5140,P,1
1135,8.276,0.000,0.525,0.053,0.000,0.020,0.059,0.000,5.158,0.018,5.084,0.056,8120,15600,,2.00,2,0,8224x5140,P,1
1136,8.200,1.339,0.414,0.070,0.000,0.021,0.043,0.000,5.149,0.014,5.080,0.054,8120,15600,,2.00,2,0,8224x5140,P,1
1137,8.286,0.000,0.397,0.054,0.000,0.016,0.047,0.000,5.151,0.014,5.081,0.056,8120,15600,,2.00,2,0,8224x5140,P,1
1138,8.415,0.000,0.340,0.043,0.000,0.014,0.061,0.000,5.154,0.016,5.082,0.056,8120,15600,,2.00,2,0,8224x5140,P,1
1139,8.385,0.894,0.331,0.062,0.000,0.018,0.047,0.000,5.154,0.014,5.082,0.057,8120,15600,,2.00,2,0,8224x5140,P,1
1140,8.244,0.751,0.318,0.051,0.000,0.017,0.038,0.000,5.154,0.016,5.083,0.055,8120,15600,,2.00,2,0,8224x5140,P,1
1141,8.229,0.000,0.337,0.044,0.000,0.013,0.036,0.000,5.151,0.014,5.081,0.057,8120,15600,,2.00,2,0,8224x5140,P,1
1142,8.365,0.000,0.394,0.046,0.000,0.018,0.056,0.000,5.147,0.013,5.078,0.055,8120,15600,,2.00,2,0,8224x5140,P,1
1143,8.342,0.664,0.264,0.044,0.000,0.014,0.050,0.000,5.146,0.017,5.080,0.050,8120,15600,,2.00,2,0,8224x5140,P,1
1144,8.309,0.582,0.242,0.052,0.000,0.016,0.045,0.000,5.146,0.014,5.080,0.053,8120,15600,,2.00,2,0,8224x5140,P,1
1145,8.334,0.000,0.299,0.051,0.000,0.014,0.045,0.000,5.150,0.014,5.083,0.052,8120,15600,,2.00,2,0,8224x5140,P,1
1146,8.299,0.550,0.243,0.050,0.000,0.015,0.048,0.000,5.149,0.014,5.082,0.053,8120,15600,,2.00,2,0,8224x5140,P,1
1147,8.292,0.000,0.259,0.037,0.000,0.011,0.043,0.000,5.154,0.018,5.082,0.054,8120,15600,,2.00,2,0,8224x5140,P,1
1148,8.327,0.000,0.285,0.052,0.000,0.020,0.059,0.000,5.146,0.014,5.079,0.053,8120,15600,,2.00,2,0,8224x5140,P,1
1149,8.362,0.721,0.261,0.067,0.000,0.018,0.045,0.000,5.147,0.014,5.080,0.053,8120,15600,,2.00,2,0,8224x5140,P,1
1150,8.291,0.587,0.248,0.054,0.000,0.017,0.045,0.000,5.150,0.016,5.081,0.053,8120,15600,,2.00,2,0,8224x5140,P,1
1151,8.330,0.000,0.293,0.056,0.000,0.016,0.044,0.000,5.149,0.014,5.081,0.054,8120,15600,,2.00,2,0,8224x5140,P,1
1152,8.298,0.562,0.266,0.052,0.000,0.017,0.046,0.000,5.150,0.016,5.081,0.053,8120,15600,,2.00,2,0,8224x5140,P,1
1153,8.298,0.000,0.284,0.053,0.000,0.015,0.066,0.000,5.148,0.014,5.081,0.053,8120,15600,,2.00,2,0,8224x5140,P,1
1154,8.330,0.000,0.282,0.053,0.000,0.020,0.047,0.000,5.146,0.014,5.081,0.052,8120,15600,,2.00,2,0,8224x5140,P,1
1155,8.314,0.552,0.241,0.049,0.000,0.017,0.043,0.000,5.151,0.017,5.081,0.054,8120,15600,,2.00,2,0,8224x5140,P,1
1156,8.346,0.000,0.289,0.051,0.000,0.022,0.044,0.000,5.148,0.014,5.080,0.054,8120,15600,,2.00,2,0,8224x5140,P,1
1157,8.297,0.627,0.244,0.057,0.000,0.017,0.043,0.000,5.148,0.014,5.081,0.054,8120,15600,,2.00,2,0,8224x5140,P,1
1158,8.306,0.000,0.423,0.041,0.000,0.012,0.038,0.000,5.150,0.017,5.081,0.053,8120,15600,,2.00,2,0,8224x5140,P,1
1159,8.348,0.541,0.224,0.042,0.000,0.013,0.043,0.000,5.147,0.014,5.081,0.052,8120,15600,,2.00,2,0,8224x5140,P,1
1160,8.353,0.000,0.271,0.038,0.000,0.012,0.039,0.000,5.149,0.016,5.081,0.052,8120,15600,,2.00,2,0,8224x5140,P,1
1161,8.296,0.587,0.248,0.055,0.000,0.014,0.038,0.000,5.143,0.014,5.078,0.051,8120,15600,,2.00,2,0,8224x5140,P,1
1162,8.283,0.544,0.240,0.048,0.000,0.015,0.046,0.000,5.145,0.014,5.080,0.050,8120,15600,,2.00,2,0,8224x5140,P,1
1163,8.556,0.000,0.277,0.042,0.000,0.012,0.044,0.000,5.153,0.017,5.084,0.052,8120,15600,,2.00,2,0,8224x5140,P,1
1164,8.072,0.550,0.229,0.050,0.000,0.018,0.048,0.000,5.147,0.014,5.082,0.052,8120,15600,,2.00,2,0,8224x5140,P,1
1165,8.332,0.000,0.271,0.053,0.000,0.016,0.039,0.000,5.147,0.014,5.079,0.054,8120,15600,,2.00,2,0,8224x5140,P,1
1166,8.319,0.000,0.277,0.036,0.000,0.014,0.044,0.000,5.153,0.017,5.083,0.053,8120,15600,,2.00,2,0,8224x5140,P,1
1167,8.332,0.544,0.250,0.047,0.000,0.014,0.035,0.000,5.148,0.014,5.083,0.051,8120,15600,,2.00,2,0,8224x5140,P,1
1168,8.341,0.000,0.276,0.040,0.000,0.011,0.048,0.000,5.150,0.016,5.081,0.052,8120,15600,,2.00,2,0,8224x5140,P,1
1169,8.410,0.541,0.228,0.044,0.000,0.011,0.055,0.000,5.145,0.014,5.082,0.049,8120,15600,,2.00,2,0,8224x5140,P,1
1170,8.224,0.728,0.250,0.062,0.000,0.019,0.045,0.000,5.145,0.016,5.081,0.047,8120,15600,,2.00,2,0,8224x5140,P,1
1171,8.343,0.000,0.312,0.062,0.000,0.018,0.049,0.000,5.146,0.014,5.079,0.053,8120,15600,,2.00,2,0,8224x5140,P,1
1172,8.308,0.620,0.234,0.057,0.000,0.015,0.057,0.000,5.150,0.016,5.081,0.053,8120,15600,,2.00,2,0,8224x5140,P,1
1173,8.368,0.000,0.281,0.060,0.000,0.018,0.047,0.000,5.146,0.014,5.079,0.053,8120,15600,,2.00,2,0,8224x5140,P,1
1174,8.221,0.760,0.240,0.045,0.000,0.018,0.041,0.000,5.154,0.017,5.082,0.055,8120,15600,,2.00,2,0,8224x5140,P,1
1175,8.356,0.000,0.308,0.039,0.000,0.016,0.036,0.000,5.151,0.014,5.082,0.056,8120,15600,,2.00,2,0,8224x5140,P,1
1176,8.334,0.000,0.257,0.025,0.000,0.009,0.028,0.000,5.156,0.016,5.084,0.056,8120,15600,,2.00,2,0,8224x5140,P,1
1177,8.311,0.696,0.215,0.024,0.000,0.009,0.036,0.000,5.158,0.017,5.081,0.060,8120,15600,,2.00,2,0,8224x5140,P,1
1178,8.373,0.000,0.252,0.025,0.000,0.008,0.060,0.000,5.156,0.017,5.080,0.059,8120,15600,,2.00,2,0,8224x5140,P,1
1179,8.285,0.733,0.224,0.019,0.000,0.008,0.032,0.000,5.152,0.018,5.080,0.054,8120,15600,,2.00,2,0,8224x5140,P,1
1180,8.344,0.000,0.266,0.021,0.000,0.007,0.052,0.000,5.158,0.017,5.083,0.058,8120,15600,,2.00,2,0,8224x5140,P,1
1181,8.289,0.586,0.251,0.025,0.000,0.010,0.047,0.000,5.159,0.017,5.080,0.062,8120,15600,,2.00,2,0,8224x5140,P,1
1182,8.353,0.000,0.274,0.023,0.000,0.009,0.030,0.000,5.156,0.016,5.081,0.059,8120,15600,,2.00,2,0,8224x5140,P,1
1183,8.275,0.613,0.239,0.020,0.000,0.008,0.034,0.000,5.151,0.014,5.079,0.057,8120,15600,,2.00,2,0,8224x5140,P,1
1184,8.446,0.000,0.299,0.022,0.000,0.008,0.040,0.000,5.151,0.016,5.080,0.055,8120,15600,,2.00,2,0,8224x5140,P,1
1185,8.300,0.777,0.250,0.034,0.000,0.015,0.032,0.000,5.147,0.014,5.077,0.056,8120,15600,,2.00,2,0,8224x5140,P,1
1186,8.297,0.665,0.266,0.027,0.000,0.013,0.041,0.000,5.155,0.017,5.081,0.057,8120,15600,,2.00,2,0,8224x5140,P,1
1187,8.363,0.000,0.302,0.033,0.000,0.013,0.068,0.000,5.151,0.017,5.082,0.052,8120,15600,,2.00,2,0,8224x5140,P,1
1188,8.336,0.943,0.265,0.047,0.000,0.015,0.041,0.000,5.153,0.016,5.082,0.055,8120,15600,,2.00,2,0,8224x5140,P,1
1189,8.257,0.000,0.305,0.039,0.000,0.017,0.038,0.000,5.153,0.019,5.079,0.055,8120,15600,,2.00,2,0,8224x5140,P,1
1190,8.336,0.000,0.296,0.024,0.000,0.010,0.034,0.000,5.155,0.016,5.082,0.057,8120,15600,,2.00,2,0,8224x5140,P,1
1191,8.344,0.771,0.258,0.028,0.000,0.013,0.060,0.000,5.154,0.018,5.081,0.055,8120,15600,,2.00,2,0,8224x5140,P,1
1192,8.402,0.920,0.281,0.033,0.000,0.016,0.051,0.000,5.162,0.018,5.085,0.058,8120,15600,,2.00,2,0,8224x5140,P,1
1193,8.260,0.000,0.324,0.032,0.000,0.015,0.049,0.000,5.155,0.018,5.082,0.056,8120,15600,,2.00,2,0,8224x5140,P,1
1194,8.290,0.771,0.297,0.030,0.000,0.011,0.042,0.000,5.155,0.016,5.081,0.058,8120,15600,,2.00,2,0,8224x5140,P,1
1195,8.383,0.000,0.352,0.026,0.000,0.010,0.045,0.000,5.152,0.018,5.080,0.054,8120,15600,,2.00,2,0,8224x5140,P,1
1196,8.346,0.725,0.303,0.046,0.000,0.018,0.042,0.000,5.153,0.018,5.082,0.054,8120,15600,,2.00,2,0,8224x5140,P,1
1197,8.307,0.000,0.338,0.044,0.000,0.018,0.052,0.000,5.146,0.014,5.080,0.052,8120,15600,,2.00,2,0,8224x5140,P,1
1198,8.285,0.707,0.300,0.052,0.000,0.016,0.049,0.000,5.145,0.014,5.081,0.050,8120,15600,,2.00,2,0,8224x5140,P,1
1199,8.274,0.000,0.315,0.042,0.000,0.013,0.038,0.000,5.148,0.014,5.079,0.055,8120,15600,,2.00,2,0,8224x5140,P,1
1200,8.333,0.000,0.405,0.033,0.000,0.015,0.042,0.000,5.152,0.017,5.082,0.053,8120,15600,,2.00,2,0,8224x5140,P,1
1201,8.278,0.629,0.274,0.045,0.000,0.014,0.042,0.000,5.145,0.014,5.081,0.050,8120,15600,,2.00,2,0,8224x5140,P,1
1202,8.325,0.000,0.267,0.030,0.000,0.014,0.043,0.000,5.150,0.016,5.080,0.053,8120,15600,,2.00,2,0,8224x5140,P,1
1203,8.295,0.731,0.243,0.038,0.000,0.013,0.035,0.000,5.147,0.014,5.079,0.053,8120,15600,,2.00,2,0,8224x5140,P,1
1204,8.430,0.000,0.254,0.024,0.000,0.013,0.034,0.000,5.150,0.017,5.080,0.053,8120,15600,,2.00,2,0,8224x5140,P,1
1205,8.205,0.627,0.222,0.024,0.000,0.012,0.037,0.000,5.151,0.017,5.081,0.052,8120,15600,,2.00,2,0,8224x5140,P,1
1206,8.309,0.000,0.251,0.023,0.000,0.010,0.033,0.000,5.157,0.018,5.086,0.053,8120,15600,,2.00,2,0,8224x5140,P,1
1207,8.348,0.550,0.222,0.021,0.000,0.009,0.028,0.000,5.152,0.016,5.080,0.056,8120,15600,,2.00,2,0,8224x5140,P,1
1208,8.363,0.000,0.237,0.029,0.000,0.009,0.035,0.000,5.151,0.018,5.080,0.053,8120,15600,,2.00,2,0,8224x5140,P,1
1209,8.291,0.737,0.251,0.031,0.000,0.013,0.033,0.000,5.149,0.016,5.080,0.053,8120,15600,,2.00,2,0,8224x5140,P,1
1210,8.333,0.000,0.264,0.022,0.000,0.011,0.035,0.000,5.151,0.017,5.082,0.052,8120,15600,,2.00,2,0,8224x5140,P,1
1211,8.358,0.559,0.224,0.027,0.000,0.010,0.035,0.000,5.151,0.017,5.081,0.052,8120,15600,,2.00,2,0,8224x5140,P,1
1212,8.296,0.000,0.262,0.032,0.000,0.013,0.031,0.000,5.152,0.018,5.082,0.053,8120,15600,,2.00,2,0,8224x5140,P,1
1213,8.364,0.562,0.225,0.022,0.000,0.009,0.036,0.000,5.150,0.016,5.082,0.052,8120,15600,,2.00,2,0,8224x5140,P,1
1214,8.333,0.000,0.264,0.022,0.000,0.008,0.049,0.000,5.150,0.017,5.078,0.054,8120,15600,,2.00,2,0,8224x5140,P,1
1215,8.292,0.631,0.234,0.029,0.000,0.011,0.037,0.000,5.149,0.016,5.079,0.053,8120,15600,,2.00,2,0,8224x5140,P,1
1216,8.354,0.000,0.270,0.023,0.000,0.014,0.035,0.000,5.152,0.017,5.083,0.053,8120,15600,,2.00,2,0,8224x5140,P,1
1217,8.372,0.572,0.223,0.024,0.000,0.008,0.029,0.000,5.153,0.017,5.080,0.056,8120,15600,,2.00,2,0,8224x5140,P,1
1218,8.331,0.000,0.263,0.021,0.000,0.009,0.032,0.000,5.159,0.017,5.081,0.061,8120,15600,,2.00,2,0,8224x5140,P,1
1219,8.319,0.573,0.235,0.019,0.000,0.007,0.083,0.000,5.154,0.017,5.080,0.058,8120,15600,,2.00,2,0,8224x5140,P,1
1220,8.370,0.000,0.275,0.027,0.000,0.010,0.037,0.000,5.156,0.017,5.081,0.058,8120,15600,,2.00,2,0,8224x5140,P,1
1221,8.246,0.819,0.228,0.023,0.000,0.009,0.034,0.000,5.163,0.017,5.085,0.062,8120,15600,,2.00,2,0,8224x5140,P,1
1222,8.382,0.000,0.280,0.024,0.000,0.010,0.040,0.000,5.154,0.014,5.083,0.058,8120,15600,,2.00,2,0,8224x5140,P,1
1223,8.305,0.663,0.251,0.024,0.000,0.008,0.038,0.000,5.153,0.016,5.081,0.056,8120,15600,,2.00,2,0,8224x5140,P,1
1224,8.341,0.000,0.298,0.021,0.000,0.008,0.027,0.000,5.150,0.014,5.080,0.056,8120,15600,,2.00,2,0,8224x5140,P,1
1225,8.294,0.676,0.254,0.021,0.000,0.009,0.031,0.000,5.154,0.017,5.081,0.055,8120,15600,,2.00,2,0,8224x5140,P,1
1226,8.355,0.000,0.306,0.022,0.000,0.008,0.033,0.000,5.150,0.014,5.081,0.055,8120,15600,,2.00,2,0,8224x5140,P,1
1227,8.316,0.672,0.265,0.022,0.000,0.008,0.038,0.000,5.152,0.017,5.081,0.055,8120,15600,,2.00,2,0,8224x5140,P,1
1228,8.362,0.000,0.335,0.023,0.000,0.009,0.034,0.000,5.151,0.014,5.080,0.057,8120,15600,,2.00,2,0,8224x5140,P,1
1229,8.297,0.715,0.302,0.024,0.000,0.008,0.032,0.000,5.157,0.019,5.082,0.056,8120,15600,,2.00,2,0,8224x5140,P,1
1230,8.360,0.000,0.313,0.024,0.000,0.008,0.086,0.000,5.158,0.014,5.083,0.061,8120,15600,,2.00,2,0,8224x5140,P,1
1231,8.280,0.796,0.311,0.027,0.000,0.016,0.038,0.000,5.164,0.019,5.086,0.059,8120,15600,,2.00,2,0,8224x5140,P,1
1232,8.352,0.000,0.340,0.027,0.000,0.009,0.040,0.000,5.151,0.014,5.077,0.060,8120,15600,,2.00,2,0,8224x5140,P,1
1233,8.383,0.788,0.310,0.028,0.000,0.009,0.037,0.000,5.164,0.021,5.087,0.055,8120,15600,,2.00,2,0,8224x5140,P,1
1234,8.392,0.802,0.358,0.032,0.000,0.013,0.053,0.000,5.148,0.015,5.080,0.054,8120,15600,,2.00,2,0,8224x5140,P,1
1235,8.243,0.000,0.363,0.048,0.000,0.018,0.051,0.000,5.152,0.016,5.081,0.055,8120,15600,,2.00,2,0,8224x5140,P,1
1236,8.349,0.881,0.372,0.039,0.000,0.011,0.080,0.000,5.157,0.018,5.082,0.057,8120,15600,,2.00,2,0,8224x5140,P,1
1237,8.324,0.000,0.375,0.047,0.000,0.018,0.068,0.000,5.153,0.016,5.082,0.055,8120,15600,,2.00,2,0,8224x5140,P,1
1238,8.319,0.873,0.365,0.033,0.000,0.017,0.041,0.000,5.148,0.015,5.079,0.055,8120,15600,,2.00,2,0,8224x5140,P,1
1239,8.315,0.000,0.462,0.032,0.000,0.018,0.058,0.000,5.149,0.017,5.080,0.052,8120,15600,,2.00,2,0,8224x5140,P,1
1240,8.182,0.759,0.314,0.053,0.000,0.019,0.043,0.000,5.147,0.014,5.079,0.053,8120,15600,,2.00,2,0,8224x5140,P,1
1241,8.318,0.000,0.303,0.034,0.000,0.014,0.045,0.000,5.152,0.018,5.081,0.053,8120,15600,,2.00,2,0,8224x5140,P,1
1242,8.316,0.000,0.276,0.029,0.000,0.017,0.040,0.000,5.151,0.016,5.081,0.054,8120,15600,,2.00,2,0,8224x5140,P,1
1243,8.341,0.590,0.276,0.024,0.000,0.009,0.038,0.000,5.154,0.017,5.084,0.054,8120,15600,,2.00,2,0,8224x5140,P,1
1244,8.310,0.000,0.257,0.026,0.000,0.012,0.033,0.000,5.152,0.017,5.082,0.053,8120,15600,,2.00,2,0,8224x5140,P,1
1245,8.294,0.552,0.222,0.020,0.000,0.007,0.031,0.000,5.156,0.017,5.082,0.057,8120,15600,,2.00,2,0,8224x5140,P,1
1246,8.426,0.000,0.229,0.023,0.000,0.010,0.037,0.000,5.152,0.017,5.083,0.053,8120,15600,,2.00,2,0,8224x5140,P,1
1247,8.355,0.573,0.224,0.025,0.000,0.008,0.036,0.000,5.153,0.018,5.079,0.056,8120,15600,,2.00,2,0,8224x5140,P,1
1248,8.327,0.000,0.292,0.026,0.000,0.009,0.043,0.000,5.151,0.016,5.080,0.055,8120,15600,,2.00,2,0,8224x5140,P,1
1249,8.306,0.608,0.242,0.020,0.000,0.010,0.033,0.000,5.158,0.018,5.082,0.058,8120,15600,,2.00,2,0,8224x5140,P,1
1250,8.311,0.000,0.287,0.025,0.000,0.008,0.041,0.000,5.152,0.017,5.080,0.054,8120,15600,,2.00,2,0,8224x5140,P,1
1251,8.417,0.905,0.260,0.026,0.000,0.010,0.053,0.000,5.154,0.018,5.080,0.056,8120,15600,,2.00,2,0,8224x5140,P,1
1252,8.267,0.837,0.282,0.029,0.000,0.010,0.030,0.000,5.149,0.017,5.079,0.054,8120,15600,,2.00,2,0,8224x5140,P,1
1253,8.328,0.000,0.312,0.024,0.000,0.010,0.028,0.000,5.153,0.018,5.081,0.055,8120,15600,,2.00,2,0,8224x5140,P,1
1254,8.339,0.000,0.300,0.022,0.000,0.008,0.047,0.000,5.154,0.016,5.083,0.055,8120,15600,,2.00,2,0,8224x5140,P,1
1255,8.336,0.820,0.296,0.023,0.000,0.009,0.030,0.000,5.149,0.018,5.080,0.051,8120,15600,,2.00,2,0,8224x5140,P,1
1256,8.332,0.000,0.311,0.022,0.000,0.008,0.036,0.000,5.152,0.016,5.084,0.052,8120,15600,,2.00,2,0,8224x5140,P,1
1257,8.355,0.748,0.287,0.022,0.000,0.008,0.062,0.000,5.149,0.017,5.079,0.053,8120,15600,,2.00,2,0,8224x5140,P,1
1258,8.289,0.792,0.303,0.026,0.000,0.013,0.039,0.000,5.163,0.020,5.085,0.058,8120,15600,,2.00,2,0,8224x5140,P,1
1259,8.346,0.000,0.348,0.029,0.000,0.010,0.048,0.000,5.154,0.017,5.078,0.058,8120,15600,,2.00,2,0,8224x5140,P,1
1260,8.307,0.804,0.331,0.029,0.000,0.010,0.038,0.000,5.165,0.020,5.086,0.058,8120,15600,,2.00,2,0,8224x5140,P,1
1261,8.300,0.000,0.334,0.027,0.000,0.009,0.037,0.000,5.151,0.014,5.082,0.056,8120,15600,,2.00,2,0,8224x5140,P,1
1262,8.395,0.000,0.339,0.029,0.000,0.016,0.060,0.000,5.157,0.018,5.086,0.054,8120,15600,,2.00,2,0,8224x5140,P,1
1263,8.385,0.769,0.322,0.036,0.000,0.010,0.046,0.000,5.149,0.018,5.078,0.053,8120,15600,,2.00,2,0,8224x5140,P,1
1264,8.387,0.892,0.339,0.034,0.000,0.015,0.054,0.000,5.161,0.021,5.087,0.053,8120,15600,,2.00,2,0,8224x5140,P,1
1265,8.222,0.000,0.392,0.030,0.000,0.011,0.042,0.000,5.147,0.014,5.079,0.055,8120,15600,,2.00,2,0,8224x5140,P,1
1266,8.355,0.854,0.337,0.034,0.000,0.011,0.041,0.000,5.151,0.018,5.080,0.053,8120,15600,,2.00,2,0,8224x5140,P,1
1267,8.246,0.000,0.400,0.031,0.000,0.015,0.039,0.000,5.178,0.024,5.095,0.059,8120,15600,,2.00,2,0,8224x5140,P,1
1268,8.398,0.000,0.365,0.036,0.000,0.015,0.073,0.000,5.154,0.018,5.081,0.056,8120,15600,,2.00,2,0,8224x5140,P,1
1269,8.351,1.031,0.388,0.040,0.000,0.012,0.079,0.000,5.175,0.027,5.094,0.054,8120,15600,,2.00,2,0,8224x5140,P,1
1270,8.296,1.049,0.407,0.046,0.000,0.015,0.050,0.000,5.153,0.014,5.081,0.058,8120,15600,,2.00,2,0,8224x5140,P,1
1271,8.379,0.000,0.412,0.038,0.000,0.015,0.073,0.000,5.149,0.014,5.081,0.054,8120,15600,,2.00,2,0,8224x5140,P,1
1272,8.557,0.969,0.366,0.033,0.000,0.014,0.067,0.000,5.174,0.028,5.094,0.052,8120,15600,,2.00,2,0,8224x5140,P,1
1273,8.299,0.000,0.393,0.052,0.000,0.017,0.076,0.000,5.150,0.017,5.081,0.052,8120,15600,,2.00,2,0,8224x5140,P,1
1274,8.203,1.381,0.465,0.076,0.000,0.022,0.081,0.000,5.162,0.021,5.089,0.053,8120,15600,,2.00,2,0,8224x5140,P,1
1275,8.334,0.000,0.414,0.079,0.000,0.022,0.075,0.000,5.146,0.014,5.078,0.053,8120,15600,,2.00,2,0,8224x5140,P,1
1276,8.359,1.169,0.417,0.091,0.000,0.030,0.086,0.000,5.145,0.014,5.081,0.050,8120,15600,,2.00,2,0,8224x5140,P,1
1277,8.238,0.000,0.435,0.093,0.000,0.027,0.079,0.000,5.152,0.016,5.082,0.054,8120,15600,,2.00,2,0,8224x5140,P,1
1278,8.260,1.538,0.414,0.063,0.000,0.022,0.071,0.000,5.153,0.014,5.082,0.057,8120,15600,,2.00,2,0,8224x5140,P,1
1279,8.261,0.000,0.493,0.047,0.000,0.018,0.074,0.000,5.158,0.014,5.081,0.064,8120,15600,,2.00,2,0,8224x5140,P,1
1280,8.303,1.468,0.384,0.046,0.000,0.016,0.069,0.000,5.155,0.014,5.080,0.061,8120,15600,,2.00,2,0,8224x5140,P,1
1281,8.368,0.000,0.446,0.066,0.000,0.019,0.078,0.000,5.158,0.017,5.083,0.058,8120,15600,,2.00,2,0,8224x5140,P,1
1282,7.821,1.452,0.514,0.056,0.000,0.023,0.071,0.000,5.155,0.014,5.080,0.061,8120,15600,tshadow_planar,2.00,2,0,8224x5140,L,2
1283,53.454,0.000,0.478,0.047,0.000,0.014,0.088,0.000,50.848,0.018,50.781,0.049,8120,15600,,2.00,2,0,8224x5140,L,2
1284,53.211,3.404,0.441,0.080,0.000,0.022,0.075,0.000,50.840,0.014,50.780,0.046,8120,15600,,2.00,2,0,8224x5140,L,2
1285,53.801,3.085,0.359,0.075,0.000,0.023,0.050,0.000,50.844,0.014,50.785,0.046,8120,15600,,2.00,2,0,8224x5140,L,2
1286,52.549,1.952,0.226,0.054,0.000,0.012,0.049,0.000,50.851,0.014,50.784,0.052,8120,15600,,2.00,2,0,8224x5140,L,2
1287,53.313,1.493,0.235,0.037,0.000,0.011,0.041,0.000,50.856,0.014,50.786,0.056,8120,15600,,2.00,2,0,8224x5140,L,2
1288,53.209,1.508,0.216,0.032,0.000,0.009,0.067,0.000,50.837,0.014,50.781,0.042,8120,15600,,2.00,2,0,8224x5140,L,2
1289,53.603,2.017,0.243,0.063,0.000,0.017,0.048,0.000,50.839,0.014,50.778,0.047,8120,15600,,2.00,2,0,8224x5140,L,2
1290,53.483,1.743,0.245,0.044,0.000,0.013,0.059,0.000,50.841,0.014,50.780,0.047,8120,15600,,2.00,2,0,8224x5140,L,2
1291,53.398,2.549,0.274,0.065,0.000,0.021,0.054,0.000,50.848,0.014,50.783,0.051,8120,15600,,2.00,2,0,8224x5140,L,2
1292,53.029,2.450,0.312,0.048,0.000,0.017,0.072,0.000,50.852,0.017,50.783,0.052,8120,15600,,2.00,2,0,8224x5140,L,2
1293,53.345,1.514,0.226,0.040,0.000,0.012,0.043,0.000,50.847,0.014,50.778,0.055,8120,15600,,2.00,2,0,8224x5140,L,2
1294,53.815,1.920,0.272,0.032,0.000,0.010,0.049,0.000,50.856,0.014,50.783,0.059,8120,15600,,2.00,2,0,8224x5140,L,2
1295,53.037,2.269,0.301,0.035,0.000,0.010,0.045,0.000,50.842,0.014,50.778,0.051,8120,15600,,2.00,2,0,8224x5140,L,2
1296,53.444,2.793,0.280,0.035,0.000,0.012,0.043,0.000,50.844,0.014,50.782,0.048,8120,15600,,2.00,2,0,8224x5140,L,2
1297,53.702,1.888,0.229,0.035,0.000,0.012,0.042,0.000,50.853,0.014,50.786,0.053,8120,15600,,2.00,2,0,8224x5140,L,2
1298,53.461,1.506,0.223,0.032,0.000,0.009,0.053,0.000,50.848,0.017,50.784,0.047,8120,15600,,2.00,2,0,8224x5140,L,2
1299,53.668,1.765,0.227,0.055,0.000,0.015,0.056,0.000,50.851,0.014,50.786,0.051,8120,15600,,2.00,2,0,8224x5140,L,2
1300,53.484,1.591,0.216,0.040,0.000,0.013,0.066,0.000,50.844,0.014,50.783,0.047,8120,15600,,2.00,2,0,8224x5140,L,2
1301,52.940,2.278,0.239,0.058,0.000,0.016,0.057,0.000,50.843,0.014,50.780,0.048,8120,15600,,2.00,2,0,8224x5140,L,2
1302,53.546,1.858,0.274,0.060,0.000,0.021,0.050,0.000,50.847,0.014,50.784,0.050,8120,15600,,2.00,2,0,8224x5140,L,2
1303,53.368,1.772,0.258,0.065,0.000,0.015,0.055,0.000,50.840,0.014,50.781,0.045,8120,15600,,2.00,2,0,8224x5140,L,2
1304,53.571,1.825,0.262,0.067,0.000,0.023,0.061,0.000,50.846,0.014,50.784,0.048,8120,15600,,2.00,2,0,8224x5140,L,2
1305,53.167,2.335,0.237,0.062,0.000,0.017,0.057,0.000,50.844,0.014,50.778,0.052,8120,15600,,2.00,2,0,8224x5140,L,2
1306,53.578,1.849,0.232,0.055,0.000,0.016,0.060,0.000,50.840,0.014,50.780,0.047,8120,15600,,2.00,2,0,8224x5140,L,2
1307,53.486,1.764,0.234,0.061,0.000,0.017,0.066,0.000,50.842,0.014,50.782,0.046,8120,15600,,2.00,2,0,8224x5140,L,2
1308,54.093,2.334,0.294,0.071,0.000,0.021,0.057,0.000,50.837,0.014,50.779,0.043,8120,15600,,2.00,2,0,8224x5140,L,2
1309,53.436,1.778,0.240,0.063,0.000,0.017,0.058,0.000,50.848,0.016,50.789,0.043,8120,15600,,2.00,2,0,8224x5140,L,2
1310,52.946,2.392,0.267,0.069,0.000,0.022,0.062,0.000,50.839,0.014,50.777,0.048,8120,15600,,2.00,2,0,8224x5140,L,2
1311,53.941,2.008,0.329,0.069,0.000,0.019,0.063,0.000,50.848,0.014,50.786,0.049,8120,15600,,2.00,2,0,8224x5140,L,2
1312,53.075,2.357,0.290,0.056,0.000,0.017,0.065,0.000,50.837,0.014,50.777,0.046,8120,15600,,2.00,2,0,8224x5140,L,2
1313,53.039,2.292,0.317,0.068,0.000,0.020,0.063,0.000,50.844,0.014,50.785,0.046,8120,15600,,2.00,2,0,8224x5140,L,2
1314,53.563,1.814,0.263,0.068,0.000,0.020,0.059,0.000,50.849,0.014,50.788,0.047,8120,15600,,2.00,2,0,8224x5140,L,2
1315,52.900,2.334,0.271,0.067,0.000,0.021,0.060,0.000,50.851,0.014,50.791,0.047,8120,15600,,2.00,2,0,8224x5140,L,2
1316,53.506,1.811,0.264,0.057,0.001,0.017,0.049,0.000,50.837,0.014,50.775,0.047,8120,15600,,2.00,2,0,8224x5140,L,2
1317,53.371,1.525,0.231,0.055,0.000,0.014,0.047,0.000,50.846,0.014,50.784,0.047,8120,15600,,2.00,2,0,8224x5140,L,2
1318,53.252,1.492,0.235,0.044,0.000,0.014,0.046,0.000,50.848,0.014,50.784,0.050,8120,15600,,2.00,2,0,8224x5140,L,2
1319,53.253,1.533,0.232,0.034,0.000,0.011,0.039,0.000,50.850,0.016,50.782,0.052,8120,15600,,2.00,2,0,8224x5140,L,2
1320,52.547,1.957,0.250,0.031,0.000,0.010,0.040,0.000,50.844,0.017,50.779,0.049,8120,15600,,2.00,2,0,8224x5140,L,2
1321,53.396,1.467,0.218,0.029,0.000,0.009,0.037,0.000,50.858,0.014,50.789,0.055,8120,15600,,2.00,2,0,8224x5140,L,2
1322,53.521,1.616,0.244,0.037,0.000,0.011,0.043,0.000,50.851,0.014,50.784,0.052,8120,15600,,2.00,2,0,8224x5140,L,2
1323,53.209,1.515,0.222,0.046,0.000,0.011,0.052,0.000,50.840,0.014,50.783,0.044,8120,15600,,2.00,2,0,8224x5140,L,2
1324,53.428,1.743,0.232,0.060,0.000,0.020,0.054,0.000,50.846,0.014,50.784,0.048,8120,15600,,2.00,2,0,8224x5140,L,2
1325,53.781,2.987,0.283,0.056,0.000,0.018,0.062,0.000,50.853,0.014,50.787,0.052,8120,15600,,2.00,2,0,8224x5140,L,2
1326,53.629,1.932,0.291,0.070,0.000,0.023,0.059,0.000,50.843,0.014,50.781,0.048,8120,15600,,2.00,2,0,8224x5140,L,2
1327,53.497,1.840,0.230,0.059,0.000,0.017,0.061,0.000,50.847,0.014,50.786,0.047,8120,15600,,2.00,2,0,8224x5140,L,2
1328,53.116,1.518,0.227,0.059,0.000,0.017,0.049,0.000,50.842,0.014,50.785,0.043,8120,15600,,2.00,2,0,8224x5140,L,2
1329,53.502,1.983,0.227,0.054,0.000,0.015,0.050,0.000,50.840,0.013,50.775,0.051,8120,15600,,2.00,2,0,8224x5140,L,2
1330,53.603,2.000,0.245,0.048,0.000,0.014,0.061,0.000,50.853,0.018,50.783,0.052,8120,15600,,2.00,2,0,8224x5140,L,2
1331,53.456,1.819,0.251,0.066,0.000,0.019,0.050,0.000,50.838,0.014,50.780,0.044,8120,15600,,2.00,2,0,8224x5140,L,2
1332,53.239,1.569,0.241,0.059,0.000,0.016,0.059,0.000,50.839,0.014,50.782,0.044,8120,15600,,2.00,2,0,8224x5140,L,2
1333,53.297,1.729,0.235,0.059,0.000,0.018,0.050,0.000,50.834,0.014,50.773,0.047,8120,15600,,2.00,2,0,8224x5140,L,2
1334,53.696,2.022,0.275,0.055,0.000,0.016,0.060,0.000,50.839,0.014,50.781,0.044,8120,15600,,2.00,2,0,8224x5140,L,2
1335,53.195,1.553,0.262,0.063,0.000,0.018,0.054,0.000,50.842,0.014,50.785,0.043,8120,15600,,2.00,2,0,8224x5140,L,2
1336,53.174,1.575,0.276,0.060,0.000,0.017,0.047,0.000,50.835,0.014,50.779,0.043,8120,15600,,2.00,2,0,8224x5140,L,2
1337,53.407,1.713,0.260,0.061,0.000,0.019,0.057,0.000,50.845,0.014,50.780,0.051,8120,15600,,2.00,2,0,8224x5140,L,2
1338,53.488,1.796,0.256,0.062,0.000,0.018,0.080,0.000,50.844,0.014,50.778,0.052,8120,15600,,2.00,2,0,8224x5140,L,2
1339,52.833,2.304,0.287,0.060,0.000,0.019,0.049,0.000,50.848,0.014,50.788,0.046,8120,15600,drag_start,2.00,2,1,8224x5140,L,2
1340,53.657,1.879,0.253,0.062,0.000,0.018,0.079,0.000,50.913,0.014,50.856,0.043,8120,15600,,2.00,2,1,8224x5140,L,2
1341,53.526,1.869,0.262,0.078,0.000,0.019,0.064,0.000,50.925,0.014,50.866,0.045,8120,15600,,2.00,2,1,8224x5140,L,2
1342,53.854,1.829,0.250,0.058,0.000,0.018,0.061,0.000,50.918,0.014,50.862,0.043,8120,15600,,2.00,2,1,8224x5140,L,2
1343,54.333,1.818,0.242,0.058,0.000,0.018,0.072,0.000,50.919,0.014,50.860,0.045,8120,15600,,2.00,2,1,8224x5140,L,2
1344,54.380,2.402,0.301,0.069,0.000,0.022,0.150,0.000,50.914,0.016,50.852,0.046,8120,15600,downscale,0.50,2,1,2056x1285,L,2
1345,8.392,1.800,0.353,0.075,0.000,0.023,0.059,0.000,3.383,0.014,3.323,0.046,8120,15600,,0.50,2,1,2056x1285,L,2
1346,11.946,0.736,0.255,0.060,0.000,0.016,0.056,0.000,3.357,0.014,3.325,0.018,8120,15600,,0.50,2,1,2056x1285,L,2
1347,8.103,0.000,0.276,0.071,0.000,0.020,0.045,0.000,3.358,0.017,3.324,0.016,8120,15600,,0.50,2,1,2056x1285,L,2
1348,8.171,0.606,0.234,0.049,0.000,0.015,0.041,0.000,3.361,0.017,3.327,0.016,8120,15600,,0.50,2,1,2056x1285,L,2
1349,8.299,0.000,0.261,0.045,0.000,0.014,0.052,0.000,3.363,0.017,3.329,0.017,8120,15600,,0.50,2,1,2056x1285,L,2
1350,8.110,0.736,0.231,0.056,0.000,0.017,0.045,0.000,3.362,0.018,3.327,0.017,8120,15600,,0.50,2,1,2056x1285,L,2
1351,8.360,0.000,0.262,0.041,0.000,0.012,0.059,0.000,3.369,0.018,3.334,0.017,8120,15600,,0.50,2,1,2056x1285,L,2
1352,8.112,0.732,0.246,0.067,0.000,0.020,0.053,0.000,3.360,0.018,3.324,0.018,8120,15600,,0.50,2,1,2056x1285,L,2
1353,8.129,0.000,0.273,0.062,0.000,0.018,0.047,0.000,3.356,0.017,3.321,0.018,8120,15600,,0.50,2,1,2056x1285,L,2
1354,8.254,0.747,0.249,0.057,0.000,0.016,0.054,0.000,3.361,0.016,3.328,0.017,8120,15600,,0.50,2,1,2056x1285,L,2
1355,8.217,0.000,0.262,0.051,0.000,0.018,0.045,0.000,3.364,0.018,3.330,0.016,8120,15600,,0.50,2,1,2056x1285,L,2
1356,8.104,0.613,0.235,0.057,0.000,0.018,0.040,0.000,3.363,0.017,3.329,0.018,8120,15600,,0.50,2,1,2056x1285,L,2
1357,8.227,0.000,0.260,0.045,0.000,0.015,0.055,0.000,3.345,0.017,3.312,0.017,8120,15600,,0.50,2,1,2056x1285,L,2
1358,8.207,0.586,0.240,0.055,0.000,0.016,0.048,0.000,3.350,0.017,3.317,0.017,8120,15600,,0.50,2,1,2056x1285,L,2
1359,8.274,0.000,0.254,0.050,0.000,0.015,0.044,0.000,3.370,0.017,3.336,0.017,8120,15600,,0.50,2,1,2056x1285,L,2
1360,8.148,0.565,0.228,0.052,0.000,0.015,0.052,0.000,3.362,0.016,3.328,0.017,8120,15600,,0.50,2,1,2056x1285,L,2
1361,8.362,0.000,0.273,0.053,0.000,0.015,0.060,0.000,3.348,0.018,3.312,0.018,8120,15600,,0.50,2,1,2056x1285,L,2
1362,8.046,0.715,0.257,0.071,0.000,0.022,0.052,0.000,3.363,0.016,3.329,0.018,8120,15600,,0.50,2,1,2056x1285,L,2
1363,8.187,0.000,0.279,0.071,0.000,0.017,0.051,0.000,3.368,0.017,3.333,0.018,8120,15600,,0.50,2,1,2056x1285,L,2
1364,8.361,0.601,0.234,0.053,0.000,0.016,0.054,0.000,3.363,0.017,3.328,0.018,8120,15600,,0.50,2,1,2056x1285,L,2
1365,8.104,0.000,0.269,0.064,0.000,0.023,0.057,0.000,3.369,0.016,3.336,0.018,8120,15600,,0.50,2,1,2056x1285,L,2
1366,8.186,0.718,0.250,0.061,0.000,0.020,0.064,0.000,3.369,0.017,3.335,0.018,8120,15600,,0.50,2,1,2056x1285,L,2
1367,16.572,0.000,0.252,0.068,0.000,0.020,0.059,0.000,3.375,0.017,3.339,0.018,8120,15600,,0.50,2,1,2056x1285,L,2
1368,8.071,0.716,0.240,0.064,0.000,0.021,0.050,0.000,3.361,0.018,3.325,0.018,8120,15600,,0.50,2,1,2056x1285,L,2
1369,8.208,0.709,0.227,0.057,0.000,0.016,0.049,0.000,3.355,0.016,3.322,0.017,8120,15600,,0.50,2,1,2056x1285,L,2
1370,8.257,0.000,0.260,0.049,0.000,0.014,0.070,0.000,3.350,0.016,3.316,0.017,8120,15600,,0.50,2,1,2056x1285,L,2
1371,8.258,0.740,0.252,0.060,0.000,0.019,0.054,0.000,3.360,0.016,3.326,0.018,8120,15600,,0.50,2,1,2056x1285,L,2
1372,8.095,0.000,0.272,0.068,0.000,0.018,0.054,0.000,3.362,0.017,3.327,0.018,8120,15600,,0.50,2,1,2056x1285,L,2
1373,8.284,0.637,0.231,0.050,0.000,0.021,0.053,0.000,3.365,0.016,3.331,0.018,8120,15600,,0.50,2,1,2056x1285,L,2
1374,8.099,0.000,0.274,0.061,0.000,0.020,0.068,0.000,3.344,0.017,3.310,0.018,8120,15600,,0.50,2,1,2056x1285,L,2
1375,8.125,0.722,0.304,0.066,0.000,0.020,0.050,0.000,3.362,0.017,3.328,0.017,8120,15600,,0.50,2,1,2056x1285,L,2
1376,8.223,0.000,0.258,0.048,0.000,0.014,0.050,0.000,3.369,0.017,3.336,0.017,8120,15600,,0.50,2,1,2056x1285,L,2
1377,8.239,0.636,0.235,0.048,0.000,0.014,0.071,0.000,3.357,0.016,3.324,0.016,8120,15600,,0.50,2,1,2056x1285,L,2
1378,8.239,0.000,0.280,0.069,0.000,0.021,0.053,0.000,3.368,0.017,3.335,0.016,8120,15600,,0.50,2,1,2056x1285,L,2
1379,8.136,0.736,0.244,0.067,0.000,0.018,0.066,0.000,3.366,0.016,3.332,0.018,8120,15600,,0.50,2,1,2056x1285,L,2
1380,8.205,0.000,0.264,0.059,0.000,0.020,0.056,0.000,3.369,0.017,3.335,0.017,8120,15600,,0.50,2,1,2056x1285,L,2
1381,8.141,0.651,0.237,0.051,0.000,0.016,0.049,0.000,3.360,0.018,3.326,0.017,8120,15600,,0.50,2,1,2056x1285,L,2
1382,8.195,0.000,0.269,0.050,0.000,0.016,0.048,0.000,3.363,0.017,3.328,0.017,8120,15600,,0.50,2,1,2056x1285,L,2
1383,8.255,0.719,0.226,0.045,0.000,0.014,0.050,0.000,3.362,0.016,3.328,0.017,8120,15600,,0.50,2,1,2056x1285,L,2
1384,8.249,0.000,0.279,0.046,0.000,0.015,0.068,0.000,3.362,0.018,3.325,0.019,8120,15600,,0.50,2,1,2056x1285,L,2
1385,16.490,0.755,0.270,0.066,0.000,0.020,0.049,0.000,3.357,0.016,3.324,0.017,8120,15600,,0.50,2,1,2056x1285,L,2
1386,8.225,0.632,0.236,0.051,0.000,0.015,0.063,0.000,3.367,0.018,3.332,0.018,8120,15600,,0.50,2,1,2056x1285,L,2
1387,8.154,0.000,0.254,0.054,0.000,0.019,0.042,0.000,3.360,0.017,3.326,0.017,8120,15600,,0.50,2,1,2056x1285,L,2
1388,8.359,0.604,0.227,0.048,0.000,0.013,0.057,0.000,3.366,0.017,3.331,0.018,8120,15600,,0.50,2,1,2056x1285,L,2
1389,8.177,0.000,0.273,0.065,0.000,0.017,0.054,0.000,3.369,0.019,3.330,0.020,8120,15600,,0.50,2,1,2056x1285,L,2
1390,16.505,0.747,0.280,0.059,0.000,0.018,0.057,0.000,3.364,0.018,3.326,0.020,8120,15600,,0.50,2,1,2056x1285,L,2
1391,8.283,0.650,0.258,0.055,0.000,0.017,0.063,0.000,3.353,0.016,3.319,0.017,8120,15600,,0.50,2,1,2056x1285,L,2
1392,8.111,0.000,0.417,0.059,0.000,0.018,0.051,0.000,3.359,0.016,3.326,0.017,8120,15600,,0.50,2,1,2056x1285,L,2
1393,8.227,0.745,0.265,0.054,0.000,0.016,0.052,0.000,3.361,0.016,3.329,0.016,8120,15600,,0.50,2,1,2056x1285,L,2
1394,8.163,0.000,0.251,0.056,0.000,0.018,0.051,0.000,3.359,0.017,3.326,0.017,8120,15600,,0.50,2,1,2056x1285,L,2
1395,8.141,0.643,0.257,0.050,0.000,0.017,0.045,0.000,3.353,0.016,3.320,0.017,8120,15600,,0.50,2,1,2056x1285,L,2
1396,8.275,0.000,0.268,0.049,0.000,0.017,0.058,0.000,3.363,0.016,3.329,0.017,8120,15600,,0.50,2,1,2056x1285,L,2
1397,8.248,0.745,0.247,0.056,0.000,0.016,0.056,0.000,3.360,0.017,3.325,0.018,8120,15600,,0.50,2,1,2056x1285,L,2
1398,8.195,0.000,0.262,0.062,0.000,0.022,0.076,0.000,3.369,0.017,3.334,0.018,8120,15600,,0.50,2,1,2056x1285,L,2
1399,8.102,0.743,0.270,0.062,0.000,0.020,0.044,0.000,3.361,0.016,3.327,0.018,8120,15600,,0.50,2,1,2056x1285,L,2
1400,8.150,0.000,0.263,0.045,0.000,0.017,0.046,0.000,3.362,0.016,3.329,0.017,8120,15600,,0.50,2,1,2056x1285,L,2
1401,8.208,0.747,0.245,0.043,0.000,0.013,0.043,0.000,3.359,0.017,3.325,0.018,8120,15600,,0.50,2,1,2056x1285,L,2
1402,8.240,0.000,0.247,0.037,0.000,0.011,0.050,0.000,3.357,0.018,3.322,0.018,8120,15600,,0.50,2,1,2056x1285,L,2
1403,8.385,0.746,0.228,0.036,0.000,0.012,0.040,0.000,3.362,0.018,3.327,0.018,8120,15600,,0.50,2,1,2056x1285,L,2
1404,8.105,0.000,0.272,0.042,0.000,0.017,0.038,0.000,3.358,0.017,3.323,0.018,8120,15600,,0.50,2,1,2056x1285,L,2
1405,8.291,0.646,0.216,0.037,0.000,0.012,0.053,0.000,3.362,0.018,3.326,0.019,8120,15600,,0.50,2,1,2056x1285,L,2
1406,8.206,0.000,0.248,0.039,0.000,0.019,0.050,0.000,3.365,0.016,3.330,0.019,8120,15600,,0.50,2,1,2056x1285,L,2
1407,8.235,0.609,0.250,0.043,0.000,0.014,0.044,0.000,3.369,0.017,3.336,0.017,8120,15600,,0.50,2,1,2056x1285,L,2
1408,8.297,0.000,0.259,0.038,0.000,0.017,0.051,0.000,3.361,0.016,3.328,0.017,8120,15600,,0.50,2,1,2056x1285,L,2
1409,8.132,0.718,0.263,0.060,0.000,0.018,0.044,0.000,3.358,0.016,3.325,0.017,8120,15600,,0.50,2,1,2056x1285,L,2
1410,8.303,0.000,0.257,0.041,0.000,0.013,0.073,0.000,3.365,0.017,3.331,0.017,8120,15600,,0.50,2,1,2056x1285,L,2
1411,8.295,0.738,0.250,0.057,0.000,0.019,0.056,0.000,3.363,0.016,3.329,0.018,8120,15600,,0.50,2,1,2056x1285,L,2
1412,8.293,0.000,0.264,0.046,0.000,0.014,0.045,0.000,3.359,0.018,3.323,0.017,8120,15600,,0.50,2,1,2056x1285,L,2
1413,8.344,0.742,0.227,0.045,0.000,0.013,0.045,0.000,3.357,0.017,3.323,0.017,8120,15600,,0.50,2,1,2056x1285,L,2
1414,8.313,0.000,0.271,0.040,0.000,0.014,0.051,0.000,3.362,0.016,3.329,0.017,8120,15600,,0.50,2,1,2056x1285,L,2
1415,8.296,0.617,0.231,0.042,0.000,0.019,0.036,0.000,3.360,0.016,3.327,0.017,8120,15600,,0.50,2,1,2056x1285,L,2
1416,8.349,0.000,0.282,0.037,0.000,0.021,0.045,0.000,3.346,0.017,3.311,0.017,8120,15600,,0.50,2,1,2056x1285,L,2
1417,8.338,0.575,0.243,0.043,0.000,0.012,0.054,0.000,3.357,0.017,3.323,0.018,8120,15600,,0.50,2,1,2056x1285,L,2
1418,8.315,0.000,0.279,0.043,0.000,0.011,0.075,0.000,3.368,0.019,3.333,0.017,8120,15600,,0.50,2,1,2056x1285,L,2
1419,8.176,0.706,0.235,0.054,0.000,0.017,0.055,0.000,3.357,0.017,3.323,0.017,8120,15600,,0.50,2,1,2056x1285,L,2
1420,8.131,0.000,0.249,0.043,0.000,0.017,0.046,0.000,3.365,0.018,3.330,0.017,8120,15600,,0.50,2,1,2056x1285,L,2
1421,8.399,0.660,0.235,0.039,0.000,0.013,0.053,0.000,3.358,0.018,3.323,0.017,8120,15600,,0.50,2,1,2056x1285,L,2
1422,8.069,0.000,0.263,0.045,0.000,0.016,0.047,0.000,3.340,0.019,3.304,0.017,8120,15600,,0.50,2,1,2056x1285,L,2
1423,8.167,0.689,0.246,0.049,0.000,0.015,0.040,0.000,3.362,0.017,3.328,0.017,8120,15600,,0.50,2,1,2056x1285,L,2
1424,8.281,0.000,0.249,0.043,0.000,0.013,0.043,0.000,3.368,0.017,3.334,0.017,8120,15600,,0.50,2,1,2056x1285,L,2
1425,8.229,0.591,0.234,0.043,0.000,0.013,0.037,0.000,3.346,0.016,3.312,0.017,8120,15600,,0.50,2,1,2056x1285,L,2
1426,8.234,0.000,0.249,0.042,0.000,0.013,0.057,0.000,3.352,0.017,3.318,0.017,8120,15600,,0.50,2,1,2056x1285,L,2
1427,8.291,0.584,0.221,0.041,0.000,0.013,0.056,0.000,3.426,0.017,3.391,0.018,8120,15600,,0.50,2,1,2056x1285,L,2
1428,8.115,0.000,0.272,0.056,0.000,0.017,0.045,0.000,3.490,0.017,3.455,0.018,8120,15600,,0.50,2,1,2056x1285,L,2
1429,8.267,0.611,0.254,0.052,0.000,0.022,0.046,0.000,3.552,0.018,3.516,0.017,8120,15600,,0.50,2,1,2056x1285,L,2
1430,8.181,0.000,0.289,0.057,0.000,0.020,0.044,0.000,3.604,0.017,3.570,0.017,8120,15600,,0.50,2,1,2056x1285,L,2
1431,8.180,0.651,0.271,0.050,0.000,0.015,0.047,0.000,3.588,0.017,3.555,0.017,8120,15600,,0.50,2,1,2056x1285,L,2
1432,8.374,0.000,0.269,0.044,0.000,0.013,0.058,0.000,3.599,0.017,3.565,0.017,8120,15600,,0.50,2,1,2056x1285,L,2
1433,8.081,0.735,0.285,0.061,0.000,0.019,0.046,0.000,3.587,0.018,3.552,0.017,8120,15600,,0.50,2,1,2056x1285,L,2
1434,8.212,0.000,0.276,0.045,0.000,0.015,0.048,0.000,3.763,0.018,3.727,0.017,8120,15600,,0.50,2,1,2056x1285,L,2
1435,8.221,0.716,0.228,0.045,0.000,0.015,0.046,0.000,3.831,0.019,3.796,0.017,8120,15600,,0.50,2,1,2056x1285,L,2
1436,8.228,0.000,0.409,0.040,0.000,0.014,0.038,0.000,3.854,0.018,3.820,0.017,8120,15600,,0.50,2,1,2056x1285,L,2
1437,8.250,0.595,0.256,0.041,0.000,0.012,0.035,0.000,3.999,0.018,3.963,0.018,8120,15600,,0.50,2,1,2056x1285,L,2
1438,8.218,0.000,0.255,0.041,0.000,0.012,0.040,0.000,4.043,0.019,4.006,0.018,8120,15600,,0.50,2,1,2056x1285,L,2
1439,8.222,0.588,0.224,0.044,0.000,0.014,0.045,0.000,4.081,0.019,4.044,0.018,8120,15600,,0.50,2,1,2056x1285,L,2
1440,8.230,0.000,0.252,0.039,0.000,0.013,0.043,0.000,4.352,0.019,4.315,0.018,8120,15600,,0.50,2,1,2056x1285,L,2
1441,8.262,0.580,0.223,0.044,0.000,0.016,0.044,0.000,4.474,0.019,4.435,0.019,8120,15600,,0.50,2,1,2056x1285,L,2
1442,8.161,0.000,0.264,0.041,0.000,0.013,0.048,0.000,4.488,0.019,4.450,0.019,8120,15600,,0.50,2,1,2056x1285,L,2
1443,8.415,0.573,0.240,0.039,0.000,0.012,0.055,0.000,4.638,0.021,4.598,0.019,8120,15600,,0.50,2,1,2056x1285,L,2
1444,8.284,0.000,0.252,0.047,0.000,0.016,0.058,0.000,4.854,0.021,4.814,0.019,8120,15600,,0.50,2,1,2056x1285,L,2
1445,8.026,0.719,0.280,0.067,0.000,0.021,0.054,0.000,5.013,0.021,4.972,0.020,8120,15600,,0.50,2,1,2056x1285,L,2
1446,8.226,0.000,0.271,0.052,0.000,0.018,0.045,0.000,5.011,0.020,4.969,0.022,8120,15600,,0.50,2,1,2056x1285,L,2
1447,8.166,0.696,0.229,0.042,0.000,0.014,0.048,0.000,5.312,0.023,5.269,0.020,8120,15600,,0.50,2,1,2056x1285,L,2
1448,8.241,0.000,0.275,0.049,0.000,0.017,0.054,0.000,5.625,0.023,5.582,0.020,8120,15600,,0.50,2,1,2056x1285,L,2
1449,8.152,0.725,0.252,0.052,0.000,0.016,0.055,0.000,5.727,0.023,5.682,0.021,8120,15600,,0.50,2,1,2056x1285,L,2
1450,8.154,0.000,0.265,0.051,0.000,0.016,0.051,0.000,5.940,0.028,5.890,0.022,8120,15600,,0.50,2,1,2056x1285,L,2
1451,8.206,0.753,0.234,0.047,0.000,0.013,0.039,0.000,6.245,0.026,6.197,0.022,8120,15600,,0.50,2,1,2056x1285,L,2
1452,8.212,0.000,0.249,0.036,0.000,0.016,0.040,0.000,6.468,0.023,6.423,0.022,8120,15600,,0.50,2,1,2056x1285,L,2
1453,8.292,0.699,0.253,0.034,0.000,0.009,0.040,0.000,6.473,0.023,6.428,0.022,8120,15600,,0.50,2,1,2056x1285,L,2
1454,8.211,0.000,0.262,0.037,0.000,0.014,0.049,0.000,6.482,0.023,6.437,0.022,8120,15600,,0.50,2,1,2056x1285,L,2
1455,8.229,0.631,0.227,0.042,0.000,0.012,0.039,0.000,6.469,0.023,6.424,0.022,8120,15600,,0.50,2,1,2056x1285,L,2
1456,8.263,0.000,0.270,0.043,0.000,0.013,0.042,0.000,6.398,0.023,6.353,0.022,8120,15600,,0.50,2,1,2056x1285,L,2
1457,8.227,0.640,0.233,0.041,0.000,0.012,0.041,0.000,6.346,0.026,6.297,0.022,8120,15600,,0.50,2,1,2056x1285,L,2
1458,8.258,0.000,0.293,0.041,0.000,0.011,0.049,0.000,6.472,0.023,6.427,0.022,8120,15600,,0.50,2,1,2056x1285,L,2
1459,8.386,0.687,0.234,0.049,0.000,0.014,0.069,0.000,6.342,0.023,6.296,0.023,8120,15600,,0.50,2,1,2056x1285,L,2
1460,8.102,0.000,0.369,0.070,0.000,0.020,0.060,0.000,6.336,0.027,6.286,0.023,8120,15600,,0.50,2,1,2056x1285,L,2
1461,8.074,0.724,0.242,0.065,0.000,0.019,0.048,0.000,6.322,0.023,6.277,0.022,8120,15600,,0.50,2,1,2056x1285,L,2
1462,8.193,0.000,0.280,0.056,0.000,0.019,0.092,0.000,6.453,0.023,6.408,0.022,8120,15600,,0.50,2,1,2056x1285,L,2
1463,8.310,0.735,0.292,0.063,0.000,0.019,0.059,0.000,6.422,0.023,6.378,0.021,8120,15600,,0.50,2,1,2056x1285,L,2
1464,7.994,0.000,0.266,0.051,0.000,0.014,0.060,0.000,6.329,0.023,6.284,0.022,8120,15600,,0.50,2,1,2056x1285,L,2
1465,8.176,0.738,0.235,0.059,0.000,0.017,0.062,0.000,6.338,0.023,6.293,0.022,8120,15600,,0.50,2,1,2056x1285,L,2
1466,8.128,0.000,0.261,0.058,0.000,0.018,0.052,0.000,6.349,0.023,6.304,0.022,8120,15600,,0.50,2,1,2056x1285,L,2
1467,8.197,0.752,0.222,0.057,0.000,0.015,0.051,0.000,6.351,0.023,6.305,0.023,8120,15600,,0.50,2,1,2056x1285,L,2
1468,8.219,0.000,0.244,0.045,0.000,0.015,0.045,0.000,6.369,0.024,6.323,0.022,8120,15600,,0.50,2,1,2056x1285,L,2
1469,8.166,0.732,0.223,0.057,0.000,0.016,0.040,0.000,6.323,0.026,6.277,0.021,8120,15600,,0.50,2,1,2056x1285,L,2
1470,8.325,0.000,0.262,0.051,0.000,0.014,0.065,0.000,6.361,0.023,6.316,0.021,8120,15600,,0.50,2,1,2056x1285,L,2
1471,8.252,0.743,0.258,0.069,0.000,0.021,0.038,0.000,6.313,0.026,6.265,0.022,8120,15600,,0.50,2,1,2056x1285,L,2
1472,7.969,0.000,0.276,0.056,0.000,0.014,0.050,0.000,6.312,0.023,6.268,0.022,8120,15600,,0.50,2,1,2056x1285,L,2
1473,8.167,0.751,0.221,0.049,0.000,0.015,0.050,0.000,6.338,0.023,6.293,0.022,8120,15600,,0.50,2,1,2056x1285,L,2
1474,8.241,0.000,0.268,0.047,0.000,0.014,0.066,0.000,6.358,0.023,6.313,0.022,8120,15600,,0.50,2,1,2056x1285,L,2
1475,8.261,0.732,0.260,0.065,0.000,0.019,0.062,0.000,6.374,0.023,6.329,0.022,8120,15600,,0.50,2,1,2056x1285,L,2
1476,8.093,0.000,0.256,0.050,0.000,0.021,0.046,0.000,6.324,0.027,6.275,0.021,8120,15600,,0.50,2,1,2056x1285,L,2
1477,8.301,0.670,0.245,0.047,0.000,0.014,0.054,0.000,6.342,0.023,6.297,0.022,8120,15600,,0.50,2,1,2056x1285,L,2
1478,8.112,0.000,0.267,0.066,0.000,0.020,0.041,0.000,6.322,0.026,6.275,0.022,8120,15600,,0.50,2,1,2056x1285,L,2
1479,8.277,0.665,0.236,0.053,0.000,0.014,0.043,0.000,6.372,0.023,6.327,0.022,8120,15600,,0.50,2,1,2056x1285,L,2
1480,8.282,0.000,0.246,0.049,0.000,0.014,0.056,0.000,6.341,0.025,6.293,0.022,8120,15600,,0.50,2,1,2056x1285,L,2
1481,8.072,0.719,0.268,0.061,0.000,0.018,0.041,0.000,6.343,0.023,6.298,0.022,8120,15600,,0.50,2,1,2056x1285,L,2
1482,8.192,0.000,0.382,0.051,0.000,0.015,0.047,0.000,6.365,0.023,6.321,0.021,8120,15600,,0.50,2,1,2056x1285,L,2
1483,8.220,0.607,0.265,0.047,0.000,0.013,0.046,0.000,6.387,0.023,6.342,0.023,8120,15600,,0.50,2,1,2056x1285,L,2
1484,8.266,0.000,0.415,0.049,0.000,0.014,0.046,0.000,6.320,0.026,6.271,0.022,8120,15600,,0.50,2,1,2056x1285,L,2
1485,8.134,0.631,0.237,0.048,0.000,0.014,0.040,0.000,6.356,0.023,6.311,0.022,8120,15600,,0.50,2,1,2056x1285,L,2
1486,8.288,0.000,0.275,0.047,0.000,0.018,0.044,0.000,6.346,0.023,6.301,0.022,8120,15600,,0.50,2,1,2056x1285,L,2
1487,8.142,0.660,0.222,0.050,0.000,0.014,0.045,0.000,6.361,0.023,6.315,0.022,8120,15600,,0.50,2,1,2056x1285,L,2
1488,8.210,0.000,0.388,0.044,0.000,0.013,0.052,0.000,6.368,0.023,6.323,0.023,8120,15600,,0.50,2,1,2056x1285,L,2
1489,8.273,0.603,0.254,0.043,0.000,0.012,0.048,0.000,6.361,0.023,6.317,0.021,8120,15600,,0.50,2,1,2056x1285,L,2
1490,8.244,0.000,0.266,0.048,0.000,0.018,0.043,0.000,6.449,0.026,6.401,0.021,8120,15600,,0.50,2,1,2056x1285,L,2
1491,8.178,0.617,0.253,0.047,0.000,0.012,0.038,0.000,6.454,0.023,6.410,0.021,8120,15600,,0.50,2,1,2056x1285,L,2
1492,8.218,0.000,0.251,0.045,0.000,0.015,0.041,0.000,6.342,0.023,6.296,0.022,8120,15600,,0.50,2,1,2056x1285,L,2
1493,8.204,0.581,0.260,0.044,0.000,0.012,0.062,0.000,6.344,0.023,6.299,0.022,8120,15600,,0.50,2,1,2056x1285,L,2
1494,8.238,0.000,0.289,0.052,0.000,0.019,0.045,0.000,6.265,0.023,6.220,0.022,8120,15600,,0.50,2,1,2056x1285,L,2
1495,8.333,0.728,0.249,0.054,0.000,0.017,0.069,0.000,6.225,0.026,6.177,0.022,8120,15600,,0.50,2,1,2056x1285,L,2
1496,8.021,0.000,0.251,0.061,0.000,0.017,0.051,0.000,6.179,0.026,6.131,0.022,8120,15600,,0.50,2,1,2056x1285,L,2
1497,8.210,0.729,0.267,0.058,0.000,0.015,0.057,0.000,6.245,0.023,6.200,0.022,8120,15600,,0.50,2,1,2056x1285,L,2
1498,8.191,0.000,0.265,0.047,0.000,0.030,0.043,0.000,6.239,0.026,6.191,0.022,8120,15600,,0.50,2,1,2056x1285,L,2
1499,8.185,0.637,0.232,0.046,0.000,0.014,0.039,0.000,6.256,0.024,6.207,0.025,8120,15600,,0.50,2,1,2056x1285,L,2
1500,8.295,0.000,0.238,0.059,0.000,0.024,0.066,0.000,6.233,0.026,6.184,0.023,8120,15600,,0.50,2,1,2056x1285,L,2
1501,8.088,0.722,0.322,0.067,0.000,0.024,0.044,0.000,6.213,0.023,6.167,0.022,8120,15600,,0.50,2,1,2056x1285,L,2
1502,8.220,0.000,0.292,0.051,0.000,0.015,0.046,0.000,6.255,0.024,6.207,0.024,8120,15600,,0.50,2,1,2056x1285,L,2
1503,8.119,0.598,0.230,0.049,0.000,0.014,0.048,0.000,6.206,0.026,6.158,0.022,8120,15600,,0.50,2,1,2056x1285,L,2
1504,8.257,0.000,0.267,0.043,0.000,0.013,0.049,0.000,6.106,0.023,6.061,0.022,8120,15600,,0.50,2,1,2056x1285,L,2
1505,8.269,0.732,0.233,0.049,0.000,0.014,0.051,0.000,5.818,0.027,5.770,0.021,8120,15600,,0.50,2,1,2056x1285,L,2
1506,8.105,0.000,0.261,0.048,0.000,0.017,0.044,0.000,5.733,0.024,5.688,0.022,8120,15600,,0.50,2,1,2056x1285,L,2
1507,8.217,0.713,0.213,0.041,0.000,0.012,0.036,0.000,5.715,0.025,5.668,0.022,8120,15600,,0.50,2,1,2056x1285,L,2
1508,8.306,0.000,0.255,0.035,0.000,0.015,0.046,0.000,5.702,0.023,5.657,0.022,8120,15600,,0.50,2,1,2056x1285,L,2
1509,8.286,0.607,0.230,0.039,0.000,0.012,0.055,0.000,5.726,0.023,5.681,0.021,8120,15600,,0.50,2,1,2056x1285,L,2
1510,8.180,0.000,0.244,0.056,0.000,0.021,0.055,0.000,5.723,0.022,5.679,0.021,8120,15600,,0.50,2,1,2056x1285,L,2
1511,8.171,0.720,0.278,0.054,0.000,0.016,0.051,0.000,5.735,0.023,5.691,0.021,8120,15600,,0.50,2,1,2056x1285,L,2
1512,8.182,0.000,0.251,0.050,0.000,0.016,0.053,0.000,5.722,0.022,5.678,0.022,8120,15600,,0.50,2,1,2056x1285,L,2
1513,8.252,0.724,0.223,0.046,0.000,0.015,0.060,0.000,5.714,0.024,5.668,0.022,8120,15600,,0.50,2,1,2056x1285,L,2
1514,8.230,0.000,0.262,0.053,0.000,0.028,0.052,0.000,5.715,0.023,5.670,0.023,8120,15600,,0.50,2,1,2056x1285,L,2
1515,8.155,0.675,0.283,0.057,0.000,0.017,0.050,0.000,5.724,0.023,5.678,0.023,8120,15600,,0.50,2,1,2056x1285,L,2
1516,8.183,0.000,0.272,0.050,0.000,0.016,0.043,0.000,5.735,0.022,5.690,0.023,8120,15600,,0.50,2,1,2056x1285,L,2
1517,8.266,0.565,0.219,0.047,0.000,0.015,0.044,0.000,5.721,0.023,5.677,0.022,8120,15600,,0.50,2,1,2056x1285,L,2
1518,8.233,0.000,0.264,0.049,0.000,0.016,0.050,0.000,5.730,0.023,5.686,0.022,8120,15600,,0.50,2,1,2056x1285,L,2
1519,8.202,0.665,0.228,0.045,0.000,0.013,0.048,0.000,5.716,0.023,5.671,0.022,8120,15600,,0.50,2,1,2056x1285,L,2
1520,8.220,0.000,0.256,0.045,0.000,0.014,0.044,0.000,5.723,0.022,5.678,0.022,8120,15600,,0.50,2,1,2056x1285,L,2
1521,8.233,0.580,0.226,0.041,0.000,0.012,0.052,0.000,5.723,0.023,5.678,0.022,8120,15600,,0.50,2,1,2056x1285,L,2
1522,8.247,0.000,0.258,0.046,0.000,0.017,0.062,0.000,5.720,0.023,5.676,0.021,8120,15600,,0.50,2,1,2056x1285,L,2
1523,8.294,0.748,0.253,0.051,0.000,0.016,0.062,0.000,5.709,0.024,5.664,0.022,8120,15600,,0.50,2,1,2056x1285,L,2
1524,8.124,0.000,0.270,0.056,0.000,0.020,0.052,0.000,5.718,0.022,5.675,0.021,8120,15600,,0.50,2,1,2056x1285,L,2
1525,8.132,0.598,0.260,0.054,0.000,0.013,0.045,0.000,5.720,0.023,5.675,0.022,8120,15600,,0.50,2,1,2056x1285,L,2
1526,8.236,0.000,0.278,0.045,0.000,0.021,0.051,0.000,5.734,0.023,5.689,0.022,8120,15600,,0.50,2,1,2056x1285,L,2
1527,8.206,0.576,0.248,0.042,0.000,0.012,0.048,0.000,5.727,0.023,5.682,0.022,8120,15600,,0.50,2,1,2056x1285,L,2
1528,8.201,0.000,0.283,0.041,0.000,0.015,0.054,0.000,5.739,0.024,5.694,0.021,8120,15600,,0.50,2,1,2056x1285,L,2
1529,8.341,0.707,0.233,0.043,0.000,0.020,0.050,0.000,5.709,0.023,5.664,0.022,8120,15600,,0.50,2,1,2056x1285,L,2
1530,8.134,0.000,0.259,0.057,0.000,0.017,0.046,0.000,5.719,0.023,5.674,0.021,8120,15600,,0.50,2,1,2056x1285,L,2
1531,8.181,0.620,0.221,0.052,0.000,0.018,0.046,0.000,5.804,0.028,5.755,0.022,8120,15600,,0.50,2,1,2056x1285,L,2
1532,8.287,0.000,0.260,0.042,0.000,0.012,0.045,0.000,5.818,0.026,5.771,0.022,8120,15600,,0.50,2,1,2056x1285,L,2
1533,8.201,0.569,0.250,0.044,0.000,0.019,0.048,0.000,5.907,0.028,5.858,0.021,8120,15600,,0.50,2,1,2056x1285,L,2
1534,8.205,0.000,0.246,0.043,0.000,0.016,0.045,0.000,5.915,0.026,5.868,0.021,8120,15600,,0.50,2,1,2056x1285,L,2
1535,8.257,0.545,0.235,0.042,0.000,0.012,0.046,0.000,6.029,0.026,5.981,0.022,8120,15600,,0.50,2,1,2056x1285,L,2
1536,8.202,0.000,0.249,0.043,0.000,0.016,0.048,0.000,6.119,0.026,6.071,0.022,8120,15600,,0.50,2,1,2056x1285,L,2
1537,8.386,0.531,0.269,0.047,0.000,0.015,0.060,0.000,6.133,0.023,6.088,0.022,8120,15600,,0.50,2,1,2056x1285,L,2
1538,8.163,0.000,0.286,0.068,0.000,0.018,0.055,0.000,6.222,0.026,6.173,0.022,8120,15600,,0.50,2,1,2056x1285,L,2
1539,8.225,0.755,0.247,0.061,0.000,0.019,0.061,0.000,6.203,0.023,6.157,0.022,8120,15600,,0.50,2,1,2056x1285,L,2
1540,8.198,0.000,0.265,0.064,0.000,0.023,0.061,0.000,6.300,0.026,6.251,0.023,8120,15600,,0.50,2,1,2056x1285,L,2
1541,8.083,0.742,0.259,0.072,0.000,0.022,0.058,0.000,6.319,0.023,6.274,0.022,8120,15600,,0.50,2,1,2056x1285,L,2
1542,8.121,0.000,0.288,0.072,0.000,0.021,0.059,0.000,6.440,0.023,6.394,0.022,8120,15600,,0.50,2,1,2056x1285,L,2
1543,8.132,0.731,0.247,0.067,0.000,0.019,0.044,0.000,6.343,0.023,6.298,0.022,8120,15600,,0.50,2,1,2056x1285,L,2
1544,8.142,0.000,0.267,0.053,0.000,0.017,0.046,0.000,6.306,0.023,6.261,0.022,8120,15600,,0.50,2,1,2056x1285,L,2
1545,8.347,0.650,0.227,0.057,0.000,0.017,0.072,0.000,6.455,0.023,6.410,0.022,8120,15600,,0.50,2,1,2056x1285,L,2
1546,8.341,0.000,0.284,0.067,0.000,0.019,0.056,0.000,6.318,0.023,6.273,0.021,8120,15600,,0.50,2,1,2056x1285,L,2
1547,8.382,0.755,0.236,0.055,0.000,0.016,0.064,0.000,6.326,0.026,6.279,0.022,8120,15600,,0.50,2,1,2056x1285,L,2
1548,8.203,0.000,0.293,0.069,0.000,0.024,0.052,0.000,6.326,0.023,6.281,0.022,8120,15600,,0.50,2,1,2056x1285,L,2
1549,8.306,0.620,0.237,0.053,0.000,0.015,0.042,0.000,6.342,0.023,6.297,0.023,8120,15600,,0.50,2,1,2056x1285,L,2
1550,8.422,0.000,0.291,0.054,0.000,0.016,0.055,0.000,6.356,0.023,6.311,0.022,8120,15600,,0.50,2,1,2056x1285,L,2
1551,8.409,0.755,0.250,0.067,0.000,0.019,0.066,0.000,6.341,0.026,6.293,0.022,8120,15600,,0.50,2,1,2056x1285,L,2
1552,8.193,0.001,0.293,0.075,0.000,0.027,0.058,0.000,6.317,0.023,6.272,0.022,8120,15600,,0.50,2,1,2056x1285,L,2
1553,8.313,0.745,0.261,0.064,0.000,0.018,0.059,0.000,6.345,0.023,6.300,0.022,8120,15600,,0.50,2,1,2056x1285,L,2
1554,8.389,0.000,0.275,0.064,0.000,0.021,0.069,0.000,6.316,0.026,6.267,0.023,8120,15600,,0.50,2,1,2056x1285,L,2
1555,8.310,0.761,0.257,0.062,0.000,0.020,0.055,0.000,6.324,0.023,6.280,0.022,8120,15600,,0.50,2,1,2056x1285,L,2
1556,8.267,0.000,0.309,0.064,0.000,0.019,0.054,0.000,6.342,0.024,6.296,0.022,8120,15600,,0.50,2,1,2056x1285,L,2
1557,8.280,0.787,0.258,0.065,0.000,0.018,0.056,0.000,6.328,0.023,6.282,0.022,8120,15600,,0.50,2,1,2056x1285,L,2
1558,8.251,0.000,0.281,0.056,0.000,0.022,0.042,0.000,6.330,0.023,6.286,0.022,8120,15600,,0.50,2,1,2056x1285,L,2
1559,8.340,0.699,0.226,0.046,0.000,0.013,0.045,0.000,6.362,0.023,6.317,0.022,8120,15600,,0.50,2,1,2056x1285,L,2
1560,8.448,0.000,0.283,0.048,0.000,0.016,0.055,0.000,6.319,0.026,6.271,0.022,8120,15600,,0.50,2,1,2056x1285,L,2
1561,8.249,0.749,0.259,0.063,0.000,0.017,0.052,0.000,6.312,0.023,6.267,0.022,8120,15600,,0.50,2,1,2056x1285,L,2
1562,8.340,0.000,0.278,0.058,0.000,0.017,0.056,0.000,6.337,0.023,6.292,0.023,8120,15600,,0.50,2,1,2056x1285,L,2
1563,8.236,0.619,0.246,0.048,0.000,0.014,0.047,0.000,6.322,0.023,6.276,0.022,8120,15600,,0.50,2,1,2056x1285,L,2
1564,8.299,0.001,0.282,0.049,0.000,0.019,0.044,0.000,6.335,0.023,6.290,0.022,8120,15600,,0.50,2,1,2056x1285,L,2
1565,8.242,0.599,0.239,0.049,0.000,0.015,0.058,0.000,6.346,0.023,6.301,0.022,8120,15600,,0.50,2,1,2056x1285,L,2
1566,8.128,0.000,0.274,0.065,0.000,0.018,0.060,0.000,6.337,0.023,6.292,0.022,8120,15600,,0.50,2,1,2056x1285,L,2
1567,8.148,0.764,0.236,0.058,0.000,0.019,0.051,0.000,6.353,0.023,6.307,0.022,8120,15600,,0.50,2,1,2056x1285,L,2
1568,8.331,0.000,0.256,0.053,0.000,0.017,0.050,0.000,6.366,0.024,6.320,0.022,8120,15600,,0.50,2,1,2056x1285,L,2
1569,8.207,0.715,0.251,0.053,0.000,0.016,0.093,0.000,6.346,0.023,6.301,0.022,8120,15600,drag_snap;upscale,2.00,2,0,8224x5140,L,2
1570,86.837,0.000,0.385,0.068,0.000,0.020,0.055,0.000,63.135,0.024,63.089,0.023,8120,15600,,2.00,2,0,8224x5140,L,2
1571,53.006,2.441,0.283,0.065,0.000,0.021,0.060,0.000,50.850,0.014,50.797,0.040,8120,15600,,2.00,2,0,8224x5140,L,2
1572,53.329,1.793,0.257,0.065,0.000,0.019,0.050,0.000,50.859,0.014,50.800,0.045,8120,15600,,2.00,2,0,8224x5140,L,2
1573,52.967,2.434,0.252,0.065,0.000,0.021,0.055,0.000,50.848,0.014,50.793,0.041,8120,15600,,2.00,2,0,8224x5140,L,2
1574,53.676,1.838,0.243,0.065,0.000,0.018,0.058,0.000,50.848,0.014,50.790,0.045,8120,15600,,2.00,2,0,8224x5140,L,2
1575,53.360,1.832,0.239,0.060,0.000,0.019,0.061,0.000,50.843,0.014,50.786,0.043,8120,15600,,2.00,2,0,8224x5140,L,2
1576,53.462,1.823,0.249,0.066,0.000,0.021,0.059,0.000,50.847,0.014,50.780,0.054,8120,15600,,2.00,2,0,8224x5140,L,2
1577,55.462,1.636,0.266,0.062,0.000,0.018,0.056,0.000,52.592,0.014,52.522,0.056,8120,15600,,2.00,2,0,8224x5140,L,2
1578,53.673,2.367,0.252,0.063,0.000,0.019,0.057,0.000,50.849,0.014,50.791,0.044,8120,15600,,2.00,2,0,8224x5140,L,2
1579,55.883,1.861,0.238,0.065,0.030,0.018,0.059,0.000,52.587,0.014,52.530,0.043,8120,15600,,2.00,2,0,8224x5140,L,2
1580,53.567,1.880,0.284,0.069,0.000,0.021,0.054,0.000,50.846,0.014,50.789,0.042,8120,15600,,2.00,2,0,8224x5140,L,2
1581,52.971,2.323,0.283,0.062,0.000,0.018,0.059,0.000,50.845,0.014,50.788,0.043,8120,15600,,2.00,2,0,8224x5140,L,2
1582,53.293,1.879,0.273,0.071,0.000,0.021,0.078,0.000,50.833,0.014,50.778,0.042,8120,15600,,2.00,2,0,8224x5140,L,2
1583,53.309,1.860,0.260,0.069,0.000,0.021,0.063,0.000,50.838,0.014,50.780,0.045,8120,15600,,2.00,2,0,8224x5140,L,2
1584,55.577,1.618,0.252,0.064,0.000,0.018,0.055,0.000,52.587,0.014,52.532,0.041,8120,15600,,2.00,2,0,8224x5140,L,2
1585,53.739,2.110,0.265,0.063,0.000,0.019,0.066,0.000,50.839,0.014,50.781,0.044,8120,15600,,2.00,2,0,8224x5140,L,2
1586,55.814,1.890,0.245,0.067,0.000,0.019,0.057,0.000,52.577,0.014,52.522,0.041,8120,15600,,2.00,2,0,8224x5140,L,2
1587,53.487,1.845,0.244,0.064,0.000,0.019,0.062,0.000,50.846,0.013,50.790,0.043,8120,15600,,2.00,2,0,8224x5140,L,2
1588,53.492,1.784,0.262,0.061,0.000,0.020,0.059,0.000,50.834,0.014,50.777,0.043,8120,15600,,2.00,2,0,8224x5140,L,2
1589,53.879,2.334,0.259,0.066,0.000,0.023,0.061,0.000,50.837,0.014,50.785,0.038,8120,15600,,2.00,2,0,8224x5140,L,2
1590,53.578,1.782,0.344,0.064,0.000,0.022,0.056,0.000,50.844,0.014,50.788,0.042,8120,15600,,2.00,2,0,8224x5140,L,2
1591,53.471,1.847,0.248,0.062,0.000,0.019,0.056,0.000,50.842,0.014,50.785,0.043,8120,15600,drag_start,2.00,2,1,8224x5140,L,2
1592,53.421,1.786,0.245,0.059,0.000,0.018,0.054,0.000,50.929,0.014,50.872,0.043,8120,15600,,2.00,2,1,8224x5140,L,2
1593,55.806,1.894,0.256,0.064,0.000,0.020,0.049,0.000,52.665,0.014,52.609,0.041,8120,15600,,2.00,2,1,8224x5140,L,2
1594,54.018,2.341,0.242,0.058,0.000,0.017,0.064,0.000,50.927,0.014,50.869,0.044,8120,15600,,2.00,2,1,8224x5140,L,2
1595,53.566,1.917,0.257,0.074,0.000,0.018,0.061,0.000,50.918,0.014,50.858,0.047,8120,15600,,2.00,2,1,8224x5140,L,2
1596,53.687,1.991,0.246,0.064,0.000,0.019,0.058,0.000,50.933,0.014,50.876,0.043,8120,15600,,2.00,2,1,8224x5140,L,2
1597,52.801,2.199,0.241,0.059,0.000,0.018,0.052,0.000,50.920,0.014,50.867,0.039,8120,15600,,2.00,2,1,8224x5140,L,2
1598,53.569,1.817,0.269,0.074,0.000,0.023,0.056,0.000,50.936,0.014,50.869,0.053,8120,15600,,2.00,2,1,8224x5140,L,2
1599,53.483,1.819,0.233,0.063,0.000,0.017,0.069,0.000,50.930,0.014,50.872,0.045,8120,15600,,2.00,2,1,8224x5140,L,2
1600,53.217,1.578,0.262,0.059,0.000,0.018,0.054,0.000,50.932,0.014,50.875,0.043,8120,15600,,2.00,2,1,8224x5140,L,2
1601,53.496,1.850,0.242,0.063,0.000,0.018,0.063,0.000,50.917,0.014,50.860,0.043,8120,15600,,2.00,2,1,8224x5140,L,2
1602,53.944,2.365,0.264,0.065,0.000,0.020,0.060,0.000,50.935,0.014,50.878,0.043,8120,15600,,2.00,2,1,8224x5140,L,2
1603,53.150,1.605,0.275,0.061,0.000,0.017,0.053,0.000,50.922,0.014,50.864,0.044,8120,15600,,2.00,2,1,8224x5140,L,2
1604,53.496,1.810,0.244,0.059,0.000,0.016,0.059,0.000,50.928,0.014,50.870,0.044,8120,15600,,2.00,2,1,8224x5140,L,2
1605,53.571,1.817,0.257,0.060,0.000,0.017,0.060,0.000,50.930,0.014,50.876,0.040,8120,15600,,2.00,2,1,8224x5140,L,2
1606,53.648,1.888,0.304,0.064,0.000,0.023,0.055,0.000,50.925,0.014,50.871,0.040,8120,15600,,2.00,2,1,8224x5140,L,2
1607,54.048,2.380,0.235,0.057,0.000,0.016,0.049,0.000,50.930,0.014,50.873,0.043,8120,15600,,2.00,2,1,8224x5140,L,2
1608,53.503,1.819,0.258,0.056,0.000,0.022,0.053,0.000,50.931,0.015,50.872,0.045,8120,15600,,2.00,2,1,8224x5140,L,2
1609,53.322,1.780,0.260,0.057,0.000,0.018,0.051,0.000,50.931,0.014,50.874,0.043,8120,15600,,2.00,2,1,8224x5140,L,2
1610,53.378,1.809,0.247,0.058,0.000,0.017,0.060,0.000,50.929,0.014,50.870,0.045,8120,15600,,2.00,2,1,8224x5140,L,2
1611,53.921,2.386,0.250,0.064,0.000,0.019,0.054,0.000,50.929,0.014,50.874,0.042,8120,15600,,2.00,2,1,8224x5140,L,2
1612,53.419,1.811,0.231,0.057,0.000,0.017,0.060,0.000,50.931,0.014,50.876,0.042,8120,15600,,2.00,2,1,8224x5140,L,2
1613,53.580,1.825,0.244,0.059,0.000,0.018,0.077,0.000,50.920,0.014,50.866,0.040,8120,15600,,2.00,2,1,8224x5140,L,2
1614,53.669,1.823,0.296,0.071,0.000,0.024,0.061,0.000,50.934,0.014,50.870,0.049,8120,15600,drag_snap,2.00,2,0,8224x5140,L,2
1615,53.519,1.867,0.261,0.063,0.000,0.019,0.069,0.000,50.836,0.014,50.777,0.045,8120,15600,,2.00,2,0,8224x5140,L,2
1616,54.222,2.375,0.276,0.064,0.000,0.021,0.072,0.000,50.847,0.014,50.790,0.044,8120,15600,,2.00,2,0,8224x5140,L,2
1617,53.563,1.862,0.251,0.068,0.000,0.019,0.077,0.000,50.842,0.016,50.782,0.043,8120,15600,,2.00,2,0,8224x5140,L,2
1618,53.737,1.877,0.292,0.072,0.000,0.023,0.068,0.000,50.840,0.014,50.781,0.045,8120,15600,,2.00,2,0,8224x5140,L,2
1619,53.518,1.863,0.249,0.070,0.000,0.018,0.063,0.000,50.844,0.015,50.787,0.042,8120,15600,,2.00,2,0,8224x5140,L,2
1620,53.963,2.377,0.238,0.068,0.000,0.020,0.061,0.000,50.838,0.014,50.779,0.044,8120,15600,,2.00,2,0,8224x5140,L,2
1621,53.381,1.854,0.230,0.058,0.000,0.016,0.056,0.000,50.837,0.014,50.780,0.043,8120,15600,,2.00,2,0,8224x5140,L,2
1622,53.383,1.741,0.291,0.060,0.000,0.019,0.055,0.000,50.846,0.014,50.785,0.046,8120,15600,,2.00,2,0,8224x5140,L,2
1623,53.579,1.847,0.250,0.065,0.027,0.020,0.061,0.000,50.839,0.014,50.780,0.044,8120,15600,,2.00,2,0,8224x5140,L,2
1624,53.585,1.891,0.254,0.065,0.000,0.017,0.058,0.000,50.839,0.014,50.783,0.043,8120,15600,,2.00,2,0,8224x5140,L,2
1625,54.066,2.379,0.259,0.063,0.000,0.020,0.055,0.000,50.840,0.014,50.779,0.046,8120,15600,,2.00,2,0,8224x5140,L,2
1626,53.443,1.835,0.245,0.062,0.000,0.019,0.088,0.000,50.835,0.014,50.779,0.043,8120,15600,,2.00,2,0,8224x5140,L,2
1627,53.423,1.852,0.293,0.064,0.000,0.021,0.070,0.000,50.843,0.014,50.786,0.044,8120,15600,,2.00,2,0,8224x5140,L,2
1628,53.510,1.837,0.239,0.062,0.000,0.017,0.064,0.000,50.836,0.014,50.780,0.042,8120,15600,,2.00,2,0,8224x5140,L,2
1629,54.053,2.178,0.294,0.064,0.000,0.021,0.060,0.000,50.852,0.013,50.782,0.056,8120,15600,,2.00,2,0,8224x5140,L,2
1630,53.448,1.766,0.259,0.063,0.000,0.019,0.057,0.000,50.850,0.014,50.786,0.050,8120,15600,,2.00,2,0,8224x5140,L,2
1631,53.462,1.837,0.242,0.057,0.000,0.017,0.071,0.000,50.834,0.014,50.782,0.037,8120,15600,,2.00,2,0,8224x5140,L,2
1632,53.409,1.821,0.269,0.057,0.000,0.017,0.064,0.000,50.842,0.014,50.786,0.042,8120,15600,,2.00,2,0,8224x5140,L,2
1633,53.449,1.837,0.264,0.062,0.000,0.023,0.053,0.000,50.841,0.014,50.784,0.043,8120,15600,,2.00,2,0,8224x5140,L,2
1634,54.021,2.306,0.251,0.063,0.000,0.018,0.059,0.000,50.830,0.014,50.773,0.042,8120,15600,,2.00,2,0,8224x5140,L,2
1635,53.486,1.791,0.249,0.064,0.000,0.018,0.104,0.000,50.844,0.017,50.784,0.043,8120,15600,,2.00,2,0,8224x5140,L,2
1636,53.124,1.559,0.249,0.061,0.000,0.018,0.043,0.000,50.846,0.015,50.789,0.042,8120,15600,,2.00,2,0,8224x5140,L,2
1637,53.332,1.549,0.245,0.058,0.000,0.016,0.079,0.000,50.845,0.014,50.784,0.048,8120,15600,,2.00,2,0,8224x5140,L,2
1638,53.649,1.805,0.290,0.065,0.000,0.019,0.065,0.000,50.853,0.014,50.789,0.050,8120,15600,,2.00,2,0,8224x5140,L,2
1639,53.999,2.342,0.254,0.064,0.000,0.019,0.061,0.000,50.833,0.014,50.776,0.043,8120,15600,,2.00,2,0,8224x5140,L,2
1640,53.336,1.809,0.245,0.057,0.000,0.017,0.065,0.000,0.058,0.014,0.000,0.044,8120,15600,,2.00,2,0,8224x5140,L,2
1641,53.470,1.808,0.254,0.063,0.000,0.018,0.061,0.000,50.842,0.014,50.785,0.043,8120,15600,,2.00,2,0,8224x5140,L,2
1642,53.469,1.691,0.238,0.061,0.000,0.017,0.060,0.000,50.847,0.014,50.790,0.042,8120,15600,,2.00,2,0,8224x5140,L,2
1643,54.046,2.357,0.281,0.072,0.000,0.022,0.056,0.000,50.837,0.014,50.779,0.043,8120,15600,,2.00,2,0,8224x5140,L,2
1644,53.251,1.564,0.236,0.061,0.000,0.016,0.060,0.000,50.834,0.013,50.780,0.041,8120,15600,,2.00,2,0,8224x5140,L,2
1645,53.343,1.580,0.281,0.057,0.000,0.018,0.053,0.000,50.850,0.014,50.789,0.048,8120,15600,,2.00,2,0,8224x5140,L,2
1646,53.329,1.790,0.254,0.062,0.000,0.018,0.049,0.000,50.843,0.014,50.785,0.044,8120,15600,,2.00,2,0,8224x5140,L,2
1647,53.443,1.799,0.269,0.055,0.000,0.018,0.058,0.000,50.839,0.014,50.782,0.043,8120,15600,,2.00,2,0,8224x5140,L,2
1648,52.854,2.308,0.254,0.062,0.000,0.023,0.054,0.000,50.836,0.014,50.778,0.044,8120,15600,,2.00,2,0,8224x5140,L,2
1649,53.437,1.793,0.246,0.060,0.000,0.017,0.049,0.000,50.834,0.014,50.775,0.045,8120,15600,,2.00,2,0,8224x5140,L,2
1650,53.401,1.678,0.233,0.055,0.000,0.015,0.055,0.000,50.840,0.014,50.782,0.044,8120,15600,,2.00,2,0,8224x5140,L,2
1651,53.310,1.592,0.238,0.054,0.000,0.015,0.054,0.000,50.839,0.014,50.779,0.046,8120,15600,,2.00,2,0,8224x5140,L,2
1652,53.715,1.925,0.278,0.048,0.000,0.015,0.070,0.000,50.835,0.014,50.776,0.045,8120,15600,,2.00,2,0,8224x5140,L,2
1653,52.756,3.219,0.299,0.050,0.000,0.016,0.048,0.000,50.844,0.014,50.784,0.046,8120,15600,,2.00,2,0,8224x5140,L,2
1654,53.866,2.108,0.280,0.038,0.000,0.013,0.052,0.000,50.833,0.014,50.777,0.042,8120,15600,,2.00,2,0,8224x5140,L,2
1655,53.422,1.746,0.253,0.055,0.000,0.015,0.051,0.000,50.837,0.014,50.779,0.043,8120,15600,,2.00,2,0,8224x5140,L,2
1656,52.612,1.991,0.236,0.045,0.000,0.014,0.049,0.000,50.839,0.014,50.779,0.046,8120,15600,,2.00,2,0,8224x5140,L,2
1657,53.842,1.957,0.263,0.035,0.000,0.012,0.038,0.000,50.842,0.014,50.783,0.045,8120,15600,,2.00,2,0,8224x5140,L,2
1658,53.081,2.403,0.262,0.033,0.000,0.011,0.061,0.000,50.837,0.014,50.778,0.045,8120,15600,,2.00,2,0,8224x5140,L,2
1659,53.587,1.800,0.230,0.058,0.000,0.016,0.041,0.000,50.838,0.014,50.781,0.043,8120,15600,,2.00,2,0,8224x5140,L,2
1660,53.099,1.512,0.214,0.035,0.000,0.011,0.046,0.000,50.839,0.014,50.782,0.043,8120,15600,,2.00,2,0,8224x5140,L,2
1661,53.777,1.790,0.270,0.051,0.000,0.015,0.073,0.000,50.833,0.013,50.777,0.042,8120,15600,,2.00,2,0,8224x5140,L,2
1662,52.892,2.303,0.230,0.061,0.000,0.017,0.042,0.000,50.833,0.014,50.776,0.043,8120,15600,,2.00,2,0,8224x5140,L,2
1663,53.265,1.519,0.231,0.038,0.000,0.013,0.046,0.000,50.835,0.014,50.780,0.041,8120,15600,,2.00,2,0,8224x5140,L,2
1664,53.243,1.773,0.229,0.037,0.000,0.013,0.066,0.000,50.851,0.017,50.779,0.055,8120,15600,,2.00,2,0,8224x5140,L,2
1665,53.659,2.009,0.274,0.065,0.000,0.019,0.063,0.000,50.840,0.014,50.781,0.044,8120,15600,,2.00,2,0,8224x5140,L,2
1666,53.641,1.919,0.256,0.050,0.000,0.014,0.062,0.000,50.841,0.014,50.783,0.044,8120,15600,,2.00,2,0,8224x5140,L,2
1667,52.978,2.266,0.252,0.060,0.000,0.018,0.071,0.000,50.849,0.014,50.785,0.050,8120,15600,,2.00,2,0,8224x5140,L,2
1668,53.660,1.946,0.251,0.048,0.000,0.014,0.063,0.000,50.850,0.014,50.792,0.044,8120,15600,,2.00,2,0,8224x5140,L,2
1669,54.003,2.214,0.287,0.062,0.000,0.020,0.051,0.000,50.845,0.014,50.787,0.044,8120,15600,,2.00,2,0,8224x5140,L,2
1670,53.809,2.108,0.289,0.055,0.000,0.017,0.049,0.000,50.847,0.014,50.786,0.046,8120,15600,,2.00,2,0,8224x5140,L,2
1671,53.613,1.835,0.239,0.057,0.000,0.015,0.054,0.000,50.846,0.014,50.786,0.046,8120,15600,,2.00,2,0,8224x5140,L,2
1672,53.214,2.471,0.253,0.054,0.000,0.016,0.059,0.000,50.843,0.014,50.782,0.047,8120,15600,,2.00,2,0,8224x5140,L,2
1673,52.850,2.078,0.260,0.047,0.000,0.014,0.069,0.000,50.839,0.014,50.781,0.044,8120,15600,,2.00,2,0,8224x5140,L,2
1674,53.812,1.932,0.279,0.058,0.000,0.017,0.063,0.000,50.841,0.014,50.783,0.045,8120,15600,,2.00,2,0,8224x5140,L,2
1675,53.980,2.095,0.293,0.064,0.000,0.019,0.067,0.000,50.840,0.014,50.777,0.049,8120,15600,,2.00,2,0,8224x5140,L,2
1676,53.648,2.746,0.324,0.074,0.000,0.027,0.056,0.000,50.828,0.014,50.772,0.042,8120,15600,,2.00,2,0,8224x5140,L,2
1677,53.473,1.689,0.245,0.059,0.000,0.016,0.046,0.000,50.846,0.014,50.784,0.049,8120,15600,,2.00,2,0,8224x5140,L,2
1678,53.437,1.534,0.229,0.044,0.000,0.012,0.059,0.000,50.841,0.014,50.782,0.045,8120,15600,,2.00,2,0,8224x5140,L,2
1679,52.927,1.748,0.226,0.056,0.000,0.014,0.058,0.000,50.844,0.014,50.786,0.045,8120,15600,,2.00,2,0,8224x5140,L,2
1680,53.649,1.793,0.252,0.056,0.000,0.015,0.053,0.000,50.831,0.014,50.773,0.045,8120,15600,,2.00,2,0,8224x5140,L,2
1681,52.981,2.351,0.255,0.064,0.000,0.017,0.059,0.000,50.839,0.014,50.781,0.044,8120,15600,,2.00,2,0,8224x5140,L,2
1682,53.671,1.771,0.250,0.066,0.000,0.023,0.059,0.000,50.831,0.014,50.774,0.042,8120,15600,,2.00,2,0,8224x5140,L,2
1683,53.493,1.850,0.234,0.064,0.000,0.017,0.084,0.000,50.839,0.015,50.779,0.046,8120,15600,,2.00,2,0,8224x5140,L,2
1684,53.556,1.954,0.259,0.067,0.000,0.019,0.056,0.000,50.837,0.013,50.778,0.045,8120,15600,,2.00,2,0,8224x5140,L,2
1685,53.948,1.819,0.248,0.061,0.000,0.016,0.057,0.000,50.837,0.014,50.778,0.045,8120,15600,,2.00,2,0,8224x5140,L,2
1686,53.009,2.534,0.386,0.068,0.000,0.025,0.058,0.000,50.846,0.014,50.784,0.048,8120,15600,,2.00,2,0,8224x5140,L,2
1687,53.474,1.857,0.246,0.064,0.000,0.017,0.061,0.000,50.843,0.014,50.784,0.044,8120,15600,,2.00,2,0,8224x5140,L,2
1688,53.622,1.899,0.273,0.067,0.000,0.021,0.059,0.000,50.848,0.014,50.788,0.045,8120,15600,,2.00,2,0,8224x5140,L,2
1689,53.610,1.889,0.266,0.071,0.000,0.020,0.063,0.000,50.834,0.014,50.776,0.044,8120,15600,,2.00,2,0,8224x5140,L,2
1690,52.980,2.410,0.277,0.069,0.000,0.021,0.059,0.000,50.842,0.015,50.782,0.045,8120,15600,,2.00,2,0,8224x5140,L,2
1691,53.471,1.832,0.260,0.061,0.000,0.017,0.055,0.000,50.853,0.014,50.792,0.047,8120,15600,,2.00,2,0,8224x5140,L,2
1692,53.558,1.810,0.270,0.065,0.000,0.021,0.056,0.000,50.842,0.014,50.783,0.045,8120,15600,,2.00,2,0,8224x5140,L,2
1693,53.293,1.561,0.239,0.056,0.000,0.019,0.052,0.000,50.847,0.014,50.783,0.050,8120,15600,,2.00,2,0,8224x5140,L,2
1694,53.200,1.492,0.246,0.039,0.000,0.010,0.046,0.000,50.836,0.014,50.777,0.046,8120,15600,,2.00,2,0,8224x5140,L,2
1695,53.561,1.984,0.230,0.035,0.000,0.010,0.041,0.000,50.856,0.014,50.792,0.051,8120,15600,,2.00,2,0,8224x5140,L,2
1696,53.298,1.536,0.229,0.030,0.000,0.009,0.030,0.000,50.845,0.014,50.778,0.053,8120,15600,,2.00,2,0,8224x5140,L,2
1697,53.223,1.459,0.220,0.030,0.000,0.010,0.036,0.000,50.851,0.017,50.783,0.051,8120,15600,,2.00,2,0,8224x5140,L,2
1698,53.681,1.786,0.242,0.031,0.000,0.010,0.056,0.000,50.852,0.017,50.788,0.048,8120,15600,,2.00,2,0,8224x5140,L,2
1699,53.536,1.634,0.379,0.048,0.000,0.014,0.058,0.000,50.839,0.014,50.778,0.046,8120,15600,,2.00,2,0,8224x5140,L,2
1700,52.970,2.338,0.236,0.060,0.000,0.016,0.091,0.000,50.849,0.014,50.784,0.051,8120,15600,,2.00,2,0,8224x5140,L,2
1701,53.279,1.717,0.243,0.044,0.000,0.012,0.060,0.000,50.846,0.014,50.785,0.047,8120,15600,,2.00,2,0,8224x5140,L,2
1702,53.062,1.567,0.292,0.060,0.000,0.018,0.057,0.000,50.849,0.014,50.790,0.045,8120,15600,,2.00,2,0,8224x5140,L,2
1703,53.498,1.734,0.257,0.064,0.000,0.016,0.064,0.000,50.839,0.014,50.780,0.044,8120,15600,,2.00,2,0,8224x5140,L,2
1704,52.630,1.978,0.246,0.111,0.000,0.017,0.069,0.000,50.836,0.014,50.778,0.044,8120,15600,mode_sd,0.50,0,0,2056x1285,L,2
1705,7.620,2.518,0.273,0.061,0.000,0.016,0.046,0.000,0.058,0.014,0.000,0.044,8120,15600,,0.50,0,0,2056x1285,L,2
1706,3.917,0.000,0.265,0.043,0.000,0.012,0.032,0.000,0.058,0.014,0.000,0.044,8120,15600,,0.50,0,0,2056x1285,L,2
1707,8.405,0.000,0.270,0.027,0.000,0.009,0.037,0.000,0.058,0.014,0.000,0.044,8120,15600,,0.50,0,0,2056x1285,L,2
1708,8.172,0.577,0.244,0.028,0.000,0.009,0.032,0.000,3.303,0.014,3.245,0.044,8120,15600,,0.50,0,0,2056x1285,L,2
1709,8.277,0.000,0.369,0.032,0.000,0.009,0.047,0.000,3.312,0.014,3.254,0.044,8120,15600,,0.50,0,0,2056x1285,L,2
1710,8.267,0.798,0.249,0.033,0.000,0.011,0.034,0.000,3.309,0.014,3.251,0.044,8120,15600,,0.50,0,0,2056x1285,L,2
1711,8.138,0.000,0.250,0.026,0.000,0.015,0.044,0.000,3.315,0.014,3.257,0.044,8120,15600,,0.50,0,0,2056x1285,L,2
1712,8.306,0.881,0.340,0.039,0.000,0.015,0.039,0.000,3.309,0.014,3.250,0.044,8120,15600,,0.50,0,0,2056x1285,L,2
1713,8.290,0.000,0.261,0.028,0.000,0.010,0.038,0.000,3.306,0.014,3.248,0.044,8120,15600,,0.50,0,0,2056x1285,L,2
1714,8.129,0.729,0.272,0.025,0.000,0.009,0.029,0.000,3.316,0.014,3.258,0.044,8120,15600,,0.50,0,0,2056x1285,L,2
1715,8.113,0.000,0.245,0.026,0.000,0.008,0.027,0.000,0.058,0.014,0.000,0.044,8120,15600,,0.50,0,0,2056x1285,L,2
1716,8.339,0.668,0.262,0.033,0.000,0.008,0.043,0.000,3.313,0.014,3.255,0.044,8120,15600,,0.50,0,0,2056x1285,L,2
1717,8.330,0.000,0.377,0.036,0.000,0.012,0.030,0.000,0.058,0.014,0.000,0.044,8120,15600,,0.50,0,0,2056x1285,L,2
1718,8.284,0.724,0.255,0.032,0.000,0.008,0.033,0.000,0.058,0.014,0.000,0.044,8120,15600,,0.50,0,0,2056x1285,L,2
1719,8.327,0.000,0.269,0.038,0.000,0.008,0.046,0.000,0.058,0.014,0.000,0.044,8120,15600,,0.50,0,0,2056x1285,L,2
1720,8.282,0.711,0.252,0.023,0.000,0.009,0.039,0.000,0.058,0.014,0.000,0.044,8120,15600,,0.50,0,0,2056x1285,L,2
1721,8.391,0.000,0.303,0.026,0.000,0.025,0.026,0.000,3.308,0.014,3.250,0.044,8120,15600,,0.50,0,0,2056x1285,L,2
1722,8.319,0.725,0.273,0.029,0.000,0.008,0.024,0.000,3.313,0.014,3.255,0.044,8120,15600,,0.50,0,0,2056x1285,L,2
1723,8.384,0.000,0.289,0.026,0.000,0.008,0.040,0.000,0.058,0.014,0.000,0.044,8120,15600,,0.50,0,0,2056x1285,L,2
1724,8.389,0.824,0.312,0.034,0.000,0.015,0.049,0.000,3.309,0.014,3.251,0.044,8120,15600,,0.50,0,0,2056x1285,L,2
1725,8.181,0.000,0.364,0.042,0.000,0.014,0.035,0.000,0.058,0.014,0.000,0.044,8120,15600,,0.50,0,0,2056x1285,L,2
1726,8.346,0.815,0.309,0.048,0.000,0.012,0.050,0.000,3.307,0.014,3.249,0.044,8120,15600,,0.50,0,0,2056x1285,L,2
1727,8.308,0.000,0.363,0.035,0.000,0.010,0.041,0.000,0.058,0.014,0.000,0.044,8120,15600,,0.50,0,0,2056x1285,L,2
1728,8.243,0.896,0.329,0.034,0.000,0.012,0.040,0.000,0.058,0.014,0.000,0.044,8120,15600,,0.50,0,0,2056x1285,L,2
1729,8.526,0.000,0.365,0.029,0.000,0.010,0.044,0.000,3.306,0.014,3.248,0.044,8120,15600,,0.50,0,0,2056x1285,L,2
1730,8.329,0.909,0.348,0.038,0.000,0.013,0.047,0.000,3.309,0.014,3.251,0.044,8120,15600,,0.50,0,0,2056x1285,L,2
1731,8.163,0.000,0.413,0.036,0.000,0.011,0.034,0.000,3.313,0.014,3.255,0.044,8120,15600,,0.50,0,0,2056x1285,L,2
1732,8.354,0.870,0.371,0.036,0.000,0.012,0.038,0.000,3.314,0.014,3.256,0.044,8120,15600,,0.50,0,0,2056x1285,L,2
1733,8.468,0.000,0.384,0.034,0.000,0.010,0.052,0.000,0.058,0.014,0.000,0.044,8120,15600,,0.50,0,0,2056x1285,L,2
1734,8.201,0.890,0.391,0.046,0.000,0.018,0.059,0.000,3.314,0.014,3.256,0.044,8120,15600,,0.50,0,0,2056x1285,L,2
1735,8.293,0.000,0.485,0.048,0.000,0.016,0.036,0.000,3.318,0.014,3.260,0.044,8120,15600,,0.50,0,0,2056x1285,L,2
1736,8.471,1.002,0.362,0.036,0.000,0.011,0.068,0.000,3.319,0.014,3.260,0.044,8120,15600,,0.50,0,0,2056x1285,L,2
1737,8.164,0.000,0.382,0.034,0.000,0.018,0.033,0.000,0.058,0.014,0.000,0.044,8120,15600,,0.50,0,0,2056x1285,L,2
1738,8.365,0.862,0.335,0.035,0.000,0.010,0.034,0.000,0.058,0.014,0.000,0.044,8120,15600,,0.50,0,0,2056x1285,L,2
1739,8.420,0.000,0.467,0.035,0.000,0.011,0.063,0.000,0.058,0.014,0.000,0.044,8120,15600,,0.50,0,0,2056x1285,L,2
1740,8.307,0.967,0.375,0.037,0.000,0.012,0.047,0.000,3.316,0.014,3.258,0.044,8120,15600,,0.50,0,0,2056x1285,L,2
1741,7.658,0.000,0.411,0.038,0.000,0.012,0.038,0.000,3.296,0.014,3.238,0.044,8120,15600,,0.50,0,0,2056x1285,L,2
1742,8.336,0.972,0.377,0.039,0.000,0.012,0.049,0.000,0.058,0.014,0.000,0.044,8120,15600,,0.50,0,0,2056x1285,L,2
1743,8.369,0.000,0.545,0.050,0.000,0.016,0.043,0.000,3.318,0.014,3.260,0.044,8120,15600,,0.50,0,0,2056x1285,L,2
1744,8.374,0.818,0.333,0.042,0.000,0.013,0.070,0.000,3.309,0.014,3.251,0.044,8120,15600,,0.50,0,0,2056x1285,L,2
1745,8.239,0.000,0.362,0.062,0.000,0.013,0.039,0.000,3.315,0.014,3.257,0.044,8120,15600,,0.50,0,0,2056x1285,L,2
1746,8.381,0.894,0.323,0.037,0.000,0.012,0.053,0.000,3.313,0.014,3.255,0.044,8120,15600,,0.50,0,0,2056x1285,L,2
1747,16.609,0.000,0.381,0.036,0.000,0.012,0.047,0.000,3.304,0.014,3.246,0.044,8120,15600,,0.50,0,0,2056x1285,L,2
1748,8.316,0.981,0.381,0.037,0.000,0.013,0.048,0.000,3.305,0.014,3.247,0.044,8120,15600,,0.50,0,0,2056x1285,L,2
1749,8.364,0.954,0.356,0.034,0.000,0.012,0.036,0.000,0.058,0.014,0.000,0.044,8120,15600,,0.50,0,0,2056x1285,L,2
1750,8.343,0.000,0.429,0.044,0.000,0.013,0.054,0.000,3.289,0.014,3.231,0.044,8120,15600,,0.50,0,0,2056x1285,L,2
1751,8.251,1.577,0.518,0.075,0.000,0.022,0.047,0.000,3.313,0.014,3.255,0.044,8120,15600,,0.50,0,0,2056x1285,L,2
1752,8.376,0.000,0.440,0.055,0.000,0.017,0.054,0.000,0.058,0.014,0.000,0.044,8120,15600,,0.50,0,0,2056x1285,L,2
1753,8.304,1.083,0.427,0.044,0.000,0.013,0.042,0.000,0.058,0.014,0.000,0.044,8120,15600,,0.50,0,0,2056x1285,L,2
1754,8.318,0.000,0.444,0.042,0.000,0.014,0.039,0.000,3.319,0.014,3.261,0.044,8120,15600,,0.50,0,0,2056x1285,L,2
1755,8.334,1.090,0.443,0.043,0.000,0.013,0.050,0.000,3.311,0.014,3.253,0.044,8120,15600,,0.50,0,0,2056x1285,L,2
1756,8.428,0.000,0.438,0.048,0.000,0.016,0.050,0.000,3.308,0.014,3.250,0.044,8120,15600,,0.50,0,0,2056x1285,L,2
1757,8.173,1.085,0.448,0.038,0.000,0.012,0.065,0.000,0.058,0.014,0.000,0.044,8120,15600,,0.50,0,0,2056x1285,L,2
1758,8.418,0.000,0.456,0.048,0.000,0.022,0.066,0.000,0.058,0.014,0.000,0.044,8120,15600,,0.50,0,0,2056x1285,L,2
1759,8.314,1.534,0.418,0.048,0.000,0.014,0.062,0.000,0.058,0.014,0.000,0.044,8120,15600,,0.50,0,0,2056x1285,L,2
1760,8.286,0.000,0.475,0.038,0.000,0.021,0.046,0.000,0.058,0.014,0.000,0.044,8120,15600,,0.50,0,0,2056x1285,L,2
1761,8.320,1.323,0.477,0.048,0.000,0.014,0.038,0.000,0.058,0.014,0.000,0.044,8120,15600,,0.50,0,0,2056x1285,L,2
1762,8.567,0.000,0.526,0.045,0.000,0.026,0.122,0.000,0.058,0.014,0.000,0.044,8120,15600,,0.50,0,0,2056x1285,L,2
1763,8.156,1.308,0.498,0.045,0.000,0.015,0.058,0.000,3.329,0.014,3.271,0.044,8120,15600,,0.50,0,0,2056x1285,L,2
1764,9.499,0.000,0.569,0.052,0.000,0.015,0.176,0.000,0.058,0.014,0.000,0.044,8120,15600,,0.50,0,0,2056x1285,L,2
1765,7.134,1.809,0.494,0.060,0.000,0.016,0.062,0.000,0.058,0.014,0.000,0.044,8120,15600,,0.50,0,0,2056x1285,L,2
1766,9.153,0.000,0.573,0.047,0.000,0.016,0.169,0.000,0.058,0.014,0.000,0.044,8120,15600,,0.50,0,0,2056x1285,L,2
1767,7.459,1.969,0.622,0.119,0.000,0.042,0.065,0.000,0.058,0.014,0.000,0.044,8120,15600,,0.50,0,0,2056x1285,L,2
1768,9.323,0.000,0.552,0.055,0.000,0.017,0.166,0.000,0.058,0.014,0.000,0.044,8120,15600,,0.50,0,0,2056x1285,L,2
1769,7.205,1.696,0.486,0.048,0.000,0.016,0.082,0.000,0.058,0.014,0.000,0.044,8120,15600,,0.50,0,0,2056x1285,L,2
1770,8.304,0.000,0.548,0.059,0.000,0.026,0.045,0.000,0.058,0.014,0.000,0.044,8120,15600,,0.50,0,0,2056x1285,L,2
1771,8.343,1.312,0.512,0.048,0.000,0.017,0.065,0.000,0.058,0.014,0.000,0.044,8120,15600,,0.50,0,0,2056x1285,L,2
1772,8.266,0.000,0.550,0.056,0.000,0.020,0.074,0.000,0.058,0.014,0.000,0.044,8120,15600,,0.50,0,0,2056x1285,L,2
1773,8.283,1.308,0.537,0.047,0.000,0.016,0.051,0.000,0.058,0.014,0.000,0.044,8120,15600,,0.50,0,0,2056x1285,L,2
1774,9.205,0.000,0.696,0.147,0.000,0.127,0.157,0.000,0.058,0.014,0.000,0.044,8120,15600,,0.50,0,0,2056x1285,L,2
1775,8.241,1.794,0.548,0.114,0.000,0.037,0.166,0.000,0.058,0.014,0.000,0.044,8120,15600,,0.50,0,0,2056x1285,L,2
1776,7.582,0.001,0.788,0.106,0.000,0.042,0.079,0.000,0.058,0.014,0.000,0.044,8120,15600,,0.50,0,0,2056x1285,L,2
1777,9.067,1.513,0.505,0.056,0.000,0.018,0.168,0.000,0.058,0.014,0.000,0.044,8120,15600,,0.50,0,0,2056x1285,L,2
1778,8.284,0.001,0.856,0.145,0.000,0.047,0.146,0.000,0.058,0.014,0.000,0.044,8120,15600,,0.50,0,0,2056x1285,L,2
1779,8.155,1.937,0.596,0.112,0.000,0.035,0.163,0.000,0.058,0.014,0.000,0.044,8120,15600,,0.50,0,0,2056x1285,L,2
1780,8.238,0.001,0.906,0.092,0.000,0.036,0.181,0.000,0.058,0.014,0.000,0.044,8120,15600,,0.50,0,0,2056x1285,L,2
1781,7.705,1.810,0.606,0.099,0.000,0.044,0.067,0.000,0.058,0.014,0.000,0.044,8120,15600,,0.50,0,0,2056x1285,L,2
1782,9.051,0.000,0.650,0.088,0.000,0.049,0.159,0.000,0.058,0.014,0.000,0.044,8120,15600,,0.50,0,0,2056x1285,L,2
1783,8.641,1.897,0.688,0.116,0.000,0.040,0.198,0.000,0.058,0.014,0.000,0.044,8120,15600,,0.50,0,0,2056x1285,L,2
1784,7.132,0.001,0.916,0.119,0.000,0.044,0.061,0.000,0.058,0.014,0.000,0.044,8120,15600,,0.50,0,0,2056x1285,L,2
1785,8.444,1.286,0.502,0.052,0.000,0.016,0.105,0.000,0.058,0.014,0.000,0.044,8120,15600,,0.50,0,0,2056x1285,L,2
1786,8.179,0.000,0.546,0.100,0.000,0.036,0.067,0.000,0.058,0.014,0.000,0.044,8120,15600,,0.50,0,0,2056x1285,L,2
1787,9.313,1.337,0.416,0.079,0.000,0.026,0.148,0.000,3.312,0.014,3.254,0.044,8120,15600,,0.50,0,0,2056x1285,L,2
1788,7.239,0.001,0.918,0.124,0.000,0.042,0.064,0.000,0.058,0.014,0.000,0.044,8120,15600,,0.50,0,0,2056x1285,L,2
1789,8.217,1.439,0.418,0.091,0.000,0.025,0.081,0.000,3.310,0.014,3.252,0.044,8120,15600,,0.50,0,0,2056x1285,L,2
1790,8.339,0.000,0.422,0.058,0.000,0.019,0.052,0.000,3.372,0.014,3.314,0.044,8120,15600,,0.50,0,0,2056x1285,L,2
1791,8.247,0.990,0.349,0.048,0.000,0.015,0.050,0.000,3.429,0.014,3.371,0.044,8120,15600,,0.50,0,0,2056x1285,L,2
1792,8.339,0.000,0.364,0.048,0.000,0.015,0.055,0.000,3.546,0.014,3.488,0.044,8120,15600,,0.50,0,0,2056x1285,L,2
1793,8.265,0.780,0.282,0.038,0.000,0.011,0.040,0.000,3.547,0.014,3.489,0.044,8120,15600,,0.50,0,0,2056x1285,L,2
1794,8.240,0.000,0.281,0.037,0.000,0.015,0.022,0.000,3.542,0.014,3.484,0.044,8120,15600,,0.50,0,0,2056x1285,L,2
1795,8.417,0.625,0.248,0.036,0.000,0.010,0.053,0.000,0.058,0.014,0.000,0.044,8120,15600,,0.50,0,0,2056x1285,L,2
1796,8.334,0.000,0.251,0.044,0.000,0.020,0.053,0.000,0.058,0.014,0.000,0.044,8120,15600,,0.50,0,0,2056x1285,L,2
1797,8.280,0.570,0.250,0.050,0.000,0.020,0.042,0.000,0.058,0.014,0.000,0.044,8120,15600,,0.50,0,0,2056x1285,L,2
1798,8.363,0.000,0.285,0.039,0.000,0.012,0.047,0.000,3.746,0.014,3.687,0.044,8120,15600,,0.50,0,0,2056x1285,L,2
1799,8.272,0.711,0.223,0.048,0.000,0.015,0.038,0.000,0.058,0.014,0.000,0.044,8120,15600,,0.50,0,0,2056x1285,L,2
1800,8.426,0.000,0.262,0.036,0.000,0.012,0.030,0.000,0.058,0.014,0.000,0.044,8120,15600,,0.50,0,0,2056x1285,L,2
1801,8.229,0.786,0.251,0.029,0.000,0.009,0.024,0.000,3.971,0.014,3.912,0.044,8120,15600,,0.50,0,0,2056x1285,L,2
1802,8.453,0.000,0.264,0.027,0.000,0.011,0.044,0.000,4.212,0.014,4.154,0.044,8120,15600,,0.50,0,0,2056x1285,L,2
1803,8.140,0.573,0.247,0.044,0.000,0.013,0.035,0.000,0.058,0.014,0.000,0.044,8120,15600,,0.50,0,0,2056x1285,L,2
1804,8.350,0.000,0.268,0.033,0.000,0.010,0.031,0.000,4.396,0.014,4.338,0.044,8120,15600,,0.50,0,0,2056x1285,L,2
1805,8.351,0.734,0.228,0.044,0.000,0.012,0.040,0.000,4.504,0.014,4.446,0.044,8120,15600,,0.50,0,0,2056x1285,L,2
1806,8.561,0.001,0.256,0.045,0.000,0.013,0.037,0.000,4.714,0.014,4.655,0.044,8120,15600,,0.50,0,0,2056x1285,L,2
1807,7.998,0.569,0.228,0.041,0.000,0.011,0.024,0.000,0.058,0.014,0.000,0.044,8120,15600,,0.50,0,0,2056x1285,L,2
1808,8.384,0.000,0.226,0.029,0.000,0.008,0.047,0.000,0.058,0.014,0.000,0.044,8120,15600,,0.50,0,0,2056x1285,L,2
1809,8.295,0.670,0.233,0.040,0.000,0.012,0.033,0.000,5.124,0.014,5.066,0.044,8120,15600,,0.50,0,0,2056x1285,L,2
1810,8.327,0.000,0.226,0.026,0.000,0.009,0.035,0.000,0.058,0.014,0.000,0.044,8120,15600,,0.50,0,0,2056x1285,L,2
1811,8.304,0.709,0.222,0.030,0.000,0.014,0.021,0.000,0.058,0.014,0.000,0.044,8120,15600,,0.50,0,0,2056x1285,L,2
1812,8.311,0.000,0.228,0.023,0.000,0.008,0.023,0.000,0.058,0.014,0.000,0.044,8120,15600,,0.50,0,0,2056x1285,L,2
1813,8.391,0.529,0.215,0.019,0.000,0.010,0.049,0.000,0.058,0.014,0.000,0.044,8120,15600,,0.50,0,0,2056x1285,L,2
1814,8.309,0.000,0.224,0.023,0.000,0.008,0.035,0.000,0.058,0.014,0.000,0.044,8120,15600,,0.50,0,0,2056x1285,L,2
1815,8.315,0.589,0.218,0.020,0.000,0.008,0.030,0.000,0.058,0.014,0.000,0.044,8120,15600,,0.50,0,0,2056x1285,L,2
1816,8.485,0.000,0.402,0.027,0.000,0.010,0.032,0.000,0.058,0.014,0.000,0.044,8120,15600,,0.50,0,0,2056x1285,L,2
1817,8.152,0.552,0.213,0.033,0.000,0.010,0.030,0.000,0.058,0.014,0.000,0.044,8120,15600,,0.50,0,0,2056x1285,L,2
1818,8.361,0.000,0.236,0.030,0.000,0.009,0.034,0.000,0.058,0.014,0.000,0.044,8120,15600,,0.50,0,0,2056x1285,L,2
1819,8.350,0.567,0.243,0.027,0.000,0.011,0.037,0.000,0.058,0.014,0.000,0.044,8120,15600,,0.50,0,0,2056x1285,L,2
1820,8.350,0.000,0.253,0.030,0.000,0.014,0.040,0.000,0.058,0.014,0.000,0.044,8120,15600,,0.50,0,0,2056x1285,L,2
1821,8.252,0.676,0.258,0.032,0.000,0.011,0.038,0.000,0.058,0.014,0.000,0.044,8120,15600,,0.50,0,0,2056x1285,L,2
1822,8.424,0.000,0.264,0.042,0.000,0.015,0.036,0.000,0.058,0.014,0.000,0.044,8120,15600,,0.50,0,0,2056x1285,L,2
1823,8.226,0.579,0.221,0.042,0.000,0.013,0.039,0.000,0.058,0.014,0.000,0.044,8120,15600,,0.50,0,0,2056x1285,L,2
1824,8.427,0.000,0.250,0.036,0.000,0.012,0.024,0.000,0.058,0.014,0.000,0.044,8120,15600,,0.50,0,0,2056x1285,L,2
1825,8.314,0.527,0.208,0.024,0.000,0.008,0.034,0.000,0.058,0.014,0.000,0.044,8120,15600,,0.50,0,0,2056x1285,L,2
1826,8.245,0.000,0.268,0.036,0.000,0.012,0.028,0.000,6.358,0.014,6.300,0.044,8120,15600,,0.50,0,0,2056x1285,L,2
1827,8.357,0.545,0.221,0.023,0.000,0.007,0.030,0.000,6.385,0.014,6.327,0.044,8120,15600,,0.50,0,0,2056x1285,L,2
1828,8.420,0.000,0.264,0.024,0.000,0.008,0.038,0.000,6.337,0.014,6.279,0.044,8120,15600,,0.50,0,0,2056x1285,L,2
1829,8.198,0.825,0.233,0.030,0.000,0.009,0.033,0.000,0.058,0.014,0.000,0.044,8120,15600,,0.50,0,0,2056x1285,L,2
1830,8.406,0.000,0.269,0.025,0.000,0.008,0.020,0.000,0.058,0.014,0.000,0.044,8120,15600,,0.50,0,0,2056x1285,L,2
1831,8.239,0.595,0.249,0.022,0.000,0.008,0.024,0.000,0.058,0.014,0.000,0.044,8120,15600,,0.50,0,0,2056x1285,L,2
1832,8.507,0.000,0.289,0.020,0.000,0.007,0.054,0.000,0.058,0.014,0.000,0.044,8120,15600,,0.50,0,0,2056x1285,L,2
1833,8.288,0.875,0.280,0.035,0.000,0.015,0.034,0.000,6.203,0.014,6.145,0.044,8120,15600,,0.50,0,0,2056x1285,L,2
1834,8.196,0.000,0.275,0.031,0.000,0.015,0.024,0.000,0.058,0.014,0.000,0.044,8120,15600,,0.50,0,0,2056x1285,L,2
1835,8.268,0.755,0.263,0.026,0.000,0.009,0.044,0.000,6.221,0.014,6.163,0.044,8120,15600,,0.50,0,0,2056x1285,L,2
1836,8.516,0.000,0.285,0.028,0.000,0.010,0.025,0.000,0.058,0.014,0.000,0.044,8120,15600,,0.50,0,0,2056x1285,L,2
1837,8.229,0.830,0.278,0.029,0.000,0.009,0.026,0.000,6.226,0.014,6.168,0.044,8120,15600,,0.50,0,0,2056x1285,L,2
1838,8.406,0.000,0.294,0.027,0.000,0.009,0.044,0.000,0.058,0.014,0.000,0.044,8120,15600,,0.50,0,0,2056x1285,L,2
1839,8.259,0.697,0.272,0.028,0.000,0.009,0.040,0.000,0.058,0.014,0.000,0.044,8120,15600,,0.50,0,0,2056x1285,L,2
1840,8.435,0.000,0.346,0.030,0.000,0.016,0.029,0.000,0.058,0.014,0.000,0.044,8120,15600,,0.50,0,0,2056x1285,L,2
1841,8.190,0.777,0.301,0.027,0.000,0.009,0.027,0.000,0.058,0.014,0.000,0.044,8120,15600,,0.50,0,0,2056x1285,L,2
1842,8.367,0.000,0.335,0.027,0.000,0.009,0.044,0.000,0.058,0.014,0.000,0.044,8120,15600,,0.50,0,0,2056x1285,L,2
1843,8.259,1.053,0.315,0.038,0.000,0.019,0.045,0.000,6.223,0.014,6.165,0.044,8120,15600,,0.50,0,0,2056x1285,L,2
1844,8.419,0.000,0.468,0.050,0.000,0.015,0.055,0.000,0.058,0.014,0.000,0.044,8120,15600,,0.50,0,0,2056x1285,L,2
1845,8.320,0.986,0.321,0.045,0.000,0.014,0.043,0.000,6.222,0.014,6.164,0.044,8120,15600,,0.50,0,0,2056x1285,L,2
1846,8.314,0.000,0.340,0.035,0.000,0.012,0.047,0.000,0.058,0.014,0.000,0.044,8120,15600,,0.50,0,0,2056x1285,L,2
1847,8.330,0.881,0.301,0.029,0.000,0.011,0.054,0.000,0.058,0.014,0.000,0.044,8120,15600,,0.50,0,0,2056x1285,L,2
1848,8.299,0.000,0.328,0.027,0.000,0.010,0.043,0.000,0.058,0.014,0.000,0.044,8120,15600,,0.50,0,0,2056x1285,L,2
1849,8.398,1.057,0.310,0.039,0.000,0.013,0.029,0.000,6.226,0.014,6.168,0.044,8120,15600,,0.50,0,0,2056x1285,L,2
1850,8.346,0.000,0.313,0.034,0.000,0.016,0.037,0.000,0.058,0.014,0.000,0.044,8120,15600,,0.50,0,0,2056x1285,L,2
1851,8.292,0.979,0.338,0.032,0.000,0.017,0.055,0.000,0.058,0.014,0.000,0.044,8120,15600,,0.50,0,0,2056x1285,L,2
1852,8.309,0.000,0.368,0.030,0.000,0.012,0.059,0.000,0.058,0.014,0.000,0.044,8120,15600,,0.50,0,0,2056x1285,L,2
1853,8.327,1.222,0.335,0.035,0.000,0.012,0.048,0.000,6.318,0.014,6.260,0.044,8120,15600,,0.50,0,0,2056x1285,L,2
1854,8.330,0.000,0.383,0.050,0.000,0.013,0.063,0.000,0.058,0.014,0.000,0.044,8120,15600,,0.50,0,0,2056x1285,L,2
1855,8.314,1.260,0.369,0.039,0.000,0.012,0.043,0.000,0.058,0.014,0.000,0.044,8120,15600,,0.50,0,0,2056x1285,L,2
1856,8.370,0.000,0.374,0.033,0.000,0.017,0.035,0.000,6.340,0.014,6.282,0.044,8120,15600,,0.50,0,0,2056x1285,L,2
1857,8.278,1.063,0.385,0.040,0.000,0.014,0.036,0.000,0.058,0.014,0.000,0.044,8120,15600,,0.50,0,0,2056x1285,L,2
1858,8.338,0.000,0.388,0.034,0.000,0.012,0.048,0.000,0.058,0.014,0.000,0.044,8120,15600,,0.50,0,0,2056x1285,L,2
1859,8.314,1.035,0.418,0.035,0.000,0.015,0.043,0.000,6.306,0.014,6.248,0.044,8120,15600,,0.50,0,0,2056x1285,L,2
1860,8.338,0.000,0.402,0.035,0.000,0.012,0.046,0.000,0.058,0.014,0.000,0.044,8120,15600,,0.50,0,0,2056x1285,L,2
1861,8.286,0.976,0.400,0.036,0.000,0.013,0.060,0.000,0.058,0.014,0.000,0.044,8120,15600,,0.50,0,0,2056x1285,L,2
1862,8.353,0.000,0.438,0.038,0.000,0.017,0.062,0.000,0.058,0.014,0.000,0.044,8120,15600,,0.50,0,0,2056x1285,L,2
1863,8.398,1.026,0.450,0.040,0.000,0.014,0.059,0.000,6.310,0.014,6.252,0.044,8120,15600,,0.50,0,0,2056x1285,L,2
1864,8.298,0.000,0.403,0.040,0.000,0.022,0.057,0.000,0.058,0.014,0.000,0.044,8120,15600,,0.50,0,0,2056x1285,L,2
1865,8.291,0.995,0.417,0.035,0.000,0.020,0.051,0.000,0.058,0.014,0.000,0.044,8120,15600,,0.50,0,0,2056x1285,L,2
1866,8.308,0.000,0.433,0.033,0.000,0.015,0.053,0.000,0.058,0.014,0.000,0.044,8120,15600,,0.50,0,0,2056x1285,L,2
1867,8.291,1.160,0.441,0.043,0.000,0.015,0.063,0.000,6.340,0.014,6.282,0.044,8120,15600,,0.50,0,0,2056x1285,L,2
1868,8.496,0.000,0.461,0.044,0.000,0.015,0.066,0.000,0.058,0.014,0.000,0.044,8120,15600,,0.50,0,0,2056x1285,L,2
1869,8.212,1.138,0.447,0.045,0.000,0.015,0.038,0.000,0.058,0.014,0.000,0.044,8120,15600,,0.50,0,0,2056x1285,L,2
1870,8.318,0.000,0.470,0.058,0.000,0.015,0.044,0.000,0.058,0.014,0.000,0.044,8120,15600,,0.50,0,0,2056x1285,L,2
1871,8.473,1.132,0.449,0.039,0.000,0.014,0.073,0.000,6.200,0.014,6.142,0.044,8120,15600,,0.50,0,0,2056x1285,L,2
1872,8.233,0.000,0.550,0.079,0.000,0.022,0.084,0.000,0.058,0.014,0.000,0.044,8120,15600,,0.50,0,0,2056x1285,L,2
1873,9.034,1.640,0.522,0.059,0.000,0.017,0.220,0.000,0.058,0.014,0.000,0.044,8120,15600,,0.50,0,0,2056x1285,L,2
1874,8.579,0.001,1.083,0.213,0.000,0.077,0.076,0.000,0.058,0.014,0.000,0.044,8120,15600,,0.50,0,0,2056x1285,L,2
1875,7.635,1.469,0.524,0.062,0.000,0.020,0.110,0.000,0.058,0.014,0.000,0.044,8120,15600,,0.50,0,0,2056x1285,L,2
1876,7.976,0.001,0.859,0.191,0.000,0.067,0.062,0.000,0.058,0.014,0.000,0.044,8120,15600,,0.50,0,0,2056x1285,L,2
1877,8.924,1.422,0.516,0.062,0.000,0.018,0.165,0.000,0.058,0.014,0.000,0.044,8120,15600,,0.50,0,0,2056x1285,L,2
1878,9.041,0.001,0.884,0.214,0.000,0.075,0.193,0.000,0.058,0.014,0.000,0.044,8120,15600,,0.50,0,0,2056x1285,L,2
1879,7.729,1.669,0.864,0.197,0.000,0.068,0.065,0.000,0.058,0.014,0.000,0.044,8120,15600,,0.50,0,0,2056x1285,L,2
1880,7.778,0.000,0.457,0.073,0.000,0.021,0.062,0.000,0.058,0.014,0.000,0.044,8120,15600,,0.50,0,0,2056x1285,L,2
1881,7.996,1.364,0.484,0.081,0.000,0.024,0.065,0.000,0.058,0.014,0.000,0.044,8120,15600,,0.50,0,0,2056x1285,L,2
1882,8.257,0.000,0.480,0.056,0.000,0.020,0.048,0.000,0.058,0.014,0.000,0.044,8120,15600,,0.50,0,0,2056x1285,L,2
1883,8.474,1.099,0.452,0.043,0.000,0.023,0.076,0.000,0.058,0.014,0.000,0.044,8120,15600,,0.50,0,0,2056x1285,L,2
1884,8.254,0.000,0.544,0.057,0.000,0.020,0.072,0.000,0.058,0.014,0.000,0.044,8120,15600,,0.50,0,0,2056x1285,L,2
1885,8.326,1.374,0.522,0.053,0.000,0.018,0.048,0.000,6.007,0.014,5.949,0.044,8120,15600,,0.50,0,0,2056x1285,L,2
1886,8.284,0.000,0.531,0.049,0.000,0.018,0.059,0.000,0.058,0.014,0.000,0.044,8120,15600,,0.50,0,0,2056x1285,L,2
1887,8.251,1.729,0.479,0.051,0.000,0.019,0.072,0.000,5.989,0.014,5.931,0.044,8120,15600,,0.50,0,0,2056x1285,L,2
1888,8.382,0.000,0.555,0.060,0.000,0.019,0.060,0.000,0.058,0.014,0.000,0.044,8120,15600,,0.50,0,0,2056x1285,L,2
1889,8.224,1.385,0.527,0.057,0.000,0.017,0.071,0.000,0.058,0.014,0.000,0.044,8120,15600,,0.50,0,0,2056x1285,L,2
1890,8.384,0.000,0.577,0.058,0.000,0.021,0.071,0.000,0.058,0.014,0.000,0.044,8120,15600,,0.50,0,0,2056x1285,L,2
1891,8.255,1.519,0.580,0.049,0.000,0.017,0.040,0.000,5.991,0.014,5.933,0.044,8120,15600,,0.50,0,0,2056x1285,L,2
1892,8.985,0.000,0.519,0.054,0.000,0.024,0.150,0.000,0.058,0.014,0.000,0.044,8120,15600,,0.50,0,0,2056x1285,L,2
1893,7.894,1.801,0.843,0.175,0.000,0.065,0.079,0.000,0.058,0.014,0.000,0.044,8120,15600,,0.50,0,0,2056x1285,L,2
1894,8.094,0.000,0.480,0.086,0.000,0.023,0.052,0.000,0.058,0.014,0.000,0.044,8120,15600,,0.50,0,0,2056x1285,L,2
1895,8.180,0.991,0.336,0.050,0.000,0.016,0.051,0.000,6.099,0.014,6.041,0.044,8120,15600,,0.50,0,0,2056x1285,L,2
1896,8.337,0.000,0.316,0.051,0.000,0.018,0.047,0.000,0.058,0.014,0.000,0.044,8120,15600,,0.50,0,0,2056x1285,L,2
1897,8.294,0.796,0.378,0.050,0.000,0.015,0.040,0.000,0.058,0.014,0.000,0.044,8120,15600,,0.50,0,0,2056x1285,L,2
1898,8.311,0.000,0.430,0.044,0.000,0.015,0.039,0.000,6.235,0.014,6.177,0.044,8120,15600,,0.50,0,0,2056x1285,L,2
1899,8.406,0.633,0.283,0.046,0.000,0.013,0.033,0.000,0.058,0.014,0.000,0.044,8120,15600,,0.50,0,0,2056x1285,L,2
1900,8.236,0.000,0.306,0.044,0.000,0.011,0.040,0.000,6.215,0.014,6.157,0.044,8120,15600,,0.50,0,0,2056x1285,L,2
1901,8.289,0.564,0.248,0.046,0.000,0.012,0.030,0.000,0.058,0.014,0.000,0.044,8120,15600,,0.50,0,0,2056x1285,L,2
1902,8.323,0.000,0.276,0.054,0.000,0.017,0.034,0.000,6.351,0.014,6.293,0.044,8120,15600,,0.50,0,0,2056x1285,L,2
1903,8.319,0.537,0.236,0.045,0.000,0.013,0.034,0.000,0.058,0.014,0.000,0.044,8120,15600,,0.50,0,0,2056x1285,L,2
1904,8.321,0.000,0.272,0.038,0.000,0.015,0.034,0.000,6.339,0.014,6.281,0.044,8120,15600,,0.50,0,0,2056x1285,L,2
1905,8.316,0.520,0.234,0.041,0.000,0.012,0.034,0.000,0.058,0.014,0.000,0.044,8120,15600,,0.50,0,0,2056x1285,L,2
1906,8.344,0.000,0.274,0.040,0.000,0.012,0.045,0.000,6.438,0.014,6.380,0.044,8120,15600,,0.50,0,0,2056x1285,L,2
1907,8.330,0.633,0.238,0.050,0.000,0.013,0.039,0.000,0.058,0.014,0.000,0.044,8120,15600,,0.50,0,0,2056x1285,L,2
1908,8.288,0.000,0.272,0.043,0.000,0.018,0.030,0.000,6.467,0.014,6.408,0.044,8120,15600,,0.50,0,0,2056x1285,L,2
1909,8.350,0.564,0.236,0.043,0.000,0.012,0.034,0.000,0.058,0.014,0.000,0.044,8120,15600,,0.50,0,0,2056x1285,L,2
1910,8.475,0.000,0.269,0.041,0.000,0.011,0.038,0.000,0.058,0.014,0.000,0.044,8120,15600,,0.50,0,0,2056x1285,L,2
1911,8.181,0.535,0.225,0.040,0.000,0.011,0.035,0.000,0.058,0.014,0.000,0.044,8120,15600,,0.50,0,0,2056x1285,L,2
1912,8.312,0.000,0.265,0.039,0.000,0.012,0.034,0.000,0.058,0.014,0.000,0.044,8120,15600,,0.50,0,0,2056x1285,L,2
1913,8.315,0.525,0.223,0.040,0.000,0.012,0.029,0.000,6.467,0.014,6.409,0.044,8120,15600,,0.50,0,0,2056x1285,L,2
1914,8.309,0.000,0.345,0.039,0.000,0.016,0.035,0.000,6.439,0.014,6.381,0.044,8120,15600,,0.50,0,0,2056x1285,L,2
1915,8.309,0.524,0.231,0.042,0.000,0.014,0.035,0.000,0.058,0.014,0.000,0.044,8120,15600,,0.50,0,0,2056x1285,L,2
1916,8.361,0.000,0.276,0.042,0.000,0.017,0.030,0.000,0.058,0.014,0.000,0.044,8120,15600,,0.50,0,0,2056x1285,L,2
1917,8.372,0.520,0.224,0.039,0.000,0.015,0.059,0.000,6.424,0.014,6.366,0.044,8120,15600,,0.50,0,0,2056x1285,L,2
1918,8.253,0.000,0.283,0.054,0.000,0.016,0.043,0.000,0.058,0.014,0.000,0.044,8120,15600,,0.50,0,0,2056x1285,L,2
1919,8.346,0.566,0.239,0.043,0.000,0.014,0.036,0.000,0.058,0.014,0.000,0.044,8120,15600,,0.50,0,0,2056x1285,L,2
1920,8.294,0.000,0.287,0.041,0.000,0.014,0.034,0.000,0.058,0.014,0.000,0.044,8120,15600,,0.50,0,0,2056x1285,L,2
1921,8.419,0.511,0.219,0.039,0.000,0.015,0.038,0.000,0.058,0.014,0.000,0.044,8120,15600,,0.50,0,0,2056x1285,L,2
1922,8.246,0.000,0.287,0.047,0.000,0.018,0.044,0.000,0.058,0.014,0.000,0.044,8120,15600,,0.50,0,0,2056x1285,L,2
1923,8.302,0.753,0.249,0.048,0.000,0.014,0.031,0.000,0.058,0.014,0.000,0.044,8120,15600,,0.50,0,0,2056x1285,L,2
1924,8.322,0.000,0.263,0.039,0.000,0.011,0.032,0.000,0.058,0.014,0.000,0.044,8120,15600,,0.50,0,0,2056x1285,L,2
1925,8.387,0.511,0.261,0.041,0.000,0.013,0.051,0.000,0.058,0.014,0.000,0.044,8120,15600,,0.50,0,0,2056x1285,L,2
1926,8.236,0.000,0.278,0.051,0.000,0.015,0.044,0.000,6.336,0.014,6.278,0.044,8120,15600,,0.50,0,0,2056x1285,L,2
1927,8.447,0.607,0.239,0.048,0.000,0.016,0.045,0.000,0.058,0.014,0.000,0.044,8120,15600,,0.50,0,0,2056x1285,L,2
1928,8.321,0.000,0.340,0.055,0.000,0.016,0.041,0.000,0.058,0.014,0.000,0.044,8120,15600,,0.50,0,0,2056x1285,L,2
1929,8.170,0.598,0.227,0.041,0.000,0.012,0.035,0.000,0.058,0.014,0.000,0.044,8120,15600,,0.50,0,0,2056x1285,L,2
1930,8.286,0.000,0.253,0.040,0.000,0.011,0.029,0.000,0.058,0.014,0.000,0.044,8120,15600,,0.50,0,0,2056x1285,L,2
1931,8.305,0.716,0.233,0.028,0.000,0.011,0.035,0.000,6.344,0.014,6.286,0.044,8120,15600,,0.50,0,0,2056x1285,L,2
1932,8.309,0.000,0.242,0.027,0.000,0.009,0.024,0.000,0.058,0.014,0.000,0.044,8120,15600,,0.50,0,0,2056x1285,L,2
1933,8.332,0.533,0.218,0.023,0.000,0.008,0.032,0.000,6.369,0.014,6.311,0.044,8120,15600,,0.50,0,0,2056x1285,L,2
1934,8.358,0.000,0.234,0.024,0.000,0.008,0.036,0.000,0.058,0.014,0.000,0.044,8120,15600,,0.50,0,0,2056x1285,L,2
1935,8.297,0.769,0.223,0.032,0.000,0.010,0.030,0.000,6.349,0.014,6.291,0.044,8120,15600,,0.50,0,0,2056x1285,L,2
1936,8.352,0.000,0.241,0.022,0.000,0.007,0.036,0.000,0.058,0.014,0.000,0.044,8120,15600,,0.50,0,0,2056x1285,L,2
1937,8.355,0.603,0.214,0.025,0.000,0.009,0.020,0.000,0.058,0.014,0.000,0.044,8120,15600,,0.50,0,0,2056x1285,L,2
1938,8.354,0.000,0.247,0.027,0.000,0.008,0.028,0.000,6.355,0.014,6.297,0.044,8120,15600,,0.50,0,0,2056x1285,L,2
1939,8.316,0.650,0.218,0.026,0.000,0.009,0.043,0.000,0.058,0.014,0.000,0.044,8120,15600,,0.50,0,0,2056x1285,L,2
1940,8.322,0.000,0.244,0.027,0.000,0.013,0.019,0.000,0.058,0.014,0.000,0.044,8120,15600,,0.50,0,0,2056x1285,L,2
1941,8.299,0.520,0.222,0.021,0.000,0.008,0.022,0.000,0.058,0.014,0.000,0.044,8120,15600,,0.50,0,0,2056x1285,L,2
1942,8.398,0.000,0.237,0.019,0.000,0.007,0.034,0.000,0.058,0.014,0.000,0.044,8120,15600,,0.50,0,0,2056x1285,L,2
1943,8.239,0.514,0.213,0.020,0.000,0.007,0.017,0.000,6.332,0.014,6.274,0.044,8120,15600,,0.50,0,0,2056x1285,L,2
1944,8.391,0.000,0.247,0.022,0.000,0.007,0.047,0.000,0.058,0.014,0.000,0.044,8120,15600,,0.50,0,0,2056x1285,L,2
1945,8.278,0.561,0.264,0.033,0.000,0.011,0.030,0.000,0.058,0.014,0.000,0.044,8120,15600,,0.50,0,0,2056x1285,L,2
1946,8.557,0.000,0.238,0.028,0.000,0.010,0.034,0.000,0.058,0.014,0.000,0.044,8120,15600,,0.50,0,0,2056x1285,L,2
1947,8.218,0.523,0.222,0.033,0.000,0.009,0.045,0.000,6.306,0.014,6.248,0.044,8120,15600,,0.50,0,0,2056x1285,L,2
1948,8.399,0.000,0.248,0.030,0.000,0.010,0.035,0.000,0.058,0.014,0.000,0.044,8120,15600,,0.50,0,0,2056x1285,L,2
1949,8.158,0.771,0.223,0.026,0.000,0.008,0.030,0.000,0.058,0.014,0.000,0.044,8120,15600,,0.50,0,0,2056x1285,L,2
1950,8.310,0.000,0.392,0.021,0.000,0.008,0.026,0.000,0.058,0.014,0.000,0.044,8120,15600,,0.50,0,0,2056x1285,L,2
1951,8.406,0.661,0.232,0.020,0.000,0.007,0.026,0.000,6.346,0.014,6.288,0.044,8120,15600,,0.50,0,0,2056x1285,L,2
1952,8.253,0.000,0.273,0.022,0.000,0.007,0.021,0.000,0.058,0.014,0.000,0.044,8120,15600,,0.50,0,0,2056x1285,L,2
1953,8.436,0.632,0.228,0.022,0.000,0.007,0.037,0.000,0.058,0.014,0.000,0.044,8120,15600,,0.50,0,0,2056x1285,L,2
1954,8.232,0.000,0.291,0.023,0.000,0.008,0.024,0.000,6.333,0.014,6.275,0.044,8120,15600,,0.50,0,0,2056x1285,L,2
1955,8.393,0.633,0.245,0.026,0.000,0.011,0.026,0.000,0.058,0.014,0.000,0.044,8120,15600,,0.50,0,0,2056x1285,L,2
1956,8.312,0.000,0.288,0.025,0.000,0.008,0.024,0.000,6.360,0.014,6.302,0.044,8120,15600,,0.50,0,0,2056x1285,L,2
1957,8.286,0.655,0.271,0.024,0.000,0.007,0.022,0.000,0.058,0.014,0.000,0.044,8120,15600,,0.50,0,0,2056x1285,L,2
1958,8.325,0.000,0.280,0.024,0.000,0.008,0.025,0.000,6.261,0.014,6.203,0.044,8120,15600,,0.50,0,0,2056x1285,L,2
1959,8.406,0.700,0.301,0.025,0.000,0.008,0.055,0.000,6.246,0.014,6.188,0.044,8120,15600,,0.50,0,0,2056x1285,L,2
1960,8.348,0.000,0.326,0.036,0.000,0.012,0.038,0.000,0.058,0.014,0.000,0.044,8120,15600,,0.50,0,0,2056x1285,L,2
1961,8.200,0.725,0.279,0.027,0.000,0.009,0.036,0.000,6.220,0.014,6.161,0.044,8120,15600,,0.50,0,0,2056x1285,L,2
1962,8.470,0.000,0.335,0.027,0.000,0.013,0.045,0.000,0.058,0.014,0.000,0.044,8120,15600,,0.50,0,0,2056x1285,L,2
1963,8.282,0.767,0.303,0.030,0.000,0.009,0.040,0.000,6.209,0.014,6.151,0.044,8120,15600,,0.50,0,0,2056x1285,L,2
1964,8.330,0.000,0.317,0.029,0.000,0.009,0.029,0.000,0.058,0.014,0.000,0.044,8120,15600,,0.50,0,0,2056x1285,L,2
1965,8.290,0.762,0.310,0.027,0.000,0.013,0.030,0.000,6.235,0.014,6.177,0.044,8120,15600,,0.50,0,0,2056x1285,L,2
1966,8.397,0.000,0.366,0.032,0.000,0.010,0.032,0.000,0.058,0.014,0.000,0.044,8120,15600,,0.50,0,0,2056x1285,L,2
1967,8.295,0.835,0.355,0.031,0.000,0.022,0.031,0.000,0.058,0.014,0.000,0.044,8120,15600,,0.50,0,0,2056x1285,L,2
1968,8.395,0.000,0.374,0.029,0.000,0.010,0.067,0.000,0.058,0.014,0.000,0.044,8120,15600,,0.50,0,0,2056x1285,L,2
1969,8.337,1.085,0.408,0.041,0.000,0.015,0.056,0.000,6.206,0.014,6.148,0.044,8120,15600,,0.50,0,0,2056x1285,L,2
1970,8.308,0.000,0.396,0.036,0.000,0.021,0.067,0.000,0.058,0.014,0.000,0.044,8120,15600,,0.50,0,0,2056x1285,L,2
1971,8.262,0.950,0.397,0.036,0.000,0.012,0.034,0.000,6.222,0.014,6.164,0.044,8120,15600,,0.50,0,0,2056x1285,L,2
1972,8.377,0.000,0.430,0.036,0.000,0.017,0.062,0.000,0.058,0.014,0.000,0.044,8120,15600,,0.50,0,0,2056x1285,L,2
1973,8.337,1.112,0.467,0.043,0.000,0.021,0.055,0.000,6.104,0.014,6.046,0.044,8120,15600,,0.50,0,0,2056x1285,L,2
1974,8.336,0.000,0.525,0.042,0.000,0.014,0.052,0.000,0.058,0.014,0.000,0.044,8120,15600,,0.50,0,0,2056x1285,L,2
1975,8.350,1.103,0.438,0.041,0.000,0.015,0.079,0.000,0.058,0.014,0.000,0.044,8120,15600,,0.50,0,0,2056x1285,L,2
1976,8.271,0.000,0.560,0.046,0.000,0.019,0.051,0.000,6.201,0.014,6.143,0.044,8120,15600,,0.50,0,0,2056x1285,L,2
1977,8.310,1.528,0.451,0.059,0.000,0.018,0.048,0.000,0.058,0.014,0.000,0.044,8120,15600,,0.50,0,0,2056x1285,L,2
1978,8.343,0.000,0.487,0.052,0.000,0.016,0.038,0.000,6.206,0.014,6.148,0.044,8120,15600,,0.50,0,0,2056x1285,L,2
1979,8.326,1.164,0.408,0.038,0.000,0.012,0.060,0.000,0.058,0.014,0.000,0.044,8120,15600,,0.50,0,0,2056x1285,L,2
1980,8.286,0.000,0.559,0.050,0.000,0.019,0.041,0.000,6.211,0.014,6.152,0.044,8120,15600,,0.50,0,0,2056x1285,L,2
1981,8.928,1.320,0.501,0.052,0.000,0.015,0.169,0.000,0.058,0.014,0.000,0.044,8120,15600,,0.50,0,0,2056x1285,L,2
1982,8.385,0.001,0.898,0.223,0.000,0.077,0.060,0.000,0.058,0.014,0.000,0.044,8120,15600,,0.50,0,0,2056x1285,L,2
1983,8.212,1.183,0.386,0.056,0.000,0.017,0.107,0.000,0.058,0.014,0.000,0.044,8120,15600,,0.50,0,0,2056x1285,L,2
1984,8.867,0.001,0.824,0.187,0.000,0.065,0.184,0.000,0.058,0.014,0.000,0.044,8120,15600,,0.50,0,0,2056x1285,L,2
1985,8.307,1.776,0.769,0.189,0.000,0.061,0.117,0.000,0.058,0.014,0.000,0.044,8120,15600,,0.50,0,0,2056x1285,L,2
1986,9.369,0.001,0.929,0.204,0.000,0.065,0.188,0.000,0.058,0.014,0.000,0.044,8120,15600,,0.50,0,0,2056x1285,L,2
1987,9.040,2.045,0.867,0.174,0.000,0.064,0.152,0.000,0.058,0.014,0.000,0.044,8120,15600,,0.50,0,0,2056x1285,L,2
1988,9.295,0.001,0.886,0.177,0.000,0.058,0.153,0.000,0.058,0.014,0.000,0.044,8120,15600,,0.50,0,0,2056x1285,L,2
1989,8.876,1.952,0.819,0.180,0.000,0.059,0.177,0.000,0.058,0.014,0.000,0.044,8120,15600,,0.50,0,0,2056x1285,L,2
1990,7.559,1.662,0.755,0.174,0.001,0.055,0.044,0.000,6.246,0.014,6.188,0.044,8120,15600,,0.50,0,0,2056x1285,L,2
1991,7.763,0.000,0.581,0.072,0.000,0.019,0.048,0.000,6.278,0.014,6.220,0.044,8120,15600,,0.50,0,0,2056x1285,L,2
1992,6.682,0.000,0.649,0.053,0.000,0.015,0.058,0.000,0.058,0.014,0.000,0.044,8120,15600,,0.50,0,0,2056x1285,L,2
1993,7.357,1.297,0.541,0.054,0.000,0.014,0.131,0.000,5.125,0.014,5.067,0.044,8120,15600,,0.50,0,0,2056x1285,L,2
1994,7.943,0.001,0.937,0.155,0.000,0.051,0.161,0.000,0.058,0.014,0.000,0.044,8120,15600,,0.50,0,0,2056x1285,L,2
1995,7.994,1.663,0.632,0.149,0.000,0.046,0.072,0.000,0.058,0.014,0.000,0.044,8120,15600,,0.50,0,0,2056x1285,L,2
1996,8.276,0.000,0.558,0.088,0.000,0.029,0.052,0.000,4.757,0.014,4.699,0.044,8120,15600,,0.50,0,0,2056x1285,L,2
1997,8.322,1.551,0.521,0.067,0.000,0.021,0.050,0.000,0.058,0.014,0.000,0.044,8120,15600,,0.50,0,0,2056x1285,L,2
1998,8.135,0.001,0.519,0.073,0.000,0.019,0.049,0.000,4.396,0.014,4.338,0.044,8120,15600,,0.50,0,0,2056x1285,L,2
1999,8.229,0.845,0.340,0.039,0.000,0.012,0.037,0.000,0.058,0.014,0.000,0.044,8120,15600,,0.50,0,0,2056x1285,L,2
2000,8.305,0.000,0.314,0.033,0.000,0.014,0.027,0.000,4.402,0.014,4.344,0.044,8120,15600,,0.50,0,0,2056x1285,L,2
2001,8.300,0.691,0.288,0.029,0.000,0.009,0.024,0.000,0.058,0.014,0.000,0.044,8120,15600,,0.50,0,0,2056x1285,L,2
2002,8.364,0.000,0.265,0.026,0.000,0.008,0.037,0.000,0.058,0.014,0.000,0.044,8120,15600,,0.50,0,0,2056x1285,L,2
2003,8.299,0.848,0.251,0.031,0.000,0.010,0.033,0.000,0.058,0.014,0.000,0.044,8120,15600,,0.50,0,0,2056x1285,L,2
2004,8.541,0.000,0.258,0.032,0.000,0.012,0.031,0.000,0.058,0.014,0.000,0.044,8120,15600,,0.50,0,0,2056x1285,L,2
2005,8.244,0.793,0.229,0.025,0.000,0.008,0.045,0.000,3.964,0.014,3.906,0.044,8120,15600,,0.50,0,0,2056x1285,L,2
2006,8.568,0.000,0.286,0.062,0.000,0.020,0.056,0.000,0.058,0.014,0.000,0.044,8120,15600,,0.50,0,0,2056x1285,L,2
2007,7.970,0.884,0.277,0.066,0.000,0.018,0.036,0.000,3.964,0.014,3.906,0.044,8120,15600,,0.50,0,0,2056x1285,L,2
2008,8.554,0.000,0.267,0.048,0.000,0.014,0.102,0.000,0.058,0.014,0.000,0.044,8120,15600,,0.50,0,0,2056x1285,L,2
2009,8.226,0.854,0.390,0.079,0.000,0.025,0.054,0.000,3.860,0.014,3.802,0.044,8120,15600,,0.50,0,0,2056x1285,L,2
2010,8.346,0.000,0.315,0.064,0.000,0.020,0.078,0.000,3.863,0.014,3.805,0.044,8120,15600,,0.50,0,0,2056x1285,L,2
2011,8.226,0.910,0.331,0.072,0.000,0.022,0.054,0.000,3.792,0.014,3.734,0.044,8120,15600,,0.50,0,0,2056x1285,L,2
2012,8.270,0.000,0.319,0.054,0.000,0.015,0.055,0.000,3.798,0.014,3.740,0.044,8120,15600,,0.50,0,0,2056x1285,L,2
2013,8.533,0.986,0.296,0.044,0.000,0.014,0.048,0.000,3.798,0.014,3.740,0.044,8120,15600,,0.50,0,0,2056x1285,L,2
2014,8.286,0.000,0.328,0.048,0.000,0.016,0.046,0.000,3.790,0.014,3.732,0.044,8120,15600,,0.50,0,0,2056x1285,L,2
2015,8.103,0.976,0.324,0.059,0.000,0.018,0.057,0.000,3.859,0.014,3.801,0.044,8120,15600,,0.50,0,0,2056x1285,L,2
2016,8.422,0.000,0.341,0.049,0.000,0.018,0.063,0.000,3.868,0.014,3.810,0.044,8120,15600,,0.50,0,0,2056x1285,L,2
2017,8.531,1.020,0.305,0.044,0.000,0.015,0.044,0.000,3.937,0.014,3.879,0.044,8120,15600,,0.50,0,0,2056x1285,L,2
2018,8.026,0.000,0.335,0.043,0.000,0.013,0.059,0.000,3.970,0.014,3.912,0.044,8120,15600,,0.50,0,0,2056x1285,L,2
2019,8.461,0.899,0.314,0.043,0.000,0.015,0.043,0.000,0.058,0.014,0.000,0.044,8120,15600,,0.50,0,0,2056x1285,L,2
2020,8.410,0.000,0.323,0.036,0.000,0.016,0.049,0.000,0.058,0.014,0.000,0.044,8120,15600,,0.50,0,0,2056x1285,L,2
2021,8.382,1.092,0.303,0.036,0.000,0.011,0.044,0.000,0.058,0.014,0.000,0.044,8120,15600,,0.50,0,0,2056x1285,L,2
2022,8.252,0.000,0.367,0.038,0.000,0.014,0.064,0.000,4.018,0.014,3.960,0.044,8120,15600,,0.50,0,0,2056x1285,L,2
2023,8.302,1.080,0.368,0.076,0.000,0.025,0.064,0.000,0.058,0.014,0.000,0.044,8120,15600,,0.50,0,0,2056x1285,L,2
2024,8.303,0.000,0.379,0.071,0.000,0.023,0.071,0.000,4.275,0.014,4.217,0.044,8120,15600,,0.50,0,0,2056x1285,L,2
2025,8.183,1.086,0.341,0.055,0.000,0.018,0.049,0.000,4.378,0.014,4.320,0.044,8120,15600,,0.50,0,0,2056x1285,L,2
2026,8.419,0.000,0.484,0.050,0.000,0.019,0.048,0.000,4.405,0.014,4.347,0.044,8120,15600,,0.50,0,0,2056x1285,L,2
2027,8.418,1.042,0.321,0.077,0.000,0.021,0.049,0.000,4.396,0.014,4.338,0.044,8120,15600,,0.50,0,0,2056x1285,L,2
2028,8.312,0.000,0.495,0.053,0.000,0.017,0.068,0.000,4.450,0.014,4.392,0.044,8120,15600,,0.50,0,0,2056x1285,L,2
2029,8.210,1.138,0.309,0.072,0.000,0.018,0.066,0.000,4.607,0.014,4.549,0.044,8120,15600,,0.50,0,0,2056x1285,L,2
2030,8.355,0.000,0.450,0.054,0.000,0.017,0.055,0.000,4.776,0.014,4.718,0.044,8120,15600,,0.50,0,0,2056x1285,L,2
2031,8.240,1.096,0.330,0.035,0.000,0.018,0.070,0.000,0.058,0.014,0.000,0.044,8120,15600,,0.50,0,0,2056x1285,L,2
2032,8.368,0.000,0.464,0.052,0.000,0.020,0.055,0.000,0.058,0.014,0.000,0.044,8120,15600,,0.50,0,0,2056x1285,L,2
2033,8.223,1.134,0.466,0.058,0.000,0.019,0.053,0.000,5.010,0.014,4.952,0.044,8120,15600,,0.50,0,0,2056x1285,L,2
2034,8.547,0.000,0.439,0.058,0.000,0.015,0.068,0.000,5.218,0.014,5.160,0.044,8120,15600,,0.50,0,0,2056x1285,L,2
2035,8.210,1.390,0.484,0.064,0.000,0.019,0.068,0.000,0.058,0.014,0.000,0.044,8120,15600,,0.50,0,0,2056x1285,L,2
2036,8.272,0.000,0.532,0.058,0.000,0.021,0.071,0.000,5.604,0.014,5.546,0.044,8120,15600,,0.50,0,0,2056x1285,L,2
2037,8.360,1.448,0.543,0.060,0.000,0.019,0.060,0.000,5.612,0.014,5.554,0.044,8120,15600,,0.50,0,0,2056x1285,L,2
2038,8.295,0.000,0.482,0.054,0.000,0.020,0.051,0.000,5.909,0.014,5.851,0.044,8120,15600,,0.50,0,0,2056x1285,L,2
2039,8.710,1.140,0.493,0.048,0.000,0.016,0.123,0.000,6.104,0.014,6.046,0.044,8120,15600,,0.50,0,0,2056x1285,L,2
2040,8.818,0.000,0.956,0.210,0.000,0.061,0.123,0.000,0.058,0.014,0.000,0.044,8120,15600,,0.50,0,0,2056x1285,L,2
2041,8.466,1.915,0.883,0.189,0.000,0.061,0.109,0.000,0.058,0.014,0.000,0.044,8120,15600,,0.50,0,0,2056x1285,L,2
2042,8.322,0.001,0.848,0.180,0.000,0.056,0.113,0.000,0.058,0.014,0.000,0.044,8120,15600,,0.50,0,0,2056x1285,L,2
2043,8.549,1.821,0.489,0.097,0.000,0.029,0.069,0.000,0.058,0.014,0.000,0.044,8120,15600,,0.50,0,0,2056x1285,L,2
2044,7.667,0.000,0.442,0.062,0.000,0.020,0.052,0.000,0.058,0.014,0.000,0.044,8120,15600,,0.50,0,0,2056x1285,L,2
2045,7.918,1.281,0.470,0.060,0.000,0.019,0.055,0.000,0.058,0.014,0.000,0.044,8120,15600,,0.50,0,0,2056x1285,L,2
2046,7.967,0.000,0.415,0.054,0.000,0.014,0.047,0.000,0.058,0.014,0.000,0.044,8120,15600,,0.50,0,0,2056x1285,L,2
2047,8.413,0.920,0.363,0.063,0.000,0.016,0.054,0.000,0.058,0.014,0.000,0.044,8120,15600,,0.50,0,0,2056x1285,L,2
2048,8.334,0.001,0.351,0.080,0.000,0.023,0.047,0.000,6.110,0.014,6.052,0.044,8120,15600,,0.50,0,0,2056x1285,L,2
2049,8.146,0.902,0.294,0.065,0.000,0.018,0.045,0.000,0.058,0.014,0.000,0.044,8120,15600,,0.50,0,0,2056x1285,L,2
2050,8.312,0.000,0.304,0.050,0.000,0.018,0.067,0.000,0.058,0.014,0.000,0.044,8120,15600,,0.50,0,0,2056x1285,L,2
2051,8.296,0.831,0.311,0.049,0.000,0.016,0.050,0.000,6.113,0.014,6.055,0.044,8120,15600,,0.50,0,0,2056x1285,L,2
2052,8.266,0.000,0.309,0.051,0.000,0.018,0.041,0.000,6.140,0.014,6.082,0.044,8120,15600,,0.50,0,0,2056x1285,L,2
2053,8.343,0.812,0.282,0.035,0.000,0.011,0.033,0.000,6.137,0.014,6.079,0.044,8120,15600,,0.50,0,0,2056x1285,L,2
2054,8.277,0.000,0.269,0.030,0.000,0.013,0.026,0.000,0.058,0.014,0.000,0.044,8120,15600,,0.50,0,0,2056x1285,L,2
2055,8.325,0.642,0.247,0.028,0.000,0.009,0.034,0.000,0.058,0.014,0.000,0.044,8120,15600,,0.50,0,0,2056x1285,L,2
2056,8.343,0.000,0.253,0.025,0.000,0.008,0.023,0.000,0.058,0.014,0.000,0.044,8120,15600,,0.50,0,0,2056x1285,L,2
2057,8.430,0.778,0.252,0.021,0.000,0.008,0.032,0.000,0.058,0.014,0.000,0.044,8120,15600,,0.50,0,0,2056x1285,L,2
2058,8.220,0.000,0.257,0.025,0.000,0.008,0.034,0.000,0.058,0.014,0.000,0.044,8120,15600,,0.50,0,0,2056x1285,L,2
2059,8.378,0.757,0.257,0.027,0.000,0.009,0.036,0.000,6.035,0.014,5.977,0.044,8120,15600,,0.50,0,0,2056x1285,L,2
2060,8.340,0.000,0.243,0.032,0.000,0.013,0.030,0.000,0.058,0.014,0.000,0.044,8120,15600,,0.50,0,0,2056x1285,L,2
2061,8.285,0.760,0.221,0.031,0.000,0.010,0.033,0.000,0.058,0.014,0.000,0.044,8120,15600,,0.50,0,0,2056x1285,L,2
2062,8.416,0.000,0.256,0.028,0.000,0.011,0.033,0.000,6.138,0.014,6.080,0.044,8120,15600,,0.50,0,0,2056x1285,L,2
2063,8.198,0.643,0.231,0.029,0.000,0.008,0.029,0.000,6.128,0.014,6.070,0.044,8120,15600,,0.50,0,0,2056x1285,L,2
2064,8.498,0.000,0.256,0.027,0.000,0.009,0.039,0.000,0.058,0.014,0.000,0.044,8120,15600,,0.50,0,0,2056x1285,L,2
2065,8.199,0.658,0.235,0.025,0.000,0.008,0.026,0.000,6.134,0.014,6.076,0.044,8120,15600,,0.50,0,0,2056x1285,L,2
2066,8.405,0.000,0.366,0.032,0.000,0.010,0.036,0.000,0.058,0.014,0.000,0.044,8120,15600,,0.50,0,0,2056x1285,L,2
2067,8.275,0.743,0.215,0.040,0.000,0.011,0.034,0.000,6.132,0.014,6.074,0.044,8120,15600,,0.50,0,0,2056x1285,L,2
2068,8.425,0.000,0.247,0.031,0.000,0.009,0.041,0.000,0.058,0.014,0.000,0.044,8120,15600,,0.50,0,0,2056x1285,L,2
2069,8.258,0.754,0.248,0.039,0.000,0.012,0.030,0.000,0.058,0.014,0.000,0.044,8120,15600,,0.50,0,0,2056x1285,L,2
2070,8.355,0.000,0.369,0.026,0.000,0.009,0.047,0.000,0.058,0.014,0.000,0.044,8120,15600,,0.50,0,0,2056x1285,L,2
2071,8.234,0.639,0.240,0.028,0.000,0.010,0.032,0.000,0.058,0.014,0.000,0.044,8120,15600,,0.50,0,0,2056x1285,L,2
2072,8.420,0.000,0.253,0.022,0.000,0.008,0.032,0.000,6.242,0.014,6.183,0.044,8120,15600,,0.50,0,0,2056x1285,L,2
2073,8.266,0.639,0.288,0.026,0.000,0.007,0.026,0.000,0.058,0.014,0.000,0.044,8120,15600,,0.50,0,0,2056x1285,L,2
2074,8.304,0.000,0.279,0.024,0.000,0.007,0.054,0.000,0.058,0.014,0.000,0.044,8120,15600,,0.50,0,0,2056x1285,L,2
2075,8.479,0.959,0.273,0.028,0.000,0.010,0.029,0.000,0.058,0.014,0.000,0.044,8120,15600,,0.50,0,0,2056x1285,L,2
2076,8.244,0.000,0.292,0.024,0.000,0.009,0.037,0.000,0.058,0.014,0.000,0.044,8120,15600,,0.50,0,0,2056x1285,L,2
2077,8.332,0.774,0.263,0.023,0.000,0.009,0.039,0.000,6.368,0.014,6.310,0.044,8120,15600,,0.50,0,0,2056x1285,L,2
2078,8.306,0.000,0.305,0.025,0.000,0.009,0.038,0.000,6.330,0.014,6.272,0.044,8120,15600,,0.50,0,0,2056x1285,L,2
2079,8.406,0.807,0.288,0.033,0.000,0.011,0.052,0.000,0.058,0.014,0.000,0.044,8120,15600,,0.50,0,0,2056x1285,L,2
2080,8.225,0.000,0.306,0.031,0.000,0.012,0.045,0.000,0.058,0.014,0.000,0.044,8120,15600,,0.50,0,0,2056x1285,L,2
2081,8.422,0.748,0.282,0.032,0.000,0.010,0.035,0.000,0.058,0.014,0.000,0.044,8120,15600,,0.50,0,0,2056x1285,L,2
2082,8.279,0.000,0.351,0.035,0.000,0.012,0.035,0.000,6.314,0.014,6.256,0.044,8120,15600,,0.50,0,0,2056x1285,L,2
2083,8.339,0.890,0.315,0.033,0.000,0.011,0.029,0.000,0.058,0.014,0.000,0.044,8120,15600,,0.50,0,0,2056x1285,L,2
2084,8.379,0.000,0.329,0.030,0.000,0.010,0.034,0.000,0.058,0.014,0.000,0.044,8120,15600,,0.50,0,0,2056x1285,L,2
2085,8.286,0.807,0.341,0.035,0.000,0.013,0.051,0.000,0.058,0.014,0.000,0.044,8120,15600,,0.50,0,0,2056x1285,L,2
2086,8.336,0.000,0.382,0.031,0.000,0.019,0.053,0.000,0.058,0.014,0.000,0.044,8120,15600,,0.50,0,0,2056x1285,L,2
2087,8.318,0.897,0.374,0.032,0.000,0.012,0.045,0.000,0.058,0.014,0.000,0.044,8120,15600,,0.50,0,0,2056x1285,L,2
2088,8.272,0.000,0.404,0.038,0.000,0.014,0.046,0.000,0.058,0.014,0.000,0.044,8120,15600,,0.50,0,0,2056x1285,L,2
2089,8.391,0.890,0.378,0.033,0.000,0.012,0.051,0.000,6.264,0.014,6.206,0.044,8120,15600,,0.50,0,0,2056x1285,L,2
2090,8.261,0.000,0.418,0.037,0.000,0.012,0.046,0.000,0.058,0.014,0.000,0.044,8120,15600,,0.50,0,0,2056x1285,L,2
2091,8.407,0.951,0.405,0.038,0.000,0.011,0.065,0.000,0.058,0.014,0.000,0.044,8120,15600,,0.50,0,0,2056x1285,L,2
2092,8.310,0.000,0.450,0.043,0.000,0.018,0.046,0.000,6.248,0.014,6.190,0.044,8120,15600,,0.50,0,0,2056x1285,L,2
2093,8.352,1.245,0.407,0.040,0.000,0.013,0.055,0.000,0.058,0.014,0.000,0.044,8120,15600,,0.50,0,0,2056x1285,L,2
2094,8.278,0.000,0.476,0.044,0.000,0.015,0.054,0.000,0.058,0.014,0.000,0.044,8120,15600,,0.50,0,0,2056x1285,L,2
2095,16.694,1.150,0.442,0.046,0.000,0.018,0.065,0.000,0.058,0.014,0.000,0.044,8120,15600,,0.50,0,0,2056x1285,L,2
2096,8.377,1.138,0.460,0.044,0.000,0.015,0.057,0.000,4.854,0.014,4.796,0.044,8120,15600,,0.50,0,0,2056x1285,L,2
2097,8.397,0.000,0.504,0.050,0.000,0.020,0.045,0.000,4.606,0.014,4.548,0.044,8120,15600,,0.50,0,0,2056x1285,L,2
2098,8.431,1.474,0.512,0.055,0.000,0.016,0.083,0.000,0.058,0.014,0.000,0.044,8120,15600,,0.50,0,0,2056x1285,L,2
2099,8.263,0.000,0.600,0.087,0.000,0.032,0.068,0.000,4.421,0.014,4.363,0.044,8120,15600,,0.50,0,0,2056x1285,L,2
2100,8.062,1.458,0.462,0.068,0.000,0.020,0.066,0.000,0.058,0.014,0.000,0.044,8120,15600,,0.50,0,0,2056x1285,L,2
2101,8.276,0.000,0.401,0.048,0.000,0.020,0.034,0.000,4.132,0.014,4.074,0.044,8120,15600,,0.50,0,0,2056x1285,L,2
2102,8.356,0.994,0.359,0.039,0.000,0.013,0.043,0.000,3.967,0.014,3.909,0.044,8120,15600,,0.50,0,0,2056x1285,L,2
2103,8.237,0.000,0.354,0.052,0.000,0.019,0.051,0.000,3.977,0.014,3.919,0.044,8120,15600,,0.50,0,0,2056x1285,L,2
2104,8.366,0.791,0.284,0.037,0.000,0.012,0.036,0.000,3.870,0.014,3.812,0.044,8120,15600,,0.50,0,0,2056x1285,L,2
2105,8.309,0.000,0.274,0.030,0.000,0.009,0.033,0.000,0.058,0.014,0.000,0.044,8120,15600,,0.50,0,0,2056x1285,L,2
2106,8.332,0.634,0.246,0.026,0.000,0.008,0.041,0.000,3.778,0.014,3.720,0.044,8120,15600,,0.50,0,0,2056x1285,L,2
2107,8.302,0.000,0.271,0.029,0.000,0.010,0.027,0.000,0.058,0.014,0.000,0.044,8120,15600,,0.50,0,0,2056x1285,L,2
2108,8.476,0.777,0.233,0.025,0.000,0.008,0.024,0.000,0.058,0.014,0.000,0.044,8120,15600,,0.50,0,0,2056x1285,L,2
2109,8.314,0.000,0.259,0.024,0.000,0.008,0.027,0.000,0.058,0.014,0.000,0.044,8120,15600,,0.50,0,0,2056x1285,L,2
2110,8.291,0.888,0.249,0.023,0.000,0.008,0.041,0.000,3.559,0.014,3.501,0.044,8120,15600,,0.50,0,0,2056x1285,L,2
2111,8.230,0.000,0.274,0.026,0.000,0.013,0.038,0.000,3.557,0.014,3.499,0.044,8120,15600,,0.50,0,0,2056x1285,L,2
2112,8.512,0.730,0.266,0.023,0.000,0.008,0.037,0.000,3.530,0.014,3.472,0.044,8120,15600,,0.50,0,0,2056x1285,L,2
2113,8.132,0.000,0.306,0.029,0.000,0.009,0.034,0.000,3.555,0.014,3.497,0.044,8120,15600,,0.50,0,0,2056x1285,L,2
2114,8.544,0.700,0.259,0.027,0.000,0.009,0.045,0.000,3.556,0.014,3.498,0.044,8120,15600,,0.50,0,0,2056x1285,L,2
2115,8.265,0.000,0.277,0.024,0.000,0.008,0.024,0.000,3.553,0.014,3.495,0.044,8120,15600,,0.50,0,0,2056x1285,L,2
2116,8.305,0.872,0.270,0.025,0.000,0.009,0.024,0.000,3.544,0.014,3.486,0.044,8120,15600,,0.50,0,0,2056x1285,L,2
2117,8.395,0.000,0.334,0.033,0.000,0.012,0.039,0.000,0.058,0.014,0.000,0.044,8120,15600,,0.50,0,0,2056x1285,L,2
2118,8.375,0.752,0.418,0.026,0.000,0.011,0.023,0.000,3.553,0.014,3.495,0.044,8120,15600,,0.50,0,0,2056x1285,L,2
2119,8.138,0.000,0.319,0.029,0.000,0.008,0.032,0.000,3.559,0.014,3.501,0.044,8120,15600,,0.50,0,0,2056x1285,L,2
2120,8.483,0.783,0.307,0.035,0.000,0.009,0.029,0.000,3.567,0.014,3.509,0.044,8120,15600,,0.50,0,0,2056x1285,L,2
2121,8.079,0.000,0.386,0.033,0.000,0.019,0.032,0.000,3.630,0.014,3.572,0.044,8120,15600,,0.50,0,0,2056x1285,L,2
2122,16.859,1.104,0.305,0.035,0.000,0.021,0.037,0.000,0.058,0.014,0.000,0.044,8120,15600,,0.50,0,0,2056x1285,L,2
2123,8.306,0.967,0.334,0.035,0.000,0.011,0.032,0.000,3.766,0.014,3.708,0.044,8120,15600,,0.50,0,0,2056x1285,L,2
2124,8.341,0.000,0.373,0.041,0.000,0.013,0.037,0.000,0.058,0.014,0.000,0.044,8120,15600,,0.50,0,0,2056x1285,L,2
2125,8.303,0.942,0.335,0.034,0.000,0.010,0.034,0.000,0.058,0.014,0.000,0.044,8120,15600,,0.50,0,0,2056x1285,L,2
2126,8.378,0.000,0.412,0.030,0.000,0.010,0.043,0.000,0.058,0.014,0.000,0.044,8120,15600,,0.50,0,0,2056x1285,L,2
2127,8.296,0.997,0.367,0.040,0.000,0.013,0.037,0.000,0.058,0.014,0.000,0.044,8120,15600,,0.50,0,0,2056x1285,L,2
2128,16.721,0.000,0.443,0.034,0.000,0.013,0.045,0.000,0.058,0.014,0.000,0.044,8120,15600,,0.50,0,0,2056x1285,L,2
2129,8.336,0.976,0.403,0.037,0.000,0.012,0.068,0.000,0.058,0.014,0.000,0.044,8120,15600,,0.50,0,0,2056x1285,L,2
2130,8.281,1.000,0.414,0.045,0.000,0.021,0.055,0.000,4.032,0.014,3.974,0.044,8120,15600,,0.50,0,0,2056x1285,L,2
2131,8.297,0.000,0.483,0.043,0.000,0.022,0.037,0.000,0.058,0.014,0.000,0.044,8120,15600,,0.50,0,0,2056x1285,L,2
2132,8.408,1.021,0.381,0.039,0.000,0.012,0.070,0.000,0.058,0.014,0.000,0.044,8120,15600,,0.50,0,0,2056x1285,L,2
2133,8.425,0.000,0.491,0.040,0.000,0.013,0.076,0.000,0.058,0.014,0.000,0.044,8120,15600,,0.50,0,0,2056x1285,L,2
2134,8.212,1.164,0.445,0.056,0.000,0.018,0.051,0.000,4.447,0.014,4.389,0.044,8120,15600,,0.50,0,0,2056x1285,L,2
2135,8.827,0.000,0.532,0.049,0.000,0.016,0.050,0.000,0.058,0.014,0.000,0.044,8120,15600,,0.50,0,0,2056x1285,L,2
2136,7.805,1.140,0.407,0.044,0.000,0.013,0.061,0.000,0.058,0.014,0.000,0.044,8120,15600,,0.50,0,0,2056x1285,L,2
2137,8.422,0.000,0.551,0.049,0.000,0.017,0.098,0.000,0.058,0.014,0.000,0.044,8120,15600,,0.50,0,0,2056x1285,L,2
2138,8.239,1.850,0.525,0.065,0.000,0.023,0.057,0.000,0.058,0.014,0.000,0.044,8120,15600,,0.50,0,0,2056x1285,L,2
2139,8.271,0.000,0.597,0.080,0.000,0.033,0.069,0.000,4.726,0.014,4.668,0.044,8120,15600,,0.50,0,0,2056x1285,L,2
2140,8.601,1.338,0.527,0.060,0.000,0.017,0.073,0.000,0.058,0.014,0.000,0.044,8120,15600,,0.50,0,0,2056x1285,L,2
2141,8.195,0.001,0.582,0.084,0.000,0.073,0.080,0.000,4.929,0.014,4.871,0.044,8120,15600,,0.50,0,0,2056x1285,L,2
2142,8.111,1.187,0.361,0.063,0.000,0.018,0.061,0.000,0.058,0.014,0.000,0.044,8120,15600,,0.50,0,0,2056x1285,L,2
2143,8.354,0.000,0.448,0.079,0.000,0.031,0.058,0.000,4.993,0.014,4.935,0.044,8120,15600,,0.50,0,0,2056x1285,L,2
2144,8.202,0.725,0.336,0.065,0.000,0.023,0.037,0.000,5.192,0.014,5.134,0.044,8120,15600,,0.50,0,0,2056x1285,L,2
2145,8.205,0.000,0.296,0.034,0.000,0.010,0.028,0.000,0.058,0.014,0.000,0.044,8120,15600,,0.50,0,0,2056x1285,L,2
2146,8.327,0.604,0.275,0.039,0.000,0.013,0.036,0.000,0.058,0.014,0.000,0.044,8120,15600,,0.50,0,0,2056x1285,L,2
2147,8.431,0.000,0.273,0.044,0.000,0.013,0.038,0.000,5.600,0.014,5.542,0.044,8120,15600,,0.50,0,0,2056x1285,L,2
2148,8.260,0.831,0.257,0.042,0.000,0.012,0.028,0.000,0.058,0.014,0.000,0.044,8120,15600,,0.50,0,0,2056x1285,L,2
2149,8.364,0.000,0.249,0.029,0.000,0.008,0.031,0.000,0.058,0.014,0.000,0.044,8120,15600,,0.50,0,0,2056x1285,L,2
2150,10.244,0.691,0.242,0.034,0.000,0.014,0.030,0.000,0.058,0.014,0.000,0.044,8120,15600,,0.50,0,0,2056x1285,L,2
2151,7.238,0.000,0.250,0.022,0.000,0.007,0.033,0.000,5.491,0.014,5.433,0.044,8120,15600,,0.50,0,0,2056x1285,L,2
2152,7.551,0.611,0.241,0.033,0.000,0.013,0.032,0.000,0.058,0.014,0.000,0.044,8120,15600,,0.50,0,0,2056x1285,L,2
2153,8.251,0.000,0.251,0.027,0.000,0.008,0.020,0.000,4.997,0.014,4.939,0.044,8120,15600,,0.50,0,0,2056x1285,L,2
2154,8.321,0.578,0.229,0.026,0.000,0.014,0.032,0.000,0.058,0.014,0.000,0.044,8120,15600,,0.50,0,0,2056x1285,L,2
2155,8.248,0.000,0.245,0.026,0.000,0.008,0.026,0.000,4.925,0.014,4.867,0.044,8120,15600,,0.50,0,0,2056x1285,L,2
2156,8.422,0.701,0.216,0.026,0.000,0.008,0.025,0.000,4.916,0.014,4.858,0.044,8120,15600,,0.50,0,0,2056x1285,L,2
2157,8.345,0.000,0.249,0.029,0.000,0.009,0.042,0.000,4.914,0.014,4.856,0.044,8120,15600,,0.50,0,0,2056x1285,L,2
2158,8.251,0.529,0.266,0.036,0.000,0.014,0.028,0.000,4.917,0.014,4.859,0.044,8120,15600,,0.50,0,0,2056x1285,L,2
2159,8.453,0.000,0.259,0.024,0.000,0.009,0.034,0.000,0.058,0.014,0.000,0.044,8120,15600,,0.50,0,0,2056x1285,L,2
2160,8.202,0.552,0.331,0.041,0.000,0.012,0.025,0.000,4.858,0.014,4.800,0.044,8120,15600,,0.50,0,0,2056x1285,L,2
2161,8.369,0.000,0.251,0.028,0.000,0.009,0.032,0.000,4.786,0.014,4.728,0.044,8120,15600,,0.50,0,0,2056x1285,L,2
2162,8.245,0.584,0.219,0.036,0.000,0.011,0.039,0.000,4.793,0.014,4.735,0.044,8120,15600,,0.50,0,0,2056x1285,L,2
2163,8.318,0.000,0.387,0.038,0.000,0.014,0.032,0.000,4.797,0.014,4.739,0.044,8120,15600,,0.50,0,0,2056x1285,L,2
2164,8.600,0.536,0.260,0.045,0.000,0.018,0.044,0.000,0.058,0.014,0.000,0.044,8120,15600,,0.50,0,0,2056x1285,L,2
2165,8.116,0.000,0.281,0.055,0.000,0.015,0.032,0.000,0.058,0.014,0.000,0.044,8120,15600,,0.50,0,0,2056x1285,L,2
2166,8.221,0.599,0.220,0.034,0.000,0.011,0.030,0.000,4.786,0.014,4.728,0.044,8120,15600,,0.50,0,0,2056x1285,L,2
2167,8.346,0.000,0.225,0.033,0.000,0.009,0.030,0.000,4.798,0.014,4.740,0.044,8120,15600,,0.50,0,0,2056x1285,L,2
2168,8.314,0.538,0.244,0.044,0.000,0.013,0.041,0.000,4.787,0.014,4.728,0.044,8120,15600,,0.50,0,0,2056x1285,L,2
2169,8.288,0.000,0.247,0.044,0.000,0.017,0.029,0.000,4.881,0.014,4.823,0.044,8120,15600,,0.50,0,0,2056x1285,L,2
2170,8.341,0.718,0.257,0.036,0.000,0.011,0.034,0.000,0.058,0.014,0.000,0.044,8120,15600,,0.50,0,0,2056x1285,L,2
2171,8.247,0.000,0.227,0.035,0.000,0.012,0.021,0.000,4.906,0.014,4.848,0.044,8120,15600,,0.50,0,0,2056x1285,L,2
2172,8.153,0.705,0.215,0.032,0.000,0.008,0.034,0.000,0.058,0.014,0.000,0.044,8120,15600,,0.50,0,0,2056x1285,L,2
2173,8.384,0.000,0.232,0.043,0.000,0.013,0.034,0.000,0.058,0.014,0.000,0.044,8120,15600,,0.50,0,0,2056x1285,L,2
2174,8.180,0.557,0.228,0.039,0.000,0.013,0.024,0.000,4.919,0.014,4.861,0.044,8120,15600,,0.50,0,0,2056x1285,L,2
2175,8.658,0.000,0.227,0.031,0.000,0.009,0.038,0.000,4.915,0.014,4.857,0.044,8120,15600,,0.50,0,0,2056x1285,L,2
2176,8.208,0.663,0.237,0.046,0.000,0.013,0.035,0.000,0.058,0.014,0.000,0.044,8120,15600,,0.50,0,0,2056x1285,L,2
2177,8.297,0.000,0.267,0.041,0.000,0.016,0.030,0.000,5.003,0.014,4.945,0.044,8120,15600,,0.50,0,0,2056x1285,L,2
2178,8.200,0.562,0.216,0.033,0.000,0.010,0.032,0.000,5.118,0.014,5.060,0.044,8120,15600,,0.50,0,0,2056x1285,L,2
2179,8.303,0.000,0.239,0.044,0.000,0.015,0.035,0.000,5.229,0.014,5.171,0.044,8120,15600,,0.50,0,0,2056x1285,L,2
2180,8.482,0.714,0.237,0.048,0.000,0.015,0.042,0.000,5.337,0.014,5.279,0.044,8120,15600,,0.50,0,0,2056x1285,L,2
2181,8.211,0.000,0.231,0.037,0.000,0.011,0.033,0.000,5.520,0.014,5.462,0.044,8120,15600,,0.50,0,0,2056x1285,L,2
2182,8.352,0.521,0.222,0.045,0.000,0.012,0.024,0.000,5.611,0.014,5.553,0.044,8120,15600,,0.50,0,0,2056x1285,L,2
2183,8.317,0.000,0.235,0.025,0.000,0.009,0.024,0.000,5.611,0.014,5.552,0.044,8120,15600,,0.50,0,0,2056x1285,L,2
2184,8.477,0.603,0.222,0.028,0.000,0.009,0.037,0.000,5.601,0.014,5.543,0.044,8120,15600,,0.50,0,0,2056x1285,L,2
2185,8.269,0.000,0.221,0.033,0.000,0.010,0.026,0.000,5.691,0.014,5.633,0.044,8120,15600,,0.50,0,0,2056x1285,L,2
2186,8.189,0.611,0.234,0.031,0.000,0.010,0.025,0.000,5.812,0.014,5.754,0.044,8120,15600,,0.50,0,0,2056x1285,L,2
2187,8.292,0.000,0.250,0.030,0.000,0.009,0.031,0.000,6.018,0.014,5.960,0.044,8120,15600,,0.50,0,0,2056x1285,L,2
2188,8.299,0.520,0.258,0.043,0.000,0.011,0.031,0.000,0.058,0.014,0.000,0.044,8120,15600,,0.50,0,0,2056x1285,L,2
2189,8.368,0.000,0.304,0.039,0.000,0.012,0.052,0.000,6.344,0.014,6.286,0.044,8120,15600,,0.50,0,0,2056x1285,L,2
2190,8.269,0.685,0.264,0.054,0.000,0.013,0.026,0.000,0.058,0.014,0.000,0.044,8120,15600,,0.50,0,0,2056x1285,L,2
2191,8.383,0.000,0.235,0.033,0.000,0.014,0.041,0.000,0.058,0.014,0.000,0.044,8120,15600,,0.50,0,0,2056x1285,L,2
2192,8.507,0.735,0.230,0.161,0.000,0.015,0.099,0.000,0.058,0.014,0.000,0.044,8120,15600,mode_hd,1.00,1,0,4112x2570,L,2
2193,30.122,0.000,0.304,0.044,0.000,0.012,0.046,0.000,24.822,0.025,24.755,0.043,8120,15600,,1.00,1,0,4112x2570,L,2
2194,16.581,1.200,0.230,0.056,0.000,0.013,0.049,0.000,15.267,0.017,15.206,0.044,8120,15600,,1.00,1,0,4112x2570,L,2
2195,14.909,0.686,0.264,0.057,0.000,0.014,0.045,0.000,12.905,0.014,12.844,0.047,8120,15600,,1.00,1,0,4112x2570,L,2
2196,14.814,0.600,0.227,0.048,0.000,0.012,0.042,0.000,12.910,0.014,12.852,0.044,8120,15600,,1.00,1,0,4112x2570,L,2
2197,13.854,0.726,0.273,0.059,0.000,0.016,0.048,0.000,12.908,0.014,12.849,0.045,8120,15600,,1.00,1,0,4112x2570,L,2
2198,14.899,0.674,0.230,0.053,0.000,0.014,0.049,0.000,12.906,0.013,12.849,0.044,8120,15600,,1.00,1,0,4112x2570,L,2
2199,14.951,0.730,0.228,0.051,0.000,0.015,0.051,0.000,12.933,0.014,12.871,0.048,8120,15600,,1.00,1,0,4112x2570,L,2
2200,14.942,0.734,0.273,0.056,0.000,0.019,0.055,0.000,12.908,0.013,12.847,0.048,8120,15600,,1.00,1,0,4112x2570,L,2
2201,14.265,0.000,0.267,0.061,0.000,0.016,0.048,0.000,12.911,0.014,12.851,0.046,8120,15600,,1.00,1,0,4112x2570,L,2
2202,14.861,0.723,0.223,0.046,0.000,0.012,0.029,0.000,12.912,0.014,12.853,0.045,8120,15600,,1.00,1,0,4112x2570,L,2
2203,14.709,0.569,0.203,0.029,0.000,0.009,0.040,0.000,12.916,0.014,12.852,0.050,8120,15600,,1.00,1,0,4112x2570,L,2
2204,14.752,0.613,0.221,0.036,0.000,0.011,0.029,0.000,12.915,0.014,12.851,0.050,8120,15600,,1.00,1,0,4112x2570,L,2
2205,14.676,0.563,0.228,0.025,0.000,0.008,0.057,0.000,12.910,0.014,12.851,0.045,8120,15600,,1.00,1,0,4112x2570,L,2
2206,13.700,0.730,0.227,0.041,0.000,0.012,0.034,0.000,12.904,0.014,12.845,0.045,8120,15600,,1.00,1,0,4112x2570,L,2
2207,14.673,0.585,0.226,0.034,0.000,0.010,0.036,0.000,12.907,0.014,12.850,0.043,8120,15600,,1.00,1,0,4112x2570,L,2
2208,14.657,0.560,0.249,0.038,0.000,0.010,0.032,0.000,12.912,0.014,12.858,0.039,8120,15600,,1.00,1,0,4112x2570,L,2
2209,14.431,0.000,0.382,0.033,0.000,0.010,0.054,0.000,12.928,0.014,12.870,0.044,8120,15600,,1.00,1,0,4112x2570,L,2
2210,14.868,0.611,0.268,0.059,0.000,0.016,0.048,0.000,12.908,0.014,12.849,0.045,8120,15600,,1.00,1,0,4112x2570,L,2
2211,14.654,0.538,0.258,0.050,0.000,0.014,0.053,0.000,12.922,0.014,12.864,0.043,8120,15600,,1.00,1,0,4112x2570,L,2
2212,14.835,0.526,0.241,0.049,0.000,0.013,0.057,0.000,12.906,0.013,12.848,0.045,8120,15600,,1.00,1,0,4112x2570,L,2
2213,14.994,0.723,0.235,0.058,0.000,0.014,0.065,0.000,12.912,0.014,12.856,0.043,8120,15600,,1.00,1,0,4112x2570,L,2
2214,13.955,0.741,0.289,0.057,0.000,0.017,0.049,0.000,12.903,0.014,12.847,0.043,8120,15600,,1.00,1,0,4112x2570,L,2
2215,14.843,0.592,0.261,0.054,0.000,0.017,0.051,0.000,12.905,0.014,12.849,0.041,8120,15600,,1.00,1,0,4112x2570,L,2
2216,14.820,0.553,0.268,0.049,0.000,0.015,0.046,0.000,12.903,0.014,12.845,0.044,8120,15600,,1.00,1,0,4112x2570,L,2
2217,14.444,0.000,0.412,0.049,0.000,0.013,0.056,0.000,12.903,0.014,12.847,0.042,8120,15600,,1.00,1,0,4112x2570,L,2
2218,13.879,0.716,0.272,0.061,0.000,0.016,0.069,0.000,12.922,0.014,12.867,0.041,8120,15600,,1.00,1,0,4112x2570,L,2
2219,15.015,0.717,0.281,0.056,0.000,0.017,0.050,0.000,12.907,0.014,12.849,0.044,8120,15600,,1.00,1,0,4112x2570,L,2
2220,14.792,0.570,0.235,0.051,0.000,0.014,0.048,0.000,12.929,0.014,12.872,0.043,8120,15600,,1.00,1,0,4112x2570,L,2
2221,14.802,0.539,0.278,0.050,0.000,0.014,0.054,0.000,12.903,0.013,12.848,0.042,8120,15600,,1.00,1,0,4112x2570,L,2
2222,14.982,0.729,0.273,0.053,0.000,0.015,0.054,0.000,12.906,0.014,12.849,0.044,8120,15600,,1.00,1,0,4112x2570,L,2
2223,15.057,0.585,0.273,0.051,0.000,0.014,0.056,0.000,12.909,0.014,12.849,0.046,8120,15600,,1.00,1,0,4112x2570,L,2
2224,14.981,0.737,0.245,0.051,0.000,0.015,0.055,0.000,12.909,0.016,12.850,0.042,8120,15600,,1.00,1,0,4112x2570,L,2
2225,14.912,0.588,0.280,0.050,0.000,0.014,0.111,0.000,12.908,0.015,12.850,0.044,8120,15600,,1.00,1,0,4112x2570,L,2
2226,14.320,0.000,0.324,0.048,0.000,0.014,0.034,0.000,12.908,0.015,12.851,0.042,8120,15600,,1.00,1,0,4112x2570,L,2
2227,14.724,0.716,0.213,0.036,0.000,0.010,0.029,0.000,12.898,0.014,12.841,0.043,8120,15600,,1.00,1,0,4112x2570,L,2
2228,14.565,0.571,0.209,0.032,0.000,0.008,0.035,0.000,12.916,0.018,12.854,0.045,8120,15600,,1.00,1,0,4112x2570,L,2
2229,14.540,0.537,0.209,0.029,0.000,0.008,0.035,0.000,12.925,0.013,12.867,0.045,8120,15600,,1.00,1,0,4112x2570,L,2
2230,14.585,0.521,0.256,0.027,0.000,0.008,0.063,0.000,12.929,0.018,12.868,0.044,8120,15600,,1.00,1,0,4112x2570,L,2
2231,14.646,0.550,0.221,0.030,0.000,0.013,0.038,0.000,12.927,0.014,12.869,0.044,8120,15600,,1.00,1,0,4112x2570,L,2
2232,14.530,0.521,0.226,0.040,0.000,0.011,0.029,0.000,12.905,0.014,12.848,0.044,8120,15600,,1.00,1,0,4112x2570,L,2
2233,14.541,0.517,0.251,0.028,0.000,0.009,0.028,0.000,12.922,0.014,12.864,0.044,8120,15600,,1.00,1,0,4112x2570,L,2
2234,14.028,0.000,0.232,0.026,0.000,0.009,0.031,0.000,12.911,0.017,12.849,0.045,8120,15600,,1.00,1,0,4112x2570,L,2
2235,14.542,0.532,0.218,0.032,0.000,0.009,0.032,0.000,12.917,0.017,12.854,0.045,8120,15600,,1.00,1,0,4112x2570,L,2
2236,14.550,0.523,0.246,0.026,0.000,0.008,0.027,0.000,12.910,0.017,12.847,0.046,8120,15600,,1.00,1,0,4112x2570,L,2
2237,14.523,0.514,0.257,0.023,0.000,0.008,0.034,0.000,12.908,0.017,12.844,0.046,8120,15600,,1.00,1,0,4112x2570,L,2
2238,14.534,0.515,0.203,0.022,0.000,0.007,0.035,0.000,12.913,0.017,12.853,0.043,8120,15600,,1.00,1,0,4112x2570,L,2
2239,14.764,0.721,0.252,0.032,0.000,0.010,0.038,0.000,12.911,0.017,12.851,0.043,8120,15600,,1.00,1,0,4112x2570,L,2
2240,14.493,0.511,0.217,0.022,0.000,0.007,0.032,0.000,12.911,0.017,12.849,0.045,8120,15600,,1.00,1,0,4112x2570,L,2
2241,14.567,0.509,0.243,0.019,0.000,0.007,0.034,0.000,12.904,0.014,12.850,0.039,8120,15600,,1.00,1,0,4112x2570,L,2
2242,14.136,0.000,0.343,0.036,0.000,0.012,0.037,0.000,12.916,0.014,12.860,0.041,8120,15600,,1.00,1,0,4112x2570,L,2
2243,14.841,0.633,0.237,0.039,0.000,0.012,0.049,0.000,12.914,0.014,12.854,0.046,8120,15600,,1.00,1,0,4112x2570,L,2
2244,14.881,0.707,0.238,0.056,0.000,0.015,0.051,0.000,12.903,0.014,12.845,0.044,8120,15600,,1.00,1,0,4112x2570,L,2
2245,14.927,0.603,0.259,0.053,0.000,0.014,0.065,0.000,12.907,0.014,12.848,0.045,8120,15600,,1.00,1,0,4112x2570,L,2
2246,14.929,0.729,0.233,0.067,0.000,0.017,0.045,0.000,12.928,0.014,12.871,0.043,8120,15600,,1.00,1,0,4112x2570,L,2
2247,13.825,0.733,0.254,0.048,0.000,0.012,0.048,0.000,12.902,0.013,12.847,0.042,8120,15600,,1.00,1,0,4112x2570,L,2
2248,13.785,0.715,0.249,0.048,0.000,0.015,0.049,0.000,12.906,0.014,12.847,0.045,8120,15600,,1.00,1,0,4112x2570,L,2
2249,14.201,0.000,0.382,0.041,0.000,0.012,0.033,0.000,12.919,0.013,12.864,0.042,8120,15600,,1.00,1,0,4112x2570,L,2
2250,13.800,0.722,0.252,0.035,0.000,0.010,0.045,0.000,12.920,0.018,12.857,0.045,8120,15600,,1.00,1,0,4112x2570,L,2
2251,14.976,0.748,0.299,0.048,0.000,0.013,0.045,0.000,12.917,0.014,12.859,0.044,8120,15600,,1.00,1,0,4112x2570,L,2
2252,14.941,0.623,0.261,0.042,0.000,0.012,0.060,0.000,12.912,0.014,12.855,0.043,8120,15600,,1.00,1,0,4112x2570,L,2
2253,14.913,0.749,0.214,0.061,0.000,0.015,0.044,0.000,12.902,0.014,12.845,0.043,8120,15600,,1.00,1,0,4112x2570,L,2
2254,13.885,0.716,0.353,0.048,0.000,0.013,0.039,0.000,12.923,0.014,12.868,0.041,8120,15600,,1.00,1,0,4112x2570,L,2
2255,14.724,0.573,0.223,0.054,0.000,0.014,0.039,0.000,12.907,0.014,12.851,0.042,8120,15600,,1.00,1,0,4112x2570,L,2
2256,14.693,0.555,0.213,0.048,0.000,0.012,0.046,0.000,12.919,0.014,12.860,0.044,8120,15600,,1.00,1,0,4112x2570,L,2
2257,14.102,0.000,0.240,0.049,0.000,0.014,0.035,0.000,12.923,0.014,12.864,0.045,8120,15600,,1.00,1,0,4112x2570,L,2
2258,14.786,0.729,0.219,0.038,0.000,0.011,0.034,0.000,12.915,0.014,12.857,0.043,8120,15600,,1.00,1,0,4112x2570,L,2
2259,14.677,0.593,0.263,0.033,0.000,0.012,0.032,0.000,12.911,0.017,12.849,0.044,8120,15600,,1.00,1,0,4112x2570,L,2
2260,14.610,0.567,0.251,0.030,0.000,0.009,0.026,0.000,12.905,0.018,12.844,0.044,8120,15600,,1.00,1,0,4112x2570,L,2
2261,14.532,0.521,0.208,0.024,0.000,0.008,0.038,0.000,12.904,0.017,12.842,0.045,8120,15600,,1.00,1,0,4112x2570,L,2
2262,14.826,0.602,0.276,0.024,0.000,0.009,0.055,0.000,12.911,0.014,12.852,0.045,8120,15600,,1.00,1,0,4112x2570,L,2
2263,13.645,0.720,0.237,0.035,0.000,0.013,0.029,0.000,12.908,0.018,12.847,0.044,8120,15600,,1.00,1,0,4112x2570,L,2
2264,14.617,0.523,0.241,0.024,0.000,0.009,0.039,0.000,12.916,0.014,12.858,0.044,8120,15600,,1.00,1,0,4112x2570,L,2
2265,14.070,0.000,0.241,0.026,0.000,0.009,0.037,0.000,12.913,0.014,12.854,0.045,8120,15600,,1.00,1,0,4112x2570,L,2
2266,14.807,0.725,0.244,0.027,0.000,0.008,0.033,0.000,12.907,0.014,12.849,0.044,8120,15600,,1.00,1,0,4112x2570,L,2
2267,14.734,0.726,0.247,0.028,0.000,0.009,0.030,0.000,12.910,0.018,12.847,0.045,8120,15600,,1.00,1,0,4112x2570,L,2
2268,14.605,0.602,0.220,0.024,0.000,0.008,0.028,0.000,12.911,0.017,12.851,0.044,8120,15600,,1.00,1,0,4112x2570,L,2
2269,14.515,0.536,0.204,0.026,0.000,0.008,0.027,0.000,12.908,0.017,12.848,0.043,8120,15600,,1.00,1,0,4112x2570,L,2
2270,14.549,0.514,0.241,0.021,0.000,0.007,0.027,0.000,12.920,0.018,12.856,0.046,8120,15600,,1.00,1,0,4112x2570,L,2
2271,14.609,0.617,0.244,0.026,0.000,0.008,0.036,0.000,12.907,0.015,12.847,0.045,8120,15600,,1.00,1,0,4112x2570,L,2
2272,14.653,0.541,0.246,0.024,0.000,0.009,0.034,0.000,12.912,0.018,12.848,0.046,8120,15600,,1.00,1,0,4112x2570,L,2
2273,14.042,0.000,0.234,0.025,0.000,0.009,0.031,0.000,12.911,0.014,12.852,0.045,8120,15600,,1.00,1,0,4112x2570,L,2
2274,14.785,0.728,0.242,0.026,0.000,0.009,0.031,0.000,12.929,0.018,12.867,0.045,8120,15600,,1.00,1,0,4112x2570,L,2
2275,14.757,0.616,0.250,0.026,0.000,0.008,0.040,0.000,12.929,0.017,12.866,0.045,8120,15600,,1.00,1,0,4112x2570,L,2
2276,14.994,0.727,0.229,0.036,0.000,0.012,0.061,0.000,12.926,0.014,12.866,0.045,8120,15600,,1.00,1,0,4112x2570,L,2
2277,14.944,0.715,0.238,0.052,0.000,0.015,0.046,0.000,12.918,0.014,12.852,0.051,8120,15600,,1.00,1,0,4112x2570,L,2
2278,14.874,0.579,0.234,0.052,0.000,0.015,0.067,0.000,12.940,0.014,12.874,0.052,8120,15600,,1.00,1,0,4112x2570,L,2
2279,13.822,0.732,0.280,0.056,0.000,0.016,0.040,0.000,12.905,0.014,12.845,0.046,8120,15600,,1.00,1,0,4112x2570,L,2
2280,14.772,0.591,0.219,0.041,0.000,0.011,0.051,0.000,12.902,0.014,12.845,0.043,8120,15600,,1.00,1,0,4112x2570,L,2
2281,14.198,0.000,0.262,0.048,0.000,0.014,0.046,0.000,12.928,0.014,12.872,0.043,8120,15600,,1.00,1,0,4112x2570,L,2
2282,14.611,0.547,0.219,0.046,0.000,0.013,0.031,0.000,12.904,0.014,12.846,0.044,8120,15600,,1.00,1,0,4112x2570,L,2
2283,14.625,0.550,0.244,0.034,0.000,0.009,0.035,0.000,12.926,0.018,12.865,0.044,8120,15600,,1.00,1,0,4112x2570,L,2
2284,14.732,0.544,0.211,0.030,0.000,0.009,0.051,0.000,12.910,0.014,12.851,0.045,8120,15600,,1.00,1,0,4112x2570,L,2
2285,14.836,0.735,0.220,0.053,0.000,0.014,0.034,0.000,12.905,0.014,12.848,0.044,8120,15600,,1.00,1,0,4112x2570,L,2
2286,14.612,0.569,0.212,0.036,0.000,0.011,0.036,0.000,12.904,0.017,12.843,0.044,8120,15600,,1.00,1,0,4112x2570,L,2
2287,14.786,0.726,0.210,0.040,0.000,0.011,0.034,0.000,12.910,0.014,12.851,0.044,8120,15600,,1.00,1,0,4112x2570,L,2
2288,14.782,0.706,0.256,0.034,0.000,0.010,0.045,0.000,12.913,0.014,12.855,0.045,8120,15600,,1.00,1,0,4112x2570,L,2
2289,14.187,0.000,0.384,0.028,0.000,0.013,0.030,0.000,12.917,0.018,12.855,0.044,8120,15600,,1.00,1,0,4112x2570,L,2
2290,14.800,0.623,0.214,0.026,0.000,0.008,0.052,0.000,12.908,0.017,12.849,0.042,8120,15600,,1.00,1,0,4112x2570,L,2
2291,14.914,0.730,0.260,0.048,0.000,0.013,0.039,0.000,12.924,0.014,12.868,0.042,8120,15600,,1.00,1,0,4112x2570,L,2
2292,14.645,0.604,0.218,0.045,0.000,0.012,0.037,0.000,12.930,0.014,12.872,0.044,8120,15600,,1.00,1,0,4112x2570,L,2
2293,14.612,0.541,0.208,0.032,0.000,0.009,0.035,0.000,12.912,0.017,12.850,0.044,8120,15600,,1.00,1,0,4112x2570,L,2
2294,14.704,0.644,0.204,0.033,0.000,0.010,0.044,0.000,12.910,0.017,12.849,0.043,8120,15600,,1.00,1,0,4112x2570,L,2
2295,13.652,0.718,0.250,0.035,0.000,0.010,0.028,0.000,12.915,0.017,12.854,0.044,8120,15600,,1.00,1,0,4112x2570,L,2
2296,14.639,0.593,0.242,0.026,0.000,0.008,0.032,0.000,12.906,0.014,12.847,0.045,8120,15600,,1.00,1,0,4112x2570,L,2
2297,14.014,0.000,0.229,0.023,0.000,0.008,0.031,0.000,12.911,0.017,12.850,0.043,8120,15600,,1.00,1,0,4112x2570,L,2
2298,14.605,0.600,0.205,0.025,0.000,0.008,0.038,0.000,12.926,0.014,12.867,0.045,8120,15600,,1.00,1,0,4112x2570,L,2
2299,14.553,0.533,0.212,0.025,0.000,0.007,0.030,0.000,12.904,0.014,12.848,0.043,8120,15600,,1.00,1,0,4112x2570,L,2
2300,14.743,0.646,0.218,0.028,0.000,0.008,0.036,0.000,12.909,0.018,12.849,0.042,8120,15600,,1.00,1,0,4112x2570,L,2
2301,14.587,0.535,0.213,0.034,0.000,0.010,0.032,0.000,12.908,0.014,12.852,0.042,8120,15600,,1.00,1,0,4112x2570,L,2
2302,14.636,0.592,0.252,0.027,0.000,0.009,0.030,0.000,12.909,0.014,12.850,0.045,8120,15600,,1.00,1,0,4112x2570,L,2
2303,14.559,0.552,0.202,0.023,0.000,0.008,0.030,0.000,12.910,0.014,12.851,0.045,8120,15600,,1.00,1,0,4112x2570,L,2
2304,14.746,0.715,0.244,0.025,0.000,0.009,0.026,0.000,12.920,0.014,12.863,0.044,8120,15600,,1.00,1,0,4112x2570,L,2
2305,14.183,0.000,0.357,0.025,0.000,0.011,0.032,0.000,12.934,0.017,12.870,0.047,8120,15600,,1.00,1,0,4112x2570,L,2
2306,14.698,0.579,0.214,0.034,0.000,0.010,0.036,0.000,12.902,0.014,12.843,0.045,8120,15600,,1.00,1,0,4112x2570,L,2
2307,14.705,0.528,0.252,0.050,0.000,0.012,0.045,0.000,12.901,0.014,12.844,0.044,8120,15600,,1.00,1,0,4112x2570,L,2
2308,14.568,0.512,0.253,0.043,0.000,0.012,0.027,0.000,12.910,0.014,12.853,0.043,8120,15600,,1.00,1,0,4112x2570,L,2
2309,14.629,0.507,0.236,0.032,0.000,0.009,0.043,0.000,12.910,0.014,12.853,0.044,8120,15600,,1.00,1,0,4112x2570,L,2
2310,13.836,0.720,0.224,0.037,0.000,0.012,0.074,0.000,12.907,0.017,12.848,0.042,8120,15600,,1.00,1,0,4112x2570,L,2
2311,13.811,0.725,0.263,0.054,0.000,0.016,0.045,0.000,12.904,0.014,12.842,0.047,8120,15600,,1.00,1,0,4112x2570,L,2
2312,14.271,0.000,0.367,0.048,0.000,0.013,0.047,0.000,12.909,0.014,12.849,0.046,8120,15600,,1.00,1,0,4112x2570,L,2
2313,14.927,0.695,0.230,0.053,0.000,0.014,0.051,0.000,12.907,0.014,12.850,0.043,8120,15600,,1.00,1,0,4112x2570,L,2
2314,14.920,0.741,0.232,0.057,0.000,0.016,0.063,0.000,12.907,0.014,12.851,0.043,8120,15600,,1.00,1,0,4112x2570,L,2
2315,14.629,0.607,0.248,0.051,0.000,0.014,0.040,0.000,12.911,0.017,12.850,0.044,8120,15600,,1.00,1,0,4112x2570,L,2
2316,14.726,0.590,0.221,0.040,0.000,0.012,0.041,0.000,12.910,0.014,12.852,0.043,8120,15600,,1.00,1,0,4112x2570,L,2
2317,14.751,0.734,0.248,0.036,0.000,0.012,0.035,0.000,12.911,0.014,12.854,0.043,8120,15600,,1.00,1,0,4112x2570,L,2
2318,14.818,0.656,0.256,0.032,0.000,0.009,0.042,0.000,12.904,0.014,12.846,0.043,8120,15600,,1.00,1,0,4112x2570,L,2
2319,14.727,0.593,0.251,0.043,0.000,0.011,0.039,0.000,12.931,0.014,12.874,0.043,8120,15600,,1.00,1,0,4112x2570,L,2
2320,14.687,0.548,0.224,0.042,0.000,0.013,0.039,0.000,12.908,0.015,12.850,0.043,8120,15600,,1.00,1,0,4112x2570,L,2
2321,14.331,0.000,0.386,0.041,0.000,0.012,0.035,0.000,12.909,0.014,12.850,0.045,8120,15600,,1.00,1,0,4112x2570,L,2
2322,14.634,0.523,0.240,0.037,0.000,0.010,0.044,0.000,12.912,0.014,12.854,0.044,8120,15600,,1.00,1,0,4112x2570,L,2
2323,14.723,0.511,0.241,0.034,0.000,0.011,0.047,0.000,12.926,0.014,12.868,0.044,8120,15600,,1.00,1,0,4112x2570,L,2
2324,14.764,0.664,0.254,0.048,0.000,0.014,0.035,0.000,12.907,0.014,12.851,0.042,8120,15600,,1.00,1,0,4112x2570,L,2
2325,14.692,0.573,0.240,0.036,0.000,0.010,0.043,0.000,12.924,0.017,12.863,0.044,8120,15600,,1.00,1,0,4112x2570,L,2
2326,13.670,0.719,0.248,0.040,0.000,0.011,0.036,0.000,12.906,0.017,12.845,0.044,8120,15600,,1.00,1,0,4112x2570,L,2
2327,14.613,0.583,0.221,0.031,0.000,0.009,0.027,0.000,12.911,0.014,12.853,0.044,8120,15600,,1.00,1,0,4112x2570,L,2
2328,14.164,0.000,0.380,0.025,0.000,0.008,0.026,0.000,12.903,0.014,12.844,0.045,8120,15600,,1.00,1,0,4112x2570,L,2
2329,14.603,0.554,0.239,0.026,0.000,0.007,0.033,0.000,12.926,0.014,12.868,0.044,8120,15600,,1.00,1,0,4112x2570,L,2
2330,14.738,0.730,0.219,0.031,0.000,0.010,0.030,0.000,12.913,0.018,12.851,0.044,8120,15600,,1.00,1,0,4112x2570,L,2
2331,14.656,0.600,0.211,0.026,0.000,0.007,0.040,0.000,12.912,0.017,12.851,0.044,8120,15600,,1.00,1,0,4112x2570,L,2
2332,14.772,0.721,0.223,0.038,0.000,0.011,0.032,0.000,0.057,0.014,0.000,0.043,8120,15600,,1.00,1,0,4112x2570,L,2
2333,14.722,0.576,0.255,0.029,0.000,0.008,0.040,0.000,12.911,0.017,12.854,0.040,8120,15600,,1.00,1,0,4112x2570,L,2
2334,14.864,0.702,0.251,0.059,0.000,0.015,0.039,0.000,12.905,0.014,12.849,0.042,8120,15600,,1.00,1,0,4112x2570,L,2
2335,13.551,0.578,0.240,0.046,0.000,0.013,0.042,0.000,12.903,0.014,12.847,0.042,8120,15600,tshadow_off,1.00,1,0,4112x2570,N,3
2336,9.277,0.000,0.240,0.046,0.000,0.013,0.054,0.000,0.729,0.017,0.666,0.046,8120,15600,,1.00,1,0,4112x2570,N,3
2337,8.417,0.706,0.255,0.071,0.000,0.015,0.033,0.000,0.725,0.017,0.665,0.044,8120,15600,,1.00,1,0,4112x2570,N,3
2338,8.296,0.696,0.243,0.035,0.000,0.011,0.035,0.000,0.725,0.016,0.665,0.045,8120,15600,,1.00,1,0,4112x2570,N,3
2339,8.271,0.000,0.403,0.032,0.000,0.011,0.030,0.000,0.730,0.017,0.668,0.046,8120,15600,,1.00,1,0,4112x2570,N,3
2340,8.418,0.683,0.215,0.032,0.000,0.010,0.040,0.000,0.728,0.017,0.667,0.044,8120,15600,,1.00,1,0,4112x2570,N,3
2341,8.278,0.000,0.388,0.032,0.000,0.014,0.033,0.000,0.719,0.016,0.660,0.043,8120,15600,,1.00,1,0,4112x2570,N,3
2342,8.309,0.679,0.259,0.034,0.000,0.011,0.030,0.000,0.721,0.017,0.662,0.043,8120,15600,,1.00,1,0,4112x2570,N,3
2343,8.345,0.000,0.374,0.025,0.000,0.009,0.032,0.000,0.723,0.017,0.664,0.043,8120,15600,,1.00,1,0,4112x2570,N,3
2344,8.309,0.747,0.226,0.059,0.000,0.016,0.036,0.000,0.727,0.017,0.666,0.043,8120,15600,,1.00,1,0,4112x2570,N,3
2345,8.302,0.000,0.311,0.034,0.000,0.011,0.031,0.000,0.725,0.016,0.665,0.043,8120,15600,,1.00,1,0,4112x2570,N,3
2346,8.322,0.735,0.217,0.027,0.000,0.010,0.030,0.000,0.721,0.017,0.661,0.043,8120,15600,,1.00,1,0,4112x2570,N,3
2347,8.351,0.000,0.225,0.023,0.000,0.007,0.038,0.000,0.722,0.017,0.661,0.044,8120,15600,,1.00,1,0,4112x2570,N,3
2348,8.351,0.635,0.222,0.026,0.000,0.010,0.079,0.000,0.720,0.017,0.659,0.044,8120,15600,,1.00,1,0,4112x2570,N,3
2349,8.361,0.000,0.335,0.025,0.000,0.012,0.037,0.000,0.727,0.016,0.666,0.045,8120,15600,,1.00,1,0,4112x2570,N,3
2350,8.292,0.609,0.254,0.051,0.000,0.015,0.031,0.000,0.727,0.018,0.666,0.043,8120,15600,,1.00,1,0,4112x2570,N,3
2351,8.389,0.000,0.238,0.034,0.000,0.010,0.040,0.000,0.723,0.017,0.664,0.042,8120,15600,,1.00,1,0,4112x2570,N,3
2352,8.366,0.577,0.259,0.048,0.000,0.015,0.043,0.000,0.718,0.017,0.660,0.041,8120,15600,,1.00,1,0,4112x2570,N,3
2353,8.189,0.000,0.411,0.045,0.000,0.016,0.031,0.000,0.720,0.018,0.661,0.041,8120,15600,,1.00,1,0,4112x2570,N,3
2354,8.122,0.543,0.255,0.076,0.000,0.019,0.031,0.000,0.729,0.018,0.669,0.043,8120,15600,,1.00,1,0,4112x2570,N,3
2355,8.314,0.000,0.388,0.026,0.000,0.008,0.025,0.000,0.726,0.017,0.666,0.043,8120,15600,,1.00,1,0,4112x2570,N,3
2356,8.426,0.526,0.240,0.025,0.000,0.009,0.037,0.000,0.727,0.017,0.667,0.043,8120,15600,,1.00,1,0,4112x2570,N,3
2357,8.248,0.000,0.380,0.033,0.000,0.011,0.030,0.000,0.725,0.017,0.664,0.044,8120,15600,,1.00,1,0,4112x2570,N,3
2358,8.335,0.723,0.217,0.032,0.000,0.009,0.036,0.000,0.724,0.017,0.663,0.044,8120,15600,,1.00,1,0,4112x2570,N,3
2359,8.365,0.000,0.236,0.024,0.000,0.008,0.033,0.000,0.721,0.017,0.661,0.043,8120,15600,,1.00,1,0,4112x2570,N,3
2360,8.268,0.715,0.249,0.033,0.000,0.011,0.026,0.000,0.732,0.017,0.670,0.044,8120,15600,,1.00,1,0,4112x2570,N,3
2361,8.322,0.000,0.217,0.025,0.000,0.008,0.027,0.000,0.739,0.017,0.677,0.044,8120,15600,,1.00,1,0,4112x2570,N,3
2362,8.343,0.580,0.214,0.025,0.000,0.008,0.039,0.000,0.729,0.017,0.668,0.044,8120,15600,,1.00,1,0,4112x2570,N,3
2363,8.377,0.000,0.234,0.022,0.000,0.007,0.037,0.000,0.717,0.016,0.658,0.043,8120,15600,,1.00,1,0,4112x2570,N,3
2364,8.309,0.744,0.373,0.042,0.000,0.015,0.030,0.000,0.735,0.018,0.672,0.045,8120,15600,,1.00,1,0,4112x2570,N,3
2365,8.292,0.000,0.230,0.028,0.000,0.009,0.029,0.000,0.719,0.017,0.659,0.043,8120,15600,,1.00,1,0,4112x2570,N,3
2366,8.475,0.730,0.231,0.031,0.000,0.012,0.028,0.000,0.727,0.017,0.666,0.045,8120,15600,,1.00,1,0,4112x2570,N,3
2367,8.258,0.000,0.263,0.024,0.000,0.010,0.040,0.000,0.737,0.017,0.676,0.044,8120,15600,,1.00,1,0,4112x2570,N,3
2368,8.263,0.690,0.254,0.068,0.000,0.013,0.033,0.000,0.734,0.018,0.674,0.043,8120,15600,,1.00,1,0,4112x2570,N,3
2369,8.338,0.000,0.229,0.026,0.000,0.008,0.031,0.000,0.726,0.017,0.668,0.042,8120,15600,,1.00,1,0,4112x2570,N,3
2370,8.308,0.724,0.258,0.038,0.000,0.011,0.037,0.000,0.723,0.017,0.663,0.043,8120,15600,,1.00,1,0,4112x2570,N,3
2371,8.343,0.000,0.221,0.022,0.000,0.007,0.034,0.000,0.721,0.016,0.661,0.043,8120,15600,,1.00,1,0,4112x2570,N,3
2372,8.386,0.694,0.244,0.027,0.000,0.012,0.028,0.000,0.728,0.017,0.669,0.043,8120,15600,,1.00,1,0,4112x2570,N,3
2373,8.255,0.000,0.261,0.021,0.000,0.010,0.043,0.000,0.724,0.017,0.664,0.043,8120,15600,,1.00,1,0,4112x2570,N,3
2374,8.316,0.587,0.253,0.024,0.000,0.009,0.031,0.000,0.724,0.016,0.665,0.043,8120,15600,,1.00,1,0,4112x2570,N,3
2375,8.332,0.000,0.225,0.019,0.000,0.010,0.030,0.000,0.726,0.016,0.666,0.043,8120,15600,,1.00,1,0,4112x2570,N,3
2376,8.318,0.709,0.215,0.030,0.000,0.016,0.028,0.000,0.725,0.017,0.666,0.042,8120,15600,,1.00,1,0,4112x2570,N,3
2377,8.330,0.000,0.227,0.020,0.000,0.008,0.026,0.000,0.727,0.016,0.669,0.041,8120,15600,,1.00,1,0,4112x2570,N,3
2378,8.349,0.584,0.215,0.019,0.000,0.008,0.025,0.000,0.736,0.017,0.675,0.044,8120,15600,,1.00,1,0,4112x2570,N,3
2379,8.296,0.000,0.230,0.024,0.000,0.010,0.026,0.000,0.725,0.017,0.665,0.044,8120,15600,,1.00,1,0,4112x2570,N,3
2380,8.363,0.543,0.264,0.021,0.000,0.007,0.057,0.000,0.723,0.017,0.662,0.044,8120,15600,,1.00,1,0,4112x2570,N,3
2381,8.325,0.000,0.238,0.023,0.000,0.011,0.038,0.000,0.728,0.017,0.667,0.044,8120,15600,,1.00,1,0,4112x2570,N,3
2382,8.342,0.560,0.251,0.024,0.000,0.008,0.027,0.000,0.732,0.017,0.670,0.044,8120,15600,,1.00,1,0,4112x2570,N,3
2383,8.320,0.000,0.225,0.020,0.000,0.007,0.036,0.000,0.732,0.017,0.672,0.044,8120,15600,,1.00,1,0,4112x2570,N,3
2384,8.453,0.536,0.245,0.020,0.000,0.008,0.032,0.000,0.736,0.018,0.674,0.045,8120,15600,,1.00,1,0,4112x2570,N,3
2385,8.299,0.000,0.263,0.026,0.000,0.009,0.042,0.000,0.737,0.017,0.675,0.044,8120,15600,,1.00,1,0,4112x2570,N,3
2386,8.329,0.719,0.274,0.124,0.000,0.029,0.045,0.000,0.743,0.016,0.680,0.046,8120,15600,,1.00,1,0,4112x2570,N,3
2387,8.222,0.000,0.246,0.046,0.000,0.014,0.032,0.000,0.736,0.018,0.674,0.044,8120,15600,,1.00,1,0,4112x2570,N,3
2388,8.314,0.546,0.225,0.040,0.000,0.012,0.029,0.000,0.723,0.017,0.662,0.044,8120,15600,,1.00,1,0,4112x2570,N,3
2389,8.350,0.000,0.363,0.029,0.000,0.009,0.033,0.000,0.727,0.016,0.669,0.042,8120,15600,,1.00,1,0,4112x2570,N,3
2390,8.307,0.734,0.224,0.049,0.000,0.012,0.030,0.000,0.727,0.018,0.666,0.043,8120,15600,,1.00,1,0,4112x2570,N,3
2391,8.349,0.000,0.380,0.024,0.000,0.011,0.031,0.000,0.768,0.019,0.706,0.043,8120,15600,,1.00,1,0,4112x2570,N,3
2392,8.281,0.718,0.263,0.031,0.000,0.014,0.025,0.000,0.762,0.017,0.702,0.043,8120,15600,,1.00,1,0,4112x2570,N,3
2393,8.371,0.000,0.221,0.021,0.000,0.007,0.030,0.000,0.764,0.017,0.704,0.043,8120,15600,,1.00,1,0,4112x2570,N,3
2394,8.346,0.670,0.229,0.028,0.000,0.009,0.034,0.000,0.816,0.018,0.753,0.045,8120,15600,,1.00,1,0,4112x2570,N,3
2395,8.176,0.000,0.245,0.032,0.000,0.010,0.029,0.000,0.803,0.018,0.743,0.042,8120,15600,,1.00,1,0,4112x2570,N,3
2396,8.472,0.613,0.217,0.028,0.000,0.009,0.037,0.000,0.842,0.019,0.780,0.044,8120,15600,,1.00,1,0,4112x2570,N,3
2397,8.325,0.000,0.271,0.033,0.000,0.011,0.046,0.000,0.847,0.019,0.782,0.045,8120,15600,,1.00,1,0,4112x2570,N,3
2398,8.327,0.607,0.254,0.050,0.000,0.018,0.051,0.000,0.930,0.019,0.865,0.046,8120,15600,,1.00,1,0,4112x2570,N,3
2399,8.291,0.000,0.263,0.054,0.000,0.016,0.053,0.000,0.930,0.019,0.866,0.045,8120,15600,,1.00,1,0,4112x2570,N,3
2400,8.419,0.568,0.279,0.057,0.000,0.017,0.050,0.000,1.033,0.021,0.967,0.046,8120,15600,,1.00,1,0,4112x2570,N,3
2401,16.576,0.000,0.278,0.053,0.000,0.019,0.056,0.000,1.033,0.020,0.968,0.045,8120,15600,,1.00,1,0,4112x2570,N,3
2402,8.304,0.626,0.240,0.058,0.000,0.019,0.044,0.000,1.118,0.022,1.048,0.047,8120,15600,,1.00,1,0,4112x2570,N,3
2403,8.317,0.739,0.265,0.054,0.000,0.017,0.041,0.000,1.175,0.023,1.104,0.048,8120,15600,,1.00,1,0,4112x2570,N,3
2404,8.387,0.000,0.344,0.047,0.000,0.018,0.056,0.000,1.310,0.026,1.234,0.050,8120,15600,,1.00,1,0,4112x2570,N,3
2405,8.229,0.734,0.256,0.065,0.000,0.019,0.048,0.000,1.361,0.028,1.280,0.053,8120,15600,,1.00,1,0,4112x2570,N,3
2406,8.352,0.000,0.343,0.050,0.000,0.016,0.045,0.000,1.565,0.033,1.479,0.053,8120,15600,,1.00,1,0,4112x2570,N,3
2407,8.431,0.576,0.261,0.057,0.000,0.015,0.044,0.000,1.742,0.033,1.651,0.059,8120,15600,,1.00,1,0,4112x2570,N,3
2408,8.216,0.000,0.279,0.050,0.000,0.015,0.050,0.000,1.742,0.034,1.649,0.059,8120,15600,,1.00,1,0,4112x2570,N,3
2409,8.322,0.758,0.264,0.056,0.000,0.020,0.047,0.000,2.207,0.058,2.090,0.060,8120,15600,,1.00,1,0,4112x2570,N,3
2410,8.298,0.000,0.364,0.057,0.000,0.018,0.045,0.000,3.153,0.058,3.010,0.086,8120,15600,,1.00,1,0,4112x2570,N,3
2411,8.340,0.635,0.261,0.054,0.000,0.015,0.050,0.000,3.155,0.057,3.011,0.086,8120,15600,,1.00,1,0,4112x2570,N,3
2412,8.303,0.000,0.359,0.047,0.000,0.014,0.048,0.000,3.152,0.058,3.008,0.086,8120,15600,,1.00,1,0,4112x2570,N,3
2413,8.385,0.659,0.230,0.055,0.000,0.020,0.056,0.000,3.153,0.057,3.009,0.087,8120,15600,,1.00,1,0,4112x2570,N,3
2414,8.258,0.000,0.250,0.053,0.000,0.018,0.042,0.000,3.154,0.057,3.010,0.087,8120,15600,,1.00,1,0,4112x2570,N,3
2415,8.400,0.600,0.237,0.054,0.000,0.016,0.060,0.000,3.157,0.058,3.014,0.085,8120,15600,,1.00,1,0,4112x2570,N,3
2416,8.254,0.000,0.263,0.056,0.000,0.017,0.053,0.000,3.155,0.059,3.011,0.085,8120,15600,,1.00,1,0,4112x2570,N,3
2417,8.261,0.726,0.231,0.055,0.000,0.016,0.042,0.000,3.153,0.058,3.009,0.087,8120,15600,,1.00,1,0,4112x2570,N,3
2418,8.380,0.000,0.252,0.041,0.000,0.016,0.048,0.000,3.146,0.058,3.004,0.084,8120,15600,,1.00,1,0,4112x2570,N,3
2419,8.336,0.570,0.234,0.053,0.000,0.017,0.051,0.000,3.149,0.057,3.009,0.082,8120,15600,,1.00,1,0,4112x2570,N,3
2420,8.270,0.000,0.257,0.052,0.000,0.018,0.047,0.000,3.153,0.058,3.011,0.085,8120,15600,,1.00,1,0,4112x2570,N,3
2421,8.392,0.609,0.232,0.048,0.000,0.014,0.053,0.000,3.153,0.057,3.010,0.086,8120,15600,,1.00,1,0,4112x2570,N,3
2422,8.287,0.000,0.258,0.054,0.000,0.017,0.046,0.000,3.154,0.057,3.010,0.087,8120,15600,,1.00,1,0,4112x2570,N,3
2423,8.186,0.733,0.239,0.048,0.000,0.015,0.031,0.000,3.151,0.056,3.009,0.086,8120,15600,,1.00,1,0,4112x2570,N,3
2424,8.375,0.000,0.227,0.030,0.000,0.010,0.036,0.000,3.150,0.055,3.009,0.086,8120,15600,,1.00,1,0,4112x2570,N,3
2425,8.337,0.566,0.220,0.036,0.000,0.012,0.036,0.000,3.158,0.057,3.017,0.084,8120,15600,,1.00,1,0,4112x2570,N,3
2426,8.374,0.000,0.372,0.039,0.000,0.013,0.035,0.000,3.151,0.056,3.009,0.086,8120,15600,,1.00,1,0,4112x2570,N,3
2427,8.337,0.541,0.232,0.029,0.000,0.008,0.037,0.000,3.153,0.058,3.010,0.085,8120,15600,,1.00,1,0,4112x2570,N,3
2428,8.279,0.000,0.262,0.026,0.000,0.008,0.040,0.000,3.154,0.057,3.012,0.085,8120,15600,,1.00,1,0,4112x2570,N,3
2429,8.273,0.546,0.230,0.040,0.000,0.017,0.031,0.000,3.153,0.058,3.010,0.084,8120,15600,,1.00,1,0,4112x2570,N,3
2430,8.319,0.000,0.244,0.030,0.000,0.009,0.033,0.000,3.150,0.056,3.007,0.086,8120,15600,,1.00,1,0,4112x2570,N,3
2431,8.446,0.528,0.221,0.032,0.000,0.009,0.033,0.000,3.144,0.055,3.005,0.084,8120,15600,,1.00,1,0,4112x2570,N,3
2432,8.312,0.000,0.264,0.036,0.000,0.009,0.051,0.000,3.151,0.057,3.009,0.086,8120,15600,,1.00,1,0,4112x2570,N,3
2433,8.232,0.725,0.221,0.058,0.000,0.015,0.056,0.000,3.154,0.058,3.010,0.086,8120,15600,,1.00,1,0,4112x2570,N,3
2434,8.288,0.000,0.248,0.039,0.000,0.014,0.031,0.000,3.154,0.057,3.012,0.085,8120,15600,,1.00,1,0,4112x2570,N,3
2435,8.377,0.523,0.244,0.028,0.000,0.009,0.039,0.000,3.148,0.056,3.006,0.086,8120,15600,,1.00,1,0,4112x2570,N,3
2436,8.387,0.000,0.338,0.032,0.000,0.015,0.046,0.000,3.153,0.058,3.009,0.086,8120,15600,,1.00,1,0,4112x2570,N,3
2437,8.209,0.730,0.269,0.047,0.000,0.013,0.029,0.000,3.150,0.058,3.008,0.084,8120,15600,,1.00,1,0,4112x2570,N,3
2438,8.349,0.000,0.227,0.027,0.000,0.008,0.047,0.000,3.153,0.056,3.010,0.086,8120,15600,,1.00,1,0,4112x2570,N,3
2439,8.311,0.510,0.247,0.024,0.000,0.008,0.036,0.000,3.154,0.058,3.010,0.086,8120,15600,,1.00,1,0,4112x2570,N,3
2440,8.339,0.000,0.227,0.021,0.000,0.011,0.032,0.000,3.153,0.056,3.011,0.085,8120,15600,,1.00,1,0,4112x2570,N,3
2441,8.380,0.684,0.257,0.027,0.000,0.009,0.034,0.000,3.155,0.055,3.014,0.086,8120,15600,,1.00,1,0,4112x2570,N,3
2442,8.247,0.000,0.244,0.031,0.000,0.013,0.023,0.000,3.150,0.056,3.009,0.085,8120,15600,,1.00,1,0,4112x2570,N,3
2443,8.337,0.510,0.235,0.023,0.000,0.006,0.042,0.000,3.156,0.058,3.012,0.086,8120,15600,,1.00,1,0,4112x2570,N,3
2444,8.351,0.000,0.343,0.026,0.000,0.012,0.047,0.000,3.153,0.058,3.010,0.086,8120,15600,,1.00,1,0,4112x2570,N,3
2445,8.363,0.722,0.239,0.023,0.000,0.009,0.038,0.000,3.151,0.058,3.009,0.085,8120,15600,,1.00,1,0,4112x2570,N,3
2446,8.254,0.000,0.243,0.030,0.000,0.011,0.031,0.000,3.151,0.057,3.009,0.086,8120,15600,,1.00,1,0,4112x2570,N,3
2447,8.340,0.736,0.237,0.026,0.000,0.010,0.029,0.000,3.152,0.057,3.009,0.086,8120,15600,,1.00,1,0,4112x2570,N,3
2448,8.442,0.000,0.230,0.023,0.000,0.011,0.050,0.000,3.146,0.056,3.005,0.085,8120,15600,,1.00,1,0,4112x2570,N,3
2449,8.211,0.734,0.265,0.042,0.000,0.013,0.028,0.000,3.148,0.056,3.007,0.085,8120,15600,,1.00,1,0,4112x2570,N,3
2450,8.326,0.000,0.225,0.024,0.000,0.012,0.040,0.000,3.157,0.057,3.015,0.085,8120,15600,,1.00,1,0,4112x2570,N,3
2451,8.453,0.636,0.247,0.021,0.000,0.010,0.074,0.000,3.153,0.058,3.009,0.086,8120,15600,,1.00,1,0,4112x2570,N,3
2452,8.217,0.000,0.339,0.048,0.000,0.016,0.031,0.000,3.150,0.058,3.007,0.086,8120,15600,,1.00,1,0,4112x2570,N,3
2453,8.291,0.735,0.247,0.038,0.000,0.012,0.028,0.000,3.155,0.058,3.011,0.085,8120,15600,,1.00,1,0,4112x2570,N,3
2454,8.347,0.000,0.225,0.025,0.000,0.012,0.027,0.000,3.149,0.056,3.007,0.086,8120,15600,,1.00,1,0,4112x2570,N,3
2455,8.305,0.598,0.213,0.025,0.000,0.009,0.028,0.000,3.152,0.056,3.010,0.086,8120,15600,,1.00,1,0,4112x2570,N,3
2456,8.400,0.000,0.235,0.022,0.000,0.010,0.050,0.000,3.152,0.057,3.011,0.085,8120,15600,,1.00,1,0,4112x2570,N,3
2457,8.360,0.728,0.264,0.028,0.000,0.010,0.051,0.000,3.154,0.056,3.011,0.087,8120,15600,,1.00,1,0,4112x2570,N,3
2458,8.357,0.000,0.245,0.027,0.000,0.010,0.048,0.000,3.154,0.057,3.010,0.087,8120,15600,,1.00,1,0,4112x2570,N,3
2459,8.209,0.609,0.247,0.047,0.000,0.016,0.030,0.000,3.153,0.058,3.010,0.085,8120,15600,,1.00,1,0,4112x2570,N,3
2460,8.320,0.000,0.222,0.026,0.000,0.012,0.029,0.000,3.158,0.058,3.014,0.086,8120,15600,,1.00,1,0,4112x2570,N,3
2461,8.355,0.545,0.210,0.030,0.000,0.008,0.033,0.000,3.151,0.057,3.008,0.085,8120,15600,,1.00,1,0,4112x2570,N,3
2462,8.294,0.000,0.230,0.027,0.000,0.009,0.032,0.000,3.162,0.057,3.020,0.085,8120,15600,,1.00,1,0,4112x2570,N,3
2463,8.316,0.668,0.242,0.027,0.000,0.009,0.025,0.000,3.148,0.056,3.007,0.085,8120,15600,,1.00,1,0,4112x2570,N,3
2464,8.346,0.000,0.229,0.023,0.000,0.010,0.032,0.000,3.154,0.056,3.010,0.088,8120,15600,,1.00,1,0,4112x2570,N,3
2465,8.334,0.741,0.239,0.023,0.000,0.008,0.044,0.000,3.149,0.056,3.008,0.085,8120,15600,,1.00,1,0,4112x2570,N,3
2466,8.294,0.000,0.234,0.023,0.000,0.008,0.025,0.000,3.153,0.056,3.011,0.085,8120,15600,,1.00,1,0,4112x2570,N,3
2467,8.350,0.578,0.236,0.021,0.000,0.007,0.027,0.000,3.155,0.056,3.013,0.085,8120,15600,,1.00,1,0,4112x2570,N,3
2468,8.300,0.000,0.255,0.023,0.000,0.008,0.024,0.000,3.155,0.059,3.011,0.086,8120,15600,,1.00,1,0,4112x2570,N,3
2469,8.324,0.607,0.205,0.023,0.000,0.010,0.025,0.000,3.157,0.058,3.014,0.085,8120,15600,,1.00,1,0,4112x2570,N,3
2470,8.343,0.000,0.229,0.020,0.000,0.007,0.026,0.000,3.156,0.057,3.013,0.086,8120,15600,,1.00,1,0,4112x2570,N,3
2471,8.326,0.722,0.205,0.021,0.000,0.011,0.029,0.000,3.154,0.056,3.012,0.086,8120,15600,,1.00,1,0,4112x2570,N,3
2472,8.323,0.000,0.246,0.022,0.000,0.010,0.033,0.000,3.150,0.056,3.009,0.085,8120,15600,,1.00,1,0,4112x2570,N,3
2473,8.324,0.589,0.232,0.020,0.000,0.007,0.025,0.000,3.149,0.057,3.007,0.085,8120,15600,,1.00,1,0,4112x2570,N,3
2474,8.342,0.000,0.268,0.021,0.000,0.011,0.037,0.000,3.157,0.056,3.015,0.087,8120,15600,,1.00,1,0,4112x2570,N,3
2475,8.313,0.537,0.233,0.022,0.000,0.008,0.023,0.000,3.151,0.056,3.009,0.086,8120,15600,,1.00,1,0,4112x2570,N,3
2476,8.355,0.000,0.222,0.018,0.000,0.007,0.039,0.000,3.149,0.057,3.006,0.085,8120,15600,,1.00,1,0,4112x2570,N,3
2477,8.319,0.568,0.251,0.019,0.000,0.007,0.031,0.000,3.152,0.057,3.010,0.085,8120,15600,,1.00,1,0,4112x2570,N,3
2478,8.313,0.000,0.222,0.019,0.000,0.010,0.025,0.000,3.153,0.056,3.010,0.086,8120,15600,,1.00,1,0,4112x2570,N,3
2479,8.350,0.590,0.231,0.018,0.000,0.007,0.033,0.000,3.158,0.057,3.014,0.086,8120,15600,,1.00,1,0,4112x2570,N,3
2480,8.299,0.000,0.257,0.020,0.000,0.008,0.025,0.000,3.152,0.057,3.010,0.085,8120,15600,,1.00,1,0,4112x2570,N,3
2481,8.351,0.722,0.239,0.020,0.000,0.010,0.023,0.000,3.155,0.056,3.013,0.086,8120,15600,,1.00,1,0,4112x2570,N,3
2482,8.308,0.000,0.225,0.020,0.000,0.010,0.024,0.000,3.144,0.056,3.003,0.085,8120,15600,,1.00,1,0,4112x2570,N,3
2483,8.360,0.572,0.219,0.022,0.000,0.007,0.041,0.000,3.150,0.056,3.007,0.086,8120,15600,,1.00,1,0,4112x2570,N,3
2484,8.299,0.000,0.264,0.024,0.000,0.008,0.024,0.000,3.155,0.058,3.011,0.086,8120,15600,,1.00,1,0,4112x2570,N,3
2485,8.375,0.532,0.237,0.021,0.000,0.007,0.038,0.000,3.152,0.056,3.010,0.086,8120,15600,,1.00,1,0,4112x2570,N,3
2486,8.325,0.000,0.245,0.019,0.000,0.009,0.040,0.000,3.153,0.057,3.010,0.086,8120,15600,,1.00,1,0,4112x2570,N,3
2487,8.327,0.720,0.244,0.024,0.000,0.011,0.037,0.000,3.155,0.057,3.013,0.086,8120,15600,,1.00,1,0,4112x2570,N,3
2488,8.324,0.000,0.253,0.018,0.000,0.010,0.028,0.000,3.156,0.056,3.015,0.085,8120,15600,,1.00,1,0,4112x2570,N,3
2489,8.306,0.719,0.224,0.025,0.000,0.009,0.028,0.000,3.150,0.057,3.005,0.087,8120,15600,,1.00,1,0,4112x2570,N,3
2490,8.325,0.000,0.227,0.023,0.000,0.011,0.021,0.000,3.147,0.056,3.006,0.084,8120,15600,,1.00,1,0,4112x2570,N,3
2491,8.345,0.587,0.202,0.019,0.000,0.007,0.042,0.000,3.151,0.056,3.009,0.085,8120,15600,,1.00,1,0,4112x2570,N,3
2492,8.289,0.000,0.251,0.022,0.000,0.011,0.022,0.000,3.160,0.058,3.017,0.086,8120,15600,,1.00,1,0,4112x2570,N,3
2493,16.665,0.528,0.211,0.022,0.000,0.007,0.029,0.000,3.156,0.058,3.011,0.086,8120,15600,,1.00,1,0,4112x2570,N,3
2494,8.371,0.561,0.211,0.024,0.000,0.008,0.038,0.000,3.150,0.056,3.010,0.085,8120,15600,,1.00,1,0,4112x2570,N,3
2495,8.565,0.000,0.225,0.022,0.000,0.007,0.131,0.000,3.154,0.056,3.014,0.084,8120,15600,,1.00,1,0,4112x2570,N,3
2496,8.210,0.675,0.312,0.069,0.000,0.024,0.045,0.000,3.157,0.058,3.013,0.087,8120,15600,,1.00,1,0,4112x2570,N,3
2497,8.377,0.000,0.245,0.054,0.000,0.020,0.063,0.000,3.154,0.058,3.010,0.087,8120,15600,,1.00,1,0,4112x2570,N,3
2498,8.238,0.757,0.267,0.067,0.000,0.023,0.050,0.000,3.152,0.057,3.010,0.085,8120,15600,,1.00,1,0,4112x2570,N,3
2499,8.306,0.000,0.247,0.049,0.000,0.016,0.064,0.000,3.153,0.057,3.011,0.085,8120,15600,,1.00,1,0,4112x2570,N,3
2500,8.273,0.752,0.242,0.049,0.000,0.014,0.036,0.000,3.154,0.056,3.012,0.086,8120,15600,,1.00,1,0,4112x2570,N,3
2501,8.278,0.000,0.244,0.036,0.000,0.011,0.033,0.000,3.155,0.059,3.012,0.084,8120,15600,,1.00,1,0,4112x2570,N,3
2502,8.374,0.667,0.214,0.034,0.000,0.013,0.037,0.000,3.158,0.055,3.016,0.087,8120,15600,,1.00,1,0,4112x2570,N,3
2503,8.357,0.000,0.234,0.035,0.000,0.016,0.041,0.000,3.150,0.056,3.009,0.086,8120,15600,,1.00,1,0,4112x2570,N,3
2504,8.250,0.721,0.219,0.039,0.000,0.017,0.037,0.000,3.149,0.056,3.009,0.085,8120,15600,,1.00,1,0,4112x2570,N,3
2505,8.382,0.000,0.239,0.026,0.000,0.012,0.045,0.000,3.148,0.056,3.007,0.085,8120,15600,,1.00,1,0,4112x2570,N,3
2506,8.262,0.745,0.226,0.034,0.000,0.012,0.031,0.000,3.150,0.056,3.007,0.087,8120,15600,,1.00,1,0,4112x2570,N,3
2507,8.357,0.000,0.241,0.023,0.000,0.008,0.035,0.000,3.153,0.058,3.011,0.085,8120,15600,,1.00,1,0,4112x2570,N,3
2508,8.289,0.727,0.224,0.030,0.000,0.010,0.029,0.000,3.177,0.057,3.034,0.086,8120,15600,,1.00,1,0,4112x2570,N,3
2509,8.322,0.000,0.224,0.026,0.000,0.011,0.032,0.000,3.152,0.058,3.009,0.085,8120,15600,,1.00,1,0,4112x2570,N,3
2510,8.373,0.658,0.221,0.026,0.000,0.008,0.035,0.000,3.157,0.056,3.016,0.085,8120,15600,,1.00,1,0,4112x2570,N,3
2511,8.269,0.000,0.238,0.024,0.000,0.010,0.028,0.000,3.147,0.055,3.006,0.085,8120,15600,,1.00,1,0,4112x2570,N,3
2512,8.402,0.567,0.214,0.023,0.000,0.007,0.033,0.000,3.149,0.057,3.007,0.085,8120,15600,,1.00,1,0,4112x2570,N,3
2513,8.315,0.000,0.235,0.033,0.000,0.013,0.035,0.000,3.148,0.056,3.007,0.085,8120,15600,,1.00,1,0,4112x2570,N,3
2514,8.294,0.632,0.217,0.035,0.000,0.014,0.028,0.000,3.143,0.056,3.003,0.084,8120,15600,,1.00,1,0,4112x2570,N,3
2515,8.339,0.000,0.227,0.026,0.000,0.012,0.033,0.000,3.149,0.056,3.010,0.082,8120,15600,,1.00,1,0,4112x2570,N,3
2516,8.462,0.678,0.244,0.030,0.000,0.012,0.051,0.000,3.165,0.057,3.020,0.087,8120,15600,,1.00,1,0,4112x2570,N,3
2517,8.232,0.000,0.400,0.058,0.000,0.016,0.046,0.000,3.155,0.057,3.010,0.088,8120,15600,,1.00,1,0,4112x2570,N,3
2518,8.311,0.721,0.267,0.044,0.000,0.014,0.043,0.000,3.153,0.056,3.005,0.092,8120,15600,,1.00,1,0,4112x2570,N,3
2519,8.285,0.000,0.243,0.032,0.000,0.013,0.031,0.000,3.152,0.056,3.010,0.086,8120,15600,,1.00,1,0,4112x2570,N,3
2520,8.317,0.745,0.246,0.029,0.000,0.010,0.040,0.000,3.151,0.056,3.011,0.084,8120,15600,,1.00,1,0,4112x2570,N,3
2521,8.351,0.000,0.226,0.024,0.000,0.009,0.054,0.000,3.152,0.056,3.010,0.086,8120,15600,,1.00,1,0,4112x2570,N,3
2522,8.295,0.734,0.247,0.028,0.000,0.010,0.028,0.000,3.148,0.056,3.007,0.085,8120,15600,,1.00,1,0,4112x2570,N,3
2523,8.344,0.000,0.228,0.024,0.000,0.008,0.033,0.000,3.148,0.056,3.007,0.084,8120,15600,,1.00,1,0,4112x2570,N,3
2524,8.326,0.726,0.246,0.026,0.000,0.012,0.041,0.000,3.150,0.057,3.008,0.085,8120,15600,,1.00,1,0,4112x2570,N,3
2525,8.314,0.000,0.232,0.022,0.000,0.008,0.045,0.000,3.151,0.058,3.008,0.085,8120,15600,,1.00,1,0,4112x2570,N,3
2526,8.303,0.677,0.245,0.023,0.000,0.011,0.029,0.000,3.151,0.057,3.009,0.085,8120,15600,,1.00,1,0,4112x2570,N,3
2527,8.381,0.000,0.224,0.019,0.000,0.011,0.030,0.000,3.148,0.056,3.007,0.085,8120,15600,,1.00,1,0,4112x2570,N,3
2528,8.389,0.726,0.283,0.024,0.000,0.012,0.037,0.000,3.154,0.056,3.013,0.085,8120,15600,,1.00,1,0,4112x2570,N,3
2529,8.217,0.000,0.279,0.034,0.000,0.014,0.028,0.000,3.145,0.056,3.008,0.082,8120,15600,,1.00,1,0,4112x2570,N,3
2530,8.333,0.603,0.210,0.027,0.000,0.011,0.045,0.000,3.149,0.056,3.008,0.085,8120,15600,,1.00,1,0,4112x2570,N,3
2531,8.336,0.000,0.267,0.024,0.000,0.011,0.039,0.000,3.154,0.057,3.013,0.085,8120,15600,,1.00,1,0,4112x2570,N,3
2532,8.461,0.580,0.242,0.021,0.000,0.012,0.042,0.000,3.152,0.057,3.009,0.087,8120,15600,,1.00,1,0,4112x2570,N,3
2533,8.319,0.000,0.271,0.036,0.000,0.014,0.043,0.000,3.155,0.059,3.009,0.087,8120,15600,,1.00,1,0,4112x2570,N,3
2534,8.324,0.632,0.259,0.051,0.000,0.015,0.051,0.000,3.153,0.057,3.009,0.087,8120,15600,,1.00,1,0,4112x2570,N,3
2535,8.223,0.000,0.364,0.053,0.000,0.018,0.059,0.000,3.154,0.057,3.011,0.086,8120,15600,,1.00,1,0,4112x2570,N,3
2536,8.291,0.739,0.226,0.045,0.000,0.014,0.042,0.000,3.153,0.056,3.011,0.085,8120,15600,,1.00,1,0,4112x2570,N,3
2537,8.312,0.000,0.357,0.031,0.000,0.013,0.038,0.000,3.150,0.056,3.007,0.087,8120,15600,,1.00,1,0,4112x2570,N,3
2538,8.316,0.681,0.218,0.026,0.000,0.008,0.028,0.000,3.158,0.056,3.014,0.087,8120,15600,,1.00,1,0,4112x2570,N,3
2539,8.325,0.000,0.229,0.026,0.000,0.011,0.031,0.000,3.148,0.056,3.006,0.086,8120,15600,,1.00,1,0,4112x2570,N,3
2540,8.336,0.571,0.232,0.021,0.000,0.011,0.042,0.000,3.162,0.057,3.019,0.085,8120,15600,,1.00,1,0,4112x2570,N,3
2541,8.320,0.000,0.376,0.024,0.000,0.011,0.027,0.000,3.155,0.057,3.013,0.085,8120,15600,,1.00,1,0,4112x2570,N,3
2542,8.344,0.579,0.216,0.023,0.000,0.008,0.037,0.000,3.158,0.057,3.015,0.086,8120,15600,,1.00,1,0,4112x2570,N,3
2543,8.309,0.000,0.226,0.021,0.000,0.007,0.034,0.000,3.149,0.056,3.007,0.086,8120,15600,,1.00,1,0,4112x2570,N,3
2544,8.360,0.545,0.241,0.021,0.000,0.008,0.033,0.000,3.149,0.056,3.009,0.085,8120,15600,,1.00,1,0,4112x2570,N,3
2545,8.327,0.000,0.366,0.027,0.000,0.011,0.047,0.000,3.148,0.056,3.007,0.085,8120,15600,,1.00,1,0,4112x2570,N,3
2546,8.427,0.534,0.236,0.031,0.000,0.012,0.038,0.000,3.151,0.057,3.009,0.085,8120,15600,,1.00,1,0,4112x2570,N,3
2547,8.256,0.000,0.272,0.036,0.000,0.014,0.041,0.000,3.151,0.058,3.008,0.085,8120,15600,,1.00,1,0,4112x2570,N,3
2548,8.344,0.756,0.236,0.037,0.000,0.012,0.041,0.000,3.151,0.057,3.007,0.086,8120,15600,,1.00,1,0,4112x2570,N,3
2549,8.268,0.000,0.351,0.034,0.000,0.012,0.028,0.000,3.159,0.059,3.015,0.085,8120,15600,,1.00,1,0,4112x2570,N,3
2550,8.317,0.590,0.244,0.033,0.000,0.010,0.043,0.000,3.150,0.057,3.009,0.085,8120,15600,,1.00,1,0,4112x2570,N,3
2551,8.494,0.000,0.346,0.024,0.000,0.011,0.046,0.000,3.150,0.056,3.008,0.086,8120,15600,,1.00,1,0,4112x2570,N,3
2552,8.240,0.738,0.221,0.053,0.000,0.016,0.038,0.000,3.157,0.058,3.013,0.087,8120,15600,,1.00,1,0,4112x2570,N,3
2553,8.275,0.000,0.375,0.041,0.000,0.012,0.039,0.000,3.157,0.058,3.013,0.087,8120,15600,,1.00,1,0,4112x2570,N,3
2554,8.335,0.731,0.265,0.040,0.000,0.012,0.045,0.000,3.150,0.057,3.007,0.086,8120,15600,,1.00,1,0,4112x2570,N,3
2555,8.323,0.000,0.250,0.032,0.000,0.010,0.042,0.000,3.149,0.057,3.006,0.086,8120,15600,,1.00,1,0,4112x2570,N,3
2556,8.301,0.659,0.247,0.034,0.000,0.011,0.051,0.000,3.152,0.057,3.011,0.084,8120,15600,,1.00,1,0,4112x2570,N,3
2557,8.319,0.000,0.249,0.032,0.000,0.010,0.034,0.000,3.153,0.058,3.010,0.085,8120,15600,,1.00,1,0,4112x2570,N,3
2558,8.330,0.735,0.241,0.025,0.000,0.009,0.053,0.000,3.148,0.056,3.006,0.086,8120,15600,,1.00,1,0,4112x2570,N,3
2559,8.303,0.000,0.234,0.025,0.000,0.009,0.028,0.000,3.154,0.057,3.010,0.087,8120,15600,,1.00,1,0,4112x2570,N,3
2560,8.295,0.728,0.209,0.023,0.000,0.009,0.024,0.000,3.147,0.057,3.004,0.086,8120,15600,,1.00,1,0,4112x2570,N,3
2561,8.536,0.000,0.235,0.020,0.000,0.011,0.031,0.000,3.196,0.056,3.007,0.133,8120,15600,,1.00,1,0,4112x2570,N,3
2562,8.136,0.592,0.207,0.022,0.000,0.007,0.023,0.000,3.155,0.056,3.012,0.087,8120,15600,,1.00,1,0,4112x2570,N,3
2563,8.325,0.000,0.240,0.022,0.000,0.007,0.026,0.000,3.244,0.058,3.043,0.142,8120,15600,,1.00,1,0,4112x2570,N,3
2564,8.327,0.602,0.253,0.024,0.000,0.008,0.028,0.000,3.150,0.056,3.009,0.086,8120,15600,,1.00,1,0,4112x2570,N,3
2565,8.365,0.000,0.221,0.022,0.000,0.011,0.027,0.000,3.157,0.058,3.013,0.086,8120,15600,,1.00,1,0,4112x2570,N,3
2566,8.298,0.609,0.244,0.024,0.000,0.010,0.038,0.000,3.159,0.057,3.017,0.086,8120,15600,,1.00,1,0,4112x2570,N,3
2567,8.308,0.000,0.233,0.021,0.000,0.007,0.022,0.000,3.144,0.056,3.003,0.085,8120,15600,,1.00,1,0,4112x2570,N,3
2568,8.340,0.548,0.236,0.021,0.000,0.007,0.037,0.000,3.150,0.056,3.009,0.084,8120,15600,,1.00,1,0,4112x2570,N,3
2569,8.353,0.000,0.384,0.021,0.000,0.010,0.030,0.000,3.150,0.056,3.009,0.084,8120,15600,,1.00,1,0,4112x2570,N,3
2570,8.310,0.679,0.239,0.023,0.000,0.008,0.037,0.000,3.160,0.056,3.015,0.090,8120,15600,,1.00,1,0,4112x2570,N,3
2571,8.308,0.000,0.226,0.021,0.000,0.007,0.024,0.000,3.153,0.056,3.011,0.086,8120,15600,,1.00,1,0,4112x2570,N,3
2572,8.347,0.570,0.234,0.022,0.000,0.007,0.034,0.000,3.155,0.056,3.012,0.087,8120,15600,,1.00,1,0,4112x2570,N,3
2573,8.378,0.000,0.218,0.019,0.000,0.006,0.038,0.000,3.155,0.058,3.011,0.086,8120,15600,,1.00,1,0,4112x2570,N,3
2574,8.286,0.729,0.279,0.025,0.000,0.009,0.029,0.000,3.153,0.057,3.010,0.086,8120,15600,,1.00,1,0,4112x2570,N,3
2575,8.337,0.000,0.256,0.020,0.000,0.007,0.023,0.000,3.157,0.057,3.014,0.086,8120,15600,,1.00,1,0,4112x2570,N,3
2576,8.300,0.548,0.234,0.019,0.000,0.007,0.024,0.000,3.154,0.057,3.012,0.085,8120,15600,,1.00,1,0,4112x2570,N,3
2577,8.348,0.000,0.225,0.021,0.000,0.011,0.029,0.000,3.147,0.056,3.005,0.085,8120,15600,,1.00,1,0,4112x2570,N,3
2578,8.516,0.624,0.282,0.022,0.000,0.008,0.026,0.000,3.225,0.056,3.059,0.110,8120,15600,,1.00,1,0,4112x2570,N,3
2579,8.146,0.000,0.244,0.021,0.000,0.007,0.033,0.000,3.217,0.058,3.023,0.136,8120,15600,,1.00,1,0,4112x2570,N,3
2580,8.540,0.558,0.243,0.022,0.000,0.010,0.039,0.000,3.180,0.056,3.007,0.116,8120,15600,,1.00,1,0,4112x2570,N,3
2581,8.296,0.000,0.219,0.022,0.000,0.008,0.031,0.000,3.205,0.057,3.012,0.135,8120,15600,,1.00,1,0,4112x2570,N,3
2582,8.131,0.539,0.251,0.020,0.000,0.007,0.034,0.000,3.216,0.056,3.063,0.097,8120,15600,,1.00,1,0,4112x2570,N,3
2583,8.329,0.000,0.231,0.024,0.000,0.011,0.028,0.000,3.152,0.056,3.010,0.086,8120,15600,,1.00,1,0,4112x2570,N,3
2584,8.343,0.538,0.236,0.022,0.000,0.007,0.032,0.000,3.155,0.057,3.011,0.087,8120,15600,,1.00,1,0,4112x2570,N,3
2585,8.306,0.000,0.383,0.023,0.000,0.012,0.028,0.000,3.156,0.057,3.013,0.086,8120,15600,,1.00,1,0,4112x2570,N,3
2586,8.364,0.724,0.239,0.023,0.000,0.008,0.036,0.000,3.151,0.057,3.007,0.087,8120,15600,,1.00,1,0,4112x2570,N,3
2587,8.308,0.000,0.231,0.027,0.000,0.009,0.032,0.000,3.158,0.058,3.013,0.087,8120,15600,,1.00,1,0,4112x2570,N,3
2588,8.352,0.720,0.217,0.026,0.000,0.008,0.027,0.000,3.150,0.057,3.006,0.087,8120,15600,,1.00,1,0,4112x2570,N,3
2589,8.364,0.000,0.226,0.023,0.000,0.014,0.034,0.000,3.156,0.058,3.012,0.086,8120,15600,,1.00,1,0,4112x2570,N,3
2590,8.292,0.555,0.245,0.030,0.000,0.014,0.031,0.000,3.149,0.056,3.007,0.086,8120,15600,,1.00,1,0,4112x2570,N,3
2591,8.287,0.000,0.241,0.022,0.000,0.009,0.026,0.000,3.209,0.056,3.020,0.132,8120,15600,,1.00,1,0,4112x2570,N,3
2592,8.330,0.522,0.217,0.024,0.000,0.007,0.024,0.000,3.175,0.056,3.023,0.096,8120,15600,,1.00,1,0,4112x2570,N,3
2593,8.448,0.000,0.223,0.023,0.000,0.007,0.046,0.000,3.154,0.056,3.011,0.087,8120,15600,,1.00,1,0,4112x2570,N,3
2594,8.224,0.651,0.281,0.038,0.000,0.011,0.033,0.000,3.220,0.057,3.077,0.086,8120,15600,,1.00,1,0,4112x2570,N,3
2595,8.577,0.000,0.227,0.030,0.000,0.009,0.035,0.000,3.158,0.059,3.014,0.086,8120,15600,,1.00,1,0,4112x2570,N,3
2596,8.072,0.732,0.248,0.031,0.000,0.010,0.031,0.000,3.157,0.058,3.011,0.088,8120,15600,,1.00,1,0,4112x2570,N,3
2597,8.324,0.000,0.352,0.025,0.000,0.012,0.042,0.000,3.155,0.058,3.010,0.087,8120,15600,,1.00,1,0,4112x2570,N,3
2598,8.309,0.510,0.247,0.021,0.000,0.007,0.026,0.000,3.158,0.056,3.014,0.087,8120,15600,,1.00,1,0,4112x2570,N,3
2599,8.400,0.000,0.215,0.018,0.000,0.011,0.037,0.000,3.148,0.056,3.006,0.086,8120,15600,,1.00,1,0,4112x2570,N,3
2600,8.308,0.629,0.225,0.040,0.000,0.012,0.034,0.000,3.150,0.056,3.010,0.084,8120,15600,,1.00,1,0,4112x2570,N,3
2601,8.343,0.000,0.348,0.031,0.000,0.012,0.039,0.000,3.160,0.057,3.012,0.092,8120,15600,,1.00,1,0,4112x2570,N,3
2602,8.274,0.736,0.253,0.041,0.000,0.012,0.030,0.000,3.236,0.056,3.096,0.085,8120,15600,,1.00,1,0,4112x2570,N,3
2603,8.381,0.000,0.342,0.032,0.000,0.008,0.032,0.000,3.152,0.057,3.009,0.086,8120,15600,,1.00,1,0,4112x2570,N,3
2604,8.419,0.574,0.247,0.036,0.000,0.010,0.054,0.000,3.155,0.058,3.011,0.086,8120,15600,,1.00,1,0,4112x2570,N,3
2605,8.292,0.000,0.252,0.047,0.000,0.015,0.047,0.000,3.150,0.058,3.006,0.086,8120,15600,,1.00,1,0,4112x2570,N,3
2606,8.221,0.730,0.275,0.040,0.000,0.014,0.035,0.000,3.188,0.057,3.045,0.086,8120,15600,,1.00,1,0,4112x2570,N,3
2607,8.384,0.000,0.223,0.030,0.000,0.009,0.041,0.000,3.148,0.057,3.007,0.085,8120,15600,,1.00,1,0,4112x2570,N,3
2608,8.388,0.705,0.226,0.041,0.000,0.013,0.051,0.000,3.158,0.057,3.016,0.085,8120,15600,,1.00,1,0,4112x2570,N,3
2609,8.271,0.000,0.244,0.044,0.000,0.014,0.042,0.000,3.155,0.058,3.012,0.086,8120,15600,,1.00,1,0,4112x2570,N,3
2610,8.394,0.726,0.313,0.046,0.000,0.014,0.054,0.000,3.150,0.058,3.005,0.087,8120,15600,,1.00,1,0,4112x2570,N,3
2611,8.262,0.000,0.376,0.050,0.000,0.021,0.048,0.000,3.155,0.057,3.012,0.085,8120,15600,,1.00,1,0,4112x2570,N,3
2612,8.408,0.734,0.274,0.045,0.000,0.016,0.061,0.000,3.153,0.059,3.007,0.086,8120,15600,,1.00,1,0,4112x2570,N,3
2613,8.254,0.000,0.277,0.052,0.000,0.017,0.051,0.000,3.155,0.058,3.011,0.086,8120,15600,,1.00,1,0,4112x2570,N,3
2614,7.995,0.718,0.253,0.059,0.000,0.020,0.054,0.000,3.152,0.057,3.009,0.086,8120,15600,tshadow_sdf,1.00,1,0,4112x2570,S,0
2615,26.806,0.000,0.355,0.050,0.000,0.015,0.049,0.000,25.026,0.058,24.908,0.059,8120,15600,,1.00,1,0,4112x2570,S,0
2616,17.700,1.351,0.228,0.056,0.000,0.014,0.060,0.000,16.079,0.014,16.022,0.043,8120,15600,,1.00,1,0,4112x2570,S,0
2617,17.309,0.722,0.276,0.065,0.000,0.016,0.068,0.000,16.076,0.014,16.021,0.041,8120,15600,,1.00,1,0,4112x2570,S,0
2618,17.327,0.739,0.272,0.062,0.000,0.015,0.056,0.000,16.081,0.014,16.024,0.043,8120,15600,,1.00,1,0,4112x2570,S,0
2619,18.217,0.746,0.237,0.063,0.000,0.017,0.058,0.000,16.091,0.014,16.032,0.045,8120,15600,,1.00,1,0,4112x2570,S,0
2620,17.296,0.761,0.269,0.066,0.000,0.018,0.054,0.000,16.077,0.014,16.017,0.046,8120,15600,,1.00,1,0,4112x2570,S,0
2621,17.389,0.746,0.255,0.067,0.000,0.018,0.054,0.000,16.072,0.014,16.016,0.042,8120,15600,,1.00,1,0,4112x2570,S,0
2622,18.070,0.742,0.266,0.071,0.000,0.020,0.053,0.000,16.082,0.015,16.026,0.041,8120,15600,,1.00,1,0,4112x2570,S,0
2623,17.268,0.638,0.260,0.062,0.000,0.018,0.054,0.000,16.072,0.014,16.016,0.042,8120,15600,,1.00,1,0,4112x2570,S,0
2624,17.308,0.720,0.234,0.064,0.000,0.018,0.060,0.000,16.083,0.014,16.027,0.043,8120,15600,,1.00,1,0,4112x2570,S,0
2625,17.426,0.729,0.290,0.069,0.000,0.018,0.061,0.000,16.080,0.014,16.023,0.043,8120,15600,,1.00,1,0,4112x2570,S,0
2626,17.295,0.747,0.247,0.072,0.000,0.019,0.053,0.000,16.075,0.014,16.018,0.043,8120,15600,,1.00,1,0,4112x2570,S,0
2627,17.153,0.623,0.236,0.058,0.000,0.016,0.056,0.000,16.109,0.014,16.050,0.045,8120,15600,,1.00,1,0,4112x2570,S,0
2628,17.221,0.717,0.231,0.060,0.000,0.017,0.048,0.000,16.075,0.014,16.019,0.042,8120,15600,,1.00,1,0,4112x2570,S,0
2629,18.174,0.606,0.235,0.059,0.000,0.016,0.054,0.000,16.093,0.014,16.035,0.044,8120,15600,,1.00,1,0,4112x2570,S,0
2630,17.270,0.747,0.235,0.063,0.000,0.017,0.047,0.000,16.088,0.014,16.029,0.045,8120,15600,,1.00,1,0,4112x2570,S,0
2631,18.295,0.670,0.249,0.059,0.000,0.015,0.058,0.000,16.087,0.014,16.031,0.043,8120,15600,,1.00,1,0,4112x2570,S,0
2632,18.051,1.299,0.241,0.059,0.000,0.017,0.151,0.000,16.089,0.017,16.028,0.043,8120,15600,,1.00,1,0,4112x2570,S,0
2633,17.470,0.740,0.313,0.069,0.000,0.023,0.066,0.000,16.078,0.014,16.022,0.042,8120,15600,,1.00,1,0,4112x2570,S,0
2634,17.298,0.769,0.233,0.069,0.000,0.017,0.048,0.000,16.088,0.014,16.025,0.048,8120,15600,,1.00,1,0,4112x2570,S,0
2635,17.321,0.765,0.229,0.059,0.000,0.015,0.050,0.000,16.081,0.014,16.022,0.045,8120,15600,,1.00,1,0,4112x2570,S,0
2636,17.181,0.709,0.238,0.057,0.000,0.015,0.047,0.000,16.088,0.014,16.030,0.043,8120,15600,,1.00,1,0,4112x2570,S,0
2637,18.144,0.589,0.238,0.049,0.000,0.012,0.060,0.000,16.086,0.014,16.028,0.043,8120,15600,,1.00,1,0,4112x2570,S,0
2638,17.416,0.736,0.249,0.067,0.000,0.019,0.062,0.000,16.082,0.014,16.029,0.040,8120,15600,,1.00,1,0,4112x2570,S,0
2639,18.382,0.759,0.253,0.078,0.000,0.018,0.056,0.000,16.104,0.014,16.047,0.043,8120,15600,,1.00,1,0,4112x2570,S,0
2640,18.367,0.716,0.232,0.062,0.000,0.017,0.053,0.000,0.060,0.016,0.000,0.043,8120,15600,,1.00,1,0,4112x2570,S,0
2641,18.238,0.631,0.248,0.053,0.000,0.014,0.057,0.000,16.079,0.013,16.024,0.042,8120,15600,,1.00,1,0,4112x2570,S,0
2642,18.476,0.722,0.260,0.063,0.000,0.020,0.060,0.000,16.094,0.017,16.033,0.044,8120,15600,,1.00,1,0,4112x2570,S,0
2643,17.264,0.773,0.237,0.061,0.000,0.016,0.051,0.000,16.082,0.014,16.022,0.046,8120,15600,,1.00,1,0,4112x2570,S,0
2644,17.179,0.724,0.234,0.056,0.000,0.018,0.052,0.000,16.082,0.014,16.025,0.043,8120,15600,,1.00,1,0,4112x2570,S,0
2645,17.106,0.722,0.219,0.036,0.000,0.010,0.050,0.000,16.091,0.014,16.029,0.049,8120,15600,,1.00,1,0,4112x2570,S,0
2646,17.364,0.754,0.313,0.055,0.000,0.018,0.056,0.000,16.099,0.014,16.039,0.047,8120,15600,,1.00,1,0,4112x2570,S,0
2647,17.226,0.743,0.277,0.048,0.000,0.014,0.033,0.000,16.080,0.014,16.019,0.046,8120,15600,,1.00,1,0,4112x2570,S,0
2648,17.041,0.578,0.258,0.034,0.000,0.011,0.038,0.000,16.086,0.014,16.028,0.044,8120,15600,,1.00,1,0,4112x2570,S,0
2649,17.715,1.300,0.247,0.042,0.000,0.011,0.036,0.000,16.088,0.014,16.029,0.045,8120,15600,,1.00,1,0,4112x2570,S,0
2650,16.965,0.525,0.233,0.033,0.000,0.015,0.043,0.000,16.080,0.015,16.021,0.045,8120,15600,,1.00,1,0,4112x2570,S,0
2651,18.059,0.504,0.220,0.035,0.000,0.009,0.045,0.000,16.079,0.014,16.020,0.045,8120,15600,,1.00,1,0,4112x2570,S,0
2652,17.122,0.712,0.220,0.065,0.000,0.012,0.039,0.000,16.087,0.014,16.024,0.049,8120,15600,,1.00,1,0,4112x2570,S,0
2653,17.163,0.686,0.265,0.038,0.000,0.013,0.066,0.000,16.084,0.014,16.024,0.046,8120,15600,,1.00,1,0,4112x2570,S,0
2654,17.181,0.774,0.258,0.033,0.000,0.012,0.033,0.000,16.077,0.014,16.020,0.043,8120,15600,,1.00,1,0,4112x2570,S,0
2655,17.046,0.617,0.221,0.030,0.000,0.009,0.042,0.000,16.074,0.014,16.017,0.043,8120,15600,,1.00,1,0,4112x2570,S,0
2656,17.203,0.716,0.234,0.052,0.000,0.013,0.054,0.000,16.096,0.014,16.037,0.044,8120,15600,,1.00,1,0,4112x2570,S,0
2657,17.156,0.738,0.225,0.051,0.000,0.014,0.045,0.000,16.100,0.014,16.043,0.043,8120,15600,,1.00,1,0,4112x2570,S,0
2658,17.096,0.627,0.262,0.042,0.000,0.012,0.044,0.000,16.076,0.014,16.019,0.043,8120,15600,,1.00,1,0,4112x2570,S,0
2659,18.140,0.551,0.217,0.040,0.000,0.010,0.046,0.000,16.102,0.014,16.043,0.045,8120,15600,,1.00,1,0,4112x2570,S,0
2660,17.205,0.712,0.242,0.052,0.000,0.015,0.053,0.000,16.078,0.014,16.023,0.041,8120,15600,,1.00,1,0,4112x2570,S,0
2661,17.219,0.721,0.227,0.057,0.000,0.015,0.054,0.000,16.085,0.014,16.026,0.046,8120,15600,,1.00,1,0,4112x2570,S,0
2662,17.125,0.725,0.234,0.052,0.000,0.013,0.036,0.000,16.086,0.015,16.024,0.047,8120,15600,,1.00,1,0,4112x2570,S,0
2663,17.315,0.733,0.303,0.042,0.000,0.013,0.064,0.000,16.094,0.014,16.030,0.050,8120,15600,,1.00,1,0,4112x2570,S,0
2664,17.154,0.696,0.229,0.051,0.000,0.015,0.050,0.000,16.099,0.014,16.036,0.049,8120,15600,,1.00,1,0,4112x2570,S,0
2665,18.152,0.580,0.251,0.051,0.000,0.014,0.058,0.000,16.091,0.015,16.036,0.041,8120,15600,,1.00,1,0,4112x2570,S,0
2666,17.305,0.722,0.262,0.059,0.000,0.015,0.053,0.000,16.074,0.014,16.017,0.044,8120,15600,,1.00,1,0,4112x2570,S,0
2667,17.260,0.734,0.252,0.062,0.000,0.017,0.044,0.000,16.084,0.014,16.021,0.049,8120,15600,,1.00,1,0,4112x2570,S,0
2668,17.200,0.720,0.264,0.053,0.000,0.015,0.046,0.000,16.095,0.014,16.032,0.049,8120,15600,,1.00,1,0,4112x2570,S,0
2669,17.071,0.605,0.243,0.054,0.000,0.015,0.044,0.000,16.077,0.014,16.020,0.043,8120,15600,,1.00,1,0,4112x2570,S,0
2670,17.066,0.741,0.235,0.053,0.000,0.015,0.047,0.000,16.088,0.014,16.031,0.043,8120,15600,,1.00,1,0,4112x2570,S,0
2671,17.038,0.642,0.264,0.050,0.000,0.014,0.039,0.000,16.092,0.014,16.035,0.043,8120,15600,,1.00,1,0,4112x2570,S,0
2672,17.019,0.562,0.255,0.036,0.000,0.012,0.047,0.000,16.084,0.014,16.027,0.044,8120,15600,,1.00,1,0,4112x2570,S,0
2673,17.129,0.748,0.231,0.050,0.000,0.014,0.041,0.000,16.086,0.014,16.029,0.043,8120,15600,,1.00,1,0,4112x2570,S,0
2674,18.031,0.614,0.226,0.047,0.000,0.014,0.043,0.000,16.080,0.014,16.021,0.045,8120,15600,,1.00,1,0,4112x2570,S,0
2675,17.683,1.099,0.278,0.056,0.000,0.014,0.053,0.000,16.079,0.014,16.019,0.046,8120,15600,,1.00,1,0,4112x2570,S,0
2676,17.766,0.530,0.248,0.050,0.000,0.015,0.048,0.000,16.085,0.014,16.025,0.046,8120,15600,,1.00,1,0,4112x2570,S,0
2677,17.118,0.647,0.240,0.054,0.000,0.014,0.054,0.000,16.082,0.015,16.020,0.047,8120,15600,,1.00,1,0,4112x2570,S,0
2678,18.241,0.709,0.231,0.056,0.000,0.016,0.051,0.000,16.086,0.014,16.028,0.044,8120,15600,,1.00,1,0,4112x2570,S,0
2679,18.065,0.551,0.237,0.055,0.000,0.014,0.062,0.000,16.089,0.015,16.029,0.045,8120,15600,,1.00,1,0,4112x2570,S,0
2680,17.152,0.646,0.236,0.050,0.000,0.016,0.053,0.000,16.085,0.014,16.025,0.046,8120,15600,,1.00,1,0,4112x2570,S,0
2681,17.095,0.762,0.250,0.065,0.000,0.018,0.050,0.000,16.097,0.014,16.035,0.048,8120,15600,,1.00,1,0,4112x2570,S,0
2682,18.066,0.594,0.236,0.051,0.000,0.014,0.061,0.000,16.108,0.014,16.046,0.047,8120,15600,,1.00,1,0,4112x2570,S,0
2683,18.037,0.685,0.295,0.069,0.000,0.018,0.050,0.000,16.074,0.014,16.015,0.046,8120,15600,,1.00,1,0,4112x2570,S,0
2684,18.159,0.706,0.247,0.064,0.000,0.018,0.064,0.000,16.082,0.014,16.021,0.047,8120,15600,,1.00,1,0,4112x2570,S,0
2685,18.251,0.758,0.251,0.057,0.000,0.016,0.055,0.000,16.085,0.014,16.021,0.050,8120,15600,,1.00,1,0,4112x2570,S,0
2686,18.319,0.749,0.248,0.062,0.000,0.018,0.049,0.000,16.082,0.017,16.018,0.047,8120,15600,,1.00,1,0,4112x2570,S,0
2687,17.891,0.639,0.226,0.050,0.000,0.015,0.061,0.000,16.082,0.013,16.022,0.047,8120,15600,,1.00,1,0,4112x2570,S,0
2688,17.122,0.640,0.249,0.054,0.000,0.021,0.055,0.000,16.084,0.014,16.024,0.046,8120,15600,,1.00,1,0,4112x2570,S,0
2689,17.378,0.773,0.264,0.064,0.000,0.020,0.060,0.000,16.093,0.014,16.028,0.051,8120,15600,,1.00,1,0,4112x2570,S,0
2690,17.949,1.309,0.303,0.065,0.000,0.021,0.065,0.000,16.084,0.014,16.018,0.052,8120,15600,,1.00,1,0,4112x2570,S,0
2691,18.372,0.671,0.274,0.066,0.000,0.019,0.053,0.000,16.099,0.015,16.036,0.049,8120,15600,,1.00,1,0,4112x2570,S,0
2692,17.128,0.615,0.252,0.054,0.000,0.019,0.058,0.000,16.094,0.014,16.034,0.046,8120,15600,,1.00,1,0,4112x2570,S,0
2693,17.231,0.714,0.249,0.061,0.000,0.017,0.062,0.000,16.097,0.015,16.038,0.044,8120,15600,,1.00,1,0,4112x2570,S,0
2694,18.086,0.610,0.245,0.058,0.000,0.015,0.049,0.000,16.087,0.013,16.027,0.047,8120,15600,,1.00,1,0,4112x2570,S,0
2695,18.143,0.590,0.239,0.057,0.000,0.014,0.066,0.000,16.091,0.014,16.034,0.043,8120,15600,,1.00,1,0,4112x2570,S,0
2696,17.282,0.749,0.242,0.061,0.000,0.020,0.052,0.000,16.089,0.014,16.028,0.047,8120,15600,,1.00,1,0,4112x2570,S,0
2697,18.280,0.553,0.271,0.052,0.000,0.020,0.057,0.000,16.078,0.014,16.017,0.048,8120,15600,,1.00,1,0,4112x2570,S,0
2698,17.201,0.715,0.235,0.065,0.000,0.018,0.052,0.000,16.088,0.014,16.025,0.049,8120,15600,,1.00,1,0,4112x2570,S,0
2699,18.192,0.744,0.235,0.061,0.000,0.018,0.067,0.000,16.079,0.014,16.018,0.047,8120,15600,,1.00,1,0,4112x2570,S,0
2700,17.089,0.595,0.263,0.058,0.000,0.022,0.052,0.000,16.105,0.015,16.044,0.046,8120,15600,,1.00,1,0,4112x2570,S,0
2701,17.249,0.766,0.265,0.062,0.000,0.018,0.055,0.000,16.091,0.014,16.034,0.043,8120,15600,,1.00,1,0,4112x2570,S,0
2702,18.390,0.760,0.290,0.073,0.000,0.022,0.060,0.000,16.090,0.014,16.030,0.046,8120,15600,,1.00,1,0,4112x2570,S,0
2703,18.053,0.663,0.238,0.064,0.000,0.015,0.046,0.000,16.103,0.014,16.042,0.047,8120,15600,,1.00,1,0,4112x2570,S,0
2704,18.191,0.611,0.249,0.055,0.000,0.018,0.053,0.000,16.095,0.014,16.033,0.047,8120,15600,,1.00,1,0,4112x2570,S,0
2705,17.762,1.331,0.242,0.066,0.000,0.019,0.055,0.000,16.083,0.014,16.023,0.046,8120,15600,,1.00,1,0,4112x2570,S,0
2706,18.200,0.619,0.239,0.053,0.000,0.014,0.060,0.000,16.088,0.014,16.025,0.049,8120,15600,,1.00,1,0,4112x2570,S,0
2707,18.239,0.578,0.283,0.059,0.000,0.015,0.048,0.000,16.083,0.014,16.024,0.045,8120,15600,,1.00,1,0,4112x2570,S,0
2708,18.163,0.608,0.249,0.061,0.000,0.015,0.055,0.000,16.068,0.014,16.009,0.045,8120,15600,,1.00,1,0,4112x2570,S,0
2709,17.140,0.778,0.264,0.062,0.000,0.017,0.047,0.000,16.090,0.014,16.030,0.046,8120,15600,,1.00,1,0,4112x2570,S,0
2710,18.131,0.618,0.237,0.052,0.000,0.015,0.052,0.000,16.091,0.014,16.031,0.046,8120,15600,,1.00,1,0,4112x2570,S,0
2711,18.064,0.574,0.232,0.048,0.000,0.017,0.065,0.000,16.076,0.015,16.017,0.044,8120,15600,,1.00,1,0,4112x2570,S,0
2712,17.175,0.648,0.259,0.064,0.000,0.017,0.045,0.000,16.103,0.014,16.044,0.045,8120,15600,,1.00,1,0,4112x2570,S,0
2713,17.247,0.675,0.249,0.058,0.000,0.016,0.054,0.000,16.083,0.013,16.021,0.049,8120,15600,,1.00,1,0,4112x2570,S,0
2714,17.293,0.713,0.248,0.064,0.000,0.019,0.051,0.000,16.091,0.014,16.030,0.047,8120,15600,,1.00,1,0,4112x2570,S,0
2715,17.210,0.698,0.239,0.056,0.000,0.016,0.098,0.000,16.071,0.014,16.011,0.046,8120,15600,,1.00,1,0,4112x2570,S,0
2716,17.378,0.754,0.290,0.064,0.000,0.021,0.097,0.000,16.092,0.014,16.031,0.046,8120,15600,,1.00,1,0,4112x2570,S,0
2717,18.191,0.754,0.269,0.063,0.000,0.019,0.056,0.000,16.082,0.014,16.024,0.044,8120,15600,,1.00,1,0,4112x2570,S,0
2718,17.605,0.803,0.316,0.078,0.000,0.025,0.069,0.000,16.080,0.014,16.022,0.044,8120,15600,,1.00,1,0,4112x2570,S,0
2719,17.131,0.734,0.253,0.055,0.000,0.017,0.059,0.000,16.091,0.014,16.029,0.049,8120,15600,,1.00,1,0,4112x2570,S,0
2720,18.296,0.695,0.253,0.060,0.000,0.017,0.054,0.000,16.101,0.015,16.043,0.044,8120,15600,,1.00,1,0,4112x2570,S,0
2721,17.678,1.230,0.281,0.060,0.000,0.022,0.056,0.000,16.104,0.014,16.045,0.045,8120,15600,,1.00,1,0,4112x2570,S,0
2722,17.282,0.635,0.260,0.054,0.000,0.019,0.057,0.000,16.083,0.015,16.024,0.044,8120,15600,,1.00,1,0,4112x2570,S,0
2723,17.370,0.825,0.273,0.061,0.000,0.017,0.047,0.000,16.083,0.014,16.024,0.045,8120,15600,,1.00,1,0,4112x2570,S,0
2724,17.210,0.617,0.257,0.052,0.000,0.020,0.056,0.000,16.090,0.014,16.031,0.045,8120,15600,,1.00,1,0,4112x2570,S,0
2725,17.223,0.732,0.247,0.064,0.000,0.020,0.043,0.000,16.090,0.014,16.028,0.048,8120,15600,,1.00,1,0,4112x2570,S,0
2726,18.121,0.619,0.240,0.049,0.000,0.014,0.052,0.000,16.106,0.014,16.049,0.043,8120,15600,,1.00,1,0,4112x2570,S,0
2727,18.165,0.742,0.248,0.065,0.000,0.016,0.044,0.000,16.085,0.015,16.025,0.045,8120,15600,,1.00,1,0,4112x2570,S,0
2728,17.181,0.747,0.258,0.064,0.000,0.022,0.052,0.000,16.094,0.014,16.034,0.046,8120,15600,,1.00,1,0,4112x2570,S,0
2729,17.254,0.735,0.248,0.056,0.000,0.017,0.051,0.000,16.077,0.014,16.018,0.046,8120,15600,,1.00,1,0,4112x2570,S,0
2730,17.250,0.642,0.244,0.054,0.000,0.016,0.059,0.000,0.060,0.014,0.000,0.046,8120,15600,,1.00,1,0,4112x2570,S,0
2731,18.239,0.555,0.244,0.055,0.000,0.019,0.071,0.000,16.084,0.015,16.022,0.048,8120,15600,,1.00,1,0,4112x2570,S,0
2732,18.371,0.721,0.243,0.064,0.000,0.017,0.047,0.000,16.087,0.014,16.024,0.049,8120,15600,,1.00,1,0,4112x2570,S,0
2733,17.145,0.598,0.238,0.052,0.000,0.018,0.059,0.000,16.078,0.014,16.015,0.049,8120,15600,,1.00,1,0,4112x2570,S,0
2734,18.159,0.729,0.241,0.060,0.000,0.019,0.047,0.000,16.086,0.014,16.028,0.044,8120,15600,,1.00,1,0,4112x2570,S,0
2735,17.301,0.737,0.245,0.054,0.000,0.014,0.067,0.000,16.084,0.014,16.025,0.045,8120,15600,,1.00,1,0,4112x2570,S,0
2736,17.937,0.715,0.258,0.060,0.000,0.018,0.059,0.000,16.076,0.015,16.015,0.046,8120,15600,,1.00,1,0,4112x2570,S,0
2737,17.883,1.314,0.253,0.061,0.000,0.019,0.043,0.000,16.087,0.017,16.024,0.045,8120,15600,,1.00,1,0,4112x2570,S,0
2738,17.301,0.729,0.247,0.057,0.000,0.017,0.059,0.000,16.077,0.014,16.016,0.047,8120,15600,,1.00,1,0,4112x2570,S,0
2739,17.329,0.729,0.247,0.063,0.000,0.019,0.059,0.000,16.093,0.014,16.031,0.048,8120,15600,,1.00,1,0,4112x2570,S,0
2740,17.248,0.718,0.236,0.055,0.000,0.019,0.068,0.000,16.077,0.014,16.019,0.044,8120,15600,,1.00,1,0,4112x2570,S,0
2741,17.193,0.635,0.251,0.057,0.000,0.019,0.052,0.000,16.079,0.014,16.020,0.045,8120,15600,,1.00,1,0,4112x2570,S,0
2742,17.145,0.614,0.271,0.055,0.000,0.017,0.043,0.000,16.086,0.014,16.025,0.046,8120,15600,,1.00,1,0,4112x2570,S,0
2743,17.248,0.709,0.255,0.062,0.000,0.022,0.046,0.000,16.073,0.013,16.016,0.044,8120,15600,,1.00,1,0,4112x2570,S,0
2744,17.182,0.648,0.245,0.061,0.000,0.018,0.052,0.000,16.077,0.014,16.020,0.042,8120,15600,,1.00,1,0,4112x2570,S,0
2745,17.429,0.778,0.307,0.071,0.000,0.028,0.058,0.000,16.094,0.014,16.037,0.043,8120,15600,,1.00,1,0,4112x2570,S,0
2746,17.263,0.731,0.238,0.061,0.000,0.017,0.054,0.000,16.082,0.015,16.024,0.044,8120,15600,,1.00,1,0,4112x2570,S,0
2747,17.109,0.635,0.269,0.065,0.000,0.024,0.045,0.000,16.087,0.014,16.029,0.044,8120,15600,,1.00,1,0,4112x2570,S,0
2748,18.162,0.613,0.267,0.060,0.000,0.016,0.043,0.000,16.082,0.014,16.023,0.045,8120,15600,,1.00,1,0,4112x2570,S,0
2749,18.194,0.577,0.237,0.054,0.000,0.017,0.050,0.000,16.081,0.014,16.024,0.043,8120,15600,,1.00,1,0,4112x2570,S,0
2750,17.161,0.650,0.233,0.054,0.000,0.015,0.061,0.000,16.079,0.014,16.022,0.043,8120,15600,,1.00,1,0,4112x2570,S,0
2751,18.243,0.737,0.242,0.059,0.000,0.018,0.039,0.000,16.082,0.014,16.026,0.043,8120,15600,,1.00,1,0,4112x2570,S,0
2752,17.137,0.614,0.240,0.053,0.000,0.017,0.058,0.000,16.113,0.017,16.053,0.042,8120,15600,,1.00,1,0,4112x2570,S,0
2753,17.307,0.705,0.238,0.055,0.000,0.015,0.058,0.000,16.095,0.014,16.035,0.045,8120,15600,,1.00,1,0,4112x2570,S,0
2754,17.274,0.735,0.248,0.063,0.000,0.021,0.051,0.000,16.086,0.014,16.027,0.045,8120,15600,,1.00,1,0,4112x2570,S,0
2755,18.217,0.643,0.269,0.057,0.000,0.016,0.059,0.000,16.119,0.014,16.057,0.048,8120,15600,,1.00,1,0,4112x2570,S,0
2756,17.211,0.727,0.245,0.061,0.000,0.018,0.050,0.000,16.098,0.014,16.039,0.045,8120,15600,,1.00,1,0,4112x2570,S,0
2757,17.837,0.621,0.244,0.056,0.000,0.021,0.068,0.000,16.090,0.014,16.025,0.050,8120,15600,,1.00,1,0,4112x2570,S,0
2758,16.633,1.284,0.272,0.059,0.000,0.027,0.060,0.000,16.111,0.014,16.049,0.048,8120,15600,,1.00,1,0,4112x2570,S,0
2759,17.213,0.742,0.263,0.061,0.000,0.020,0.053,0.000,16.075,0.014,16.014,0.047,8120,15600,,1.00,1,0,4112x2570,S,0
2760,17.363,0.764,0.276,0.071,0.000,0.021,0.127,0.000,16.080,0.014,16.020,0.046,8120,15600,,1.00,1,0,4112x2570,S,0
2761,18.491,0.764,0.254,0.072,0.000,0.019,0.057,0.000,16.069,0.014,16.014,0.042,8120,15600,,1.00,1,0,4112x2570,S,0
2762,17.105,0.677,0.235,0.056,0.000,0.016,0.056,0.000,16.081,0.014,16.022,0.045,8120,15600,,1.00,1,0,4112x2570,S,0
2763,17.162,0.693,0.254,0.063,0.000,0.016,0.060,0.000,16.094,0.014,16.034,0.047,8120,15600,,1.00,1,0,4112x2570,S,0
2764,17.251,0.726,0.248,0.060,0.000,0.018,0.054,0.000,16.094,0.014,16.034,0.046,8120,15600,,1.00,1,0,4112x2570,S,0
2765,17.116,0.620,0.240,0.053,0.000,0.016,0.052,0.000,16.084,0.014,16.027,0.044,8120,15600,,1.00,1,0,4112x2570,S,0
2766,17.194,0.726,0.228,0.058,0.000,0.015,0.049,0.000,16.093,0.014,16.034,0.045,8120,15600,,1.00,1,0,4112x2570,S,0
2767,18.360,0.577,0.256,0.056,0.000,0.014,0.058,0.000,16.089,0.014,16.032,0.044,8120,15600,,1.00,1,0,4112x2570,S,0
2768,17.361,0.723,0.253,0.064,0.000,0.018,0.063,0.000,16.104,0.014,16.045,0.044,8120,15600,,1.00,1,0,4112x2570,S,0
2769,17.290,0.726,0.244,0.064,0.000,0.019,0.074,0.000,16.072,0.014,16.012,0.046,8120,15600,,1.00,1,0,4112x2570,S,0
2770,19.668,0.726,0.315,0.061,0.000,0.019,0.066,0.000,16.083,0.014,16.024,0.045,8120,15600,,1.00,1,0,4112x2570,S,0
2771,18.458,0.727,0.262,0.066,0.000,0.018,0.054,0.000,16.077,0.018,16.017,0.043,8120,15600,,1.00,1,0,4112x2570,S,0
2772,17.815,1.274,0.243,0.058,0.000,0.017,0.053,0.000,16.097,0.014,16.039,0.043,8120,15600,,1.00,1,0,4112x2570,S,0
2773,17.340,0.716,0.257,0.061,0.000,0.018,0.058,0.000,16.090,0.013,16.029,0.048,8120,15600,,1.00,1,0,4112x2570,S,0
2774,17.237,0.731,0.265,0.064,0.000,0.019,0.053,0.000,16.088,0.014,16.025,0.049,8120,15600,,1.00,1,0,4112x2570,S,0
2775,17.112,0.593,0.249,0.054,0.000,0.016,0.048,0.000,16.072,0.014,16.011,0.047,8120,15600,,1.00,1,0,4112x2570,S,0
2776,17.190,0.631,0.267,0.061,0.000,0.016,0.055,0.000,16.082,0.014,16.021,0.047,8120,15600,,1.00,1,0,4112x2570,S,0
2777,17.117,0.587,0.242,0.054,0.000,0.016,0.054,0.000,16.080,0.014,16.018,0.048,8120,15600,,1.00,1,0,4112x2570,S,0
2778,17.161,0.618,0.259,0.059,0.000,0.017,0.046,0.000,16.106,0.014,16.044,0.048,8120,15600,,1.00,1,0,4112x2570,S,0
2779,18.233,0.550,0.239,0.054,0.000,0.015,0.056,0.000,16.104,0.014,16.042,0.048,8120,15600,,1.00,1,0,4112x2570,S,0
2780,18.351,0.629,0.257,0.063,0.000,0.018,0.069,0.000,16.104,0.017,16.044,0.043,8120,15600,,1.00,1,0,4112x2570,S,0
2781,17.249,0.590,0.255,0.057,0.000,0.016,0.067,0.000,16.088,0.013,16.031,0.044,8120,15600,,1.00,1,0,4112x2570,S,0
2782,17.267,0.734,0.250,0.065,0.000,0.018,0.053,0.000,16.080,0.014,16.022,0.044,8120,15600,,1.00,1,0,4112x2570,S,0
2783,17.084,0.537,0.238,0.052,0.000,0.015,0.069,0.000,16.078,0.014,16.018,0.046,8120,15600,,1.00,1,0,4112x2570,S,0
2784,17.272,0.727,0.270,0.057,0.000,0.017,0.049,0.000,16.082,0.014,16.025,0.043,8120,15600,,1.00,1,0,4112x2570,S,0
2785,17.134,0.576,0.273,0.051,0.000,0.015,0.051,0.000,16.081,0.014,16.023,0.044,8120,15600,,1.00,1,0,4112x2570,S,0
2786,17.106,0.569,0.242,0.054,0.000,0.016,0.055,0.000,16.094,0.014,16.035,0.044,8120,15600,,1.00,1,0,4112x2570,S,0
2787,18.007,0.564,0.244,0.058,0.000,0.018,0.054,0.000,16.111,0.014,16.053,0.044,8120,15600,,1.00,1,0,4112x2570,S,0
2788,17.132,0.551,0.284,0.053,0.000,0.018,0.050,0.000,16.113,0.014,16.055,0.045,8120,15600,,1.00,1,0,4112x2570,S,0
2789,17.034,0.558,0.243,0.052,0.000,0.015,0.046,0.000,16.083,0.014,16.025,0.043,8120,15600,,1.00,1,0,4112x2570,S,0
2790,18.230,0.535,0.239,0.052,0.000,0.014,0.062,0.000,16.091,0.014,16.032,0.045,8120,15600,,1.00,1,0,4112x2570,S,0
2791,17.788,1.258,0.247,0.062,0.000,0.017,0.055,0.000,16.084,0.014,16.025,0.045,8120,15600,,1.00,1,0,4112x2570,S,0
2792,18.136,0.524,0.241,0.052,0.000,0.015,0.048,0.000,16.075,0.014,16.017,0.044,8120,15600,,1.00,1,0,4112x2570,S,0
2793,17.968,0.529,0.243,0.049,0.000,0.014,0.057,0.000,16.081,0.014,16.023,0.043,8120,15600,,1.00,1,0,4112x2570,S,0
2794,18.027,0.582,0.249,0.059,0.000,0.016,0.065,0.000,16.114,0.014,16.054,0.046,8120,15600,,1.00,1,0,4112x2570,S,0
2795,17.978,0.575,0.277,0.052,0.000,0.015,0.046,0.000,16.089,0.015,16.028,0.046,8120,15600,,1.00,1,0,4112x2570,S,0
2796,18.140,0.521,0.237,0.048,0.000,0.014,0.050,0.000,16.086,0.014,16.026,0.045,8120,15600,,1.00,1,0,4112x2570,S,0
2797,17.142,0.581,0.237,0.056,0.000,0.017,0.056,0.000,16.076,0.014,16.016,0.045,8120,15600,,1.00,1,0,4112x2570,S,0
2798,18.265,0.555,0.248,0.057,0.001,0.014,0.057,0.000,16.083,0.014,16.024,0.045,8120,15600,,1.00,1,0,4112x2570,S,0
2799,18.363,0.731,0.247,0.059,0.000,0.016,0.047,0.000,16.076,0.016,16.015,0.044,8120,15600,,1.00,1,0,4112x2570,S,0
2800,18.059,0.511,0.233,0.047,0.000,0.014,0.050,0.000,16.107,0.014,16.047,0.045,8120,15600,,1.00,1,0,4112x2570,S,0
2801,17.019,0.538,0.231,0.058,0.000,0.015,0.058,0.000,16.082,0.014,16.022,0.046,8120,15600,,1.00,1,0,4112x2570,S,0
2802,17.195,0.610,0.237,0.050,0.000,0.014,0.107,0.000,16.091,0.014,16.033,0.045,8120,15600,,1.00,1,0,4112x2570,S,0
2803,17.315,0.675,0.289,0.066,0.000,0.021,0.054,0.000,16.087,0.014,16.026,0.046,8120,15600,,1.00,1,0,4112x2570,S,0
2804,17.878,1.316,0.259,0.061,0.000,0.021,0.055,0.000,16.090,0.015,16.031,0.044,8120,15600,,1.00,1,0,4112x2570,S,0
2805,18.328,0.651,0.234,0.056,0.000,0.017,0.058,0.000,16.079,0.014,16.022,0.044,8120,15600,,1.00,1,0,4112x2570,S,0
2806,17.198,0.735,0.241,0.057,0.000,0.017,0.064,0.000,16.080,0.014,16.018,0.048,8120,15600,,1.00,1,0,4112x2570,S,0
2807,17.324,0.704,0.262,0.062,0.000,0.018,0.065,0.000,16.110,0.014,16.048,0.048,8120,15600,,1.00,1,0,4112x2570,S,0
2808,17.335,0.715,0.246,0.058,0.000,0.018,0.075,0.000,16.092,0.013,16.034,0.045,8120,15600,,1.00,1,0,4112x2570,S,0
2809,17.289,0.733,0.246,0.063,0.000,0.018,0.050,0.000,16.078,0.014,16.018,0.046,8120,15600,,1.00,1,0,4112x2570,S,0
2810,17.327,0.734,0.239,0.058,0.000,0.018,0.058,0.000,16.084,0.014,16.022,0.048,8120,15600,,1.00,1,0,4112x2570,S,0
2811,17.300,0.754,0.248,0.060,0.000,0.018,0.055,0.000,16.093,0.015,16.031,0.047,8120,15600,,1.00,1,0,4112x2570,S,0
2812,17.251,0.701,0.231,0.054,0.000,0.015,0.060,0.000,16.091,0.014,16.030,0.047,8120,15600,,1.00,1,0,4112x2570,S,0
2813,17.185,0.632,0.237,0.053,0.000,0.017,0.052,0.000,16.107,0.014,16.045,0.048,8120,15600,,1.00,1,0,4112x2570,S,0
2814,17.283,0.620,0.251,0.055,0.000,0.017,0.059,0.000,16.079,0.014,16.015,0.049,8120,15600,,1.00,1,0,4112x2570,S,0
2815,17.440,0.774,0.251,0.064,0.000,0.019,0.058,0.000,16.073,0.014,16.013,0.046,8120,15600,,1.00,1,0,4112x2570,S,0
2816,17.362,0.769,0.266,0.062,0.000,0.018,0.075,0.000,16.070,0.014,16.010,0.045,8120,15600,,1.00,1,0,4112x2570,S,0
2817,18.310,0.728,0.241,0.058,0.000,0.016,0.067,0.000,16.072,0.013,16.016,0.043,8120,15600,,1.00,1,0,4112x2570,S,0
2818,18.431,0.757,0.251,0.053,0.000,0.017,0.053,0.000,16.112,0.014,16.050,0.049,8120,15600,,1.00,1,0,4112x2570,S,0
2819,18.023,0.610,0.231,0.050,0.000,0.014,0.058,0.000,16.077,0.014,16.017,0.046,8120,15600,,1.00,1,0,4112x2570,S,0
2820,18.260,0.580,0.271,0.057,0.000,0.015,0.061,0.000,16.085,0.014,16.024,0.047,8120,15600,,1.00,1,0,4112x2570,S,0
2821,17.968,1.330,0.304,0.057,0.000,0.018,0.060,0.000,16.109,0.014,16.048,0.047,8120,15600,,1.00,1,0,4112x2570,S,0
2822,17.098,0.744,0.237,0.064,0.000,0.018,0.061,0.000,16.079,0.014,16.019,0.046,8120,15600,,1.00,1,0,4112x2570,S,0
2823,17.194,0.726,0.254,0.059,0.000,0.018,0.051,0.000,16.075,0.014,16.018,0.043,8120,15600,,1.00,1,0,4112x2570,S,0
2824,17.083,0.581,0.240,0.054,0.000,0.016,0.060,0.000,16.081,0.014,16.024,0.043,8120,15600,,1.00,1,0,4112x2570,S,0
2825,17.220,0.564,0.296,0.049,0.000,0.013,0.056,0.000,16.079,0.014,16.019,0.046,8120,15600,,1.00,1,0,4112x2570,S,0
2826,17.294,0.736,0.260,0.064,0.000,0.019,0.058,0.000,16.079,0.014,16.021,0.044,8120,15600,,1.00,1,0,4112x2570,S,0
2827,20.405,0.512,0.258,0.046,0.000,0.014,0.049,0.000,16.075,0.015,16.017,0.044,8120,15600,,1.00,1,0,4112x2570,S,0
2828,17.000,0.523,0.246,0.047,0.000,0.015,0.070,0.000,16.092,0.014,16.029,0.049,8120,15600,,1.00,1,0,4112x2570,S,0
2829,17.044,0.666,0.247,0.062,0.000,0.019,0.055,0.000,16.097,0.014,16.039,0.044,8120,15600,,1.00,1,0,4112x2570,S,0
2830,18.056,0.534,0.265,0.053,0.000,0.018,0.060,0.000,16.078,0.014,16.019,0.045,8120,15600,,1.00,1,0,4112x2570,S,0
2831,18.140,0.756,0.247,0.059,0.000,0.017,0.046,0.000,16.098,0.014,16.040,0.044,8120,15600,,1.00,1,0,4112x2570,S,0
2832,17.997,0.608,0.257,0.060,0.000,0.016,0.052,0.000,16.098,0.014,16.037,0.047,8120,15600,,1.00,1,0,4112x2570,S,0
2833,18.216,0.650,0.244,0.052,0.000,0.019,0.049,0.000,16.082,0.015,16.021,0.046,8120,15600,,1.00,1,0,4112x2570,S,0
2834,17.553,1.060,0.255,0.051,0.000,0.016,0.063,0.000,16.096,0.014,16.037,0.045,8120,15600,,1.00,1,0,4112x2570,S,0
2835,17.259,0.730,0.250,0.059,0.000,0.018,0.052,0.000,16.099,0.014,16.041,0.044,8120,15600,,1.00,1,0,4112x2570,S,0
2836,17.124,0.585,0.243,0.051,0.000,0.015,0.054,0.000,16.077,0.014,16.019,0.044,8120,15600,,1.00,1,0,4112x2570,S,0
2837,17.205,0.738,0.311,0.058,0.000,0.016,0.044,0.000,16.079,0.014,16.019,0.045,8120,15600,,1.00,1,0,4112x2570,S,0
2838,17.160,0.591,0.308,0.058,0.000,0.021,0.045,0.000,16.075,0.014,16.018,0.043,8120,15600,,1.00,1,0,4112x2570,S,0
2839,17.138,0.627,0.226,0.048,0.000,0.015,0.052,0.000,16.078,0.014,16.020,0.045,8120,15600,,1.00,1,0,4112x2570,S,0
2840,16.955,0.571,0.256,0.053,0.000,0.015,0.053,0.000,16.085,0.014,16.027,0.044,8120,15600,,1.00,1,0,4112x2570,S,0
2841,17.024,0.538,0.237,0.049,0.000,0.018,0.043,0.000,16.077,0.013,16.019,0.044,8120,15600,,1.00,1,0,4112x2570,S,0
2842,17.050,0.578,0.248,0.052,0.000,0.016,0.057,0.000,16.082,0.014,16.021,0.047,8120,15600,,1.00,1,0,4112x2570,S,0
2843,18.250,0.715,0.256,0.058,0.000,0.019,0.064,0.000,16.084,0.014,16.023,0.047,8120,15600,,1.00,1,0,4112x2570,S,0
2844,17.077,0.617,0.258,0.059,0.000,0.018,0.070,0.000,16.090,0.014,16.026,0.050,8120,15600,,1.00,1,0,4112x2570,S,0
2845,17.137,0.646,0.281,0.063,0.000,0.020,0.064,0.000,16.088,0.014,16.030,0.043,8120,15600,,1.00,1,0,4112x2570,S,0
2846,17.126,0.763,0.263,0.070,0.000,0.020,0.072,0.000,16.091,0.014,16.032,0.046,8120,15600,,1.00,1,0,4112x2570,S,0
2847,17.293,0.721,0.283,0.068,0.000,0.020,0.061,0.000,16.091,0.014,16.029,0.048,8120,15600,,1.00,1,0,4112x2570,S,0
2848,17.455,0.738,0.263,0.068,0.000,0.021,0.065,0.000,16.103,0.014,16.041,0.048,8120,15600,,1.00,1,0,4112x2570,S,0
2849,18.260,0.656,0.244,0.068,0.000,0.021,0.071,0.000,16.100,0.014,16.042,0.043,8120,15600,,1.00,1,0,4112x2570,S,0
2850,18.163,0.792,1.247,0.066,0.000,0.022,0.059,0.000,16.092,0.014,16.032,0.045,8120,15600,,1.00,1,0,4112x2570,S,0
2851,17.140,0.615,0.233,0.061,0.000,0.018,0.054,0.000,16.079,0.014,16.020,0.045,8120,15600,,1.00,1,0,4112x2570,S,0
2852,18.017,0.782,0.282,0.071,0.000,0.021,0.060,0.000,16.096,0.014,16.036,0.046,8120,15600,,1.00,1,0,4112x2570,S,0
2853,17.707,1.215,0.258,0.067,0.000,0.020,0.054,0.000,16.086,0.013,16.027,0.046,8120,15600,,1.00,1,0,4112x2570,S,0
2854,17.092,0.687,0.265,0.064,0.000,0.018,0.058,0.000,16.098,0.014,16.039,0.045,8120,15600,,1.00,1,0,4112x2570,S,0
2855,17.186,0.639,0.262,0.058,0.000,0.018,0.062,0.000,16.071,0.014,16.013,0.045,8120,15600,,1.00,1,0,4112x2570,S,0
2856,17.207,0.740,0.247,0.065,0.000,0.019,0.060,0.000,16.077,0.014,16.020,0.043,8120,15600,,1.00,1,0,4112x2570,S,0
2857,17.285,0.769,0.262,0.075,0.000,0.021,0.062,0.000,16.083,0.014,16.025,0.044,8120,15600,,1.00,1,0,4112x2570,S,0
2858,17.380,0.876,0.274,0.066,0.000,0.020,0.060,0.000,16.085,0.014,16.026,0.045,8120,15600,,1.00,1,0,4112x2570,S,0
2859,18.028,0.654,0.237,0.059,0.000,0.016,0.060,0.000,16.084,0.014,16.026,0.044,8120,15600,,1.00,1,0,4112x2570,S,0
2860,17.409,0.779,0.251,0.065,0.000,0.019,0.058,0.000,16.098,0.014,16.031,0.053,8120,15600,,1.00,1,0,4112x2570,S,0
2861,17.191,0.624,0.256,0.065,0.000,0.019,0.058,0.000,16.082,0.014,16.022,0.047,8120,15600,drag_start,1.00,1,1,4112x2570,S,0
2862,17.335,0.644,0.264,0.057,0.000,0.017,0.105,0.000,16.122,0.014,16.062,0.046,8120,15600,,1.00,1,1,4112x2570,S,0
2863,18.254,0.726,0.405,0.068,0.000,0.023,0.056,0.000,16.112,0.014,16.051,0.046,8120,15600,,1.00,1,1,4112x2570,S,0
2864,18.308,0.690,0.251,0.064,0.000,0.018,0.058,0.000,16.108,0.014,16.046,0.047,8120,15600,,1.00,1,1,4112x2570,S,0
2865,17.223,0.740,0.262,0.064,0.000,0.019,0.067,0.000,16.108,0.014,16.047,0.047,8120,15600,,1.00,1,1,4112x2570,S,0
2866,17.328,0.688,0.298,0.061,0.000,0.017,0.052,0.000,16.125,0.014,16.062,0.049,8120,15600,,1.00,1,1,4112x2570,S,0
2867,17.413,0.779,0.268,0.066,0.000,0.020,0.058,0.000,16.116,0.014,16.054,0.047,8120,15600,,1.00,1,1,4112x2570,S,0
2868,17.281,0.665,0.296,0.061,0.000,0.019,0.064,0.000,16.111,0.014,16.050,0.047,8120,15600,,1.00,1,1,4112x2570,S,0
2869,17.264,0.629,0.297,0.059,0.000,0.018,0.062,0.000,16.100,0.014,16.039,0.046,8120,15600,,1.00,1,1,4112x2570,S,0
2870,17.298,0.731,0.232,0.061,0.000,0.016,0.058,0.000,16.117,0.014,16.060,0.043,8120,15600,,1.00,1,1,4112x2570,S,0
2871,17.237,0.721,0.242,0.066,0.000,0.017,0.041,0.000,16.135,0.014,16.078,0.043,8120,15600,,1.00,1,1,4112x2570,S,0
2872,17.719,1.217,0.235,0.053,0.000,0.015,0.049,0.000,16.101,0.014,16.039,0.048,8120,15600,,1.00,1,1,4112x2570,S,0
2873,18.404,0.727,0.309,0.060,0.000,0.016,0.050,0.000,16.093,0.014,16.037,0.042,8120,15600,,1.00,1,1,4112x2570,S,0
2874,17.160,0.622,0.260,0.051,0.000,0.015,0.046,0.000,16.113,0.014,16.051,0.049,8120,15600,,1.00,1,1,4112x2570,S,0
2875,18.301,0.658,0.225,0.054,0.000,0.014,0.064,0.000,16.131,0.014,16.071,0.045,8120,15600,,1.00,1,1,4112x2570,S,0
2876,17.293,0.723,0.234,0.063,0.000,0.017,0.059,0.000,16.110,0.014,16.051,0.045,8120,15600,,1.00,1,1,4112x2570,S,0
2877,18.342,0.767,0.239,0.063,0.000,0.017,0.067,0.000,16.104,0.014,16.043,0.046,8120,15600,,1.00,1,1,4112x2570,S,0
2878,18.775,0.902,0.426,0.056,0.000,0.017,0.059,0.000,16.124,0.014,16.061,0.049,8120,15600,,1.00,1,1,4112x2570,S,0
2879,18.247,0.634,0.267,0.055,0.000,0.015,0.074,0.000,16.114,0.015,16.053,0.047,8120,15600,,1.00,1,1,4112x2570,S,0
2880,18.343,0.718,0.260,0.059,0.000,0.018,0.052,0.000,16.112,0.014,16.054,0.044,8120,15600,,1.00,1,1,4112x2570,S,0
2881,17.197,0.624,0.238,0.054,0.000,0.016,0.055,0.000,16.110,0.014,16.046,0.050,8120,15600,,1.00,1,1,4112x2570,S,0
2882,18.296,0.640,0.241,0.055,0.000,0.016,0.045,0.000,16.112,0.014,16.051,0.047,8120,15600,,1.00,1,1,4112x2570,S,0
2883,17.173,0.584,0.238,0.060,0.000,0.017,0.054,0.000,16.115,0.014,16.056,0.046,8120,15600,,1.00,1,1,4112x2570,S,0
2884,17.147,0.668,0.257,0.059,0.000,0.016,0.052,0.000,16.118,0.014,16.059,0.044,8120,15600,,1.00,1,1,4112x2570,S,0
2885,17.863,1.289,0.230,0.053,0.000,0.015,0.055,0.000,16.119,0.014,16.056,0.050,8120,15600,,1.00,1,1,4112x2570,S,0
2886,17.174,0.717,0.242,0.056,0.000,0.016,0.055,0.000,16.136,0.014,16.075,0.047,8120,15600,,1.00,1,1,4112x2570,S,0
2887,17.178,0.606,0.257,0.051,0.000,0.016,0.049,0.000,16.103,0.014,16.038,0.050,8120,15600,,1.00,1,1,4112x2570,S,0
2888,17.919,0.638,0.260,0.057,0.000,0.015,0.046,0.000,16.117,0.014,16.053,0.049,8120,15600,,1.00,1,1,4112x2570,S,0
2889,19.369,0.578,0.249,0.051,0.000,0.019,0.058,0.000,17.857,0.014,17.795,0.048,8120,15600,,1.00,1,1,4112x2570,S,0
2890,17.106,0.554,0.222,0.048,0.000,0.014,0.056,0.000,16.108,0.013,16.049,0.046,8120,15600,,1.00,1,1,4112x2570,S,0
2891,17.211,0.708,0.242,0.056,0.000,0.016,0.057,0.000,16.122,0.014,16.065,0.043,8120,15600,,1.00,1,1,4112x2570,S,0
2892,17.175,0.712,0.254,0.058,0.000,0.017,0.057,0.000,16.120,0.014,16.060,0.046,8120,15600,,1.00,1,1,4112x2570,S,0
2893,17.152,0.593,0.250,0.055,0.000,0.015,0.056,0.000,0.060,0.014,0.000,0.046,8120,15600,,1.00,1,1,4112x2570,S,0
2894,18.178,0.619,0.274,0.057,0.000,0.017,0.047,0.000,16.107,0.014,16.045,0.048,8120,15600,,1.00,1,1,4112x2570,S,0
2895,18.211,0.611,0.241,0.058,0.000,0.015,0.052,0.000,16.144,0.014,16.087,0.043,8120,15600,,1.00,1,1,4112x2570,S,0
2896,17.108,0.604,0.236,0.054,0.000,0.017,0.046,0.000,16.116,0.014,16.054,0.047,8120,15600,,1.00,1,1,4112x2570,S,0
2897,17.082,0.595,0.229,0.051,0.000,0.015,0.058,0.000,16.155,0.014,16.095,0.046,8120,15600,,1.00,1,1,4112x2570,S,0
2898,17.088,0.619,0.257,0.052,0.000,0.014,0.053,0.000,16.118,0.014,16.059,0.045,8120,15600,,1.00,1,1,4112x2570,S,0
2899,17.210,0.706,0.234,0.056,0.000,0.016,0.052,0.000,16.113,0.014,16.055,0.044,8120,15600,,1.00,1,1,4112x2570,S,0
2900,18.071,0.635,0.277,0.054,0.000,0.015,0.052,0.000,16.141,0.014,16.078,0.049,8120,15600,,1.00,1,1,4112x2570,S,0
2901,19.125,1.337,0.300,0.065,0.000,0.020,0.056,0.000,17.853,0.014,17.795,0.044,8120,15600,,1.00,1,1,4112x2570,S,0
2902,17.144,0.668,0.218,0.053,0.000,0.015,0.048,0.000,16.118,0.014,16.057,0.046,8120,15600,,1.00,1,1,4112x2570,S,0
2903,18.115,0.596,0.227,0.052,0.000,0.014,0.061,0.000,16.113,0.014,16.055,0.045,8120,15600,,1.00,1,1,4112x2570,S,0
2904,17.227,0.671,0.258,0.065,0.000,0.016,0.043,0.000,16.120,0.014,16.061,0.045,8120,15600,,1.00,1,1,4112x2570,S,0
2905,17.188,0.719,0.230,0.052,0.000,0.015,0.045,0.000,16.131,0.014,16.067,0.049,8120,15600,,1.00,1,1,4112x2570,S,0
2906,18.153,0.597,0.248,0.050,0.000,0.016,0.069,0.000,16.120,0.014,16.059,0.047,8120,15600,,1.00,1,1,4112x2570,S,0
2907,19.657,0.824,0.290,0.061,0.000,0.017,0.052,0.000,17.859,0.017,17.794,0.047,8120,15600,,1.00,1,1,4112x2570,S,0
2908,17.185,0.728,0.227,0.049,0.000,0.015,0.051,0.000,16.131,0.015,16.072,0.045,8120,15600,,1.00,1,1,4112x2570,S,0
2909,18.233,0.606,0.241,0.049,0.000,0.014,0.049,0.000,16.116,0.015,16.057,0.045,8120,15600,,1.00,1,1,4112x2570,S,0
2910,18.201,0.603,0.226,0.050,0.000,0.015,0.049,0.000,16.115,0.014,16.056,0.045,8120,15600,,1.00,1,1,4112x2570,S,0
2911,18.164,0.574,0.229,0.049,0.000,0.014,0.052,0.000,16.121,0.014,16.059,0.047,8120,15600,,1.00,1,1,4112x2570,S,0
2912,18.148,0.566,0.234,0.047,0.000,0.013,0.048,0.000,16.140,0.014,16.080,0.045,8120,15600,,1.00,1,1,4112x2570,S,0
2913,17.507,1.066,0.230,0.050,0.000,0.013,0.043,0.000,16.120,0.014,16.059,0.046,8120,15600,,1.00,1,1,4112x2570,S,0
2914,18.114,0.552,0.227,0.046,0.000,0.013,0.044,0.000,16.116,0.014,16.056,0.047,8120,15600,,1.00,1,1,4112x2570,S,0
2915,18.069,0.541,0.232,0.043,0.000,0.013,0.052,0.000,16.154,0.014,16.089,0.051,8120,15600,,1.00,1,1,4112x2570,S,0
2916,18.169,0.543,0.227,0.047,0.000,0.013,0.055,0.000,16.110,0.014,16.051,0.045,8120,15600,,1.00,1,1,4112x2570,S,0
2917,18.138,0.531,0.231,0.050,0.000,0.015,0.060,0.000,16.131,0.014,16.073,0.044,8120,15600,,1.00,1,1,4112x2570,S,0
2918,17.245,0.768,0.251,0.058,0.000,0.017,0.043,0.000,16.145,0.014,16.086,0.045,8120,15600,,1.00,1,1,4112x2570,S,0
2919,17.080,0.618,0.233,0.052,0.000,0.014,0.049,0.000,16.120,0.014,16.062,0.044,8120,15600,,1.00,1,1,4112x2570,S,0
2920,17.096,0.568,0.233,0.050,0.000,0.015,0.059,0.000,16.110,0.017,16.049,0.044,8120,15600,,1.00,1,1,4112x2570,S,0
2921,17.304,0.740,0.230,0.057,0.000,0.016,0.049,0.000,16.116,0.014,16.060,0.042,8120,15600,drag_snap,1.00,1,0,4112x2570,S,0
2922,18.440,0.734,0.237,0.058,0.000,0.017,0.059,0.000,17.617,0.795,16.779,0.043,8120,15600,,1.00,1,0,4112x2570,S,0
2923,17.253,0.746,0.241,0.062,0.000,0.016,0.050,0.000,16.071,0.013,16.015,0.043,8120,15600,,1.00,1,0,4112x2570,S,0
2924,17.173,0.698,0.223,0.053,0.000,0.014,0.049,0.000,16.091,0.014,16.032,0.044,8120,15600,,1.00,1,0,4112x2570,S,0
2925,17.242,0.768,0.230,0.052,0.000,0.014,0.054,0.000,16.085,0.014,16.028,0.042,8120,15600,,1.00,1,0,4112x2570,S,0
2926,17.123,0.642,0.257,0.048,0.000,0.015,0.053,0.000,16.089,0.014,16.033,0.043,8120,15600,,1.00,1,0,4112x2570,S,0
2927,17.058,0.604,0.251,0.045,0.000,0.012,0.038,0.000,16.081,0.014,16.022,0.044,8120,15600,,1.00,1,0,4112x2570,S,0
2928,17.130,0.598,0.256,0.043,0.000,0.014,0.058,0.000,16.084,0.014,16.026,0.044,8120,15600,,1.00,1,0,4112x2570,S,0
2929,17.173,0.751,0.238,0.055,0.000,0.016,0.046,0.000,16.080,0.014,16.023,0.043,8120,15600,,1.00,1,0,4112x2570,S,0
2930,18.244,0.641,0.234,0.047,0.000,0.014,0.048,0.000,16.084,0.014,16.026,0.044,8120,15600,,1.00,1,0,4112x2570,S,0
2931,17.707,1.209,0.257,0.044,0.000,0.014,0.046,0.000,16.103,0.017,16.042,0.044,8120,15600,,1.00,1,0,4112x2570,S,0
2932,18.320,0.619,0.235,0.048,0.000,0.014,0.055,0.000,16.080,0.014,16.021,0.045,8120,15600,,1.00,1,0,4112x2570,S,0
2933,18.741,0.931,0.406,0.059,0.000,0.019,0.056,0.000,16.108,0.014,16.049,0.045,8120,15600,,1.00,1,0,4112x2570,S,0
2934,17.206,0.744,0.221,0.055,0.000,0.016,0.049,0.000,16.077,0.014,16.020,0.044,8120,15600,,1.00,1,0,4112x2570,S,0
2935,17.091,0.624,0.240,0.048,0.000,0.014,0.047,0.000,16.098,0.014,16.039,0.045,8120,15600,,1.00,1,0,4112x2570,S,0
2936,18.227,0.582,0.252,0.046,0.000,0.013,0.046,0.000,16.113,0.015,16.054,0.045,8120,15600,,1.00,1,0,4112x2570,S,0
2937,17.198,0.733,0.234,0.054,0.000,0.016,0.047,0.000,16.086,0.014,16.027,0.046,8120,15600,,1.00,1,0,4112x2570,S,0
2938,18.113,0.610,0.232,0.050,0.000,0.014,0.044,0.000,16.090,0.014,16.028,0.047,8120,15600,,1.00,1,0,4112x2570,S,0
2939,17.135,0.575,0.245,0.052,0.000,0.015,0.047,0.000,16.092,0.014,16.035,0.043,8120,15600,,1.00,1,0,4112x2570,S,0
2940,17.168,0.693,0.223,0.048,0.000,0.014,0.048,0.000,16.083,0.014,16.026,0.043,8120,15600,,1.00,1,0,4112x2570,S,0
2941,17.158,0.669,0.216,0.047,0.000,0.014,0.073,0.000,16.084,0.014,16.023,0.047,8120,15600,,1.00,1,0,4112x2570,S,0
2942,17.383,0.761,0.273,0.062,0.000,0.020,0.055,0.000,16.090,0.014,16.031,0.045,8120,15600,,1.00,1,0,4112x2570,S,0
2943,17.169,0.738,0.233,0.057,0.000,0.018,0.054,0.000,16.094,0.014,16.028,0.051,8120,15600,,1.00,1,0,4112x2570,S,0
2944,17.098,0.589,0.234,0.051,0.000,0.017,0.055,0.000,16.089,0.015,16.029,0.045,8120,15600,tshadow_pcf,1.00,1,0,4112x2570,P,1
2945,4.083,0.761,0.276,0.069,0.000,0.019,0.049,0.000,1.396,0.014,1.333,0.048,8120,15600,,1.00,1,0,4112x2570,P,1
2946,8.360,0.750,0.244,0.049,0.000,0.014,0.055,0.000,1.397,0.017,1.334,0.045,8120,15600,,1.00,1,0,4112x2570,P,1
2947,8.276,0.000,0.302,0.046,0.000,0.016,0.049,0.000,1.396,0.017,1.334,0.044,8120,15600,,1.00,1,0,4112x2570,P,1
2948,8.345,0.635,0.239,0.053,0.000,0.019,0.045,0.000,1.399,0.017,1.336,0.046,8120,15600,,1.00,1,0,4112x2570,P,1
2949,8.401,0.000,0.289,0.045,0.000,0.014,0.057,0.000,1.399,0.017,1.335,0.047,8120,15600,,1.00,1,0,4112x2570,P,1
2950,8.207,0.672,0.261,0.064,0.000,0.018,0.044,0.000,1.396,0.016,1.335,0.044,8120,15600,,1.00,1,0,4112x2570,P,1
2951,8.390,0.000,0.301,0.043,0.000,0.013,0.048,0.000,1.396,0.016,1.334,0.045,8120,15600,,1.00,1,0,4112x2570,P,1
2952,8.246,0.618,0.256,0.056,0.000,0.017,0.049,0.000,1.396,0.016,1.334,0.046,8120,15600,,1.00,1,0,4112x2570,P,1
2953,8.311,0.000,0.277,0.040,0.028,0.012,0.047,0.000,1.399,0.019,1.335,0.045,8120,15600,,1.00,1,0,4112x2570,P,1
2954,8.432,0.604,0.250,0.051,0.000,0.014,0.056,0.000,1.399,0.018,1.335,0.045,8120,15600,,1.00,1,0,4112x2570,P,1
2955,8.336,0.000,0.279,0.043,0.000,0.018,0.053,0.000,1.396,0.017,1.335,0.044,8120,15600,,1.00,1,0,4112x2570,P,1
2956,8.207,0.704,0.251,0.051,0.000,0.017,0.041,0.000,1.399,0.017,1.336,0.046,8120,15600,,1.00,1,0,4112x2570,P,1
2957,8.373,0.000,0.247,0.048,0.000,0.014,0.039,0.000,1.393,0.014,1.334,0.045,8120,15600,,1.00,1,0,4112x2570,P,1
2958,8.490,0.596,0.238,0.055,0.000,0.015,0.076,0.000,1.398,0.017,1.336,0.044,8120,15600,,1.00,1,0,4112x2570,P,1
2959,8.242,0.000,0.399,0.075,0.000,0.023,0.069,0.000,1.397,0.018,1.334,0.046,8120,15600,,1.00,1,0,4112x2570,P,1
2960,8.163,0.994,0.258,0.064,0.000,0.020,0.038,0.000,1.401,0.018,1.337,0.046,8120,15600,,1.00,1,0,4112x2570,P,1
2961,8.155,0.000,0.252,0.048,0.000,0.019,0.042,0.000,1.400,0.017,1.335,0.047,8120,15600,,1.00,1,0,4112x2570,P,1
2962,8.351,0.648,0.238,0.047,0.000,0.015,0.041,0.000,1.398,0.017,1.336,0.045,8120,15600,,1.00,1,0,4112x2570,P,1
2963,8.511,0.000,0.272,0.042,0.000,0.013,0.081,0.000,1.397,0.018,1.335,0.044,8120,15600,,1.00,1,0,4112x2570,P,1
2964,8.115,0.705,0.342,0.058,0.000,0.018,0.053,0.000,1.402,0.017,1.335,0.050,8120,15600,,1.00,1,0,4112x2570,P,1
2965,8.284,0.001,0.260,0.050,0.000,0.015,0.041,0.000,1.400,0.018,1.336,0.045,8120,15600,,1.00,1,0,4112x2570,P,1
2966,8.373,0.723,0.240,0.061,0.000,0.019,0.057,0.000,1.396,0.016,1.335,0.045,8120,15600,,1.00,1,0,4112x2570,P,1
2967,8.381,0.000,0.284,0.062,0.000,0.016,0.050,0.000,1.398,0.018,1.335,0.045,8120,15600,,1.00,1,0,4112x2570,P,1
2968,8.280,0.779,0.294,0.059,0.000,0.017,0.064,0.000,1.398,0.017,1.335,0.046,8120,15600,,1.00,1,0,4112x2570,P,1
2969,8.388,0.000,0.332,0.054,0.000,0.016,0.045,0.000,1.398,0.016,1.336,0.045,8120,15600,,1.00,1,0,4112x2570,P,1
2970,8.229,0.662,0.234,0.062,0.000,0.018,0.039,0.000,1.397,0.016,1.336,0.045,8120,15600,,1.00,1,0,4112x2570,P,1
2971,8.302,0.000,0.277,0.049,0.000,0.013,0.049,0.000,1.399,0.018,1.337,0.044,8120,15600,,1.00,1,0,4112x2570,P,1
2972,8.303,0.607,0.250,0.056,0.000,0.017,0.049,0.000,1.397,0.018,1.334,0.045,8120,15600,,1.00,1,0,4112x2570,P,1
2973,8.883,0.000,0.600,0.118,0.000,0.061,0.099,0.000,1.396,0.016,1.337,0.043,8120,15600,,1.00,1,0,4112x2570,P,1
2974,8.297,1.946,0.404,0.060,0.000,0.021,0.123,0.000,1.397,0.018,1.335,0.044,8120,15600,,1.00,1,0,4112x2570,P,1
2975,8.288,0.000,0.877,0.120,0.000,0.043,0.128,0.000,1.395,0.017,1.335,0.044,8120,15600,,1.00,1,0,4112x2570,P,1
2976,8.242,0.783,0.288,0.064,0.000,0.021,0.208,0.000,1.396,0.018,1.334,0.044,8120,15600,,1.00,1,0,4112x2570,P,1
2977,8.291,0.000,0.770,0.149,0.000,0.047,0.114,0.000,1.398,0.017,1.336,0.045,8120,15600,,1.00,1,0,4112x2570,P,1
2978,7.912,1.913,0.770,0.181,0.000,0.047,0.083,0.000,1.395,0.017,1.336,0.042,8120,15600,,1.00,1,0,4112x2570,P,1
2979,8.413,0.000,0.324,0.090,0.000,0.032,0.078,0.000,1.402,0.018,1.335,0.049,8120,15600,,1.00,1,0,4112x2570,P,1
2980,8.186,1.140,0.421,0.090,0.000,0.026,0.057,0.000,1.399,0.017,1.335,0.047,8120,15600,,1.00,1,0,4112x2570,P,1
2981,8.208,0.000,0.325,0.052,0.000,0.020,0.049,0.000,1.403,0.017,1.338,0.048,8120,15600,,1.00,1,0,4112x2570,P,1
2982,8.577,0.606,0.255,0.060,0.000,0.019,0.074,0.000,1.403,0.018,1.335,0.051,8120,15600,,1.00,1,0,4112x2570,P,1
2983,8.217,0.000,0.317,0.048,0.000,0.016,0.067,0.000,1.402,0.018,1.336,0.049,8120,15600,,1.00,1,0,4112x2570,P,1
2984,8.333,0.919,0.389,0.079,0.000,0.026,0.076,0.000,1.399,0.017,1.336,0.045,8120,15600,,1.00,1,0,4112x2570,P,1
2985,8.188,0.000,0.340,0.039,0.000,0.011,0.057,0.000,1.397,0.018,1.334,0.046,8120,15600,,1.00,1,0,4112x2570,P,1
2986,8.845,0.784,0.267,0.067,0.000,0.022,0.114,0.000,1.398,0.018,1.334,0.046,8120,15600,,1.00,1,0,4112x2570,P,1
2987,8.458,0.000,0.684,0.133,0.000,0.043,0.128,0.000,1.396,0.017,1.335,0.044,8120,15600,,1.00,1,0,4112x2570,P,1
2988,8.116,1.978,0.733,0.138,0.000,0.053,0.119,0.000,1.403,0.018,1.340,0.046,8120,15600,,1.00,1,0,4112x2570,P,1
2989,8.166,0.000,0.750,0.146,0.000,0.045,0.099,0.000,1.397,0.016,1.334,0.046,8120,15600,,1.00,1,0,4112x2570,P,1
2990,8.435,1.571,0.658,0.184,0.000,0.050,0.124,0.000,1.398,0.015,1.334,0.050,8120,15600,,1.00,1,0,4112x2570,P,1
2991,8.341,0.001,0.575,0.123,0.000,0.040,0.118,0.000,1.399,0.017,1.334,0.048,8120,15600,,1.00,1,0,4112x2570,P,1
2992,8.342,2.222,0.813,0.140,0.000,0.050,0.120,0.000,1.399,0.017,1.334,0.048,8120,15600,,1.00,1,0,4112x2570,P,1
2993,8.348,0.001,0.635,0.133,0.000,0.044,0.163,0.000,1.396,0.017,1.335,0.045,8120,15600,,1.00,1,0,4112x2570,P,1
2994,8.139,2.446,0.811,0.126,0.000,0.046,0.119,0.000,1.393,0.016,1.334,0.043,8120,15600,,1.00,1,0,4112x2570,P,1
2995,8.367,0.001,0.661,0.134,0.000,0.044,0.111,0.000,1.394,0.017,1.335,0.042,8120,15600,,1.00,1,0,4112x2570,P,1
2996,8.255,1.944,0.824,0.119,0.000,0.045,0.111,0.000,1.394,0.016,1.335,0.042,8120,15600,,1.00,1,0,4112x2570,P,1
2997,8.345,0.000,0.750,0.123,0.000,0.045,0.112,0.000,1.393,0.016,1.334,0.042,8120,15600,,1.00,1,0,4112x2570,P,1
2998,7.902,1.877,0.775,0.123,0.000,0.051,0.084,0.000,1.398,0.017,1.334,0.046,8120,15600,,1.00,1,0,4112x2570,P,1
2999,8.230,0.000,0.326,0.065,0.000,0.020,0.060,0.000,1.400,0.019,1.335,0.046,8120,15600,,1.00,1,0,4112x2570,P,1
3000,8.212,0.650,0.270,0.075,0.000,0.026,0.052,0.000,1.400,0.018,1.335,0.046,8120,15600,,1.00,1,0,4112x2570,P,1
3001,8.408,0.000,0.291,0.050,0.000,0.015,0.059,0.000,1.396,0.017,1.336,0.043,8120,15600,,1.00,1,0,4112x2570,P,1
3002,8.222,0.737,0.281,0.065,0.000,0.018,0.038,0.000,1.396,0.017,1.333,0.045,8120,15600,,1.00,1,0,4112x2570,P,1
3003,8.334,0.000,0.276,0.054,0.000,0.017,0.041,0.000,1.396,0.017,1.336,0.043,8120,15600,,1.00,1,0,4112x2570,P,1
3004,8.412,0.755,0.239,0.056,0.001,0.015,0.074,0.000,1.397,0.017,1.334,0.045,8120,15600,,1.00,1,0,4112x2570,P,1
3005,8.289,0.000,0.364,0.058,0.000,0.021,0.056,0.000,1.396,0.017,1.335,0.044,8120,15600,,1.00,1,0,4112x2570,P,1
3006,8.274,0.609,0.340,0.065,0.000,0.022,0.061,0.000,1.396,0.018,1.335,0.043,8120,15600,,1.00,1,0,4112x2570,P,1
3007,8.457,0.000,0.425,0.059,0.000,0.020,0.052,0.000,1.399,0.018,1.336,0.045,8120,15600,,1.00,1,0,4112x2570,P,1
3008,8.165,0.731,0.252,0.072,0.000,0.021,0.049,0.000,1.474,0.018,1.412,0.044,8120,15600,,1.00,1,0,4112x2570,P,1
3009,8.335,0.000,0.347,0.056,0.000,0.021,0.056,0.000,1.494,0.018,1.431,0.045,8120,15600,,1.00,1,0,4112x2570,P,1
3010,8.320,0.673,0.239,0.065,0.000,0.020,0.053,0.000,1.497,0.017,1.432,0.047,8120,15600,,1.00,1,0,4112x2570,P,1
3011,8.274,0.000,0.354,0.058,0.000,0.020,0.052,0.000,1.542,0.019,1.480,0.043,8120,15600,,1.00,1,0,4112x2570,P,1
3012,8.355,0.734,0.255,0.064,0.000,0.020,0.056,0.000,1.591,0.018,1.527,0.045,8120,15600,,1.00,1,0,4112x2570,P,1
3013,8.288,0.000,0.263,0.057,0.000,0.017,0.053,0.000,1.606,0.018,1.543,0.045,8120,15600,,1.00,1,0,4112x2570,P,1
3014,8.320,0.710,0.273,0.061,0.000,0.020,0.052,0.000,1.667,0.018,1.603,0.045,8120,15600,,1.00,1,0,4112x2570,P,1
3015,8.354,0.000,0.274,0.052,0.000,0.020,0.056,0.000,1.663,0.018,1.601,0.044,8120,15600,,1.00,1,0,4112x2570,P,1
3016,8.366,0.612,0.262,0.058,0.000,0.019,0.067,0.000,1.845,0.019,1.778,0.049,8120,15600,,1.00,1,0,4112x2570,P,1
3017,8.275,0.000,0.271,0.055,0.000,0.023,0.061,0.000,1.855,0.020,1.779,0.056,8120,15600,,1.00,1,0,4112x2570,P,1
3018,8.271,0.611,0.278,0.059,0.000,0.023,0.047,0.000,1.944,0.021,1.872,0.051,8120,15600,,1.00,1,0,4112x2570,P,1
3019,8.337,0.000,0.270,0.046,0.000,0.017,0.052,0.000,2.057,0.021,1.990,0.046,8120,15600,,1.00,1,0,4112x2570,P,1
3020,8.305,0.569,0.250,0.056,0.000,0.018,0.048,0.000,2.060,0.021,1.987,0.052,8120,15600,,1.00,1,0,4112x2570,P,1
3021,8.320,0.000,0.282,0.044,0.000,0.017,0.048,0.000,2.348,0.023,2.271,0.054,8120,15600,,1.00,1,0,4112x2570,P,1
3022,8.344,0.571,0.282,0.056,0.000,0.017,0.046,0.000,2.348,0.023,2.272,0.053,8120,15600,,1.00,1,0,4112x2570,P,1
3023,8.364,0.000,0.274,0.042,0.000,0.016,0.042,0.000,2.716,0.028,2.635,0.054,8120,15600,,1.00,1,0,4112x2570,P,1
3024,8.301,0.541,0.228,0.050,0.000,0.015,0.062,0.000,2.716,0.026,2.637,0.053,8120,15600,,1.00,1,0,4112x2570,P,1
3025,8.317,0.000,0.258,0.050,0.000,0.018,0.068,0.000,3.044,0.034,2.956,0.054,8120,15600,,1.00,1,0,4112x2570,P,1
3026,8.331,0.674,0.238,0.057,0.000,0.022,0.052,0.000,3.587,0.033,3.484,0.069,8120,15600,,1.00,1,0,4112x2570,P,1
3027,8.298,0.000,0.277,0.050,0.000,0.015,0.040,0.000,3.629,0.033,3.516,0.079,8120,15600,,1.00,1,0,4112x2570,P,1
3028,8.371,0.541,0.246,0.045,0.000,0.018,0.052,0.000,4.163,0.058,4.018,0.086,8120,15600,,1.00,1,0,4112x2570,P,1
3029,8.222,0.000,0.281,0.060,0.000,0.021,0.049,0.000,6.020,0.058,5.874,0.088,8120,15600,,1.00,1,0,4112x2570,P,1
3030,8.443,0.574,0.234,0.045,0.000,0.014,0.055,0.000,6.336,0.058,6.195,0.084,8120,15600,,1.00,1,0,4112x2570,P,1
3031,8.280,0.000,0.318,0.060,0.000,0.019,0.056,0.000,5.402,0.052,5.260,0.089,8120,15600,,1.00,1,0,4112x2570,P,1
3032,8.279,0.709,0.257,0.065,0.000,0.023,0.042,0.000,5.056,0.058,4.911,0.087,8120,15600,,1.00,1,0,4112x2570,P,1
3033,8.256,0.000,0.285,0.054,0.000,0.016,0.055,0.000,4.775,0.058,4.631,0.086,8120,15600,,1.00,1,0,4112x2570,P,1
3034,8.406,0.601,0.234,0.051,0.000,0.020,0.049,0.000,4.424,0.057,4.281,0.086,8120,15600,,1.00,1,0,4112x2570,P,1
3035,8.304,0.000,0.299,0.055,0.000,0.016,0.045,0.000,4.149,0.057,4.007,0.085,8120,15600,,1.00,1,0,4112x2570,P,1
3036,8.317,0.615,0.235,0.050,0.000,0.018,0.049,0.000,4.153,0.057,4.009,0.087,8120,15600,,1.00,1,0,4112x2570,P,1
3037,8.300,0.000,0.476,0.050,0.000,0.020,0.047,0.000,4.155,0.058,4.009,0.088,8120,15600,,1.00,1,0,4112x2570,P,1
3038,8.458,0.569,0.227,0.049,0.000,0.015,0.048,0.000,4.162,0.058,4.017,0.088,8120,15600,,1.00,1,0,4112x2570,P,1
3039,8.168,0.000,0.331,0.052,0.000,0.019,0.040,0.000,4.155,0.058,4.011,0.086,8120,15600,,1.00,1,0,4112x2570,P,1
3040,8.396,0.551,0.267,0.047,0.000,0.016,0.042,0.000,4.151,0.058,4.006,0.088,8120,15600,,1.00,1,0,4112x2570,P,1
3041,8.232,0.000,0.249,0.047,0.000,0.015,0.043,0.000,4.150,0.057,4.007,0.086,8120,15600,,1.00,1,0,4112x2570,P,1
3042,8.385,0.732,0.237,0.047,0.000,0.020,0.056,0.000,4.152,0.058,4.007,0.087,8120,15600,,1.00,1,0,4112x2570,P,1
3043,8.284,0.000,0.286,0.056,0.000,0.016,0.055,0.000,4.432,0.058,4.287,0.087,8120,15600,,1.00,1,0,4112x2570,P,1
3044,8.284,0.727,0.253,0.049,0.000,0.020,0.039,0.000,6.065,0.054,5.940,0.071,8120,15600,,1.00,1,0,4112x2570,P,1
3045,8.450,0.000,0.308,0.058,0.000,0.015,0.059,0.000,5.215,0.048,5.107,0.060,8120,15600,,1.00,1,0,4112x2570,P,1
3046,8.232,0.661,1.004,0.055,0.000,0.018,0.055,0.000,4.902,0.057,4.784,0.061,8120,15600,,1.00,1,0,4112x2570,P,1
3047,7.831,0.000,0.329,0.068,0.000,0.025,0.073,0.000,4.788,0.058,4.669,0.062,8120,15600,tshadow_planar,1.00,1,0,4112x2570,L,2
3048,31.497,0.662,0.303,0.074,0.000,0.027,0.058,0.000,29.563,0.057,29.450,0.056,8120,15600,,1.00,1,0,4112x2570,L,2
3049,19.463,0.693,0.255,0.060,0.000,0.022,0.069,0.000,17.114,0.019,17.042,0.053,8120,15600,,1.00,1,0,4112x2570,L,2
3050,14.285,1.329,0.281,0.066,0.000,0.018,0.067,0.000,13.132,0.015,13.064,0.053,8120,15600,,1.00,1,0,4112x2570,L,2
3051,15.339,0.000,0.273,0.060,0.000,0.017,0.069,0.000,12.916,0.014,12.846,0.056,8120,15600,,1.00,1,0,4112x2570,L,2
3052,14.407,0.712,0.780,0.059,0.000,0.021,0.069,0.000,12.917,0.014,12.848,0.056,8120,15600,,1.00,1,0,4112x2570,L,2
3053,14.769,0.748,0.321,0.071,0.000,0.020,0.085,0.000,12.916,0.014,12.852,0.050,8120,15600,,1.00,1,0,4112x2570,L,2
3054,14.904,0.741,0.293,0.066,0.000,0.022,0.049,0.000,12.912,0.014,12.849,0.048,8120,15600,,1.00,1,0,4112x2570,L,2
3055,15.171,0.751,0.433,0.064,0.000,0.022,0.060,0.000,12.931,0.014,12.867,0.050,8120,15600,,1.00,1,0,4112x2570,L,2
3056,14.862,0.715,0.283,0.069,0.000,0.019,0.071,0.000,12.914,0.018,12.853,0.044,8120,15600,,1.00,1,0,4112x2570,L,2
3057,14.986,0.762,0.300,0.059,0.000,0.025,0.045,0.000,12.918,0.014,12.860,0.044,8120,15600,,1.00,1,0,4112x2570,L,2
3058,15.076,0.778,0.264,0.056,0.000,0.020,0.060,0.000,12.920,0.014,12.861,0.045,8120,15600,,1.00,1,0,4112x2570,L,2
3059,15.102,0.739,0.252,0.058,0.000,0.021,0.108,0.000,12.905,0.014,12.845,0.046,8120,15600,,1.00,1,0,4112x2570,L,2
3060,15.082,0.728,0.265,0.061,0.000,0.020,0.052,0.000,12.911,0.014,12.852,0.045,8120,15600,,1.00,1,0,4112x2570,L,2
3061,14.091,0.000,0.274,0.053,0.000,0.017,0.059,0.000,12.903,0.014,12.842,0.047,8120,15600,,1.00,1,0,4112x2570,L,2
3062,14.851,0.736,0.266,0.061,0.000,0.020,0.056,0.000,12.921,0.014,12.861,0.045,8120,15600,,1.00,1,0,4112x2570,L,2
3063,15.041,0.793,0.302,0.057,0.000,0.017,0.058,0.000,12.914,0.014,12.848,0.051,8120,15600,,1.00,1,0,4112x2570,L,2
3064,13.949,0.738,0.297,0.073,0.000,0.023,0.062,0.000,12.921,0.014,12.863,0.045,8120,15600,,1.00,1,0,4112x2570,L,2
3065,14.806,0.623,0.281,0.064,0.000,0.021,0.053,0.000,12.908,0.014,12.846,0.048,8120,15600,,1.00,1,0,4112x2570,L,2
3066,13.810,0.738,0.237,0.056,0.000,0.017,0.100,0.000,12.912,0.014,12.849,0.050,8120,15600,,1.00,1,0,4112x2570,L,2
3067,13.813,0.714,0.256,0.057,0.000,0.019,0.080,0.000,12.906,0.014,12.851,0.042,8120,15600,,1.00,1,0,4112x2570,L,2
3068,14.787,0.609,0.234,0.056,0.000,0.016,0.051,0.000,12.905,0.014,12.843,0.048,8120,15600,,1.00,1,0,4112x2570,L,2
3069,14.374,0.000,0.350,0.063,0.000,0.018,0.049,0.000,12.919,0.014,12.863,0.043,8120,15600,,1.00,1,0,4112x2570,L,2
3070,13.784,0.676,0.251,0.060,0.000,0.017,0.047,0.000,12.904,0.014,12.845,0.044,8120,15600,,1.00,1,0,4112x2570,L,2
3071,14.760,0.587,0.223,0.051,0.000,0.017,0.046,0.000,12.900,0.014,12.846,0.041,8120,15600,,1.00,1,0,4112x2570,L,2
3072,14.771,0.550,0.242,0.048,0.000,0.016,0.042,0.000,12.903,0.014,12.847,0.042,8120,15600,,1.00,1,0,4112x2570,L,2
3073,13.860,0.745,0.232,0.050,0.000,0.018,0.045,0.000,12.906,0.014,12.850,0.042,8120,15600,,1.00,1,0,4112x2570,L,2
3074,14.804,0.575,0.241,0.053,0.000,0.017,0.047,0.000,12.922,0.014,12.865,0.043,8120,15600,,1.00,1,0,4112x2570,L,2
3075,14.833,0.546,0.245,0.057,0.000,0.017,0.045,0.000,12.926,0.014,12.868,0.043,8120,15600,,1.00,1,0,4112x2570,L,2
3076,14.856,0.623,0.228,0.050,0.000,0.015,0.054,0.000,12.906,0.014,12.849,0.043,8120,15600,,1.00,1,0,4112x2570,L,2
3077,14.333,0.000,0.310,0.054,0.000,0.016,0.049,0.000,12.910,0.015,12.853,0.042,8120,15600,,1.00,1,0,4112x2570,L,2
3078,13.707,0.612,0.237,0.053,0.000,0.016,0.052,0.000,12.906,0.015,12.849,0.043,8120,15600,,1.00,1,0,4112x2570,L,2
3079,14.773,0.575,0.231,0.049,0.000,0.015,0.049,0.000,12.907,0.014,12.852,0.041,8120,15600,,1.00,1,0,4112x2570,L,2
3080,14.844,0.554,0.243,0.051,0.000,0.014,0.054,0.000,12.906,0.014,12.849,0.043,8120,15600,,1.00,1,0,4112x2570,L,2
3081,13.886,0.754,0.276,0.055,0.000,0.017,0.049,0.000,12.924,0.014,12.869,0.041,8120,15600,,1.00,1,0,4112x2570,L,2
3082,14.870,0.585,0.231,0.050,0.000,0.015,0.050,0.000,12.905,0.014,12.849,0.042,8120,15600,,1.00,1,0,4112x2570,L,2
3083,13.963,0.796,0.286,0.056,0.000,0.018,0.048,0.000,12.907,0.014,12.848,0.045,8120,15600,drag_start,1.00,1,1,4112x2570,L,2
3084,14.871,0.622,0.245,0.050,0.000,0.017,0.051,0.000,12.931,0.014,12.873,0.043,8120,15600,,1.00,1,1,4112x2570,L,2
3085,14.354,0.000,0.336,0.055,0.000,0.016,0.061,0.000,12.943,0.014,12.883,0.045,8120,15600,,1.00,1,1,4112x2570,L,2
3086,14.942,0.645,0.235,0.054,0.000,0.015,0.065,0.000,12.931,0.014,12.874,0.042,8120,15600,,1.00,1,1,4112x2570,L,2
3087,14.985,0.689,0.273,0.059,0.000,0.016,0.051,0.000,12.939,0.014,12.876,0.049,8120,15600,,1.00,1,1,4112x2570,L,2
3088,15.049,0.698,0.275,0.058,0.000,0.016,0.061,0.000,12.938,0.015,12.877,0.047,8120,15600,,1.00,1,1,4112x2570,L,2
3089,14.879,0.648,0.247,0.056,0.000,0.016,0.044,0.000,12.944,0.014,12.880,0.051,8120,15600,,1.00,1,1,4112x2570,L,2
3090,14.927,0.698,0.276,0.063,0.000,0.022,0.049,0.000,12.941,0.014,12.879,0.048,8120,15600,,1.00,1,1,4112x2570,L,2
3091,14.656,0.683,0.256,0.053,0.000,0.015,0.051,0.000,12.954,0.014,12.892,0.048,8120,15600,,1.00,1,1,4112x2570,L,2
3092,14.897,0.623,0.241,0.057,0.000,0.017,0.067,0.000,12.942,0.014,12.880,0.049,8120,15600,,1.00,1,1,4112x2570,L,2
3093,14.911,0.736,0.260,0.064,0.000,0.018,0.064,0.000,12.941,0.014,12.879,0.048,8120,15600,,1.00,1,1,4112x2570,L,2
3094,14.170,0.000,0.353,0.081,0.000,0.038,0.051,0.000,12.944,0.014,12.883,0.047,8120,15600,,1.00,1,1,4112x2570,L,2
3095,15.021,0.704,0.250,0.053,0.000,0.019,0.139,0.000,12.939,0.014,12.877,0.048,8120,15600,,1.00,1,1,4112x2570,L,2
3096,14.784,0.697,0.273,0.044,0.000,0.017,0.059,0.000,12.944,0.014,12.878,0.052,8120,15600,,1.00,1,1,4112x2570,L,2
3097,14.948,0.711,0.253,0.054,0.000,0.017,0.046,0.000,12.934,0.014,12.878,0.043,8120,15600,,1.00,1,1,4112x2570,L,2
3098,14.892,0.619,0.245,0.048,0.000,0.020,0.048,0.000,12.937,0.014,12.877,0.046,8120,15600,,1.00,1,1,4112x2570,L,2
3099,15.141,0.788,0.286,0.064,0.000,0.024,0.071,0.000,12.930,0.014,12.871,0.045,8120,15600,,1.00,1,1,4112x2570,L,2
3100,15.038,0.707,0.261,0.050,0.000,0.019,0.056,0.000,12.938,0.014,12.875,0.049,8120,15600,,1.00,1,1,4112x2570,L,2
3101,15.010,0.714,0.263,0.061,0.000,0.017,0.075,0.000,12.936,0.014,12.879,0.043,8120,15600,,1.00,1,1,4112x2570,L,2
3102,15.027,0.706,0.272,0.058,0.000,0.021,0.058,0.000,12.928,0.014,12.872,0.042,8120,15600,,1.00,1,1,4112x2570,L,2
3103,14.853,0.707,0.234,0.050,0.000,0.017,0.047,0.000,12.930,0.014,12.872,0.044,8120,15600,,1.00,1,1,4112x2570,L,2
3104,14.255,0.000,0.268,0.054,0.000,0.019,0.048,0.000,12.946,0.014,12.891,0.042,8120,15600,,1.00,1,1,4112x2570,L,2
3105,14.776,0.722,0.231,0.047,0.000,0.015,0.049,0.000,12.952,0.014,12.894,0.045,8120,15600,,1.00,1,1,4112x2570,L,2
3106,14.904,0.622,0.237,0.046,0.000,0.015,0.059,0.000,12.939,0.014,12.876,0.049,8120,15600,,1.00,1,1,4112x2570,L,2
3107,14.827,0.634,0.253,0.055,0.000,0.022,0.051,0.000,12.935,0.014,12.876,0.044,8120,15600,,1.00,1,1,4112x2570,L,2
3108,14.890,0.616,0.248,0.047,0.000,0.015,0.061,0.000,12.932,0.014,12.875,0.043,8120,15600,,1.00,1,1,4112x2570,L,2
3109,14.909,0.590,0.246,0.048,0.000,0.015,0.065,0.000,12.929,0.014,12.872,0.043,8120,15600,,1.00,1,1,4112x2570,L,2
3110,13.964,0.749,0.253,0.062,0.000,0.020,0.069,0.000,12.942,0.014,12.881,0.048,8120,15600,,1.00,1,1,4112x2570,L,2
3111,14.789,0.710,0.253,0.058,0.000,0.018,0.051,0.000,12.933,0.014,12.872,0.047,8120,15600,,1.00,1,1,4112x2570,L,2
3112,14.702,0.751,0.241,0.062,0.000,0.018,0.042,0.000,12.932,0.014,12.874,0.044,8120,15600,,1.00,1,1,4112x2570,L,2
3113,14.338,0.000,0.281,0.051,0.000,0.017,0.058,0.000,12.951,0.014,12.893,0.044,8120,15600,,1.00,1,1,4112x2570,L,2
3114,13.986,0.757,0.279,0.062,0.000,0.024,0.059,0.000,12.952,0.014,12.892,0.045,8120,15600,,1.00,1,1,4112x2570,L,2
3115,13.901,0.720,0.248,0.068,0.000,0.021,0.067,0.000,12.930,0.014,12.873,0.044,8120,15600,,1.00,1,1,4112x2570,L,2
3116,14.890,0.623,0.235,0.057,0.000,0.020,0.078,0.000,12.952,0.014,12.895,0.043,8120,15600,,1.00,1,1,4112x2570,L,2
3117,14.702,0.579,0.231,0.048,0.000,0.015,0.054,0.000,12.933,0.014,12.877,0.042,8120,15600,,1.00,1,1,4112x2570,L,2
3118,14.724,0.641,0.242,0.059,0.000,0.017,0.054,0.000,12.931,0.014,12.874,0.043,8120,15600,,1.00,1,1,4112x2570,L,2
3119,13.780,0.687,0.238,0.051,0.000,0.015,0.043,0.000,12.934,0.014,12.876,0.043,8120,15600,,1.00,1,1,4112x2570,L,2
3120,14.351,0.000,0.292,0.046,0.000,0.014,0.057,0.000,12.950,0.014,12.893,0.043,8120,15600,,1.00,1,1,4112x2570,L,2
3121,13.739,0.720,0.242,0.061,0.000,0.017,0.053,0.000,12.936,0.015,12.879,0.042,8120,15600,,1.00,1,1,4112x2570,L,2
3122,14.934,0.725,0.238,0.057,0.000,0.015,0.040,0.000,12.939,0.014,12.882,0.044,8120,15600,,1.00,1,1,4112x2570,L,2
3123,14.836,0.619,0.232,0.051,0.000,0.016,0.052,0.000,12.928,0.014,12.872,0.043,8120,15600,,1.00,1,1,4112x2570,L,2
3124,14.830,0.571,0.261,0.049,0.000,0.016,0.053,0.000,12.929,0.014,12.873,0.042,8120,15600,,1.00,1,1,4112x2570,L,2
3125,14.949,0.644,0.286,0.048,0.000,0.015,0.049,0.000,12.927,0.014,12.870,0.044,8120,15600,,1.00,1,1,4112x2570,L,2
3126,14.860,0.609,0.238,0.048,0.000,0.014,0.066,0.000,12.928,0.014,12.871,0.044,8120,15600,,1.00,1,1,4112x2570,L,2
3127,13.896,0.722,0.276,0.052,0.000,0.017,0.047,0.000,12.934,0.014,12.878,0.042,8120,15600,,1.00,1,1,4112x2570,L,2
3128,14.800,0.598,0.242,0.049,0.001,0.015,0.046,0.000,12.933,0.014,12.876,0.043,8120,15600,,1.00,1,1,4112x2570,L,2
3129,14.250,0.000,0.275,0.044,0.000,0.013,0.050,0.000,12.932,0.014,12.875,0.043,8120,15600,,1.00,1,1,4112x2570,L,2
3130,14.940,0.681,0.271,0.052,0.000,0.016,0.050,0.000,12.934,0.014,12.877,0.043,8120,15600,,1.00,1,1,4112x2570,L,2
3131,14.885,0.642,0.242,0.049,0.000,0.014,0.051,0.000,12.946,0.014,12.889,0.043,8120,15600,,1.00,1,1,4112x2570,L,2
3132,13.748,0.694,0.277,0.056,0.000,0.017,0.049,0.000,12.931,0.014,12.876,0.042,8120,15600,,1.00,1,1,4112x2570,L,2
3133,14.656,0.594,0.275,0.057,0.000,0.014,0.062,0.000,12.936,0.014,12.878,0.045,8120,15600,,1.00,1,1,4112x2570,L,2
3134,15.081,0.872,0.230,0.044,0.000,0.014,0.069,0.000,12.931,0.014,12.874,0.043,8120,15600,,1.00,1,1,4112x2570,L,2
3135,14.163,0.852,0.401,0.069,0.000,0.021,0.048,0.000,12.931,0.014,12.874,0.042,8120,15600,,1.00,1,1,4112x2570,L,2
3136,13.803,0.685,0.252,0.048,0.000,0.014,0.060,0.000,12.930,0.014,12.875,0.042,8120,15600,,1.00,1,1,4112x2570,L,2
3137,14.310,0.000,0.280,0.053,0.000,0.017,0.058,0.000,12.931,0.014,12.873,0.044,8120,15600,,1.00,1,1,4112x2570,L,2
3138,13.977,0.706,0.258,0.051,0.000,0.016,0.052,0.000,12.933,0.014,12.874,0.044,8120,15600,,1.00,1,1,4112x2570,L,2
3139,13.824,0.723,0.241,0.059,0.000,0.017,0.050,0.000,12.937,0.014,12.878,0.045,8120,15600,,1.00,1,1,4112x2570,L,2
3140,14.856,0.629,0.270,0.053,0.000,0.015,0.040,0.000,12.931,0.015,12.871,0.045,8120,15600,,1.00,1,1,4112x2570,L,2
3141,14.849,0.576,0.232,0.050,0.000,0.013,0.048,0.000,12.935,0.014,12.874,0.047,8120,15600,,1.00,1,1,4112x2570,L,2
3142,14.971,0.736,0.245,0.058,0.000,0.017,0.045,0.000,12.940,0.015,12.879,0.047,8120,15600,,1.00,1,1,4112x2570,L,2
3143,13.867,0.762,0.270,0.050,0.000,0.015,0.040,0.000,12.936,0.014,12.879,0.043,8120,15600,,1.00,1,1,4112x2570,L,2
3144,14.149,0.000,0.283,0.051,0.000,0.017,0.045,0.000,12.929,0.014,12.875,0.040,8120,15600,,1.00,1,1,4112x2570,L,2
3145,14.948,0.616,0.235,0.047,0.000,0.015,0.050,0.000,12.930,0.014,12.874,0.042,8120,15600,,1.00,1,1,4112x2570,L,2
3146,14.840,0.652,0.229,0.046,0.000,0.015,0.047,0.000,12.933,0.014,12.875,0.044,8120,15600,,1.00,1,1,4112x2570,L,2
3147,14.835,0.586,0.238,0.043,0.000,0.016,0.055,0.000,12.935,0.014,12.878,0.043,8120,15600,,1.00,1,1,4112x2570,L,2
3148,14.774,0.619,0.230,0.044,0.000,0.014,0.044,0.000,12.932,0.014,12.874,0.044,8120,15600,,1.00,1,1,4112x2570,L,2
3149,14.889,0.565,0.368,0.047,0.000,0.015,0.046,0.000,12.938,0.014,12.880,0.043,8120,15600,,1.00,1,1,4112x2570,L,2
3150,14.753,0.556,0.251,0.045,0.000,0.015,0.048,0.000,12.953,0.014,12.896,0.043,8120,15600,,1.00,1,1,4112x2570,L,2
3151,14.713,0.545,0.226,0.043,0.000,0.013,0.045,0.000,12.941,0.014,12.884,0.043,8120,15600,,1.00,1,1,4112x2570,L,2
3152,14.705,0.542,0.229,0.041,0.000,0.014,0.042,0.000,12.933,0.014,12.875,0.043,8120,15600,,1.00,1,1,4112x2570,L,2
3153,14.235,0.000,0.293,0.046,0.000,0.013,0.046,0.000,12.934,0.014,12.878,0.043,8120,15600,,1.00,1,1,4112x2570,L,2
3154,14.810,0.544,0.266,0.041,0.000,0.013,0.048,0.000,12.932,0.014,12.877,0.041,8120,15600,,1.00,1,1,4112x2570,L,2
3155,14.841,0.649,0.244,0.047,0.000,0.014,0.038,0.000,12.933,0.014,12.876,0.042,8120,15600,,1.00,1,1,4112x2570,L,2
3156,14.761,0.576,0.233,0.044,0.000,0.015,0.055,0.000,12.932,0.015,12.875,0.042,8120,15600,,1.00,1,1,4112x2570,L,2
3157,14.980,0.751,0.248,0.052,0.000,0.016,0.046,0.000,12.933,0.014,12.875,0.044,8120,15600,,1.00,1,1,4112x2570,L,2
3158,14.789,0.600,0.233,0.044,0.000,0.013,0.042,0.000,12.930,0.014,12.873,0.042,8120,15600,,1.00,1,1,4112x2570,L,2
3159,14.814,0.557,0.267,0.046,0.000,0.015,0.052,0.000,12.934,0.014,12.875,0.045,8120,15600,,1.00,1,1,4112x2570,L,2
3160,14.858,0.657,0.246,0.048,0.000,0.016,0.045,0.000,12.944,0.014,12.886,0.043,8120,15600,,1.00,1,1,4112x2570,L,2
3161,14.894,0.556,0.278,0.052,0.000,0.015,0.047,0.000,12.935,0.015,12.877,0.043,8120,15600,,1.00,1,1,4112x2570,L,2
3162,14.280,0.000,0.278,0.055,0.000,0.016,0.044,0.000,12.952,0.014,12.896,0.042,8120,15600,,1.00,1,1,4112x2570,L,2
3163,14.974,0.724,0.240,0.052,0.000,0.014,0.057,0.000,12.932,0.014,12.877,0.041,8120,15600,,1.00,1,1,4112x2570,L,2
3164,14.643,0.604,0.248,0.048,0.000,0.014,0.079,0.000,12.933,0.014,12.872,0.047,8120,15600,,1.00,1,1,4112x2570,L,2
3165,15.002,0.776,0.243,0.061,0.000,0.019,0.060,0.000,12.933,0.014,12.875,0.045,8120,15600,,1.00,1,1,4112x2570,L,2
3166,14.635,0.573,0.261,0.059,0.000,0.016,0.042,0.000,12.951,0.014,12.894,0.043,8120,15600,,1.00,1,1,4112x2570,L,2
3167,14.699,0.571,0.236,0.052,0.000,0.014,0.072,0.000,12.939,0.014,12.878,0.047,8120,15600,,1.00,1,1,4112x2570,L,2
3168,14.766,0.607,0.237,0.049,0.000,0.015,0.056,0.000,12.931,0.014,12.874,0.043,8120,15600,,1.00,1,1,4112x2570,L,2
3169,14.768,0.757,0.244,0.056,0.000,0.016,0.062,0.000,12.928,0.014,12.870,0.043,8120,15600,,1.00,1,1,4112x2570,L,2
3170,14.831,0.778,0.251,0.051,0.000,0.016,0.050,0.000,12.932,0.014,12.877,0.041,8120,15600,,1.00,1,1,4112x2570,L,2
3171,14.398,0.000,0.301,0.057,0.000,0.022,0.057,0.000,12.953,0.014,12.889,0.050,8120,15600,,1.00,1,1,4112x2570,L,2
3172,15.281,0.726,0.257,0.074,0.000,0.022,0.094,0.000,12.934,0.015,12.875,0.044,8120,15600,,1.00,1,1,4112x2570,L,2
3173,15.207,0.742,0.321,0.084,0.000,0.029,0.067,0.000,12.941,0.019,12.876,0.046,8120,15600,,1.00,1,1,4112x2570,L,2
3174,14.902,0.651,0.280,0.059,0.000,0.017,0.045,0.000,12.938,0.014,12.878,0.046,8120,15600,,1.00,1,1,4112x2570,L,2
3175,14.971,0.746,0.251,0.057,0.000,0.015,0.059,0.000,12.939,0.014,12.877,0.047,8120,15600,,1.00,1,1,4112x2570,L,2
3176,14.897,0.715,0.248,0.057,0.000,0.015,0.066,0.000,12.951,0.014,12.890,0.048,8120,15600,,1.00,1,1,4112x2570,L,2
3177,14.594,0.636,0.246,0.047,0.000,0.014,0.055,0.000,12.928,0.014,12.870,0.044,8120,15600,,1.00,1,1,4112x2570,L,2
3178,14.866,0.761,0.286,0.065,0.000,0.020,0.072,0.000,12.939,0.015,12.878,0.046,8120,15600,,1.00,1,1,4112x2570,L,2
3179,14.717,0.737,0.255,0.059,0.000,0.017,0.061,0.000,12.933,0.014,12.874,0.045,8120,15600,,1.00,1,1,4112x2570,L,2
3180,14.127,0.000,0.368,0.053,0.000,0.019,0.063,0.000,12.932,0.014,12.873,0.045,8120,15600,,1.00,1,1,4112x2570,L,2
3181,13.857,0.725,0.272,0.050,0.000,0.017,0.051,0.000,12.938,0.015,12.879,0.045,8120,15600,drag_cancel,1.00,1,0,4112x2570,L,2
3182,14.563,0.610,0.244,0.053,0.000,0.014,0.043,0.000,12.914,0.014,12.855,0.045,8120,15600,,1.00,1,0,4112x2570,L,2
3183,14.905,0.677,0.242,0.051,0.000,0.015,0.047,0.000,12.902,0.015,12.844,0.043,8120,15600,,1.00,1,0,4112x2570,L,2
3184,14.808,0.610,0.228,0.048,0.000,0.015,0.059,0.000,12.924,0.014,12.866,0.044,8120,15600,,1.00,1,0,4112x2570,L,2
3185,14.839,0.576,0.238,0.048,0.000,0.013,0.050,0.000,12.914,0.014,12.851,0.049,8120,15600,,1.00,1,0,4112x2570,L,2
3186,13.796,0.622,0.266,0.055,0.000,0.017,0.056,0.000,12.920,0.014,12.862,0.044,8120,15600,,1.00,1,0,4112x2570,L,2
3187,14.968,0.733,0.240,0.060,0.000,0.017,0.046,0.000,12.908,0.015,12.850,0.044,8120,15600,,1.00,1,0,4112x2570,L,2
3188,14.257,0.000,0.288,0.057,0.000,0.016,0.048,0.000,12.918,0.015,12.859,0.044,8120,15600,,1.00,1,0,4112x2570,L,2
3189,14.864,0.637,0.245,0.050,0.000,0.015,0.049,0.000,12.909,0.014,12.850,0.045,8120,15600,,1.00,1,0,4112x2570,L,2
3190,14.787,0.655,0.260,0.052,0.000,0.017,0.044,0.000,12.909,0.014,12.850,0.045,8120,15600,,1.00,1,0,4112x2570,L,2
3191,14.781,0.639,0.280,0.056,0.000,0.017,0.060,0.000,12.907,0.014,12.847,0.046,8120,15600,,1.00,1,0,4112x2570,L,2
3192,14.147,0.921,0.338,0.062,0.000,0.021,0.047,0.000,12.919,0.014,12.861,0.044,8120,15600,,1.00,1,0,4112x2570,L,2
3193,14.914,0.697,0.240,0.051,0.000,0.014,0.062,0.000,12.903,0.014,12.848,0.041,8120,15600,,1.00,1,0,4112x2570,L,2
3194,14.927,0.748,0.261,0.065,0.000,0.022,0.047,0.000,12.906,0.014,12.845,0.047,8120,15600,,1.00,1,0,4112x2570,L,2
3195,14.899,0.683,0.242,0.056,0.000,0.016,0.055,0.000,12.924,0.014,12.863,0.048,8120,15600,,1.00,1,0,4112x2570,L,2
3196,14.788,0.743,0.265,0.057,0.000,0.017,0.047,0.000,12.914,0.014,12.849,0.051,8120,15600,,1.00,1,0,4112x2570,L,2
3197,14.259,0.000,0.325,0.054,0.000,0.018,0.037,0.000,12.927,0.014,12.863,0.049,8120,15600,,1.00,1,0,4112x2570,L,2
3198,14.726,0.715,0.254,0.064,0.000,0.017,0.048,0.000,12.905,0.014,12.843,0.047,8120,15600,,1.00,1,0,4112x2570,L,2
3199,14.517,0.697,0.274,0.057,0.000,0.017,0.057,0.000,12.910,0.014,12.849,0.048,8120,15600,,1.00,1,0,4112x2570,L,2
3200,14.666,0.718,0.269,0.057,0.000,0.016,0.130,0.000,12.902,0.014,12.841,0.047,8120,15600,,1.00,1,0,4112x2570,L,2
3201,15.554,1.957,0.962,0.129,0.000,0.051,0.111,0.000,12.923,0.014,12.863,0.046,8120,15600,,1.00,1,0,4112x2570,L,2
3202,14.937,1.819,0.658,0.133,0.000,0.044,0.098,0.000,12.905,0.017,12.841,0.047,8120,15600,,1.00,1,0,4112x2570,L,2
3203,14.324,1.766,0.639,0.134,0.000,0.045,0.048,0.000,12.911,0.014,12.851,0.046,8120,15600,,1.00,1,0,4112x2570,L,2
3204,14.680,0.710,0.238,0.054,0.000,0.014,0.048,0.000,12.930,0.014,12.869,0.047,8120,15600,,1.00,1,0,4112x2570,L,2
3205,14.466,0.000,0.310,0.058,0.000,0.015,0.075,0.000,12.906,0.014,12.845,0.047,8120,15600,,1.00,1,0,4112x2570,L,2
3206,15.057,0.736,0.236,0.069,0.000,0.018,0.062,0.000,12.911,0.014,12.850,0.047,8120,15600,,1.00,1,0,4112x2570,L,2
3207,15.069,0.756,0.262,0.069,0.000,0.019,0.068,0.000,12.909,0.014,12.848,0.047,8120,15600,,1.00,1,0,4112x2570,L,2
3208,15.009,0.777,0.260,0.069,0.000,0.018,0.063,0.000,12.917,0.014,12.855,0.047,8120,15600,,1.00,1,0,4112x2570,L,2
3209,14.832,0.750,0.259,0.076,0.000,0.021,0.060,0.000,12.911,0.014,12.849,0.048,8120,15600,,1.00,1,0,4112x2570,L,2
3210,14.786,0.804,0.285,0.073,0.000,0.024,0.104,0.000,12.912,0.014,12.849,0.048,8120,15600,,1.00,1,0,4112x2570,L,2
3211,14.905,0.763,0.326,0.070,0.000,0.024,0.061,0.000,12.927,0.014,12.863,0.049,8120,15600,,1.00,1,0,4112x2570,L,2
3212,15.150,0.793,0.285,0.081,0.000,0.023,0.061,0.000,12.931,0.014,12.868,0.048,8120,15600,,1.00,1,0,4112x2570,L,2
3213,15.236,0.799,0.283,0.068,0.000,0.019,0.062,0.000,12.928,0.014,12.867,0.047,8120,15600,,1.00,1,0,4112x2570,L,2
3214,15.134,0.785,0.237,0.059,0.027,0.017,0.061,0.000,12.917,0.014,12.853,0.050,8120,15600,,1.00,1,0,4112x2570,L,2
3215,14.282,0.001,0.299,0.063,0.000,0.017,0.061,0.000,12.927,0.014,12.866,0.047,8120,15600,,1.00,1,0,4112x2570,L,2
3216,14.975,0.748,0.236,0.061,0.000,0.016,0.058,0.000,12.927,0.014,12.866,0.047,8120,15600,,1.00,1,0,4112x2570,L,2
3217,14.839,0.653,0.253,0.056,0.000,0.019,0.061,0.000,12.924,0.015,12.862,0.047,8120,15600,,1.00,1,0,4112x2570,L,2
3218,15.253,0.757,0.281,0.071,0.000,0.027,0.101,0.000,12.905,0.014,12.843,0.048,8120,15600,,1.00,1,0,4112x2570,L,2
3219,13.956,0.763,0.314,0.069,0.000,0.021,0.061,0.000,12.923,0.014,12.863,0.046,8120,15600,,1.00,1,0,4112x2570,L,2
3220,14.931,0.668,0.240,0.059,0.000,0.017,0.065,0.000,12.922,0.014,12.862,0.046,8120,15600,,1.00,1,0,4112x2570,L,2
3221,14.898,0.707,0.276,0.066,0.000,0.018,0.120,0.000,12.905,0.014,12.845,0.047,8120,15600,,1.00,1,0,4112x2570,L,2
3222,15.061,0.714,0.318,0.058,0.000,0.021,0.060,0.000,12.912,0.014,12.854,0.045,8120,15600,,1.00,1,0,4112x2570,L,2
3223,14.755,0.690,0.265,0.061,0.000,0.017,0.057,0.000,12.913,0.014,12.851,0.048,8120,15600,,1.00,1,0,4112x2570,L,2
3224,14.384,0.000,0.340,0.061,0.000,0.017,0.064,0.000,12.915,0.014,12.851,0.049,8120,15600,,1.00,1,0,4112x2570,L,2
3225,14.848,0.600,0.241,0.051,0.000,0.014,0.045,0.000,12.908,0.014,12.849,0.045,8120,15600,,1.00,1,0,4112x2570,L,2
3226,14.740,0.592,0.248,0.053,0.000,0.018,0.053,0.000,12.919,0.014,12.858,0.047,8120,15600,,1.00,1,0,4112x2570,L,2
3227,14.746,0.624,0.232,0.062,0.000,0.017,0.059,0.000,12.920,0.014,12.861,0.044,8120,15600,,1.00,1,0,4112x2570,L,2
3228,14.902,0.634,0.256,0.059,0.000,0.017,0.073,0.000,12.904,0.014,12.845,0.044,8120,15600,,1.00,1,0,4112x2570,L,2
3229,15.066,0.745,0.264,0.067,0.000,0.023,0.055,0.000,12.909,0.014,12.850,0.045,8120,15600,,1.00,1,0,4112x2570,L,2
3230,14.985,0.760,0.235,0.060,0.000,0.017,0.050,0.000,12.928,0.014,12.870,0.044,8120,15600,,1.00,1,0,4112x2570,L,2
3231,14.909,0.605,0.228,0.053,0.000,0.014,0.054,0.000,12.908,0.014,12.850,0.045,8120,15600,,1.00,1,0,4112x2570,L,2
3232,13.887,0.732,0.253,0.069,0.000,0.019,0.049,0.000,12.904,0.014,12.847,0.043,8120,15600,,1.00,1,0,4112x2570,L,2
3233,14.371,0.000,0.276,0.060,0.000,0.015,0.054,0.000,12.909,0.015,12.851,0.044,8120,15600,,1.00,1,0,4112x2570,L,2
3234,14.873,0.752,0.226,0.057,0.000,0.017,0.052,0.000,12.926,0.014,12.865,0.047,8120,15600,,1.00,1,0,4112x2570,L,2
3235,14.868,0.615,0.287,0.067,0.000,0.017,0.059,0.000,12.909,0.014,12.849,0.046,8120,15600,,1.00,1,0,4112x2570,L,2
3236,14.957,0.652,0.295,0.059,0.000,0.016,0.056,0.000,12.924,0.015,12.861,0.048,8120,15600,,1.00,1,0,4112x2570,L,2
3237,14.930,0.625,0.264,0.059,0.000,0.020,0.054,0.000,12.915,0.014,12.853,0.048,8120,15600,,1.00,1,0,4112x2570,L,2
3238,15.154,0.732,0.259,0.066,0.000,0.021,0.072,0.000,12.923,0.014,12.862,0.047,8120,15600,,1.00,1,0,4112x2570,L,2
3239,15.125,0.754,0.255,0.070,0.000,0.019,0.065,0.000,12.908,0.017,12.840,0.051,8120,15600,,1.00,1,0,4112x2570,L,2
3240,14.890,0.632,0.239,0.061,0.000,0.017,0.051,0.000,12.910,0.014,12.849,0.048,8120,15600,,1.00,1,0,4112x2570,L,2
3241,14.813,0.620,0.244,0.056,0.000,0.017,0.058,0.000,12.930,0.014,12.868,0.048,8120,15600,,1.00,1,0,4112x2570,L,2
3242,14.297,0.000,0.272,0.055,0.000,0.015,0.045,0.000,12.921,0.014,12.863,0.044,8120,15600,,1.00,1,0,4112x2570,L,2
3243,14.954,0.754,0.226,0.050,0.000,0.014,0.045,0.000,12.912,0.014,12.853,0.045,8120,15600,,1.00,1,0,4112x2570,L,2
3244,14.905,0.614,0.243,0.050,0.000,0.013,0.054,0.000,12.911,0.014,12.849,0.047,8120,15600,,1.00,1,0,4112x2570,L,2
3245,13.893,0.760,0.228,0.052,0.000,0.016,0.051,0.000,12.908,0.014,12.850,0.044,8120,15600,,1.00,1,0,4112x2570,L,2
3246,14.867,0.599,0.232,0.050,0.000,0.014,0.053,0.000,12.929,0.014,12.871,0.044,8120,15600,,1.00,1,0,4112x2570,L,2
3247,14.867,0.581,0.228,0.046,0.000,0.014,0.064,0.000,12.905,0.014,12.848,0.042,8120,15600,,1.00,1,0,4112x2570,L,2
3248,14.917,0.607,0.261,0.055,0.000,0.016,0.049,0.000,12.908,0.014,12.852,0.042,8120,15600,,1.00,1,0,4112x2570,L,2
3249,14.781,0.577,0.224,0.056,0.000,0.014,0.054,0.000,12.920,0.014,12.863,0.043,8120,15600,,1.00,1,0,4112x2570,L,2
3250,14.853,0.573,0.242,0.050,0.000,0.015,0.060,0.000,12.904,0.015,12.846,0.043,8120,15600,,1.00,1,0,4112x2570,L,2
3251,14.313,0.000,0.285,0.060,0.000,0.018,0.055,0.000,12.904,0.014,12.848,0.042,8120,15600,,1.00,1,0,4112x2570,L,2
3252,14.816,0.601,0.226,0.052,0.000,0.015,0.038,0.000,12.907,0.015,12.848,0.044,8120,15600,,1.00,1,0,4112x2570,L,2
3253,15.351,0.567,0.219,0.050,0.000,0.013,0.113,0.000,12.907,0.014,12.848,0.045,8120,15600,,1.00,1,0,4112x2570,L,2
3254,15.638,1.716,0.533,0.116,0.000,0.037,0.099,0.000,12.910,0.018,12.850,0.043,8120,15600,,1.00,1,0,4112x2570,L,2
3255,14.892,1.907,0.655,0.121,0.000,0.046,0.234,0.000,12.908,0.016,12.848,0.044,8120,15600,,1.00,1,0,4112x2570,L,2
3256,14.263,1.816,0.637,0.123,0.000,0.046,0.060,0.000,12.902,0.014,12.846,0.042,8120,15600,,1.00,1,0,4112x2570,L,2
3257,14.519,0.720,0.233,0.067,0.000,0.017,0.111,0.000,12.920,0.015,12.864,0.041,8120,15600,,1.00,1,0,4112x2570,L,2
3258,14.375,1.806,0.581,0.117,0.000,0.045,0.056,0.000,12.909,0.014,12.849,0.046,8120,15600,,1.00,1,0,4112x2570,L,2
3259,13.973,0.772,0.243,0.062,0.000,0.016,0.057,0.000,12.908,0.014,12.849,0.045,8120,15600,,1.00,1,0,4112x2570,L,2
3260,14.343,0.000,0.285,0.069,0.000,0.020,0.051,0.000,12.904,0.014,12.847,0.042,8120,15600,,1.00,1,0,4112x2570,L,2
3261,15.023,0.745,0.235,0.053,0.000,0.015,0.056,0.000,12.917,0.014,12.859,0.044,8120,15600,,1.00,1,0,4112x2570,L,2
3262,14.965,0.652,0.239,0.057,0.000,0.015,0.061,0.000,12.907,0.014,12.851,0.042,8120,15600,,1.00,1,0,4112x2570,L,2
3263,15.090,0.751,0.261,0.053,0.000,0.016,0.057,0.000,12.908,0.014,12.847,0.047,8120,15600,,1.00,1,0,4112x2570,L,2
3264,14.959,0.653,0.251,0.064,0.000,0.019,0.051,0.000,12.908,0.014,12.847,0.047,8120,15600,,1.00,1,0,4112x2570,L,2
3265,14.824,0.602,0.239,0.049,0.000,0.015,0.049,0.000,12.904,0.014,12.847,0.043,8120,15600,,1.00,1,0,4112x2570,L,2
3266,15.027,0.766,0.242,0.058,0.000,0.016,0.050,0.000,12.921,0.013,12.866,0.041,8120,15600,,1.00,1,0,4112x2570,L,2
3267,14.809,0.580,0.239,0.053,0.000,0.014,0.045,0.000,12.907,0.014,12.850,0.043,8120,15600,,1.00,1,0,4112x2570,L,2
3268,14.812,0.561,0.275,0.050,0.000,0.015,0.052,0.000,12.917,0.014,12.861,0.042,8120,15600,,1.00,1,0,4112x2570,L,2
3269,14.317,0.000,0.307,0.059,0.000,0.017,0.047,0.000,12.902,0.013,12.844,0.045,8120,15600,,1.00,1,0,4112x2570,L,2
3270,13.950,0.556,0.544,0.052,0.000,0.015,0.047,0.000,12.922,0.014,12.866,0.042,8120,15600,,1.00,1,0,4112x2570,L,2
3271,14.836,0.553,0.229,0.052,0.000,0.014,0.058,0.000,12.912,0.014,12.850,0.047,8120,15600,,1.00,1,0,4112x2570,L,2
3272,15.111,0.749,0.282,0.058,0.000,0.015,0.054,0.000,12.907,0.014,12.847,0.046,8120,15600,,1.00,1,0,4112x2570,L,2
3273,15.077,0.768,0.239,0.059,0.000,0.017,0.053,0.000,12.908,0.014,12.847,0.047,8120,15600,,1.00,1,0,4112x2570,L,2
3274,14.909,0.637,0.230,0.056,0.000,0.015,0.044,0.000,12.907,0.014,12.850,0.043,8120,15600,,1.00,1,0,4112x2570,L,2
3275,15.098,0.591,0.438,0.055,0.000,0.017,0.062,0.000,12.924,0.014,12.867,0.043,8120,15600,,1.00,1,0,4112x2570,L,2
3276,14.932,0.619,0.236,0.055,0.000,0.016,0.058,0.000,12.911,0.014,12.853,0.044,8120,15600,,1.00,1,0,4112x2570,L,2
3277,14.925,0.579,0.223,0.068,0.000,0.018,0.055,0.000,12.910,0.014,12.851,0.045,8120,15600,,1.00,1,0,4112x2570,L,2
3278,14.222,0.000,0.392,0.065,0.000,0.018,0.075,0.000,12.917,0.015,12.853,0.049,8120,15600,,1.00,1,0,4112x2570,L,2
3279,15.094,0.705,0.289,0.071,0.000,0.021,0.086,0.000,12.914,0.018,12.849,0.047,8120,15600,,1.00,1,0,4112x2570,L,2
3280,15.003,0.767,0.271,0.060,0.000,0.019,0.057,0.000,12.920,0.014,12.861,0.044,8120,15600,,1.00,1,0,4112x2570,L,2
3281,15.418,0.779,0.569,0.073,0.000,0.028,0.077,0.000,12.903,0.014,12.846,0.043,8120,15600,,1.00,1,0,4112x2570,L,2
3282,14.055,0.774,0.237,0.069,0.000,0.019,0.069,0.000,12.906,0.014,12.848,0.044,8120,15600,,1.00,1,0,4112x2570,L,2
3283,13.944,0.775,0.241,0.061,0.000,0.017,0.057,0.000,12.928,0.014,12.870,0.044,8120,15600,,1.00,1,0,4112x2570,L,2
3284,14.967,0.637,0.257,0.059,0.000,0.016,0.088,0.000,12.906,0.014,12.848,0.044,8120,15600,,1.00,1,0,4112x2570,L,2
3285,13.999,0.762,0.243,0.064,0.000,0.018,0.075,0.000,12.914,0.014,12.857,0.043,8120,15600,,1.00,1,0,4112x2570,L,2
3286,14.391,0.001,0.308,0.071,0.000,0.021,0.080,0.000,12.906,0.014,12.849,0.043,8120,15600,,1.00,1,0,4112x2570,L,2
3287,14.922,0.647,0.260,0.055,0.000,0.016,0.067,0.000,12.910,0.014,12.847,0.049,8120,15600,,1.00,1,0,4112x2570,L,2
3288,14.845,0.568,0.242,0.051,0.000,0.015,0.057,0.000,12.922,0.014,12.862,0.046,8120,15600,,1.00,1,0,4112x2570,L,2
3289,14.857,0.646,0.232,0.059,0.000,0.021,0.052,0.000,12.908,0.015,12.850,0.043,8120,15600,,1.00,1,0,4112x2570,L,2
3290,14.675,0.566,0.240,0.053,0.000,0.015,0.051,0.000,12.920,0.014,12.864,0.042,8120,15600,,1.00,1,0,4112x2570,L,2
3291,14.942,0.574,0.243,0.048,0.000,0.014,0.056,0.000,12.926,0.014,12.865,0.047,8120,15600,,1.00,1,0,4112x2570,L,2
3292,14.001,0.788,0.316,0.064,0.000,0.019,0.059,0.000,12.910,0.014,12.851,0.044,8120,15600,,1.00,1,0,4112x2570,L,2
3293,13.950,0.752,0.235,0.060,0.000,0.016,0.059,0.000,12.906,0.014,12.849,0.042,8120,15600,,1.00,1,0,4112x2570,L,2
3294,14.399,0.000,0.426,0.063,0.000,0.017,0.060,0.000,12.905,0.014,12.847,0.044,8120,15600,,1.00,1,0,4112x2570,L,2
3295,13.919,0.738,0.248,0.059,0.000,0.018,0.055,0.000,12.904,0.014,12.847,0.043,8120,15600,,1.00,1,0,4112x2570,L,2
3296,14.939,0.623,0.258,0.055,0.000,0.016,0.057,0.000,12.924,0.014,12.868,0.042,8120,15600,,1.00,1,0,4112x2570,L,2
3297,15.011,0.671,0.262,0.058,0.000,0.016,0.053,0.000,12.904,0.014,12.847,0.043,8120,15600,,1.00,1,0,4112x2570,L,2
3298,14.970,0.738,0.229,0.067,0.000,0.018,0.069,0.000,12.916,0.014,12.855,0.046,8120,15600,,1.00,1,0,4112x2570,L,2
3299,14.953,0.689,0.261,0.068,0.000,0.018,0.059,0.000,12.930,0.014,12.868,0.048,8120,15600,,1.00,1,0,4112x2570,L,2
3300,13.982,0.795,0.274,0.067,0.000,0.024,0.063,0.000,12.910,0.014,12.851,0.045,8120,15600,,1.00,1,0,4112x2570,L,2
3301,15.038,0.703,0.261,0.065,0.000,0.016,0.082,0.000,12.904,0.014,12.846,0.045,8120,15600,,1.00,1,0,4112x2570,L,2
3302,14.402,0.001,0.314,0.066,0.000,0.022,0.057,0.000,12.922,0.014,12.865,0.043,8120,15600,,1.00,1,0,4112x2570,L,2
3303,15.005,0.767,0.239,0.070,0.000,0.017,0.055,0.000,12.908,0.014,12.848,0.047,8120,15600,,1.00,1,0,4112x2570,L,2
3304,15.062,0.774,0.274,0.068,0.000,0.019,0.052,0.000,12.910,0.014,12.849,0.046,8120,15600,,1.00,1,0,4112x2570,L,2
3305,15.024,0.764,0.230,0.056,0.000,0.016,0.049,0.000,12.906,0.014,12.849,0.044,8120,15600,,1.00,1,0,4112x2570,L,2
3306,13.997,0.762,0.239,0.060,0.000,0.020,0.059,0.000,12.906,0.014,12.848,0.043,8120,15600,,1.00,1,0,4112x2570,L,2
3307,14.015,0.750,0.247,0.065,0.000,0.019,0.061,0.000,12.902,0.013,12.846,0.043,8120,15600,,1.00,1,0,4112x2570,L,2
3308,13.958,0.750,0.244,0.067,0.000,0.021,0.054,0.000,12.908,0.014,12.850,0.043,8120,15600,,1.00,1,0,4112x2570,L,2
3309,15.004,0.763,0.237,0.059,0.000,0.016,0.061,0.000,12.903,0.014,12.845,0.043,8120,15600,,1.00,1,0,4112x2570,L,2
3310,14.380,0.000,0.294,0.063,0.000,0.019,0.056,0.000,12.899,0.014,12.842,0.043,8120,15600,,1.00,1,0,4112x2570,L,2
3311,13.931,0.740,0.262,0.058,0.000,0.016,0.054,0.000,12.908,0.015,12.852,0.041,8120,15600,,1.00,1,0,4112x2570,L,2
3312,13.870,0.738,0.236,0.056,0.000,0.016,0.045,0.000,12.924,0.014,12.867,0.043,8120,15600,,1.00,1,0,4112x2570,L,2
3313,14.864,0.620,0.267,0.055,0.000,0.015,0.057,0.000,12.908,0.014,12.851,0.043,8120,15600,,1.00,1,0,4112x2570,L,2
3314,13.897,0.739,0.254,0.061,0.000,0.019,0.054,0.000,12.905,0.014,12.847,0.043,8120,15600,,1.00,1,0,4112x2570,L,2
3315,14.834,0.563,0.226,0.051,0.000,0.014,0.056,0.000,12.906,0.017,12.846,0.042,8120,15600,,1.00,1,0,4112x2570,L,2
3316,13.930,0.717,0.272,0.055,0.000,0.017,0.057,0.000,12.921,0.014,12.864,0.044,8120,15600,,1.00,1,0,4112x2570,L,2
3317,14.898,0.655,0.229,0.062,0.000,0.016,0.049,0.000,12.903,0.014,12.845,0.043,8120,15600,,1.00,1,0,4112x2570,L,2
3318,14.301,0.000,0.260,0.054,0.000,0.015,0.059,0.000,12.899,0.014,12.842,0.044,8120,15600,,1.00,1,0,4112x2570,L,2
3319,13.799,0.616,0.247,0.057,0.000,0.017,0.056,0.000,12.904,0.014,12.846,0.043,8120,15600,,1.00,1,0,4112x2570,L,2
3320,13.814,0.647,0.266,0.060,0.000,0.017,0.055,0.000,12.919,0.014,12.863,0.042,8120,15600,,1.00,1,0,4112x2570,L,2
3321,14.863,0.599,0.239,0.053,0.000,0.014,0.052,0.000,12.905,0.014,12.846,0.045,8120,15600,,1.00,1,0,4112x2570,L,2
3322,15.014,0.759,0.239,0.057,0.000,0.016,0.052,0.000,12.904,0.015,12.847,0.043,8120,15600,,1.00,1,0,4112x2570,L,2
3323,14.883,0.608,0.235,0.051,0.000,0.014,0.062,0.000,12.901,0.014,12.843,0.044,8120,15600,,1.00,1,0,4112x2570,L,2
3324,14.852,0.598,0.234,0.055,0.000,0.017,0.052,0.000,12.905,0.014,12.848,0.044,8120,15600,,1.00,1,0,4112x2570,L,2
3325,14.897,0.574,0.254,0.054,0.000,0.015,0.052,0.000,12.905,0.014,12.851,0.040,8120,15600,,1.00,1,0,4112x2570,L,2
3326,14.487,0.000,0.438,0.051,0.000,0.015,0.058,0.000,12.910,0.014,12.854,0.043,8120,15600,,1.00,1,0,4112x2570,L,2
3327,14.808,0.544,0.230,0.050,0.000,0.014,0.055,0.000,12.903,0.014,12.847,0.042,8120,15600,,1.00,1,0,4112x2570,L,2
3328,14.764,0.558,0.230,0.047,0.000,0.013,0.039,0.000,12.908,0.014,12.851,0.043,8120,15600,,1.00,1,0,4112x2570,L,2
3329,14.924,0.620,0.233,0.052,0.000,0.015,0.058,0.000,12.925,0.014,12.866,0.045,8120,15600,,1.00,1,0,4112x2570,L,2
3330,14.938,0.593,0.263,0.067,0.000,0.016,0.058,0.000,12.904,0.014,12.847,0.044,8120,15600,,1.00,1,0,4112x2570,L,2
3331,14.857,0.585,0.258,0.058,0.000,0.015,0.052,0.000,12.910,0.014,12.851,0.045,8120,15600,,1.00,1,0,4112x2570,L,2
3332,14.814,0.586,0.231,0.051,0.000,0.015,0.039,0.000,12.923,0.014,12.866,0.043,8120,15600,,1.00,1,0,4112x2570,L,2
3333,14.779,0.551,0.224,0.048,0.000,0.013,0.046,0.000,12.909,0.014,12.849,0.045,8120,15600,,1.00,1,0,4112x2570,L,2
3334,14.890,0.612,0.265,0.058,0.000,0.014,0.043,0.000,12.920,0.014,12.861,0.044,8120,15600,,1.00,1,0,4112x2570,L,2
3335,14.318,0.000,0.259,0.057,0.000,0.015,0.059,0.000,12.912,0.014,12.853,0.045,8120,15600,,1.00,1,0,4112x2570,L,2
3336,14.796,0.571,0.234,0.060,0.000,0.016,0.062,0.000,12.923,0.014,12.864,0.044,8120,15600,,1.00,1,0,4112x2570,L,2
3337,14.960,0.621,0.274,0.056,0.000,0.016,0.067,0.000,12.906,0.014,12.852,0.041,8120,15600,,1.00,1,0,4112x2570,L,2
3338,14.888,0.588,0.293,0.056,0.000,0.017,0.049,0.000,12.907,0.014,12.848,0.044,8120,15600,,1.00,1,0,4112x2570,L,2
3339,14.880,0.564,0.274,0.053,0.000,0.015,0.055,0.000,12.908,0.015,12.851,0.043,8120,15600,,1.00,1,0,4112x2570,L,2
3340,14.916,0.578,0.308,0.057,0.000,0.018,0.046,0.000,12.926,0.015,12.866,0.045,8120,15600,,1.00,1,0,4112x2570,L,2
3341,14.842,0.563,0.267,0.051,0.000,0.015,0.050,0.000,12.907,0.014,12.849,0.045,8120,15600,,1.00,1,0,4112x2570,L,2
3342,14.872,0.582,0.214,0.048,0.000,0.014,0.061,0.000,12.912,0.014,12.856,0.042,8120,15600,,1.00,1,0,4112x2570,L,2
3343,14.941,0.611,0.280,0.054,0.000,0.015,0.050,0.000,12.899,0.014,12.841,0.044,8120,15600,,1.00,1,0,4112x2570,L,2
3344,14.499,0.000,0.444,0.049,0.000,0.014,0.053,0.000,12.902,0.014,12.845,0.043,8120,15600,,1.00,1,0,4112x2570,L,2
3345,13.908,0.744,0.264,0.053,0.000,0.015,0.065,0.000,12.900,0.014,12.842,0.043,8120,15600,,1.00,1,0,4112x2570,L,2
3346,14.889,0.550,0.263,0.051,0.000,0.014,0.058,0.000,12.902,0.014,12.844,0.043,8120,15600,,1.00,1,0,4112x2570,L,2
3347,13.872,0.697,0.278,0.058,0.000,0.015,0.043,0.000,12.917,0.015,12.859,0.043,8120,15600,,1.00,1,0,4112x2570,L,2
3348,14.854,0.554,0.268,0.057,0.000,0.013,0.048,0.000,12.906,0.014,12.849,0.042,8120,15600,,1.00,1,0,4112x2570,L,2
3349,14.824,0.566,0.235,0.054,0.000,0.015,0.046,0.000,12.902,0.015,12.845,0.043,8120,15600,,1.00,1,0,4112x2570,L,2
3350,14.867,0.552,0.225,0.048,0.000,0.013,0.050,0.000,12.910,0.014,12.852,0.044,8120,15600,,1.00,1,0,4112x2570,L,2
3351,15.054,0.764,0.393,0.060,0.000,0.018,0.056,0.000,12.926,0.015,12.868,0.042,8120,15600,,1.00,1,0,4112x2570,L,2
3352,14.367,0.000,0.293,0.060,0.000,0.018,0.061,0.000,12.929,0.015,12.873,0.042,8120,15600,,1.00,1,0,4112x2570,L,2
3353,15.002,0.745,0.231,0.055,0.000,0.015,0.053,0.000,12.907,0.014,12.848,0.044,8120,15600,,1.00,1,0,4112x2570,L,2
3354,14.822,0.680,0.240,0.051,0.000,0.015,0.048,0.000,12.932,0.018,12.871,0.043,8120,15600,,1.00,1,0,4112x2570,L,2
3355,14.899,0.591,0.226,0.053,0.000,0.014,0.063,0.000,12.921,0.014,12.863,0.045,8120,15600,,1.00,1,0,4112x2570,L,2
3356,14.925,0.651,0.236,0.056,0.000,0.016,0.043,0.000,12.911,0.014,12.852,0.044,8120,15600,,1.00,1,0,4112x2570,L,2
3357,14.913,0.592,0.220,0.056,0.000,0.015,0.051,0.000,12.923,0.013,12.867,0.043,8120,15600,,1.00,1,0,4112x2570,L,2
3358,14.965,0.610,0.311,0.065,0.000,0.019,0.045,0.000,12.905,0.014,12.850,0.042,8120,15600,,1.00,1,0,4112x2570,L,2
3359,14.855,0.591,0.258,0.054,0.000,0.014,0.053,0.000,12.903,0.014,12.846,0.044,8120,15600,,1.00,1,0,4112x2570,L,2
3360,14.826,0.538,0.264,0.052,0.000,0.014,0.054,0.000,12.903,0.014,12.845,0.044,8120,15600,,1.00,1,0,4112x2570,L,2
3361,14.784,0.543,0.225,0.045,0.000,0.013,0.042,0.000,12.909,0.014,12.851,0.044,8120,15600,,1.00,1,0,4112x2570,L,2
3362,14.297,0.000,0.278,0.051,0.000,0.019,0.054,0.000,12.906,0.014,12.846,0.046,8120,15600,,1.00,1,0,4112x2570,L,2
3363,15.883,0.525,0.270,0.057,0.000,0.019,0.055,0.000,12.909,0.014,12.851,0.044,8120,15600,,1.00,1,0,4112x2570,L,2
3364,14.811,0.526,0.284,0.053,0.000,0.016,0.061,0.000,12.923,0.014,12.865,0.044,8120,15600,,1.00,1,0,4112x2570,L,2
3365,13.950,0.737,0.257,0.059,0.000,0.017,0.054,0.000,12.909,0.014,12.851,0.043,8120,15600,,1.00,1,0,4112x2570,L,2
3366,13.836,0.722,0.240,0.059,0.000,0.018,0.052,0.000,12.926,0.014,12.867,0.044,8120,15600,,1.00,1,0,4112x2570,L,2
3367,14.865,0.596,0.264,0.053,0.000,0.014,0.066,0.000,12.906,0.014,12.850,0.042,8120,15600,,1.00,1,0,4112x2570,L,2
3368,13.852,0.727,0.246,0.056,0.000,0.016,0.052,0.000,12.904,0.014,12.847,0.044,8120,15600,,1.00,1,0,4112x2570,L,2
3369,13.704,0.549,0.262,0.051,0.000,0.015,0.052,0.000,12.904,0.014,12.846,0.044,8120,15600,,1.00,1,0,4112x2570,L,2
3370,14.347,0.000,0.334,0.050,0.000,0.015,0.051,0.000,12.907,0.014,12.851,0.042,8120,15600,,1.00,1,0,4112x2570,L,2
3371,13.842,0.652,0.237,0.050,0.000,0.015,0.056,0.000,12.917,0.014,12.860,0.043,8120,15600,,1.00,1,0,4112x2570,L,2
3372,13.912,0.737,0.266,0.060,0.000,0.018,0.048,0.000,12.920,0.014,12.863,0.043,8120,15600,,1.00,1,0,4112x2570,L,2
3373,14.759,0.551,0.223,0.050,0.000,0.014,0.053,0.000,12.927,0.014,12.870,0.043,8120,15600,,1.00,1,0,4112x2570,L,2
3374,14.726,0.526,0.234,0.054,0.000,0.015,0.053,0.000,12.918,0.014,12.861,0.042,8120,15600,,1.00,1,0,4112x2570,L,2
3375,13.878,0.740,0.272,0.056,0.000,0.016,0.058,0.000,12.906,0.014,12.849,0.042,8120,15600,,1.00,1,0,4112x2570,L,2
3376,13.868,0.701,0.258,0.058,0.000,0.016,0.056,0.000,12.917,0.014,12.861,0.041,8120,15600,,1.00,1,0,4112x2570,L,2
3377,14.316,0.000,0.296,0.055,0.000,0.016,0.051,0.000,12.920,0.014,12.863,0.043,8120,15600,,1.00,1,0,4112x2570,L,2
3378,13.797,0.610,0.237,0.050,0.000,0.015,0.056,0.000,12.907,0.014,12.851,0.042,8120,15600,,1.00,1,0,4112x2570,L,2
3379,14.828,0.650,0.245,0.056,0.000,0.017,0.052,0.000,12.928,0.014,12.869,0.044,8120,15600,,1.00,1,0,4112x2570,L,2
3380,13.763,0.585,0.269,0.055,0.000,0.014,0.047,0.000,12.904,0.014,12.847,0.043,8120,15600,,1.00,1,0,4112x2570,L,2
3381,14.874,0.606,0.266,0.052,0.000,0.015,0.050,0.000,12.904,0.014,12.849,0.042,8120,15600,,1.00,1,0,4112x2570,L,2
3382,14.982,0.579,0.293,0.047,0.000,0.015,0.058,0.000,12.906,0.014,12.847,0.044,8120,15600,,1.00,1,0,4112x2570,L,2
3383,14.894,0.729,0.243,0.054,0.000,0.017,0.054,0.000,12.899,0.014,12.842,0.043,8120,15600,,1.00,1,0,4112x2570,L,2
3384,14.921,0.597,0.257,0.052,0.000,0.015,0.055,0.000,12.902,0.015,12.844,0.043,8120,15600,,1.00,1,0,4112x2570,L,2
3385,14.348,0.000,0.297,0.059,0.000,0.018,0.053,0.000,12.909,0.014,12.851,0.044,8120,15600,,1.00,1,0,4112x2570,L,2
3386,13.789,0.592,0.273,0.051,0.000,0.015,0.052,0.000,12.918,0.014,12.860,0.044,8120,15600,,1.00,1,0,4112x2570,L,2
3387,14.771,0.609,0.240,0.052,0.000,0.014,0.053,0.000,12.908,0.014,12.851,0.043,8120,15600,,1.00,1,0,4112x2570,L,2
3388,13.743,0.597,0.265,0.054,0.000,0.016,0.046,0.000,12.907,0.014,12.850,0.042,8120,15600,,1.00,1,0,4112x2570,L,2
3389,14.855,0.582,0.275,0.054,0.000,0.014,0.053,0.000,12.904,0.014,12.848,0.043,8120,15600,,1.00,1,0,4112x2570,L,2
3390,14.748,0.557,0.228,0.044,0.000,0.014,0.043,0.000,12.927,0.015,12.869,0.043,8120,15600,,1.00,1,0,4112x2570,L,2
3391,14.825,0.538,0.226,0.047,0.000,0.017,0.045,0.000,12.926,0.014,12.866,0.046,8120,15600,,1.00,1,0,4112x2570,L,2
3392,14.824,0.562,0.253,0.058,0.000,0.016,0.042,0.000,12.910,0.014,12.846,0.049,8120,15600,,1.00,1,0,4112x2570,L,2
3393,14.877,0.574,0.257,0.054,0.000,0.015,0.049,0.000,12.905,0.015,12.849,0.041,8120,15600,,1.00,1,0,4112x2570,L,2
3394,14.349,0.000,0.285,0.050,0.000,0.016,0.054,0.000,12.906,0.014,12.850,0.043,8120,15600,,1.00,1,0,4112x2570,L,2
3395,13.730,0.575,0.241,0.054,0.000,0.017,0.046,0.000,12.910,0.014,12.853,0.043,8120,15600,,1.00,1,0,4112x2570,L,2
3396,14.823,0.546,0.241,0.047,0.000,0.015,0.068,0.000,12.904,0.014,12.846,0.044,8120,15600,,1.00,1,0,4112x2570,L,2
3397,14.886,0.575,0.284,0.049,0.000,0.016,0.057,0.000,12.902,0.014,12.846,0.042,8120,15600,,1.00,1,0,4112x2570,L,2
3398,14.929,0.580,0.238,0.049,0.000,0.015,0.047,0.000,12.903,0.014,12.846,0.043,8120,15600,,1.00,1,0,4112x2570,L,2
3399,14.786,0.560,0.231,0.045,0.000,0.013,0.045,0.000,12.913,0.014,12.855,0.044,8120,15600,,1.00,1,0,4112x2570,L,2
3400,14.804,0.550,0.266,0.051,0.000,0.015,0.048,0.000,12.905,0.014,12.847,0.044,8120,15600,,1.00,1,0,4112x2570,L,2
3401,14.756,0.543,0.230,0.048,0.000,0.017,0.049,0.000,12.905,0.014,12.847,0.044,8120,15600,,1.00,1,0,4112x2570,L,2
3402,14.282,0.000,0.296,0.049,0.000,0.017,0.049,0.000,12.922,0.015,12.865,0.042,8120,15600,,1.00,1,0,4112x2570,L,2
3403,14.800,0.543,0.227,0.044,0.000,0.013,0.056,0.000,12.911,0.014,12.854,0.043,8120,15600,,1.00,1,0,4112x2570,L,2
3404,14.734,0.583,0.263,0.051,0.000,0.014,0.057,0.000,12.899,0.014,12.842,0.043,8120,15600,,1.00,1,0,4112x2570,L,2
3405,14.809,0.587,0.235,0.055,0.000,0.015,0.048,0.000,12.909,0.014,12.845,0.050,8120,15600,,1.00,1,0,4112x2570,L,2
3406,14.723,0.548,0.219,0.050,0.000,0.013,0.046,0.000,12.929,0.014,12.871,0.044,8120,15600,,1.00,1,0,4112x2570,L,2
3407,14.721,0.541,0.223,0.045,0.000,0.013,0.045,0.000,12.902,0.013,12.846,0.043,8120,15600,,1.00,1,0,4112x2570,L,2
3408,14.729,0.547,0.225,0.045,0.000,0.013,0.043,0.000,12.905,0.013,12.850,0.042,8120,15600,,1.00,1,0,4112x2570,L,2
3409,14.720,0.532,0.233,0.044,0.000,0.013,0.046,0.000,12.909,0.014,12.852,0.043,8120,15600,,1.00,1,0,4112x2570,L,2
3410,15.203,0.527,0.219,0.041,0.000,0.013,0.125,0.000,12.926,0.014,12.868,0.044,8120,15600,,1.00,1,0,4112x2570,L,2
3411,15.487,0.000,0.684,0.116,0.000,0.040,0.117,0.000,12.912,0.017,12.851,0.044,8120,15600,,1.00,1,0,4112x2570,L,2
3412,14.779,2.032,0.658,0.128,0.000,0.054,0.115,0.000,12.923,0.016,12.862,0.044,8120,15600,,1.00,1,0,4112x2570,L,2
3413,14.964,1.986,0.590,0.123,0.000,0.040,0.103,0.000,12.901,0.014,12.845,0.042,8120,15600,,1.00,1,0,4112x2570,L,2
3414,14.570,1.998,0.640,0.120,0.000,0.038,0.056,0.000,12.916,0.014,12.859,0.043,8120,15600,,1.00,1,0,4112x2570,L,2
3415,14.886,0.696,0.248,0.059,0.000,0.016,0.040,0.000,12.901,0.015,12.843,0.043,8120,15600,,1.00,1,0,4112x2570,L,2
3416,14.853,0.613,0.225,0.054,0.000,0.017,0.042,0.000,12.916,0.014,12.861,0.041,8120,15600,,1.00,1,0,4112x2570,L,2
3417,14.790,0.552,0.228,0.052,0.000,0.013,0.053,0.000,12.903,0.014,12.848,0.041,8120,15600,,1.00,1,0,4112x2570,L,2
3418,14.826,0.558,0.234,0.051,0.000,0.014,0.051,0.000,12.907,0.014,12.851,0.042,8120,15600,,1.00,1,0,4112x2570,L,2
3419,14.887,0.572,0.246,0.053,0.000,0.015,0.056,0.000,12.908,0.014,12.851,0.042,8120,15600,,1.00,1,0,4112x2570,L,2
3420,14.788,0.742,0.270,0.054,0.000,0.018,0.070,0.000,12.904,0.014,12.846,0.044,8120,15600,,1.00,1,0,4112x2570,L,2
3421,14.318,0.000,0.263,0.059,0.000,0.017,0.057,0.000,12.919,0.014,12.862,0.043,8120,15600,,1.00,1,0,4112x2570,L,2
3422,13.894,0.688,0.235,0.063,0.000,0.018,0.074,0.000,12.907,0.014,12.848,0.045,8120,15600,,1.00,1,0,4112x2570,L,2
3423,13.827,0.696,0.257,0.060,0.000,0.018,0.064,0.000,12.909,0.014,12.850,0.045,8120,15600,,1.00,1,0,4112x2570,L,2
3424,13.901,0.739,0.253,0.062,0.000,0.020,0.055,0.000,12.929,0.014,12.870,0.045,8120,15600,,1.00,1,0,4112x2570,L,2
3425,13.887,0.737,0.240,0.057,0.000,0.017,0.047,0.000,12.904,0.014,12.848,0.042,8120,15600,,1.00,1,0,4112x2570,L,2
3426,14.985,0.655,0.241,0.058,0.000,0.016,0.057,0.000,12.904,0.014,12.847,0.043,8120,15600,,1.00,1,0,4112x2570,L,2
3427,13.949,0.736,0.236,0.059,0.000,0.018,0.059,0.000,12.907,0.014,12.851,0.042,8120,15600,,1.00,1,0,4112x2570,L,2
3428,14.300,0.000,0.277,0.059,0.000,0.018,0.053,0.000,12.920,0.014,12.865,0.041,8120,15600,,1.00,1,0,4112x2570,L,2
3429,14.950,0.731,0.247,0.053,0.000,0.015,0.061,0.000,12.909,0.014,12.854,0.041,8120,15600,,1.00,1,0,4112x2570,L,2
3430,14.985,0.744,0.245,0.061,0.000,0.019,0.053,0.000,12.907,0.016,12.849,0.041,8120,15600,,1.00,1,0,4112x2570,L,2
3431,14.984,0.626,0.253,0.058,0.000,0.018,0.078,0.000,12.903,0.014,12.846,0.043,8120,15600,,1.00,1,0,4112x2570,L,2
3432,13.852,0.691,0.238,0.059,0.000,0.018,0.059,0.000,12.932,0.014,12.875,0.043,8120,15600,,1.00,1,0,4112x2570,L,2
3433,14.916,0.608,0.262,0.059,0.000,0.018,0.055,0.000,12.903,0.014,12.848,0.041,8120,15600,,1.00,1,0,4112x2570,L,2
3434,14.911,0.637,0.265,0.054,0.000,0.016,0.050,0.000,12.900,0.014,12.845,0.042,8120,15600,,1.00,1,0,4112x2570,L,2
3435,14.790,0.566,0.267,0.048,0.000,0.014,0.065,0.000,12.902,0.014,12.847,0.041,8120,15600,,1.00,1,0,4112x2570,L,2
3436,14.860,0.545,0.245,0.053,0.000,0.017,0.065,0.000,12.911,0.014,12.851,0.046,8120,15600,,1.00,1,0,4112x2570,L,2
3437,14.220,0.000,0.253,0.059,0.000,0.017,0.058,0.000,12.901,0.014,12.845,0.042,8120,15600,,1.00,1,0,4112x2570,L,2
3438,14.911,0.672,0.260,0.065,0.000,0.018,0.059,0.000,12.909,0.014,12.849,0.047,8120,15600,,1.00,1,0,4112x2570,L,2
3439,13.866,0.702,0.247,0.057,0.000,0.016,0.050,0.000,12.906,0.014,12.844,0.048,8120,15600,,1.00,1,0,4112x2570,L,2
3440,14.975,0.615,0.242,0.062,0.000,0.017,0.057,0.000,12.926,0.014,12.863,0.049,8120,15600,,1.00,1,0,4112x2570,L,2
3441,14.017,0.731,0.272,0.069,0.000,0.020,0.054,0.000,12.927,0.015,12.861,0.051,8120,15600,,1.00,1,0,4112x2570,L,2
3442,14.045,0.712,0.320,0.070,0.000,0.023,0.056,0.000,12.932,0.014,12.866,0.052,8120,15600,drag_start,1.00,1,1,4112x2570,L,2
3443,15.149,0.715,0.251,0.064,0.000,0.018,0.076,0.000,12.925,0.015,12.857,0.053,8120,15600,,1.00,1,1,4112x2570,L,2
3444,13.887,0.687,0.259,0.066,0.000,0.019,0.052,0.000,12.926,0.015,12.861,0.051,8120,15600,,1.00,1,1,4112x2570,L,2
3445,14.424,0.001,0.297,0.067,0.000,0.019,0.062,0.000,12.933,0.015,12.866,0.051,8120,15600,,1.00,1,1,4112x2570,L,2
3446,15.073,0.723,0.255,0.064,0.000,0.019,0.063,0.000,12.948,0.014,12.881,0.053,8120,15600,,1.00,1,1,4112x2570,L,2
3447,14.635,0.703,0.256,0.062,0.000,0.018,0.059,0.000,12.949,0.014,12.883,0.052,8120,15600,,1.00,1,1,4112x2570,L,2
3448,14.735,0.648,0.243,0.056,0.000,0.020,0.069,0.000,12.926,0.014,12.867,0.045,8120,15600,,1.00,1,1,4112x2570,L,2
3449,14.875,0.737,0.248,0.058,0.000,0.016,0.055,0.000,12.931,0.015,12.867,0.050,8120,15600,,1.00,1,1,4112x2570,L,2
3450,14.657,0.730,0.259,0.064,0.000,0.019,0.057,0.000,12.947,0.014,12.883,0.051,8120,15600,,1.00,1,1,4112x2570,L,2
3451,15.019,0.747,0.244,0.054,0.000,0.016,0.054,0.000,12.929,0.014,12.868,0.048,8120,15600,,1.00,1,1,4112x2570,L,2
3452,14.712,0.630,0.248,0.053,0.000,0.015,0.057,0.000,12.926,0.014,12.864,0.048,8120,15600,,1.00,1,1,4112x2570,L,2
3453,14.928,0.650,0.235,0.054,0.000,0.014,0.067,0.000,12.924,0.014,12.863,0.048,8120,15600,,1.00,1,1,4112x2570,L,2
3454,15.318,0.000,0.298,0.061,0.000,0.020,0.047,0.000,12.924,0.014,12.861,0.048,8120,15600,,1.00,1,1,4112x2570,L,2
3455,14.985,0.783,0.262,0.060,0.000,0.019,0.058,0.000,12.932,0.015,12.868,0.049,8120,15600,,1.00,1,1,4112x2570,L,2
3456,15.052,0.740,0.250,0.058,0.000,0.017,0.069,0.000,12.924,0.014,12.862,0.048,8120,15600,,1.00,1,1,4112x2570,L,2
3457,14.636,0.746,0.263,0.071,0.000,0.019,0.047,0.000,12.926,0.014,12.862,0.049,8120,15600,,1.00,1,1,4112x2570,L,2
3458,14.956,0.681,0.254,0.059,0.000,0.017,0.058,0.000,12.929,0.014,12.865,0.050,8120,15600,,1.00,1,1,4112x2570,L,2
3459,14.923,0.690,0.249,0.058,0.000,0.017,0.062,0.000,12.926,0.014,12.867,0.045,8120,15600,,1.00,1,1,4112x2570,L,2
3460,15.085,0.744,0.253,0.059,0.000,0.017,0.062,0.000,12.923,0.014,12.864,0.045,8120,15600,,1.00,1,1,4112x2570,L,2
3461,15.058,0.670,0.264,0.062,0.000,0.023,0.059,0.000,12.931,0.017,12.862,0.052,8120,15600,,1.00,1,1,4112x2570,L,2
3462,15.068,0.735,0.252,0.062,0.000,0.020,0.060,0.000,12.926,0.014,12.861,0.051,8120,15600,,1.00,1,1,4112x2570,L,2
3463,14.985,0.608,0.244,0.058,0.000,0.017,0.059,0.000,12.931,0.014,12.866,0.051,8120,15600,,1.00,1,1,4112x2570,L,2
3464,14.438,0.000,0.249,0.066,0.000,0.020,0.059,0.000,12.948,0.018,12.879,0.051,8120,15600,,1.00,1,1,4112x2570,L,2
3465,13.925,0.760,0.252,0.067,0.000,0.019,0.054,0.000,12.927,0.014,12.866,0.047,8120,15600,,1.00,1,1,4112x2570,L,2
3466,14.996,0.729,0.244,0.059,0.000,0.019,0.055,0.000,12.934,0.013,12.873,0.049,8120,15600,,1.00,1,1,4112x2570,L,2
3467,14.801,0.696,0.233,0.062,0.000,0.019,0.075,0.000,12.936,0.014,12.870,0.052,8120,15600,,1.00,1,1,4112x2570,L,2
3468,15.044,0.767,0.397,0.069,0.000,0.023,0.071,0.000,12.927,0.014,12.864,0.049,8120,15600,,1.00,1,1,4112x2570,L,2
3469,15.659,0.708,0.284,0.059,0.000,0.018,0.116,0.000,12.924,0.017,12.863,0.045,8120,15600,,1.00,1,1,4112x2570,L,2
3470,14.683,1.700,0.634,0.125,0.000,0.047,0.106,0.000,12.944,0.017,12.879,0.048,8120,15600,,1.00,1,1,4112x2570,L,2
3471,14.143,1.617,0.592,0.128,0.000,0.037,0.073,0.000,12.927,0.014,12.865,0.048,8120,15600,,1.00,1,1,4112x2570,L,2
3472,14.823,0.818,0.276,0.067,0.000,0.019,0.056,0.000,12.920,0.014,12.858,0.048,8120,15600,,1.00,1,1,4112x2570,L,2
3473,14.818,0.760,0.268,0.056,0.000,0.016,0.072,0.000,12.914,0.014,12.856,0.044,8120,15600,,1.00,1,1,4112x2570,L,2
3474,14.347,0.000,0.279,0.063,0.000,0.018,0.052,0.000,12.921,0.014,12.857,0.050,8120,15600,,1.00,1,1,4112x2570,L,2
3475,14.853,0.645,0.257,0.058,0.000,0.018,0.058,0.000,12.925,0.014,12.859,0.051,8120,15600,,1.00,1,1,4112x2570,L,2
3476,14.700,0.707,0.247,0.060,0.001,0.018,0.053,0.000,12.934,0.014,12.867,0.052,8120,15600,,1.00,1,1,4112x2570,L,2
3477,14.772,0.701,0.270,0.062,0.000,0.019,0.073,0.000,12.925,0.014,12.860,0.050,8120,15600,,1.00,1,1,4112x2570,L,2
3478,14.853,0.782,0.282,0.063,0.000,0.019,0.039,0.000,12.915,0.014,12.855,0.046,8120,15600,,1.00,1,1,4112x2570,L,2
3479,14.074,0.750,0.306,0.067,0.000,0.021,0.061,0.000,12.921,0.014,12.858,0.049,8120,15600,,1.00,1,1,4112x2570,L,2
3480,14.865,0.732,0.259,0.070,0.000,0.019,0.064,0.000,12.915,0.014,12.852,0.049,8120,15600,,1.00,1,1,4112x2570,L,2
3481,14.936,0.699,0.277,0.059,0.000,0.020,0.110,0.000,12.924,0.014,12.859,0.050,8120,15600,,1.00,1,1,4112x2570,L,2
3482,14.849,0.678,0.296,0.070,0.000,0.023,0.095,0.000,12.919,0.015,12.857,0.048,8120,15600,,1.00,1,1,4112x2570,L,2
3483,14.034,0.000,0.310,0.064,0.000,0.018,0.055,0.000,12.931,0.014,12.871,0.046,8120,15600,,1.00,1,1,4112x2570,L,2
3484,13.908,0.739,0.249,0.064,0.000,0.017,0.056,0.000,12.920,0.014,12.856,0.050,8120,15600,,1.00,1,1,4112x2570,L,2
3485,13.909,0.766,0.260,0.070,0.000,0.018,0.043,0.000,12.909,0.014,12.850,0.045,8120,15600,,1.00,1,1,4112x2570,L,2
3486,15.014,0.762,0.229,0.061,0.000,0.016,0.055,0.000,12.917,0.014,12.857,0.046,8120,15600,,1.00,1,1,4112x2570,L,2
3487,15.027,0.749,0.246,0.063,0.000,0.017,0.087,0.000,12.919,0.014,12.860,0.045,8120,15600,,1.00,1,1,4112x2570,L,2
3488,15.029,0.744,0.253,0.069,0.000,0.019,0.047,0.000,12.929,0.017,12.867,0.046,8120,15600,,1.00,1,1,4112x2570,L,2
3489,14.914,0.620,0.264,0.054,0.000,0.015,0.058,0.000,12.921,0.014,12.857,0.050,8120,15600,,1.00,1,1,4112x2570,L,2
3490,15.070,0.714,0.236,0.061,0.000,0.017,0.066,0.000,12.941,0.014,12.882,0.045,8120,15600,,1.00,1,1,4112x2570,L,2
3491,16.117,0.719,0.268,0.062,0.000,0.018,0.051,0.000,12.927,0.015,12.864,0.048,8120,15600,,1.00,1,1,4112x2570,L,2
3492,14.363,0.000,0.260,0.060,0.000,0.018,0.049,0.000,12.921,0.015,12.859,0.048,8120,15600,,1.00,1,1,4112x2570,L,2
3493,15.004,0.699,0.257,0.059,0.000,0.018,0.061,0.000,12.921,0.014,12.864,0.043,8120,15600,,1.00,1,1,4112x2570,L,2
3494,14.940,0.653,0.288,0.066,0.000,0.019,0.070,0.000,12.945,0.014,12.881,0.050,8120,15600,,1.00,1,1,4112x2570,L,2
3495,13.881,0.739,0.269,0.061,0.000,0.022,0.056,0.000,12.918,0.014,12.859,0.045,8120,15600,,1.00,1,1,4112x2570,L,2
3496,15.006,0.741,0.236,0.059,0.000,0.015,0.049,0.000,12.916,0.014,12.855,0.047,8120,15600,,1.00,1,1,4112x2570,L,2
3497,14.807,0.658,0.241,0.056,0.000,0.015,0.049,0.000,12.929,0.014,12.869,0.046,8120,15600,,1.00,1,1,4112x2570,L,2
3498,13.910,0.734,0.241,0.059,0.000,0.018,0.064,0.000,12.920,0.014,12.856,0.051,8120,15600,,1.00,1,1,4112x2570,L,2
3499,13.941,0.721,0.250,0.058,0.000,0.017,0.054,0.000,12.919,0.014,12.857,0.048,8120,15600,,1.00,1,1,4112x2570,L,2
3500,14.286,0.000,0.266,0.058,0.000,0.016,0.053,0.000,12.917,0.014,12.861,0.042,8120,15600,,1.00,1,1,4112x2570,L,2
3501,14.990,0.720,0.239,0.054,0.000,0.016,0.056,0.000,12.930,0.014,12.871,0.045,8120,15600,,1.00,1,1,4112x2570,L,2
3502,15.082,0.746,0.240,0.061,0.000,0.018,0.078,0.000,12.919,0.017,12.860,0.043,8120,15600,,1.00,1,1,4112x2570,L,2
3503,13.906,0.758,0.241,0.062,0.000,0.017,0.052,0.000,12.920,0.014,12.861,0.045,8120,15600,,1.00,1,1,4112x2570,L,2
3504,14.906,0.624,0.247,0.057,0.000,0.015,0.055,0.000,12.924,0.014,12.866,0.044,8120,15600,,1.00,1,1,4112x2570,L,2
3505,13.865,0.727,0.236,0.060,0.000,0.017,0.052,0.000,12.928,0.014,12.867,0.047,8120,15600,,1.00,1,1,4112x2570,L,2
3506,13.876,0.693,0.258,0.063,0.000,0.018,0.068,0.000,12.927,0.014,12.870,0.043,8120,15600,,1.00,1,1,4112x2570,L,2
3507,13.942,0.745,0.266,0.058,0.000,0.019,0.052,0.000,12.933,0.014,12.873,0.046,8120,15600,,1.00,1,1,4112x2570,L,2
3508,14.173,0.000,0.267,0.056,0.000,0.017,0.063,0.000,12.932,0.014,12.871,0.047,8120,15600,,1.00,1,1,4112x2570,L,2
3509,13.902,0.720,0.246,0.060,0.000,0.019,0.052,0.000,12.921,0.014,12.862,0.045,8120,15600,,1.00,1,1,4112x2570,L,2
3510,14.824,0.610,0.237,0.058,0.000,0.016,0.050,0.000,12.928,0.014,12.869,0.044,8120,15600,,1.00,1,1,4112x2570,L,2
3511,14.961,0.699,0.244,0.059,0.000,0.017,0.051,0.000,12.940,0.014,12.882,0.044,8120,15600,,1.00,1,1,4112x2570,L,2
3512,14.861,0.621,0.251,0.052,0.000,0.016,0.050,0.000,12.928,0.014,12.869,0.045,8120,15600,,1.00,1,1,4112x2570,L,2
3513,14.745,0.589,0.236,0.047,0.000,0.018,0.056,0.000,12.931,0.015,12.871,0.045,8120,15600,,1.00,1,1,4112x2570,L,2
3514,14.967,0.695,0.256,0.058,0.000,0.019,0.053,0.000,12.929,0.015,12.868,0.046,8120,15600,,1.00,1,1,4112x2570,L,2
3515,14.839,0.614,0.234,0.049,0.000,0.015,0.053,0.000,12.925,0.014,12.865,0.046,8120,15600,,1.00,1,1,4112x2570,L,2
3516,14.801,0.593,0.224,0.049,0.000,0.013,0.045,0.000,12.938,0.014,12.880,0.043,8120,15600,,1.00,1,1,4112x2570,L,2
3517,14.218,0.000,0.253,0.048,0.000,0.013,0.046,0.000,12.925,0.014,12.868,0.043,8120,15600,,1.00,1,1,4112x2570,L,2
3518,14.753,0.568,0.232,0.046,0.000,0.013,0.042,0.000,12.919,0.014,12.863,0.042,8120,15600,,1.00,1,1,4112x2570,L,2
3519,14.751,0.561,0.231,0.045,0.000,0.014,0.046,0.000,12.921,0.014,12.865,0.043,8120,15600,,1.00,1,1,4112x2570,L,2
3520,14.766,0.536,0.279,0.044,0.000,0.014,0.044,0.000,12.927,0.014,12.870,0.043,8120,15600,,1.00,1,1,4112x2570,L,2
3521,14.739,0.566,0.229,0.044,0.000,0.012,0.046,0.000,12.921,0.014,12.864,0.044,8120,15600,,1.00,1,1,4112x2570,L,2
3522,14.735,0.548,0.218,0.044,0.000,0.018,0.048,0.000,12.922,0.014,12.866,0.041,8120,15600,,1.00,1,1,4112x2570,L,2
3523,14.724,0.549,0.245,0.046,0.000,0.016,0.041,0.000,12.921,0.014,12.864,0.043,8120,15600,,1.00,1,1,4112x2570,L,2
3524,13.833,0.706,0.218,0.041,0.000,0.013,0.059,0.000,12.926,0.014,12.868,0.044,8120,15600,drag_snap,1.00,1,0,4112x2570,L,2
3525,14.321,0.000,0.286,0.059,0.000,0.017,0.041,0.000,12.907,0.014,12.851,0.042,8120,15600,,1.00,1,0,4112x2570,L,2
3526,13.718,0.722,0.219,0.041,0.000,0.013,0.039,0.000,12.903,0.014,12.847,0.042,8120,15600,,1.00,1,0,4112x2570,L,2
3527,14.758,0.601,0.214,0.028,0.000,0.009,0.060,0.000,12.907,0.014,12.851,0.043,8120,15600,,1.00,1,0,4112x2570,L,2
3528,13.875,0.817,0.248,0.030,0.000,0.012,0.037,0.000,12.924,0.019,12.855,0.050,8120,15600,,1.00,1,0,4112x2570,L,2
3529,13.693,0.681,0.229,0.032,0.000,0.010,0.042,0.000,12.904,0.014,12.849,0.042,8120,15600,,1.00,1,0,4112x2570,L,2
3530,13.694,0.681,0.247,0.029,0.000,0.009,0.041,0.000,12.910,0.014,12.851,0.045,8120,15600,,1.00,1,0,4112x2570,L,2
3531,14.283,0.000,0.301,0.030,0.000,0.010,0.066,0.000,12.916,0.014,12.856,0.046,8120,15600,,1.00,1,0,4112x2570,L,2
3532,13.940,0.887,0.279,0.032,0.000,0.012,0.034,0.000,12.922,0.014,12.865,0.043,8120,15600,,1.00,1,0,4112x2570,L,2
3533,13.957,0.873,0.282,0.028,0.000,0.010,0.047,0.000,12.920,0.014,12.863,0.043,8120,15600,,1.00,1,0,4112x2570,L,2
3534,14.035,0.918,0.305,0.027,0.000,0.010,0.052,0.000,12.918,0.014,12.858,0.046,8120,15600,,1.00,1,0,4112x2570,L,2
3535,13.969,0.866,0.294,0.029,0.000,0.009,0.040,0.000,12.923,0.014,12.863,0.046,8120,15600,,1.00,1,0,4112x2570,L,2
3536,14.164,0.966,0.347,0.029,0.000,0.011,0.051,0.000,12.909,0.014,12.853,0.042,8120,15600,,1.00,1,0,4112x2570,L,2
3537,14.182,0.951,0.316,0.032,0.000,0.010,0.095,0.000,12.927,0.014,12.870,0.044,8120,15600,,1.00,1,0,4112x2570,L,2
3538,14.548,0.000,0.433,0.050,0.000,0.019,0.067,0.000,12.910,0.014,12.852,0.044,8120,15600,,1.00,1,0,4112x2570,L,2
3539,14.314,1.149,0.346,0.053,0.000,0.017,0.047,0.000,12.904,0.014,12.848,0.042,8120,15600,,1.00,1,0,4112x2570,L,2
3540,13.929,0.826,0.302,0.039,0.000,0.013,0.036,0.000,12.905,0.014,12.850,0.041,8120,15600,,1.00,1,0,4112x2570,L,2
3541,13.848,0.784,0.272,0.028,0.000,0.009,0.058,0.000,12.909,0.017,12.852,0.041,8120,15600,,1.00,1,0,4112x2570,L,2
3542,13.995,0.886,0.253,0.030,0.000,0.011,0.043,0.000,12.911,0.017,12.847,0.047,8120,15600,,1.00,1,0,4112x2570,L,2
3543,13.787,0.722,0.266,0.027,0.000,0.010,0.040,0.000,12.922,0.017,12.860,0.044,8120,15600,,1.00,1,0,4112x2570,L,2
3544,14.188,0.000,0.283,0.026,0.000,0.008,0.052,0.000,12.913,0.018,12.852,0.043,8120,15600,,1.00,1,0,4112x2570,L,2
3545,13.830,0.799,0.247,0.032,0.000,0.012,0.033,0.000,12.922,0.014,12.863,0.046,8120,15600,,1.00,1,0,4112x2570,L,2
3546,14.782,0.640,0.219,0.027,0.000,0.008,0.034,0.000,12.924,0.014,12.867,0.043,8120,15600,,1.00,1,0,4112x2570,L,2
3547,14.684,0.547,0.204,0.020,0.000,0.007,0.067,0.000,12.906,0.014,12.849,0.044,8120,15600,,1.00,1,0,4112x2570,L,2
3548,14.623,0.532,0.207,0.020,0.000,0.007,0.026,0.000,12.905,0.017,12.845,0.044,8120,15600,,1.00,1,0,4112x2570,L,2
3549,14.622,0.524,0.209,0.020,0.000,0.006,0.022,0.000,12.900,0.014,12.843,0.043,8120,15600,,1.00,1,0,4112x2570,L,2
3550,14.626,0.532,0.209,0.018,0.000,0.006,0.026,0.000,12.911,0.018,12.847,0.046,8120,15600,,1.00,1,0,4112x2570,L,2
3551,14.631,0.532,0.217,0.021,0.000,0.006,0.025,0.000,12.918,0.014,12.860,0.045,8120,15600,,1.00,1,0,4112x2570,L,2
3552,14.091,0.000,0.263,0.020,0.000,0.006,0.043,0.000,12.913,0.014,12.857,0.042,8120,15600,,1.00,1,0,4112x2570,L,2
3553,13.745,0.701,0.219,0.027,0.000,0.009,0.041,0.000,12.914,0.018,12.853,0.043,8120,15600,,1.00,1,0,4112x2570,L,2
3554,14.751,0.594,0.224,0.028,0.000,0.009,0.054,0.000,12.910,0.017,12.846,0.046,8120,15600,,1.00,1,0,4112x2570,L,2
3555,15.115,0.745,0.246,0.050,0.000,0.016,0.067,0.000,12.913,0.019,12.848,0.046,8120,15600,,1.00,1,0,4112x2570,L,2
3556,15.086,0.730,0.263,0.056,0.000,0.019,0.060,0.000,12.913,0.014,12.853,0.047,8120,15600,,1.00,1,0,4112x2570,L,2
3557,15.146,0.733,0.303,0.065,0.000,0.019,0.062,0.000,12.903,0.015,12.841,0.047,8120,15600,,1.00,1,0,4112x2570,L,2
3558,15.003,0.747,0.263,0.065,0.031,0.019,0.048,0.000,12.923,0.014,12.862,0.047,8120,15600,,1.00,1,0,4112x2570,L,2
3559,15.021,0.713,0.277,0.059,0.000,0.015,0.061,0.000,12.905,0.014,12.851,0.040,8120,15600,,1.00,1,0,4112x2570,L,2
3560,13.979,0.736,0.311,0.067,0.000,0.024,0.064,0.000,12.902,0.014,12.844,0.045,8120,15600,,1.00,1,0,4112x2570,L,2
3561,14.413,0.000,0.278,0.053,0.000,0.018,0.093,0.000,12.908,0.014,12.848,0.046,8120,15600,,1.00,1,0,4112x2570,L,2
3562,14.844,0.799,0.268,0.060,0.000,0.018,0.072,0.000,12.904,0.014,12.845,0.045,8120,15600,,1.00,1,0,4112x2570,L,2
3563,14.975,0.670,0.257,0.059,0.000,0.017,0.054,0.000,12.909,0.014,12.849,0.046,8120,15600,,1.00,1,0,4112x2570,L,2
3564,14.822,0.596,0.242,0.059,0.000,0.017,0.054,0.000,12.909,0.014,12.852,0.043,8120,15600,,1.00,1,0,4112x2570,L,2
3565,15.039,0.731,0.242,0.059,0.000,0.017,0.063,0.000,12.900,0.014,12.846,0.040,8120,15600,,1.00,1,0,4112x2570,L,2
3566,15.113,0.738,0.239,0.063,0.000,0.018,0.072,0.000,12.913,0.014,12.851,0.048,8120,15600,,1.00,1,0,4112x2570,L,2
3567,15.035,0.723,0.276,0.066,0.000,0.018,0.057,0.000,12.928,0.014,12.871,0.043,8120,15600,,1.00,1,0,4112x2570,L,2
3568,14.048,0.791,0.265,0.062,0.000,0.020,0.056,0.000,12.925,0.014,12.872,0.040,8120,15600,,1.00,1,0,4112x2570,L,2
3569,14.389,0.000,0.283,0.067,0.000,0.020,0.063,0.000,12.913,0.015,12.861,0.038,8120,15600,,1.00,1,0,4112x2570,L,2
3570,13.966,0.881,0.269,0.061,0.000,0.018,0.074,0.000,12.906,0.014,12.847,0.044,8120,15600,,1.00,1,0,4112x2570,L,2
3571,14.021,0.879,0.293,0.052,0.000,0.016,0.053,0.000,12.920,0.014,12.856,0.049,8120,15600,,1.00,1,0,4112x2570,L,2
3572,13.883,0.824,0.241,0.041,0.000,0.012,0.050,0.000,12.931,0.016,12.874,0.042,8120,15600,,1.00,1,0,4112x2570,L,2
3573,14.847,0.657,0.241,0.054,0.000,0.014,0.050,0.000,12.909,0.014,12.849,0.045,8120,15600,,1.00,1,0,4112x2570,L,2
3574,13.876,0.754,0.240,0.050,0.000,0.018,0.046,0.000,12.901,0.014,12.845,0.042,8120,15600,,1.00,1,0,4112x2570,L,2
3575,14.870,0.600,0.236,0.053,0.000,0.013,0.048,0.000,12.907,0.014,12.849,0.044,8120,15600,,1.00,1,0,4112x2570,L,2
3576,14.266,0.000,0.277,0.049,0.000,0.017,0.064,0.000,12.911,0.015,12.851,0.046,8120,15600,,1.00,1,0,4112x2570,L,2
3577,13.863,0.743,0.243,0.052,0.000,0.016,0.047,0.000,12.900,0.014,12.842,0.045,8120,15600,,1.00,1,0,4112x2570,L,2
3578,14.772,0.604,0.237,0.042,0.000,0.012,0.038,0.000,12.927,0.014,12.869,0.044,8120,15600,,1.00,1,0,4112x2570,L,2
3579,14.744,0.542,0.224,0.042,0.000,0.011,0.049,0.000,12.913,0.015,12.853,0.045,8120,15600,,1.00,1,0,4112x2570,L,2
3580,14.829,0.566,0.231,0.039,0.000,0.010,0.052,0.000,12.907,0.014,12.847,0.047,8120,15600,,1.00,1,0,4112x2570,L,2
3581,13.888,0.818,0.246,0.032,0.000,0.011,0.042,0.000,12.908,0.014,12.849,0.045,8120,15600,,1.00,1,0,4112x2570,L,2
3582,13.752,0.759,0.281,0.040,0.000,0.012,0.041,0.000,12.909,0.014,12.850,0.045,8120,15600,,1.00,1,0,4112x2570,L,2
3583,14.241,0.000,0.303,0.029,0.000,0.010,0.039,0.000,12.913,0.014,12.853,0.047,8120,15600,,1.00,1,0,4112x2570,L,2
3584,13.864,0.802,0.271,0.029,0.000,0.010,0.037,0.000,12.908,0.014,12.848,0.046,8120,15600,,1.00,1,0,4112x2570,L,2
3585,13.853,0.783,0.281,0.027,0.000,0.009,0.043,0.000,12.920,0.014,12.861,0.045,8120,15600,,1.00,1,0,4112x2570,L,2
3586,13.929,0.732,0.278,0.029,0.000,0.009,0.056,0.000,12.909,0.014,12.851,0.044,8120,15600,,1.00,1,0,4112x2570,L,2
3587,14.036,0.850,0.312,0.038,0.000,0.012,0.067,0.000,12.908,0.014,12.850,0.044,8120,15600,,1.00,1,0,4112x2570,L,2
3588,14.135,0.913,0.317,0.036,0.000,0.016,0.054,0.000,12.918,0.017,12.856,0.045,8120,15600,,1.00,1,0,4112x2570,L,2
3589,14.128,0.862,0.311,0.034,0.000,0.011,0.053,0.000,12.913,0.017,12.853,0.043,8120,15600,,1.00,1,0,4112x2570,L,2
3590,14.392,0.000,0.392,0.034,0.000,0.011,0.046,0.000,12.913,0.015,12.853,0.045,8120,15600,,1.00,1,0,4112x2570,L,2
3591,14.106,0.896,0.327,0.033,0.000,0.011,0.071,0.000,12.908,0.014,12.847,0.046,8120,15600,,1.00,1,0,4112x2570,L,2
3592,14.136,0.925,0.339,0.034,0.000,0.013,0.064,0.000,12.910,0.014,12.849,0.047,8120,15600,,1.00,1,0,4112x2570,L,2
3593,14.043,0.798,0.303,0.030,0.000,0.011,0.071,0.000,12.927,0.018,12.868,0.042,8120,15600,,1.00,1,0,4112x2570,L,2
3594,13.978,0.900,0.321,0.062,0.000,0.017,0.043,0.000,12.901,0.014,12.843,0.044,8120,15600,,1.00,1,0,4112x2570,L,2
3595,13.907,0.684,0.277,0.044,0.000,0.012,0.037,0.000,12.910,0.014,12.849,0.047,8120,15600,,1.00,1,0,4112x2570,L,2
3596,14.250,0.000,0.293,0.030,0.000,0.010,0.026,0.000,12.908,0.014,12.849,0.046,8120,15600,,1.00,1,0,4112x2570,L,2
3597,14.714,0.512,0.210,0.019,0.000,0.007,0.066,0.000,12.918,0.017,12.854,0.047,8120,15600,,1.00,1,0,4112x2570,L,2
3598,13.819,0.725,0.236,0.062,0.000,0.018,0.046,0.000,12.909,0.014,12.852,0.044,8120,15600,,1.00,1,0,4112x2570,L,2
3599,13.773,0.693,0.220,0.049,0.000,0.013,0.084,0.000,12.921,0.015,12.861,0.046,8120,15600,,1.00,1,0,4112x2570,L,2
3600,14.851,0.536,0.264,0.032,0.000,0.014,0.063,0.000,12.926,0.014,12.860,0.052,8120,15600,,1.00,1,0,4112x2570,L,2
3601,15.122,0.731,0.282,0.067,0.000,0.021,0.047,0.000,12.910,0.014,12.848,0.049,8120,15600,,1.00,1,0,4112x2570,L,2
3602,17.239,0.581,0.352,0.068,0.000,0.019,0.045,0.000,14.641,0.014,14.586,0.041,8120,15600,,1.00,1,0,4112x2570,L,2
3603,14.915,0.702,0.218,0.039,0.000,0.010,0.039,0.000,12.928,0.014,12.871,0.043,8120,15600,,1.00,1,0,4112x2570,L,2
3604,14.775,0.575,0.248,0.035,0.000,0.010,0.033,0.000,12.913,0.017,12.850,0.046,8120,15600,,1.00,1,0,4112x2570,L,2
3605,14.127,0.000,0.249,0.026,0.000,0.010,0.033,0.000,12.913,0.015,12.853,0.045,8120,15600,,1.00,1,0,4112x2570,L,2
3606,14.660,0.531,0.209,0.019,0.000,0.006,0.028,0.000,12.912,0.018,12.849,0.045,8120,15600,,1.00,1,0,4112x2570,L,2
3607,14.623,0.519,0.240,0.018,0.000,0.009,0.030,0.000,12.931,0.017,12.868,0.046,8120,15600,,1.00,1,0,4112x2570,L,2
3608,14.668,0.516,0.204,0.019,0.000,0.006,0.055,0.000,12.929,0.017,12.863,0.048,8120,15600,,1.00,1,0,4112x2570,L,2
3609,15.965,0.624,0.224,0.040,0.000,0.011,0.052,0.000,14.650,0.015,14.588,0.047,8120,15600,,1.00,1,0,4112x2570,L,2
3610,14.906,0.564,0.224,0.030,0.000,0.011,0.036,0.000,12.906,0.014,12.848,0.043,8120,15600,,1.00,1,0,4112x2570,L,2
3611,14.740,0.744,0.212,0.032,0.000,0.011,0.041,0.000,12.927,0.019,12.866,0.043,8120,15600,,1.00,1,0,4112x2570,L,2
3612,14.860,0.692,0.212,0.029,0.000,0.009,0.033,0.000,12.908,0.018,12.847,0.043,8120,15600,,1.00,1,0,4112x2570,L,2
3613,13.740,0.703,0.230,0.030,0.000,0.011,0.041,0.000,12.906,0.017,12.845,0.044,8120,15600,,1.00,1,0,4112x2570,L,2
3614,14.198,0.000,0.262,0.024,0.000,0.009,0.041,0.000,12.909,0.014,12.849,0.046,8120,15600,,1.00,1,0,4112x2570,L,2
3615,14.683,0.585,0.217,0.022,0.000,0.008,0.045,0.000,12.901,0.014,12.844,0.043,8120,15600,,1.00,1,0,4112x2570,L,2
3616,13.801,0.708,0.243,0.025,0.000,0.009,0.038,0.000,12.909,0.017,12.849,0.043,8120,15600,,1.00,1,0,4112x2570,L,2
3617,14.709,0.555,0.222,0.040,0.000,0.011,0.033,0.000,12.902,0.014,12.845,0.044,8120,15600,,1.00,1,0,4112x2570,L,2
3618,14.601,0.515,0.210,0.022,0.000,0.008,0.047,0.000,12.910,0.017,12.848,0.045,8120,15600,,1.00,1,0,4112x2570,L,2
3619,13.756,0.612,0.257,0.031,0.000,0.010,0.043,0.000,12.927,0.017,12.865,0.045,8120,15600,,1.00,1,0,4112x2570,L,2
3620,13.867,0.714,0.225,0.045,0.000,0.012,0.051,0.000,12.908,0.014,12.848,0.046,8120,15600,,1.00,1,0,4112x2570,L,2
3621,14.245,0.000,0.263,0.056,0.000,0.016,0.046,0.000,12.910,0.014,12.851,0.045,8120,15600,,1.00,1,0,4112x2570,L,2
3622,15.012,0.695,0.259,0.040,0.000,0.012,0.055,0.000,12.907,0.014,12.848,0.044,8120,15600,,1.00,1,0,4112x2570,L,2
3623,13.844,0.698,0.247,0.057,0.000,0.014,0.047,0.000,12.912,0.015,12.852,0.045,8120,15600,,1.00,1,0,4112x2570,L,2
3624,15.030,0.747,0.264,0.049,0.000,0.014,0.057,0.000,12.928,0.014,12.869,0.045,8120,15600,,1.00,1,0,4112x2570,L,2
3625,16.107,0.730,0.247,0.063,0.000,0.017,0.056,0.000,12.906,0.014,12.846,0.046,8120,15600,,1.00,1,0,4112x2570,L,2
3626,15.062,0.748,0.237,0.059,0.000,0.016,0.054,0.000,12.905,0.014,12.846,0.044,8120,15600,,1.00,1,0,4112x2570,L,2
3627,15.047,0.748,0.269,0.065,0.000,0.018,0.051,0.000,12.911,0.016,12.852,0.042,8120,15600,,1.00,1,0,4112x2570,L,2
3628,14.946,0.651,0.268,0.059,0.000,0.016,0.064,0.000,12.905,0.014,12.849,0.042,8120,15600,,1.00,1,0,4112x2570,L,2
3629,15.085,0.765,0.397,0.065,0.000,0.019,0.055,0.000,12.905,0.014,12.848,0.043,8120,15600,,1.00,1,0,4112x2570,L,2
3630,14.224,0.000,0.277,0.059,0.000,0.018,0.068,0.000,12.918,0.014,12.860,0.044,8120,15600,,1.00,1,0,4112x2570,L,2
3631,15.036,0.789,0.252,0.069,0.000,0.018,0.052,0.000,12.900,0.014,12.844,0.042,8120,15600,,1.00,1,0,4112x2570,L,2
3632,13.952,0.758,0.271,0.064,0.000,0.018,0.056,0.000,12.905,0.014,12.846,0.045,8120,15600,,1.00,1,0,4112x2570,L,2
3633,13.887,0.770,0.246,0.065,0.000,0.017,0.041,0.000,12.908,0.014,12.848,0.045,8120,15600,,1.00,1,0,4112x2570,L,2
3634,16.197,0.766,0.360,0.050,0.000,0.015,0.038,0.000,14.653,0.014,14.594,0.046,8120,15600,,1.00,1,0,4112x2570,L,2
3635,14.873,0.619,0.234,0.046,0.000,0.013,0.052,0.000,12.906,0.014,12.847,0.045,8120,15600,,1.00,1,0,4112x2570,L,2
3636,13.948,0.765,0.245,0.061,0.000,0.016,0.059,0.000,12.928,0.015,12.868,0.045,8120,15600,,1.00,1,0,4112x2570,L,2
3637,15.186,0.770,0.295,0.061,0.000,0.017,0.077,0.000,12.903,0.013,12.846,0.044,8120,15600,,1.00,1,0,4112x2570,L,2
3638,15.037,0.734,0.289,0.077,0.000,0.020,0.057,0.000,12.905,0.017,12.850,0.038,8120,15600,,1.00,1,0,4112x2570,L,2
3639,14.360,0.000,0.303,0.061,0.000,0.020,0.055,0.000,12.902,0.014,12.846,0.043,8120,15600,,1.00,1,0,4112x2570,L,2
3640,13.857,0.859,0.256,0.053,0.000,0.020,0.054,0.000,12.908,0.014,12.847,0.048,8120,15600,,1.00,1,0,4112x2570,L,2
3641,13.917,0.742,0.263,0.041,0.000,0.013,0.059,0.000,12.901,0.014,12.845,0.043,8120,15600,,1.00,1,0,4112x2570,L,2
3642,13.991,0.870,0.279,0.055,0.000,0.016,0.058,0.000,12.910,0.015,12.851,0.043,8120,15600,,1.00,1,0,4112x2570,L,2
3643,13.839,0.789,0.269,0.046,0.000,0.014,0.047,0.000,12.906,0.014,12.849,0.043,8120,15600,,1.00,1,0,4112x2570,L,2
3644,14.803,0.646,0.247,0.040,0.000,0.013,0.043,0.000,12.910,0.014,12.852,0.044,8120,15600,,1.00,1,0,4112x2570,L,2
3645,14.845,0.594,0.242,0.034,0.000,0.012,0.051,0.000,12.925,0.014,12.867,0.044,8120,15600,,1.00,1,0,4112x2570,L,2
3646,14.203,0.000,0.268,0.045,0.000,0.015,0.053,0.000,12.907,0.014,12.847,0.045,8120,15600,,1.00,1,0,4112x2570,L,2
3647,13.852,0.775,0.253,0.041,0.000,0.013,0.047,0.000,12.924,0.014,12.866,0.044,8120,15600,,1.00,1,0,4112x2570,L,2
3648,14.897,0.610,0.240,0.033,0.000,0.015,0.045,0.000,12.905,0.014,12.846,0.044,8120,15600,,1.00,1,0,4112x2570,L,2
3649,13.845,0.784,0.232,0.039,0.000,0.011,0.042,0.000,12.914,0.014,12.852,0.048,8120,15600,,1.00,1,0,4112x2570,L,2
3650,13.736,0.675,0.239,0.031,0.000,0.011,0.064,0.000,12.907,0.014,12.848,0.045,8120,15600,,1.00,1,0,4112x2570,L,2
3651,13.883,0.823,0.312,0.038,0.000,0.013,0.043,0.000,12.915,0.017,12.853,0.044,8120,15600,,1.00,1,0,4112x2570,L,2
3652,16.591,0.000,0.289,0.038,0.000,0.013,0.047,0.000,13.487,0.014,12.847,0.626,8120,15600,,1.00,1,0,4112x2570,L,2
3653,14.032,0.987,0.287,0.037,0.000,0.017,0.044,0.000,12.945,0.014,12.855,0.076,8120,15600,,1.00,1,0,4112x2570,L,2
3654,13.949,0.799,0.287,0.036,0.000,0.012,0.076,0.000,12.911,0.018,12.849,0.045,8120,15600,,1.00,1,0,4112x2570,L,2
3655,14.310,1.069,0.337,0.051,0.000,0.014,0.048,0.000,12.905,0.014,12.845,0.045,8120,15600,tshadow_off,1.00,1,0,4112x2570,N,3
3656,4.324,0.958,0.384,0.071,0.000,0.023,0.042,0.000,0.724,0.014,0.664,0.046,8120,15600,,1.00,1,0,4112x2570,N,3
3657,8.454,0.000,0.307,0.042,0.000,0.021,0.042,0.000,0.725,0.017,0.663,0.045,8120,15600,,1.00,1,0,4112x2570,N,3
3658,8.302,1.022,0.352,0.058,0.000,0.017,0.037,0.000,0.722,0.016,0.660,0.045,8120,15600,,1.00,1,0,4112x2570,N,3
3659,8.364,0.000,0.319,0.029,0.000,0.010,0.052,0.000,0.726,0.016,0.662,0.048,8120,15600,,1.00,1,0,4112x2570,N,3
3660,8.338,0.929,0.397,0.038,0.000,0.015,0.061,0.000,0.725,0.018,0.662,0.045,8120,15600,,1.00,1,0,4112x2570,N,3
3661,8.291,0.000,0.323,0.032,0.000,0.013,0.055,0.000,0.730,0.017,0.664,0.048,8120,15600,,1.00,1,0,4112x2570,N,3
3662,8.306,0.899,0.394,0.039,0.000,0.014,0.049,0.000,0.732,0.016,0.669,0.047,8120,15600,,1.00,1,0,4112x2570,N,3
3663,8.316,0.000,0.353,0.035,0.000,0.014,0.045,0.000,0.735,0.017,0.669,0.049,8120,15600,,1.00,1,0,4112x2570,N,3
3664,8.329,1.011,0.415,0.034,0.000,0.014,0.055,0.000,0.732,0.018,0.667,0.047,8120,15600,,1.00,1,0,4112x2570,N,3
3665,8.357,0.000,0.359,0.032,0.000,0.010,0.044,0.000,0.735,0.018,0.668,0.050,8120,15600,,1.00,1,0,4112x2570,N,3
3666,8.288,1.050,0.407,0.035,0.000,0.012,0.048,0.000,0.735,0.018,0.672,0.045,8120,15600,,1.00,1,0,4112x2570,N,3
3667,8.364,0.000,0.388,0.034,0.000,0.015,0.070,0.000,0.732,0.018,0.664,0.050,8120,15600,,1.00,1,0,4112x2570,N,3
3668,8.378,1.103,0.414,0.046,0.000,0.016,0.073,0.000,0.730,0.018,0.667,0.045,8120,15600,,1.00,1,0,4112x2570,N,3
3669,8.312,0.000,0.432,0.041,0.000,0.013,0.082,0.000,0.740,0.022,0.670,0.049,8120,15600,,1.00,1,0,4112x2570,N,3
3670,8.317,1.153,0.500,0.046,0.000,0.016,0.052,0.000,0.759,0.021,0.692,0.047,8120,15600,,1.00,1,0,4112x2570,N,3
3671,8.332,0.000,0.465,0.048,0.000,0.030,0.072,0.000,0.740,0.020,0.671,0.049,8120,15600,,1.00,1,0,4112x2570,N,3
3672,8.364,1.238,0.482,0.048,0.000,0.014,0.074,0.000,0.743,0.024,0.673,0.045,8120,15600,,1.00,1,0,4112x2570,N,3
3673,8.278,0.000,0.536,0.052,0.000,0.015,0.067,0.000,0.766,0.023,0.691,0.051,8120,15600,,1.00,1,0,4112x2570,N,3
3674,9.706,1.365,0.568,0.054,0.000,0.016,0.207,0.000,0.816,0.027,0.743,0.046,8120,15600,,1.00,1,0,4112x2570,N,3
3675,8.028,0.001,1.024,0.149,0.000,0.057,0.199,0.000,0.733,0.020,0.667,0.046,8120,15600,,1.00,1,0,4112x2570,N,3
3676,8.483,1.950,0.757,0.243,0.000,0.084,0.180,0.000,0.730,0.015,0.668,0.046,8120,15600,,1.00,1,0,4112x2570,N,3
3677,8.003,0.001,0.929,0.122,0.000,0.047,0.174,0.000,0.808,0.036,0.728,0.043,8120,15600,,1.00,1,0,4112x2570,N,3
3678,8.372,1.761,0.671,0.070,0.000,0.029,0.189,0.000,0.853,0.035,0.774,0.044,8120,15600,,1.00,1,0,4112x2570,N,3
3679,6.547,0.003,0.772,0.155,0.000,0.061,0.064,0.000,0.901,0.036,0.821,0.045,8120,15600,,1.00,1,0,4112x2570,N,3
3680,9.408,1.379,0.560,0.057,0.000,0.018,0.204,0.000,0.816,0.037,0.731,0.048,8120,15600,,1.00,1,0,4112x2570,N,3
3681,8.102,0.001,0.851,0.145,0.000,0.052,0.195,0.000,0.751,0.037,0.665,0.048,8120,15600,,1.00,1,0,4112x2570,N,3
3682,8.152,1.907,0.635,0.226,0.000,0.067,0.167,0.000,0.851,0.037,0.770,0.044,8120,15600,,1.00,1,0,4112x2570,N,3
3683,8.586,0.001,0.838,0.126,0.000,0.055,0.189,0.000,0.774,0.037,0.691,0.045,8120,15600,,1.00,1,0,4112x2570,N,3
3684,7.999,1.934,0.646,0.168,0.000,0.054,0.146,0.000,0.794,0.041,0.710,0.043,8120,15600,,1.00,1,0,4112x2570,N,3
3685,7.383,0.001,0.846,0.066,0.000,0.028,0.082,0.000,0.766,0.035,0.686,0.045,8120,15600,,1.00,1,0,4112x2570,N,3
3686,9.279,1.457,0.550,0.056,0.000,0.016,0.189,0.000,0.841,0.036,0.760,0.045,8120,15600,,1.00,1,0,4112x2570,N,3
3687,8.306,0.001,0.849,0.163,0.000,0.055,0.232,0.000,0.721,0.016,0.661,0.044,8120,15600,,1.00,1,0,4112x2570,N,3
3688,8.232,1.981,0.594,0.187,0.000,0.051,0.168,0.000,0.764,0.040,0.679,0.045,8120,15600,,1.00,1,0,4112x2570,N,3
3689,8.247,0.001,0.832,0.114,0.000,0.036,0.244,0.000,0.777,0.038,0.694,0.045,8120,15600,,1.00,1,0,4112x2570,N,3
3690,8.276,1.842,0.578,0.129,0.000,0.035,0.185,0.000,0.749,0.037,0.667,0.045,8120,15600,,1.00,1,0,4112x2570,N,3
3691,7.471,0.001,0.869,0.059,0.000,0.023,0.082,0.000,0.817,0.037,0.731,0.048,8120,15600,,1.00,1,0,4112x2570,N,3
3692,8.222,1.369,0.550,0.060,0.000,0.016,0.091,0.000,0.869,0.040,0.783,0.046,8120,15600,,1.00,1,0,4112x2570,N,3
3693,9.473,0.000,0.571,0.060,0.000,0.021,0.203,0.000,0.861,0.034,0.778,0.049,8120,15600,,1.00,1,0,4112x2570,N,3
3694,7.214,1.681,0.568,0.150,0.000,0.041,0.076,0.000,0.786,0.039,0.702,0.045,8120,15600,,1.00,1,0,4112x2570,N,3
3695,8.214,0.000,0.555,0.080,0.000,0.023,0.079,0.000,0.771,0.034,0.690,0.047,8120,15600,,1.00,1,0,4112x2570,N,3
3696,8.311,1.510,0.519,0.057,0.000,0.016,0.075,0.000,0.771,0.037,0.689,0.045,8120,15600,,1.00,1,0,4112x2570,N,3
3697,9.621,0.000,0.995,0.142,0.000,0.066,0.238,0.000,0.837,0.035,0.753,0.049,8120,15600,,1.00,1,0,4112x2570,N,3
3698,7.179,1.677,0.779,0.209,0.000,0.072,0.092,0.000,0.756,0.036,0.675,0.045,8120,15600,,1.00,1,0,4112x2570,N,3
3699,8.208,0.000,0.610,0.085,0.000,0.034,0.073,0.000,0.827,0.047,0.736,0.044,8120,15600,,1.00,1,0,4112x2570,N,3
3700,8.490,1.185,0.522,0.077,0.000,0.025,0.103,0.000,0.789,0.041,0.701,0.046,8120,15600,,1.00,1,0,4112x2570,N,3
3701,8.179,0.001,0.601,0.196,0.000,0.050,0.088,0.000,0.917,0.042,0.828,0.046,8120,15600,,1.00,1,0,4112x2570,N,3
3702,9.369,1.372,0.554,0.066,0.000,0.023,0.193,0.000,0.832,0.038,0.749,0.044,8120,15600,,1.00,1,0,4112x2570,N,3
3703,7.239,0.001,0.928,0.137,0.000,0.052,0.086,0.000,0.735,0.023,0.666,0.046,8120,15600,,1.00,1,0,4112x2570,N,3
3704,8.009,1.313,0.521,0.075,0.000,0.030,0.060,0.000,0.868,0.039,0.785,0.044,8120,15600,,1.00,1,0,4112x2570,N,3
3705,8.245,0.000,0.387,0.048,0.000,0.013,0.048,0.000,0.722,0.017,0.661,0.044,8120,15600,,1.00,1,0,4112x2570,N,3
3706,8.316,0.901,0.418,0.057,0.000,0.016,0.057,0.000,0.729,0.017,0.666,0.046,8120,15600,,1.00,1,0,4112x2570,N,3
3707,8.297,0.000,0.478,0.051,0.000,0.013,0.041,0.000,0.735,0.017,0.672,0.047,8120,15600,,1.00,1,0,4112x2570,N,3
3708,8.302,0.694,0.275,0.041,0.000,0.013,0.028,0.000,0.726,0.017,0.664,0.045,8120,15600,,1.00,1,0,4112x2570,N,3
3709,8.333,0.000,0.277,0.036,0.000,0.008,0.038,0.000,0.726,0.016,0.665,0.045,8120,15600,,1.00,1,0,4112x2570,N,3
3710,8.292,0.625,0.248,0.024,0.000,0.008,0.030,0.000,0.724,0.017,0.662,0.045,8120,15600,,1.00,1,0,4112x2570,N,3
3711,8.494,0.000,0.263,0.021,0.000,0.007,0.043,0.000,0.754,0.016,0.690,0.049,8120,15600,,1.00,1,0,4112x2570,N,3
3712,8.257,0.649,0.243,0.024,0.000,0.008,0.026,0.000,0.752,0.018,0.682,0.052,8120,15600,,1.00,1,0,4112x2570,N,3
3713,8.380,0.000,0.287,0.022,0.000,0.009,0.036,0.000,0.770,0.017,0.701,0.052,8120,15600,,1.00,1,0,4112x2570,N,3
3714,8.350,0.649,0.250,0.023,0.000,0.010,0.038,0.000,0.771,0.018,0.701,0.052,8120,15600,,1.00,1,0,4112x2570,N,3
3715,8.288,0.000,0.283,0.021,0.000,0.010,0.031,0.000,0.823,0.018,0.752,0.053,8120,15600,,1.00,1,0,4112x2570,N,3
3716,8.367,0.679,0.250,0.025,0.000,0.008,0.032,0.000,0.822,0.018,0.750,0.054,8120,15600,,1.00,1,0,4112x2570,N,3
3717,8.344,0.000,0.297,0.023,0.000,0.010,0.032,0.000,0.849,0.019,0.775,0.055,8120,15600,,1.00,1,0,4112x2570,N,3
3718,8.329,0.742,0.292,0.032,0.000,0.011,0.034,0.000,0.880,0.020,0.805,0.056,8120,15600,,1.00,1,0,4112x2570,N,3
3719,8.297,0.000,0.317,0.028,0.000,0.009,0.031,0.000,0.883,0.019,0.801,0.062,8120,15600,,1.00,1,0,4112x2570,N,3
3720,8.367,0.749,0.285,0.027,0.000,0.009,0.034,0.000,0.953,0.021,0.874,0.059,8120,15600,,1.00,1,0,4112x2570,N,3
3721,8.367,0.000,0.341,0.029,0.000,0.009,0.055,0.000,0.959,0.021,0.877,0.060,8120,15600,,1.00,1,0,4112x2570,N,3
3722,8.289,0.800,0.316,0.028,0.000,0.009,0.035,0.000,1.053,0.022,0.971,0.060,8120,15600,,1.00,1,0,4112x2570,N,3
3723,8.381,0.000,0.356,0.029,0.000,0.010,0.076,0.000,1.059,0.024,0.974,0.061,8120,15600,,1.00,1,0,4112x2570,N,3
3724,8.311,0.898,0.363,0.033,0.000,0.012,0.050,0.000,1.265,0.027,1.156,0.083,8120,15600,,1.00,1,0,4112x2570,N,3
3725,8.439,0.000,0.409,0.033,0.000,0.015,0.071,0.000,1.359,0.029,1.248,0.082,8120,15600,,1.00,1,0,4112x2570,N,3
3726,8.271,1.249,0.414,0.054,0.000,0.021,0.058,0.000,1.497,0.033,1.378,0.086,8120,15600,,1.00,1,0,4112x2570,N,3
3727,8.350,0.000,0.430,0.046,0.000,0.016,0.100,0.000,1.591,0.032,1.470,0.088,8120,15600,,1.00,1,0,4112x2570,N,3
3728,8.321,0.978,0.449,0.036,0.000,0.012,0.088,0.000,1.785,0.040,1.664,0.081,8120,15600,,1.00,1,0,4112x2570,N,3
3729,8.342,0.000,0.445,0.042,0.000,0.015,0.071,0.000,1.863,0.041,1.733,0.089,8120,15600,,1.00,1,0,4112x2570,N,3
3730,8.314,0.994,0.451,0.037,0.000,0.014,0.048,0.000,1.898,0.042,1.764,0.092,8120,15600,,1.00,1,0,4112x2570,N,3
3731,8.336,0.000,0.505,0.039,0.000,0.014,0.048,0.000,2.345,0.062,2.191,0.092,8120,15600,,1.00,1,0,4112x2570,N,3
3732,8.440,1.092,0.585,0.061,0.000,0.020,0.074,0.000,3.264,0.071,3.050,0.143,8120,15600,,1.00,1,0,4112x2570,N,3
3733,8.328,0.000,0.562,0.062,0.000,0.017,0.077,0.000,3.286,0.072,3.064,0.151,8120,15600,,1.00,1,0,4112x2570,N,3
3734,9.317,1.235,0.670,0.077,0.000,0.028,0.088,0.000,3.306,0.076,3.097,0.133,8120,15600,,1.00,1,0,4112x2570,N,3
3735,7.318,0.000,0.591,0.144,0.000,0.038,0.072,0.000,3.218,0.056,3.021,0.141,8120,15600,,1.00,1,0,4112x2570,N,3
3736,8.286,1.364,0.632,0.095,0.000,0.029,0.072,0.000,3.280,0.071,3.092,0.118,8120,15600,,1.00,1,0,4112x2570,N,3
3737,8.308,0.000,0.606,0.085,0.000,0.022,0.078,0.000,3.296,0.076,3.076,0.144,8120,15600,,1.00,1,0,4112x2570,N,3
3738,8.279,0.791,0.500,0.075,0.000,0.020,0.059,0.000,3.264,0.079,3.056,0.129,8120,15600,,1.00,1,0,4112x2570,N,3
3739,8.407,0.000,0.555,0.060,0.000,0.022,0.092,0.000,3.244,0.075,3.054,0.116,8120,15600,,1.00,1,0,4112x2570,N,3
3740,8.246,1.092,0.599,0.087,0.000,0.021,0.081,0.000,3.274,0.074,3.081,0.119,8120,15600,,1.00,1,0,4112x2570,N,3
3741,7.954,0.000,0.529,0.084,0.000,0.035,0.065,0.000,3.296,0.073,3.103,0.120,8120,15600,,1.00,1,0,4112x2570,N,3
3742,8.290,0.898,0.625,0.086,0.000,0.026,0.066,0.000,3.256,0.072,3.054,0.130,8120,15600,,1.00,1,0,4112x2570,N,3
3743,8.462,0.000,0.474,0.080,0.000,0.016,0.079,0.000,3.348,0.072,3.122,0.155,8120,15600,,1.00,1,0,4112x2570,N,3
3744,7.672,0.946,0.602,0.077,0.000,0.030,0.066,0.000,3.254,0.081,3.084,0.089,8120,15600,,1.00,1,0,4112x2570,N,3
3745,8.320,0.000,0.322,0.048,0.000,0.018,0.056,0.000,3.155,0.058,3.008,0.089,8120,15600,,1.00,1,0,4112x2570,N,3
3746,8.093,1.044,0.313,0.068,0.000,0.020,0.044,0.000,3.164,0.058,3.018,0.088,8120,15600,,1.00,1,0,4112x2570,N,3
3747,8.336,0.000,0.419,0.073,0.000,0.025,0.059,0.000,3.153,0.057,3.006,0.089,8120,15600,,1.00,1,0,4112x2570,N,3
3748,8.339,0.698,0.319,0.065,0.000,0.020,0.058,0.000,3.152,0.058,3.005,0.090,8120,15600,,1.00,1,0,4112x2570,N,3
3749,8.236,0.000,0.295,0.053,0.000,0.014,0.043,0.000,3.153,0.058,3.008,0.087,8120,15600,,1.00,1,0,4112x2570,N,3
3750,8.361,0.624,0.231,0.047,0.000,0.015,0.045,0.000,3.158,0.057,3.013,0.087,8120,15600,,1.00,1,0,4112x2570,N,3
3751,7.983,0.000,0.291,0.051,0.000,0.019,0.059,0.000,3.151,0.058,3.007,0.087,8120,15600,tshadow_sdf,1.00,1,0,4112x2570,S,0
3752,30.088,0.567,0.264,0.051,0.000,0.015,0.040,0.000,28.317,0.058,28.181,0.078,8120,15600,,1.00,1,0,4112x2570,S,0
3753,17.668,1.231,0.276,0.056,0.000,0.016,0.051,0.000,16.096,0.015,16.031,0.050,8120,15600,,1.00,1,0,4112x2570,S,0
3754,17.200,0.851,0.276,0.056,0.000,0.015,0.052,0.000,16.081,0.014,16.019,0.048,8120,15600,,1.00,1,0,4112x2570,S,0
3755,18.031,0.636,0.245,0.055,0.000,0.014,0.050,0.000,16.086,0.014,16.026,0.046,8120,15600,,1.00,1,0,4112x2570,S,0
3756,18.076,0.595,0.228,0.049,0.000,0.013,0.047,0.000,16.082,0.014,16.020,0.048,8120,15600,,1.00,1,0,4112x2570,S,0
3757,18.196,0.623,0.270,0.055,0.000,0.015,0.052,0.000,16.082,0.014,16.020,0.048,8120,15600,,1.00,1,0,4112x2570,S,0
3758,17.226,0.691,0.252,0.057,0.000,0.016,0.053,0.000,16.081,0.014,16.020,0.047,8120,15600,,1.00,1,0,4112x2570,S,0
3759,18.232,0.656,0.243,0.054,0.000,0.015,0.055,0.000,16.086,0.014,16.023,0.048,8120,15600,,1.00,1,0,4112x2570,S,0
3760,17.282,0.745,0.263,0.062,0.000,0.017,0.050,0.000,16.089,0.014,16.027,0.048,8120,15600,,1.00,1,0,4112x2570,S,0
3761,17.106,0.595,0.258,0.058,0.000,0.016,0.042,0.000,16.092,0.014,16.031,0.048,8120,15600,,1.00,1,0,4112x2570,S,0
3762,17.329,0.749,0.232,0.049,0.001,0.014,0.056,0.000,16.109,0.014,16.043,0.052,8120,15600,,1.00,1,0,4112x2570,S,0
3763,17.177,0.756,0.280,0.056,0.000,0.016,0.065,0.000,16.093,0.014,16.031,0.047,8120,15600,,1.00,1,0,4112x2570,S,0
3764,17.160,0.605,0.280,0.053,0.000,0.015,0.065,0.000,16.083,0.014,16.023,0.046,8120,15600,,1.00,1,0,4112x2570,S,0
3765,18.293,0.661,0.226,0.051,0.000,0.014,0.052,0.000,0.061,0.014,0.000,0.047,8120,15600,,1.00,1,0,4112x2570,S,0
3766,17.214,0.746,0.245,0.050,0.000,0.015,0.051,0.000,16.086,0.014,16.025,0.047,8120,15600,,1.00,1,0,4112x2570,S,0
3767,17.047,0.594,0.228,0.048,0.000,0.013,0.048,0.000,16.095,0.014,16.035,0.046,8120,15600,,1.00,1,0,4112x2570,S,0
3768,18.175,0.566,0.224,0.046,0.000,0.013,0.052,0.000,16.071,0.014,16.010,0.047,8120,15600,,1.00,1,0,4112x2570,S,0
3769,17.690,1.152,0.241,0.053,0.000,0.015,0.058,0.000,16.076,0.014,16.017,0.045,8120,15600,,1.00,1,0,4112x2570,S,0
3770,17.200,0.722,0.236,0.057,0.000,0.016,0.044,0.000,16.071,0.014,16.014,0.044,8120,15600,,1.00,1,0,4112x2570,S,0
3771,17.230,0.560,0.379,0.050,0.000,0.015,0.054,0.000,16.080,0.014,16.022,0.043,8120,15600,,1.00,1,0,4112x2570,S,0
3772,17.171,0.676,0.237,0.054,0.000,0.016,0.055,0.000,16.076,0.014,16.021,0.041,8120,15600,,1.00,1,0,4112x2570,S,0
3773,17.255,0.710,0.288,0.055,0.000,0.015,0.055,0.000,16.103,0.014,16.047,0.043,8120,15600,,1.00,1,0,4112x2570,S,0
3774,17.055,0.589,0.234,0.049,0.000,0.015,0.046,0.000,16.099,0.015,16.045,0.039,8120,15600,,1.00,1,0,4112x2570,S,0
3775,18.177,0.564,0.221,0.048,0.000,0.014,0.045,0.000,16.092,0.014,16.032,0.045,8120,15600,,1.00,1,0,4112x2570,S,0
3776,18.207,0.547,0.235,0.050,0.000,0.014,0.051,0.000,16.090,0.014,16.031,0.045,8120,15600,,1.00,1,0,4112x2570,S,0
3777,17.145,0.675,0.232,0.054,0.000,0.015,0.056,0.000,16.105,0.014,16.046,0.045,8120,15600,,1.00,1,0,4112x2570,S,0
3778,17.122,0.684,0.279,0.054,0.000,0.016,0.040,0.000,16.083,0.014,16.025,0.043,8120,15600,,1.00,1,0,4112x2570,S,0
3779,18.026,0.558,0.227,0.038,0.000,0.010,0.032,0.000,16.081,0.014,16.023,0.045,8120,15600,,1.00,1,0,4112x2570,S,0
3780,17.033,0.589,0.232,0.029,0.000,0.009,0.057,0.000,16.090,0.018,16.028,0.043,8120,15600,,1.00,1,0,4112x2570,S,0
3781,17.264,0.806,0.263,0.033,0.000,0.011,0.048,0.000,16.075,0.017,16.016,0.042,8120,15600,,1.00,1,0,4112x2570,S,0
3782,17.468,0.895,0.309,0.035,0.000,0.011,0.048,0.000,16.079,0.014,16.023,0.042,8120,15600,,1.00,1,0,4112x2570,S,0
3783,17.541,0.907,0.341,0.033,0.000,0.011,0.042,0.000,16.074,0.014,16.017,0.043,8120,15600,,1.00,1,0,4112x2570,S,0
3784,17.717,0.886,0.369,0.033,0.000,0.011,0.074,0.000,16.101,0.014,16.042,0.045,8120,15600,,1.00,1,0,4112x2570,S,0
3785,17.829,0.972,0.355,0.067,0.000,0.017,0.065,0.000,16.085,0.015,16.023,0.047,8120,15600,,1.00,1,0,4112x2570,S,0
3786,17.610,0.905,0.322,0.064,0.000,0.016,0.053,0.000,16.091,0.014,16.030,0.047,8120,15600,,1.00,1,0,4112x2570,S,0
3787,17.426,0.829,0.306,0.039,0.000,0.016,0.049,0.000,16.091,0.014,16.032,0.045,8120,15600,,1.00,1,0,4112x2570,S,0
3788,17.389,0.812,0.304,0.029,0.000,0.009,0.041,0.000,16.116,0.018,16.053,0.046,8120,15600,,1.00,1,0,4112x2570,S,0
3789,18.143,1.560,0.306,0.028,0.000,0.010,0.038,0.000,16.084,0.014,16.024,0.047,8120,15600,,1.00,1,0,4112x2570,S,0
3790,17.362,0.791,0.310,0.030,0.000,0.014,0.036,0.000,16.084,0.014,16.023,0.047,8120,15600,,1.00,1,0,4112x2570,S,0
3791,17.318,0.777,0.287,0.026,0.000,0.012,0.038,0.000,16.116,0.014,16.053,0.048,8120,15600,,1.00,1,0,4112x2570,S,0
3792,17.369,0.787,0.312,0.031,0.000,0.010,0.044,0.000,16.086,0.018,16.021,0.047,8120,15600,,1.00,1,0,4112x2570,S,0
3793,17.328,0.790,0.312,0.030,0.000,0.010,0.036,0.000,16.091,0.014,16.031,0.046,8120,15600,,1.00,1,0,4112x2570,S,0
3794,17.291,0.775,0.304,0.026,0.000,0.013,0.034,0.000,16.095,0.014,16.036,0.046,8120,15600,,1.00,1,0,4112x2570,S,0
3795,17.174,0.671,0.257,0.025,0.000,0.007,0.057,0.000,16.087,0.014,16.027,0.046,8120,15600,,1.00,1,0,4112x2570,S,0
3796,17.207,0.744,0.284,0.032,0.000,0.011,0.036,0.000,16.075,0.014,16.016,0.045,8120,15600,,1.00,1,0,4112x2570,S,0
3797,17.127,0.597,0.251,0.026,0.000,0.010,0.052,0.000,16.086,0.017,16.022,0.047,8120,15600,,1.00,1,0,4112x2570,S,0
3798,17.239,0.692,0.240,0.054,0.000,0.015,0.054,0.000,16.091,0.014,16.030,0.046,8120,15600,,1.00,1,0,4112x2570,S,0
3799,17.302,0.695,0.274,0.058,0.000,0.014,0.055,0.000,16.079,0.014,16.025,0.041,8120,15600,,1.00,1,0,4112x2570,S,0
3800,17.375,0.742,0.285,0.048,0.000,0.014,0.056,0.000,16.088,0.014,16.031,0.043,8120,15600,,1.00,1,0,4112x2570,S,0
3801,17.579,0.882,0.344,0.035,0.000,0.012,0.067,0.000,16.110,0.014,16.053,0.043,8120,15600,,1.00,1,0,4112x2570,S,0
3802,17.680,0.974,0.383,0.044,0.000,0.013,0.058,0.000,16.083,0.014,16.023,0.046,8120,15600,,1.00,1,0,4112x2570,S,0
3803,17.842,0.972,0.377,0.043,0.000,0.012,0.083,0.000,16.088,0.014,16.027,0.047,8120,15600,,1.00,1,0,4112x2570,S,0
3804,18.129,1.287,0.395,0.054,0.000,0.018,0.067,0.000,16.078,0.014,16.019,0.045,8120,15600,,1.00,1,0,4112x2570,S,0
3805,17.662,0.906,0.356,0.062,0.000,0.016,0.056,0.000,16.083,0.014,16.028,0.042,8120,15600,,1.00,1,0,4112x2570,S,0
3806,17.404,0.852,0.295,0.059,0.000,0.016,0.048,0.000,16.083,0.014,16.026,0.043,8120,15600,,1.00,1,0,4112x2570,S,0
3807,17.206,0.766,0.283,0.043,0.000,0.012,0.051,0.000,16.113,0.013,16.053,0.046,8120,15600,,1.00,1,0,4112x2570,S,0
3808,17.132,0.635,0.252,0.037,0.000,0.012,0.048,0.000,16.104,0.018,16.044,0.042,8120,15600,,1.00,1,0,4112x2570,S,0
3809,17.244,0.793,0.262,0.051,0.000,0.017,0.072,0.000,16.093,0.014,16.039,0.040,8120,15600,,1.00,1,0,4112x2570,S,0
3810,17.537,1.148,0.215,0.034,0.000,0.010,0.038,0.000,16.087,0.017,16.028,0.043,8120,15600,,1.00,1,0,4112x2570,S,0
3811,16.921,0.538,0.221,0.033,0.000,0.008,0.036,0.000,16.078,0.017,16.021,0.040,8120,15600,,1.00,1,0,4112x2570,S,0
3812,16.969,0.568,0.231,0.031,0.000,0.010,0.074,0.000,16.082,0.017,16.025,0.041,8120,15600,,1.00,1,0,4112x2570,S,0
3813,16.938,0.540,0.215,0.030,0.000,0.009,0.039,0.000,16.068,0.014,16.014,0.040,8120,15600,,1.00,1,0,4112x2570,S,0
3814,16.889,0.499,0.221,0.034,0.000,0.009,0.033,0.000,16.072,0.014,16.017,0.041,8120,15600,,1.00,1,0,4112x2570,S,0
3815,16.984,0.570,0.223,0.028,0.000,0.008,0.058,0.000,16.087,0.014,16.030,0.042,8120,15600,,1.00,1,0,4112x2570,S,0
3816,17.276,0.788,0.251,0.035,0.000,0.011,0.042,0.000,16.077,0.014,16.021,0.042,8120,15600,,1.00,1,0,4112x2570,S,0
3817,17.189,0.715,0.258,0.029,0.000,0.010,0.049,0.000,16.106,0.014,16.049,0.043,8120,15600,,1.00,1,0,4112x2570,S,0
3818,17.117,0.654,0.265,0.025,0.000,0.009,0.036,0.000,16.092,0.014,16.036,0.042,8120,15600,,1.00,1,0,4112x2570,S,0
3819,17.217,0.701,0.267,0.025,0.000,0.015,0.068,0.000,16.077,0.014,16.021,0.043,8120,15600,,1.00,1,0,4112x2570,S,0
3820,17.406,0.815,0.301,0.032,0.000,0.011,0.054,0.000,16.077,0.014,16.022,0.041,8120,15600,,1.00,1,0,4112x2570,S,0
3821,17.495,0.882,0.327,0.032,0.000,0.011,0.072,0.000,16.076,0.014,16.021,0.042,8120,15600,,1.00,1,0,4112x2570,S,0
3822,17.435,0.853,0.326,0.028,0.000,0.010,0.044,0.000,16.070,0.014,16.014,0.042,8120,15600,,1.00,1,0,4112x2570,S,0
3823,17.606,0.946,0.355,0.035,0.000,0.011,0.056,0.000,16.073,0.014,16.016,0.043,8120,15600,,1.00,1,0,4112x2570,S,0
3824,17.765,0.939,0.411,0.040,0.000,0.013,0.070,0.000,16.090,0.014,16.033,0.043,8120,15600,,1.00,1,0,4112x2570,S,0
3825,17.818,1.345,0.368,0.057,0.000,0.017,0.059,0.000,16.073,0.014,16.016,0.043,8120,15600,,1.00,1,0,4112x2570,S,0
3826,17.852,0.986,0.361,0.063,0.000,0.018,0.079,0.000,16.071,0.014,16.020,0.037,8120,15600,,1.00,1,0,4112x2570,S,0
3827,17.843,1.219,0.369,0.080,0.000,0.023,0.052,0.000,16.081,0.014,16.026,0.040,8120,15600,,1.00,1,0,4112x2570,S,0
3828,17.510,0.911,0.281,0.046,0.000,0.013,0.058,0.000,16.082,0.014,16.024,0.043,8120,15600,,1.00,1,0,4112x2570,S,0
3829,17.267,0.858,0.256,0.050,0.000,0.018,0.040,0.000,16.100,0.014,16.044,0.043,8120,15600,,1.00,1,0,4112x2570,S,0
3830,17.270,0.801,0.268,0.040,0.000,0.012,0.059,0.000,16.096,0.014,16.041,0.041,8120,15600,,1.00,1,0,4112x2570,S,0
3831,17.303,0.704,0.294,0.048,0.000,0.015,0.075,0.000,16.086,0.014,16.025,0.047,8120,15600,,1.00,1,0,4112x2570,S,0
3832,17.625,0.924,0.350,0.044,0.000,0.016,0.048,0.000,16.086,0.014,16.030,0.043,8120,15600,,1.00,1,0,4112x2570,S,0
3833,17.567,0.977,0.287,0.032,0.000,0.011,0.053,0.000,16.083,0.014,16.025,0.044,8120,15600,,1.00,1,0,4112x2570,S,0
3834,17.045,1.628,0.294,0.030,0.000,0.011,0.066,0.000,16.077,0.014,16.020,0.043,8120,15600,,1.00,1,0,4112x2570,S,0
3835,17.505,0.876,0.309,0.035,0.000,0.013,0.057,0.000,16.087,0.014,16.026,0.047,8120,15600,,1.00,1,0,4112x2570,S,0
3836,17.574,0.895,0.324,0.036,0.000,0.012,0.079,0.000,16.086,0.014,16.028,0.044,8120,15600,,1.00,1,0,4112x2570,S,0
3837,17.670,0.980,0.359,0.037,0.000,0.012,0.062,0.000,16.088,0.014,16.028,0.046,8120,15600,,1.00,1,0,4112x2570,S,0
3838,17.769,1.036,0.374,0.042,0.000,0.016,0.068,0.000,16.079,0.014,16.022,0.044,8120,15600,,1.00,1,0,4112x2570,S,0
3839,17.892,1.121,0.417,0.048,0.000,0.014,0.063,0.000,16.083,0.014,16.026,0.044,8120,15600,,1.00,1,0,4112x2570,S,0
3840,17.941,1.095,0.413,0.044,0.000,0.014,0.103,0.000,16.086,0.014,16.025,0.047,8120,15600,,1.00,1,0,4112x2570,S,0
3841,17.475,1.533,0.486,0.064,0.000,0.023,0.088,0.000,16.095,0.014,16.035,0.046,8120,15600,,1.00,1,0,4112x2570,S,0
3842,17.497,1.758,0.500,0.061,0.000,0.020,0.064,0.000,16.106,0.014,16.047,0.045,8120,15600,,1.00,1,0,4112x2570,S,0
3843,17.745,1.074,0.364,0.044,0.000,0.013,0.059,0.000,16.079,0.014,16.020,0.045,8120,15600,,1.00,1,0,4112x2570,S,0
3844,17.680,0.978,0.373,0.037,0.000,0.013,0.072,0.000,16.088,0.014,16.027,0.046,8120,15600,,1.00,1,0,4112x2570,S,0
3845,17.680,0.994,0.371,0.041,0.000,0.012,0.055,0.000,16.109,0.014,16.051,0.044,8120,15600,,1.00,1,0,4112x2570,S,0
3846,17.632,0.977,0.368,0.038,0.000,0.012,0.045,0.000,16.104,0.017,16.044,0.043,8120,15600,,1.00,1,0,4112x2570,S,0
3847,17.693,0.973,0.368,0.038,0.000,0.012,0.055,0.000,16.088,0.017,16.027,0.043,8120,15600,,1.00,1,0,4112x2570,S,0
3848,17.556,1.019,0.313,0.037,0.000,0.012,0.050,0.000,16.079,0.014,16.022,0.042,8120,15600,,1.00,1,0,4112x2570,S,0
3849,17.421,0.868,0.300,0.029,0.000,0.010,0.062,0.000,16.102,0.014,16.043,0.045,8120,15600,,1.00,1,0,4112x2570,S,0
3850,17.274,0.778,0.316,0.033,0.000,0.011,0.051,0.000,16.075,0.014,16.018,0.043,8120,15600,,1.00,1,0,4112x2570,S,0
3851,17.181,0.664,0.261,0.028,0.000,0.009,0.048,0.000,16.097,0.017,16.036,0.044,8120,15600,,1.00,1,0,4112x2570,S,0
3852,17.829,1.295,0.256,0.044,0.000,0.014,0.054,0.000,16.106,0.014,16.050,0.042,8120,15600,,1.00,1,0,4112x2570,S,0
3853,17.157,0.692,0.227,0.034,0.000,0.011,0.046,0.000,16.101,0.017,16.040,0.044,8120,15600,,1.00,1,0,4112x2570,S,0
3854,16.978,0.693,0.213,0.029,0.000,0.009,0.029,0.000,16.086,0.017,16.025,0.043,8120,15600,,1.00,1,0,4112x2570,S,0
3855,17.072,0.689,0.218,0.028,0.000,0.009,0.044,0.000,16.104,0.014,16.048,0.042,8120,15600,,1.00,1,0,4112x2570,S,0
3856,16.951,0.579,0.215,0.022,0.000,0.007,0.026,0.000,16.085,0.014,16.028,0.043,8120,15600,,1.00,1,0,4112x2570,S,0
3857,17.006,0.532,0.240,0.022,0.000,0.007,0.042,0.000,16.089,0.015,16.031,0.044,8120,15600,,1.00,1,0,4112x2570,S,0
3858,17.125,0.706,0.222,0.036,0.000,0.011,0.044,0.000,16.077,0.014,16.021,0.042,8120,15600,,1.00,1,0,4112x2570,S,0
3859,16.810,0.501,0.247,0.028,0.000,0.008,0.028,0.000,16.092,0.014,16.036,0.042,8120,15600,tshadow_pcf,1.00,1,0,4112x2570,P,1
3860,8.955,0.570,0.220,0.026,0.000,0.009,0.053,0.000,1.402,0.018,1.337,0.046,8120,15600,,1.00,1,0,4112x2570,P,1
3861,8.264,0.000,0.325,0.027,0.000,0.011,0.038,0.000,1.397,0.018,1.335,0.044,8120,15600,,1.00,1,0,4112x2570,P,1
3862,8.117,0.710,0.214,0.023,0.000,0.008,0.038,0.000,1.396,0.017,1.335,0.044,8120,15600,,1.00,1,0,4112x2570,P,1
3863,8.152,0.000,0.230,0.020,0.000,0.007,0.041,0.000,1.399,0.016,1.335,0.047,8120,15600,,1.00,1,0,4112x2570,P,1
3864,8.294,0.622,0.263,0.022,0.000,0.008,0.039,0.000,1.395,0.016,1.334,0.045,8120,15600,,1.00,1,0,4112x2570,P,1
3865,8.290,0.000,0.354,0.032,0.000,0.011,0.047,0.000,1.396,0.016,1.336,0.043,8120,15600,,1.00,1,0,4112x2570,P,1
3866,8.253,0.645,0.269,0.052,0.000,0.016,0.050,0.000,1.398,0.018,1.336,0.045,8120,15600,,1.00,1,0,4112x2570,P,1
3867,8.176,0.000,0.315,0.061,0.000,0.018,0.055,0.000,1.397,0.016,1.336,0.045,8120,15600,,1.00,1,0,4112x2570,P,1
3868,8.088,0.824,0.335,0.064,0.000,0.020,0.043,0.000,1.392,0.016,1.334,0.042,8120,15600,,1.00,1,0,4112x2570,P,1
3869,8.251,0.000,0.308,0.041,0.000,0.012,0.062,0.000,1.393,0.017,1.334,0.042,8120,15600,,1.00,1,0,4112x2570,P,1
3870,8.203,0.889,0.287,0.042,0.000,0.014,0.079,0.000,1.393,0.017,1.334,0.042,8120,15600,,1.00,1,0,4112x2570,P,1
3871,8.258,0.000,0.283,0.027,0.000,0.010,0.052,0.000,1.394,0.017,1.336,0.042,8120,15600,,1.00,1,0,4112x2570,P,1
3872,8.212,0.791,0.276,0.046,0.000,0.016,0.052,0.000,1.393,0.016,1.335,0.042,8120,15600,,1.00,1,0,4112x2570,P,1
3873,8.209,0.000,0.273,0.030,0.000,0.016,0.044,0.000,1.392,0.017,1.334,0.041,8120,15600,,1.00,1,0,4112x2570,P,1
3874,8.456,0.622,0.250,0.028,0.000,0.010,0.036,0.000,1.394,0.017,1.335,0.042,8120,15600,,1.00,1,0,4112x2570,P,1
3875,8.309,0.000,0.301,0.023,0.000,0.014,0.044,0.000,1.394,0.017,1.335,0.042,8120,15600,,1.00,1,0,4112x2570,P,1
3876,7.930,0.620,0.235,0.027,0.000,0.009,0.028,0.000,1.395,0.017,1.336,0.043,8120,15600,,1.00,1,0,4112x2570,P,1
3877,8.502,0.000,0.303,0.024,0.000,0.009,0.034,0.000,1.393,0.016,1.335,0.042,8120,15600,,1.00,1,0,4112x2570,P,1
3878,8.304,0.571,0.229,0.029,0.000,0.009,0.065,0.000,1.393,0.017,1.334,0.042,8120,15600,,1.00,1,0,4112x2570,P,1
3879,8.017,0.000,0.253,0.032,0.000,0.012,0.044,0.000,1.392,0.016,1.335,0.041,8120,15600,,1.00,1,0,4112x2570,P,1
3880,8.503,0.780,0.236,0.030,0.000,0.011,0.040,0.000,1.393,0.017,1.334,0.043,8120,15600,,1.00,1,0,4112x2570,P,1
3881,8.133,0.000,0.253,0.022,0.000,0.008,0.039,0.000,1.403,0.017,1.345,0.042,8120,15600,,1.00,1,0,4112x2570,P,1
3882,8.505,0.585,0.239,0.023,0.000,0.007,0.037,0.000,1.396,0.017,1.337,0.042,8120,15600,,1.00,1,0,4112x2570,P,1
3883,8.333,0.000,0.253,0.025,0.000,0.009,0.044,0.000,1.399,0.017,1.341,0.042,8120,15600,,1.00,1,0,4112x2570,P,1
3884,8.333,0.753,0.246,0.029,0.000,0.010,0.034,0.000,1.394,0.017,1.336,0.042,8120,15600,,1.00,1,0,4112x2570,P,1
3885,8.209,0.000,0.260,0.027,0.000,0.012,0.030,0.000,1.392,0.017,1.334,0.041,8120,15600,,1.00,1,0,4112x2570,P,1
3886,8.481,0.658,0.226,0.023,0.000,0.008,0.042,0.000,1.396,0.017,1.335,0.044,8120,15600,,1.00,1,0,4112x2570,P,1
3887,8.315,0.000,0.272,0.023,0.000,0.012,0.031,0.000,1.401,0.017,1.336,0.049,8120,15600,,1.00,1,0,4112x2570,P,1
3888,8.336,0.610,0.252,0.025,0.000,0.009,0.038,0.000,1.398,0.017,1.334,0.047,8120,15600,,1.00,1,0,4112x2570,P,1
3889,16.665,0.000,0.280,0.023,0.000,0.008,0.065,0.000,1.400,0.017,1.337,0.046,8120,15600,,1.00,1,0,4112x2570,P,1
3890,8.221,0.735,0.267,0.026,0.000,0.010,0.048,0.000,1.398,0.018,1.336,0.045,8120,15600,,1.00,1,0,4112x2570,P,1
3891,8.368,0.658,0.303,0.029,0.000,0.013,0.047,0.000,1.399,0.017,1.337,0.046,8120,15600,,1.00,1,0,4112x2570,P,1
3892,8.249,0.000,0.424,0.047,0.000,0.018,0.044,0.000,1.395,0.017,1.334,0.044,8120,15600,,1.00,1,0,4112x2570,P,1
3893,8.253,0.571,0.286,0.045,0.000,0.014,0.039,0.000,1.396,0.018,1.335,0.043,8120,15600,,1.00,1,0,4112x2570,P,1
3894,8.375,0.000,0.270,0.036,0.000,0.011,0.037,0.000,1.395,0.017,1.335,0.043,8120,15600,,1.00,1,0,4112x2570,P,1
3895,8.350,0.545,0.284,0.042,0.000,0.014,0.041,0.000,1.395,0.018,1.335,0.043,8120,15600,,1.00,1,0,4112x2570,P,1
3896,8.318,0.000,0.281,0.036,0.000,0.011,0.049,0.000,1.394,0.017,1.335,0.043,8120,15600,,1.00,1,0,4112x2570,P,1
3897,8.358,0.524,0.249,0.046,0.000,0.015,0.046,0.000,1.396,0.018,1.336,0.042,8120,15600,,1.00,1,0,4112x2570,P,1
3898,8.305,0.000,0.285,0.043,0.000,0.015,0.046,0.000,1.394,0.016,1.334,0.044,8120,15600,,1.00,1,0,4112x2570,P,1
3899,8.284,0.740,0.242,0.056,0.000,0.014,0.048,0.000,1.396,0.017,1.336,0.043,8120,15600,,1.00,1,0,4112x2570,P,1
3900,8.320,0.000,0.277,0.043,0.000,0.012,0.050,0.000,1.391,0.016,1.334,0.041,8120,15600,,1.00,1,0,4112x2570,P,1
3901,8.267,0.606,0.233,0.051,0.000,0.015,0.039,0.000,1.392,0.017,1.335,0.041,8120,15600,,1.00,1,0,4112x2570,P,1
3902,8.374,0.000,0.260,0.041,0.000,0.013,0.059,0.000,1.396,0.019,1.335,0.042,8120,15600,,1.00,1,0,4112x2570,P,1
3903,8.401,0.554,0.240,0.049,0.000,0.016,0.040,0.000,1.394,0.018,1.334,0.042,8120,15600,,1.00,1,0,4112x2570,P,1
3904,8.361,0.000,0.228,0.025,0.000,0.007,0.034,0.000,1.399,0.017,1.337,0.045,8120,15600,,1.00,1,0,4112x2570,P,1
3905,8.407,0.577,0.304,0.031,0.000,0.010,0.040,0.000,1.394,0.017,1.334,0.043,8120,15600,,1.00,1,0,4112x2570,P,1
3906,8.332,0.000,0.289,0.031,0.000,0.011,0.043,0.000,1.395,0.016,1.334,0.044,8120,15600,,1.00,1,0,4112x2570,P,1
3907,8.250,0.750,0.242,0.029,0.000,0.010,0.035,0.000,1.398,0.016,1.334,0.047,8120,15600,,1.00,1,0,4112x2570,P,1
3908,8.364,0.000,0.273,0.024,0.000,0.009,0.046,0.000,1.395,0.016,1.334,0.045,8120,15600,,1.00,1,0,4112x2570,P,1
3909,8.382,0.805,0.235,0.025,0.000,0.009,0.041,0.000,1.395,0.016,1.335,0.043,8120,15600,,1.00,1,0,4112x2570,P,1
3910,8.261,0.000,0.279,0.027,0.000,0.009,0.062,0.000,1.395,0.016,1.335,0.044,8120,15600,,1.00,1,0,4112x2570,P,1
3911,8.334,0.727,0.250,0.025,0.000,0.008,0.052,0.000,1.401,0.017,1.336,0.048,8120,15600,,1.00,1,0,4112x2570,P,1
3912,8.337,0.000,0.287,0.028,0.000,0.011,0.029,0.000,1.396,0.017,1.335,0.044,8120,15600,,1.00,1,0,4112x2570,P,1
3913,8.300,0.694,0.260,0.026,0.000,0.012,0.049,0.000,1.399,0.017,1.335,0.047,8120,15600,,1.00,1,0,4112x2570,P,1
3914,8.404,0.000,0.321,0.026,0.000,0.011,0.047,0.000,1.399,0.017,1.334,0.048,8120,15600,,1.00,1,0,4112x2570,P,1
3915,8.279,0.738,0.287,0.024,0.000,0.009,0.037,0.000,1.398,0.017,1.336,0.045,8120,15600,,1.00,1,0,4112x2570,P,1
3916,8.336,0.000,0.338,0.025,0.000,0.010,0.032,0.000,1.399,0.018,1.337,0.044,8120,15600,,1.00,1,0,4112x2570,P,1
3917,8.316,0.864,0.294,0.028,0.000,0.009,0.052,0.000,1.402,0.018,1.337,0.047,8120,15600,,1.00,1,0,4112x2570,P,1
3918,8.347,0.000,0.356,0.028,0.000,0.010,0.058,0.000,1.398,0.018,1.337,0.043,8120,15600,,1.00,1,0,4112x2570,P,1
3919,8.168,1.097,0.326,0.033,0.000,0.012,0.053,0.000,1.454,0.018,1.388,0.048,8120,15600,,1.00,1,0,4112x2570,P,1
3920,8.559,0.000,0.353,0.037,0.000,0.011,0.054,0.000,1.500,0.019,1.438,0.042,8120,15600,,1.00,1,0,4112x2570,P,1
3921,8.233,0.977,0.338,0.042,0.000,0.013,0.069,0.000,1.501,0.021,1.433,0.046,8120,15600,,1.00,1,0,4112x2570,P,1
3922,8.266,0.000,0.375,0.034,0.000,0.014,0.057,0.000,1.504,0.021,1.437,0.046,8120,15600,,1.00,1,0,4112x2570,P,1
3923,8.362,0.910,0.341,0.032,0.000,0.011,0.051,0.000,1.509,0.023,1.439,0.046,8120,15600,,1.00,1,0,4112x2570,P,1
3924,8.340,0.000,0.393,0.031,0.000,0.019,0.070,0.000,1.645,0.026,1.573,0.046,8120,15600,,1.00,1,0,4112x2570,P,1
3925,8.315,0.972,0.365,0.037,0.000,0.012,0.063,0.000,1.597,0.021,1.529,0.048,8120,15600,,1.00,1,0,4112x2570,P,1
3926,8.316,0.000,0.448,0.038,0.000,0.012,0.100,0.000,1.686,0.027,1.613,0.046,8120,15600,,1.00,1,0,4112x2570,P,1
3927,8.365,0.993,0.385,0.044,0.000,0.014,0.071,0.000,1.689,0.029,1.613,0.048,8120,15600,,1.00,1,0,4112x2570,P,1
3928,8.170,0.000,0.588,0.055,0.000,0.025,0.049,0.000,1.800,0.029,1.725,0.047,8120,15600,,1.00,1,0,4112x2570,P,1
3929,8.303,0.856,0.373,0.067,0.000,0.021,0.044,0.000,1.847,0.020,1.778,0.049,8120,15600,,1.00,1,0,4112x2570,P,1
3930,8.418,0.000,0.371,0.040,0.000,0.012,0.059,0.000,1.848,0.020,1.779,0.049,8120,15600,,1.00,1,0,4112x2570,P,1
3931,8.225,0.876,0.370,0.058,0.000,0.018,0.065,0.000,2.061,0.023,1.990,0.048,8120,15600,,1.00,1,0,4112x2570,P,1
3932,8.747,0.000,0.343,0.054,0.000,0.022,0.085,0.000,2.063,0.021,1.989,0.053,8120,15600,,1.00,1,0,4112x2570,P,1
3933,8.108,1.311,0.517,0.073,0.000,0.024,0.077,0.000,2.212,0.024,2.128,0.060,8120,15600,,1.00,1,0,4112x2570,P,1
3934,9.471,0.000,0.503,0.062,0.000,0.025,0.207,0.000,2.396,0.023,2.276,0.098,8120,15600,,1.00,1,0,4112x2570,P,1
3935,7.210,1.705,0.868,0.122,0.000,0.052,0.066,0.000,2.383,0.041,2.286,0.056,8120,15600,,1.00,1,0,4112x2570,P,1
3936,8.540,0.000,0.549,0.042,0.000,0.015,0.118,0.000,2.723,0.027,2.637,0.058,8120,15600,,1.00,1,0,4112x2570,P,1
3937,7.779,1.845,0.651,0.149,0.000,0.047,0.062,0.000,2.721,0.027,2.638,0.057,8120,15600,,1.00,1,0,4112x2570,P,1
3938,9.401,0.000,0.489,0.126,0.000,0.059,0.131,0.000,3.437,0.034,3.348,0.056,8120,15600,,1.00,1,0,4112x2570,P,1
3939,8.438,1.629,0.570,0.065,0.000,0.022,0.196,0.000,3.540,0.036,3.397,0.107,8120,15600,,1.00,1,0,4112x2570,P,1
3940,8.242,0.007,0.910,0.246,0.000,0.090,0.212,0.000,3.541,0.030,3.400,0.111,8120,15600,,1.00,1,0,4112x2570,P,1
3941,8.237,1.891,0.920,0.182,0.000,0.058,0.150,0.000,4.026,0.055,3.879,0.092,8120,15600,,1.00,1,0,4112x2570,P,1
3942,7.494,0.001,0.664,0.137,0.000,0.043,0.113,0.000,5.107,0.053,4.994,0.060,8120,15600,,1.00,1,0,4112x2570,P,1
3943,8.549,1.727,0.569,0.126,0.000,0.038,0.044,0.000,6.339,0.052,6.201,0.086,8120,15600,,1.00,1,0,4112x2570,P,1
3944,7.774,0.000,0.350,0.057,0.000,0.015,0.062,0.000,6.167,0.050,6.049,0.069,8120,15600,,1.00,1,0,4112x2570,P,1
3945,8.570,1.178,0.286,0.062,0.000,0.017,0.092,0.000,6.331,0.049,6.193,0.089,8120,15600,,1.00,1,0,4112x2570,P,1
3946,8.051,0.000,0.323,0.058,0.000,0.019,0.063,0.000,5.987,0.051,5.855,0.081,8120,15600,,1.00,1,0,4112x2570,P,1
3947,8.270,1.126,0.348,0.070,0.000,0.020,0.067,0.000,6.264,0.048,6.123,0.093,8120,15600,,1.00,1,0,4112x2570,P,1
3948,8.348,0.000,0.376,0.046,0.000,0.013,0.070,0.000,6.110,0.049,6.003,0.057,8120,15600,,1.00,1,0,4112x2570,P,1
3949,8.298,1.083,0.351,0.041,0.000,0.015,0.061,0.000,6.185,0.057,6.069,0.059,8120,15600,,1.00,1,0,4112x2570,P,1
3950,8.293,0.000,0.314,0.052,0.000,0.019,0.053,0.000,6.320,0.049,6.192,0.078,8120,15600,,1.00,1,0,4112x2570,P,1
3951,8.354,0.699,0.317,0.060,0.000,0.016,0.054,0.000,6.111,0.049,5.997,0.065,8120,15600,,1.00,1,0,4112x2570,P,1
3952,8.292,0.000,0.298,0.058,0.000,0.017,0.061,0.000,6.069,0.060,5.939,0.071,8120,15600,,1.00,1,0,4112x2570,P,1
3953,8.460,0.766,0.302,0.059,0.000,0.019,0.072,0.000,6.253,0.048,5.992,0.213,8120,15600,,1.00,1,0,4112x2570,P,1
3954,8.229,0.000,0.429,0.063,0.000,0.017,0.068,0.000,5.569,0.049,5.397,0.122,8120,15600,,1.00,1,0,4112x2570,P,1
3955,8.317,1.232,0.418,0.049,0.000,0.016,0.077,0.000,5.401,0.057,5.228,0.115,8120,15600,,1.00,1,0,4112x2570,P,1
3956,8.079,0.000,0.429,0.051,0.000,0.016,0.081,0.000,5.365,0.057,5.239,0.069,8120,15600,tshadow_planar,1.00,1,0,4112x2570,L,2
3957,33.250,1.191,0.420,0.050,0.000,0.015,0.114,0.000,30.979,0.056,30.870,0.053,8120,15600,,1.00,1,0,4112x2570,L,2
3958,20.372,3.135,0.651,0.089,0.000,0.027,0.075,0.000,18.003,0.018,17.932,0.053,8120,15600,,1.00,1,0,4112x2570,L,2
3959,15.950,1.690,0.696,0.135,0.000,0.053,0.136,0.000,13.849,0.018,13.788,0.044,8120,15600,,1.00,1,0,4112x2570,L,2
3960,14.795,1.768,0.674,0.130,0.000,0.043,0.120,0.000,12.905,0.014,12.848,0.043,8120,15600,,1.00,1,0,4112x2570,L,2
3961,15.184,1.830,0.755,0.135,0.000,0.045,0.114,0.000,12.907,0.013,12.853,0.041,8120,15600,,1.00,1,0,4112x2570,L,2
3962,15.253,1.767,0.666,0.125,0.000,0.042,0.125,0.000,12.939,0.036,12.860,0.043,8120,15600,,1.00,1,0,4112x2570,L,2
3963,14.677,1.844,0.655,0.143,0.000,0.051,0.093,0.000,12.905,0.014,12.848,0.043,8120,15600,,1.00,1,0,4112x2570,L,2
3964,14.978,1.453,0.437,0.090,0.000,0.025,0.067,0.000,12.904,0.014,12.848,0.042,8120,15600,,1.00,1,0,4112x2570,L,2
3965,14.838,0.000,0.438,0.066,0.000,0.019,0.103,0.000,12.925,0.014,12.870,0.042,8120,15600,,1.00,1,0,4112x2570,L,2
3966,14.697,1.272,0.363,0.083,0.000,0.025,0.070,0.000,12.901,0.014,12.844,0.043,8120,15600,,1.00,1,0,4112x2570,L,2
3967,14.683,1.171,0.383,0.063,0.000,0.020,0.080,0.000,12.909,0.014,12.855,0.040,8120,15600,,1.00,1,0,4112x2570,L,2
3968,14.333,1.067,0.320,0.071,0.000,0.020,0.058,0.000,12.911,0.014,12.853,0.044,8120,15600,,1.00,1,0,4112x2570,L,2
3969,14.394,1.096,0.353,0.063,0.000,0.018,0.071,0.000,12.904,0.014,12.847,0.043,8120,15600,,1.00,1,0,4112x2570,L,2
3970,14.408,0.974,0.440,0.052,0.000,0.016,0.068,0.000,12.900,0.014,12.841,0.045,8120,15600,,1.00,1,0,4112x2570,L,2
3971,15.588,1.128,0.408,0.060,0.000,0.016,0.071,0.000,12.926,0.014,12.870,0.041,8120,15600,,1.00,1,0,4112x2570,L,2
3972,14.419,0.958,0.388,0.069,0.000,0.019,0.068,0.000,12.902,0.014,12.847,0.041,8120,15600,,1.00,1,0,4112x2570,L,2
3973,14.346,1.086,0.339,0.075,0.000,0.020,0.065,0.000,12.905,0.014,12.850,0.041,8120,15600,,1.00,1,0,4112x2570,L,2
3974,14.440,0.000,0.356,0.050,0.000,0.017,0.059,0.000,12.901,0.014,12.848,0.040,8120,15600,,1.00,1,0,4112x2570,L,2
3975,14.227,1.000,0.320,0.061,0.000,0.018,0.056,0.000,12.921,0.014,12.867,0.041,8120,15600,,1.00,1,0,4112x2570,L,2
3976,15.023,0.735,0.299,0.056,0.000,0.015,0.067,0.000,12.924,0.014,12.869,0.041,8120,15600,,1.00,1,0,4112x2570,L,2
3977,14.765,0.685,0.293,0.050,0.000,0.016,0.039,0.000,12.911,0.017,12.847,0.047,8120,15600,,1.00,1,0,4112x2570,L,2
3978,14.780,0.580,0.216,0.034,0.000,0.009,0.043,0.000,12.925,0.018,12.863,0.043,8120,15600,,1.00,1,0,4112x2570,L,2
3979,14.916,0.694,0.216,0.047,0.000,0.012,0.048,0.000,12.906,0.013,12.851,0.042,8120,15600,,1.00,1,0,4112x2570,L,2
3980,13.846,0.706,0.228,0.041,0.000,0.011,0.052,0.000,12.905,0.017,12.848,0.039,8120,15600,,1.00,1,0,4112x2570,L,2
3981,13.901,0.741,0.320,0.058,0.000,0.015,0.057,0.000,12.912,0.014,12.856,0.042,8120,15600,,1.00,1,0,4112x2570,L,2
3982,15.513,0.000,0.417,0.063,0.000,0.018,0.054,0.000,12.916,0.015,12.852,0.050,8120,15600,,1.00,1,0,4112x2570,L,2
3983,16.255,0.652,0.509,0.061,0.000,0.018,0.053,0.000,14.653,0.014,14.589,0.050,8120,15600,,1.00,1,0,4112x2570,L,2
3984,15.119,0.776,0.252,0.060,0.000,0.018,0.069,0.000,12.922,0.014,12.862,0.046,8120,15600,,1.00,1,0,4112x2570,L,2
3985,15.110,0.781,0.255,0.051,0.000,0.016,0.048,0.000,12.907,0.016,12.850,0.040,8120,15600,,1.00,1,0,4112x2570,L,2
3986,13.844,0.752,0.240,0.054,0.000,0.013,0.045,0.000,12.905,0.014,12.850,0.041,8120,15600,,1.00,1,0,4112x2570,L,2
3987,14.811,0.604,0.260,0.049,0.000,0.013,0.040,0.000,12.902,0.014,12.847,0.042,8120,15600,,1.00,1,0,4112x2570,L,2
3988,14.747,0.608,0.230,0.038,0.000,0.010,0.064,0.000,12.911,0.014,12.853,0.045,8120,15600,,1.00,1,0,4112x2570,L,2
3989,13.935,0.838,0.279,0.044,0.000,0.018,0.058,0.000,12.913,0.017,12.855,0.041,8120,15600,,1.00,1,0,4112x2570,L,2
3990,14.010,0.795,0.277,0.036,0.000,0.013,0.060,0.000,12.906,0.018,12.847,0.042,8120,15600,,1.00,1,0,4112x2570,L,2
3991,14.462,0.000,0.389,0.050,0.000,0.015,0.047,0.000,12.904,0.014,12.849,0.041,8120,15600,tshadow_off,1.00,1,0,4112x2570,N,3
3992,4.718,0.723,0.370,0.114,0.000,0.030,0.044,0.000,0.737,0.014,0.678,0.045,8120,15600,,1.00,1,0,4112x2570,N,3
3993,8.225,0.651,0.263,0.085,0.000,0.016,0.039,0.000,0.729,0.017,0.670,0.043,8120,15600,,1.00,1,0,4112x2570,N,3
3994,8.401,0.000,0.281,0.029,0.000,0.008,0.061,0.000,0.728,0.016,0.669,0.043,8120,15600,,1.00,1,0,4112x2570,N,3
3995,8.237,0.660,0.287,0.032,0.000,0.013,0.059,0.000,0.726,0.017,0.664,0.044,8120,15600,,1.00,1,0,4112x2570,N,3
3996,8.118,0.000,0.342,0.038,0.000,0.019,0.033,0.000,0.738,0.018,0.674,0.046,8120,15600,,1.00,1,0,4112x2570,N,3
3997,8.545,0.653,0.272,0.035,0.000,0.010,0.034,0.000,0.732,0.017,0.670,0.046,8120,15600,,1.00,1,0,4112x2570,N,3
3998,8.348,0.000,0.305,0.036,0.000,0.014,0.053,0.000,0.727,0.016,0.667,0.044,8120,15600,,1.00,1,0,4112x2570,N,3
3999,8.216,1.013,0.345,0.031,0.000,0.011,0.038,0.000,0.726,0.017,0.666,0.043,8120,15600,,1.00,1,0,4112x2570,N,3
4000,8.353,0.000,0.316,0.027,0.000,0.011,0.046,0.000,0.730,0.017,0.671,0.043,8120,15600,,1.00,1,0,4112x2570,N,3
4001,8.472,0.833,0.341,0.027,0.000,0.010,0.063,0.000,0.727,0.017,0.667,0.042,8120,15600,,1.00,1,0,4112x2570,N,3
4002,8.245,0.000,0.344,0.035,0.000,0.013,0.060,0.000,0.727,0.017,0.665,0.045,8120,15600,,1.00,1,0,4112x2570,N,3
4003,8.310,1.096,0.408,0.033,0.000,0.012,0.053,0.000,0.732,0.018,0.669,0.045,8120,15600,,1.00,1,0,4112x2570,N,3
4004,8.084,0.000,0.336,0.037,0.000,0.016,0.050,0.000,0.734,0.019,0.667,0.048,8120,15600,,1.00,1,0,4112x2570,N,3
4005,8.320,1.048,0.373,0.032,0.000,0.011,0.068,0.000,0.732,0.017,0.667,0.049,8120,15600,,1.00,1,0,4112x2570,N,3
4006,8.417,0.000,0.367,0.035,0.000,0.012,0.066,0.000,0.731,0.017,0.668,0.045,8120,15600,,1.00,1,0,4112x2570,N,3
4007,8.226,1.002,0.387,0.034,0.000,0.012,0.043,0.000,0.728,0.018,0.666,0.044,8120,15600,,1.00,1,0,4112x2570,N,3
4008,8.248,0.000,0.409,0.047,0.000,0.017,0.061,0.000,0.741,0.022,0.668,0.051,8120,15600,,1.00,1,0,4112x2570,N,3
4009,8.467,1.022,0.440,0.044,0.000,0.015,0.050,0.000,0.753,0.024,0.682,0.048,8120,15600,,1.00,1,0,4112x2570,N,3
4010,8.252,0.000,0.396,0.046,0.000,0.016,0.054,0.000,0.723,0.017,0.660,0.045,8120,15600,,1.00,1,0,4112x2570,N,3
4011,8.314,0.984,0.399,0.044,0.000,0.015,0.059,0.000,0.726,0.016,0.662,0.048,8120,15600,,1.00,1,0,4112x2570,N,3
4012,8.292,0.000,0.390,0.037,0.000,0.014,0.070,0.000,0.729,0.016,0.661,0.052,8120,15600,,1.00,1,0,4112x2570,N,3
4013,8.248,1.065,0.433,0.041,0.000,0.015,0.061,0.000,0.729,0.019,0.667,0.044,8120,15600,,1.00,1,0,4112x2570,N,3
4014,8.384,0.000,0.403,0.049,0.000,0.013,0.078,0.000,0.733,0.018,0.666,0.049,8120,15600,,1.00,1,0,4112x2570,N,3
4015,8.383,1.159,0.464,0.050,0.000,0.018,0.068,0.000,0.729,0.017,0.667,0.046,8120,15600,,1.00,1,0,4112x2570,N,3
4016,8.461,0.000,0.428,0.043,0.000,0.014,0.070,0.000,0.733,0.018,0.667,0.048,8120,15600,,1.00,1,0,4112x2570,N,3
4017,8.164,1.430,0.472,0.056,0.000,0.027,0.058,0.000,0.743,0.018,0.679,0.046,8120,15600,,1.00,1,0,4112x2570,N,3
4018,8.254,0.000,0.411,0.054,0.000,0.017,0.058,0.000,0.725,0.016,0.665,0.043,8120,15600,,1.00,1,0,4112x2570,N,3
4019,8.453,1.212,0.440,0.057,0.000,0.021,0.064,0.000,0.725,0.017,0.666,0.043,8120,15600,,1.00,1,0,4112x2570,N,3
4020,8.363,0.000,0.377,0.047,0.000,0.016,0.066,0.000,0.716,0.017,0.658,0.042,8120,15600,,1.00,1,0,4112x2570,N,3
4021,8.170,1.055,0.433,0.067,0.000,0.020,0.077,0.000,0.731,0.016,0.669,0.045,8120,15600,,1.00,1,0,4112x2570,N,3
4022,8.475,0.000,0.408,0.056,0.000,0.015,0.169,0.000,0.729,0.017,0.662,0.050,8120,15600,,1.00,1,0,4112x2570,N,3
4023,8.277,1.392,0.424,0.051,0.000,0.020,0.069,0.000,0.726,0.018,0.660,0.048,8120,15600,,1.00,1,0,4112x2570,N,3
4024,8.292,0.000,0.400,0.040,0.000,0.014,0.076,0.000,0.727,0.016,0.666,0.045,8120,15600,,1.00,1,0,4112x2570,N,3
4025,8.324,1.524,0.410,0.041,0.000,0.014,0.074,0.000,0.731,0.017,0.670,0.043,8120,15600,,1.00,1,0,4112x2570,N,3
4026,8.409,0.000,0.464,0.059,0.000,0.021,0.074,0.000,0.738,0.017,0.677,0.045,8120,15600,,1.00,1,0,4112x2570,N,3
4027,8.126,1.301,0.470,0.077,0.000,0.026,0.058,0.000,0.728,0.019,0.668,0.041,8120,15600,,1.00,1,0,4112x2570,N,3
4028,8.393,0.000,0.361,0.049,0.000,0.021,0.062,0.000,0.729,0.017,0.668,0.044,8120,15600,,1.00,1,0,4112x2570,N,3
4029,8.323,1.086,0.455,0.067,0.000,0.028,0.063,0.000,0.727,0.017,0.668,0.042,8120,15600,,1.00,1,0,4112x2570,N,3
4030,7.892,0.000,0.327,0.076,0.000,0.023,0.047,0.000,0.729,0.018,0.668,0.043,8120,15600,tshadow_sdf,1.00,1,0,4112x2570,S,0
4031,18.290,0.823,0.275,0.059,0.000,0.019,0.066,0.000,16.086,0.016,16.027,0.043,8120,15600,,1.00,1,0,4112x2570,S,0
4032,17.969,0.815,0.289,0.068,0.000,0.020,0.113,0.000,16.103,0.014,16.046,0.043,8120,15600,,1.00,1,0,4112x2570,S,0
4033,18.758,2.008,0.633,0.133,0.000,0.042,0.148,0.000,16.067,0.014,16.011,0.042,8120,15600,,1.00,1,0,4112x2570,S,0
4034,18.404,1.916,0.725,0.073,0.000,0.049,0.107,0.000,16.109,0.016,16.050,0.043,8120,15600,,1.00,1,0,4112x2570,S,0
4035,18.159,1.800,0.599,0.121,0.000,0.037,0.132,0.000,16.089,0.014,16.032,0.042,8120,15600,,1.00,1,0,4112x2570,S,0
4036,18.039,1.727,0.582,0.130,0.000,0.042,0.105,0.000,16.081,0.014,16.023,0.043,8120,15600,,1.00,1,0,4112x2570,S,0
4037,17.956,1.585,0.604,0.129,0.000,0.038,0.105,0.000,16.102,0.018,16.041,0.044,8120,15600,,1.00,1,0,4112x2570,S,0
4038,18.127,1.774,0.616,0.123,0.000,0.039,0.104,0.000,16.090,0.014,16.031,0.045,8120,15600,,1.00,1,0,4112x2570,S,0
4039,17.991,1.693,0.572,0.126,0.000,0.037,0.098,0.000,16.108,0.014,16.049,0.045,8120,15600,,1.00,1,0,4112x2570,S,0
4040,17.904,1.717,0.632,0.135,0.000,0.040,0.106,0.000,16.107,0.014,16.047,0.045,8120,15600,,1.00,1,0,4112x2570,S,0
4041,20.306,1.722,0.576,0.113,0.000,0.037,0.108,0.000,17.825,0.015,17.765,0.044,8120,15600,,1.00,1,0,4112x2570,S,0
4042,18.390,3.306,0.583,0.126,0.000,0.039,0.104,0.000,16.080,0.017,16.020,0.043,8120,15600,,1.00,1,0,4112x2570,S,0
4043,17.998,1.653,0.546,0.120,0.000,0.037,0.111,0.000,16.089,0.014,16.033,0.042,8120,15600,,1.00,1,0,4112x2570,S,0
4044,18.073,1.661,0.666,0.127,0.000,0.042,0.104,0.000,16.075,0.014,16.019,0.041,8120,15600,,1.00,1,0,4112x2570,S,0
4045,18.124,1.823,0.592,0.122,0.000,0.040,0.113,0.000,16.080,0.013,16.025,0.041,8120,15600,,1.00,1,0,4112x2570,S,0
4046,17.775,1.742,0.568,0.075,0.000,0.023,0.093,0.000,16.084,0.014,16.026,0.043,8120,15600,,1.00,1,0,4112x2570,S,0
4047,18.335,1.398,0.433,0.088,0.000,0.024,0.084,0.000,16.084,0.014,16.025,0.045,8120,15600,,1.00,1,0,4112x2570,S,0
4048,17.961,1.122,0.345,0.082,0.000,0.026,0.089,0.000,16.084,0.014,16.026,0.044,8120,15600,,1.00,1,0,4112x2570,S,0
4049,17.555,0.884,0.287,0.071,0.000,0.019,0.065,0.000,16.089,0.014,16.031,0.044,8120,15600,,1.00,1,0,4112x2570,S,0
4050,17.318,0.756,0.257,0.059,0.000,0.017,0.061,0.000,16.075,0.014,16.017,0.044,8120,15600,,1.00,1,0,4112x2570,S,0
4051,18.320,0.621,0.249,0.058,0.000,0.016,0.059,0.000,16.082,0.014,16.020,0.048,8120,15600,,1.00,1,0,4112x2570,S,0
4052,17.926,1.342,0.248,0.067,0.000,0.019,0.069,0.000,16.101,0.014,16.042,0.045,8120,15600,,1.00,1,0,4112x2570,S,0
4053,18.246,0.752,0.278,0.068,0.000,0.019,0.054,0.000,16.110,0.015,16.050,0.045,8120,15600,,1.00,1,0,4112x2570,S,0
4054,17.293,0.718,0.273,0.066,0.000,0.018,0.058,0.000,16.092,0.014,16.033,0.044,8120,15600,,1.00,1,0,4112x2570,S,0
4055,18.059,0.753,0.242,0.068,0.000,0.019,0.061,0.000,16.085,0.014,16.030,0.042,8120,15600,,1.00,1,0,4112x2570,S,0
4056,17.325,0.750,0.251,0.070,0.000,0.018,0.053,0.000,16.086,0.014,16.030,0.042,8120,15600,tshadow_pcf,1.00,1,0,4112x2570,P,1
4057,2.659,0.646,0.250,0.065,0.000,0.019,0.057,0.000,1.393,0.015,1.332,0.046,8120,15600,,1.00,1,0,4112x2570,P,1
4058,8.310,0.000,0.285,0.052,0.000,0.015,0.048,0.000,1.398,0.017,1.334,0.046,8120,15600,,1.00,1,0,4112x2570,P,1
4059,8.286,0.557,0.259,0.053,0.000,0.017,0.036,0.000,1.398,0.017,1.335,0.046,8120,15600,,1.00,1,0,4112x2570,P,1
4060,8.401,0.000,0.251,0.040,0.000,0.014,0.053,0.000,1.396,0.017,1.336,0.044,8120,15600,,1.00,1,0,4112x2570,P,1
4061,8.403,0.792,0.250,0.059,0.000,0.016,0.057,0.000,1.396,0.018,1.334,0.044,8120,15600,,1.00,1,0,4112x2570,P,1
4062,8.259,0.000,0.344,0.058,0.000,0.016,0.053,0.000,1.395,0.017,1.334,0.044,8120,15600,,1.00,1,0,4112x2570,P,1
4063,8.328,0.719,0.250,0.062,0.000,0.021,0.055,0.000,1.397,0.019,1.334,0.044,8120,15600,,1.00,1,0,4112x2570,P,1
4064,8.307,0.001,0.275,0.050,0.000,0.016,0.053,0.000,1.396,0.017,1.336,0.043,8120,15600,,1.00,1,0,4112x2570,P,1
4065,8.273,0.752,0.246,0.061,0.000,0.020,0.040,0.000,1.398,0.017,1.336,0.045,8120,15600,,1.00,1,0,4112x2570,P,1
4066,8.465,0.000,0.257,0.047,0.000,0.017,0.060,0.000,1.394,0.017,1.335,0.042,8120,15600,,1.00,1,0,4112x2570,P,1
4067,8.230,0.742,0.270,0.068,0.000,0.019,0.057,0.000,1.394,0.017,1.333,0.044,8120,15600,,1.00,1,0,4112x2570,P,1
4068,8.355,0.000,0.295,0.050,0.000,0.016,0.043,0.000,1.397,0.016,1.336,0.045,8120,15600,,1.00,1,0,4112x2570,P,1
4069,8.281,0.655,0.250,0.063,0.000,0.018,0.046,0.000,1.396,0.016,1.336,0.043,8120,15600,,1.00,1,0,4112x2570,P,1
4070,8.283,0.000,0.288,0.042,0.000,0.014,0.051,0.000,1.397,0.018,1.335,0.044,8120,15600,,1.00,1,0,4112x2570,P,1
4071,8.304,0.602,0.259,0.051,0.000,0.017,0.044,0.000,1.397,0.016,1.336,0.044,8120,15600,,1.00,1,0,4112x2570,P,1
4072,8.175,0.000,0.231,0.043,0.000,0.013,0.048,0.000,1.398,0.018,1.335,0.046,8120,15600,,1.00,1,0,4112x2570,P,1
4073,8.324,0.660,0.279,0.046,0.000,0.014,0.049,0.000,1.399,0.018,1.336,0.044,8120,15600,,1.00,1,0,4112x2570,P,1
4074,8.445,0.000,0.279,0.044,0.000,0.012,0.048,0.000,1.396,0.017,1.335,0.043,8120,15600,,1.00,1,0,4112x2570,P,1
4075,8.424,0.829,0.289,0.045,0.000,0.014,0.051,0.000,1.396,0.018,1.334,0.045,8120,15600,,1.00,1,0,4112x2570,P,1
4076,8.206,0.000,0.348,0.041,0.000,0.015,0.042,0.000,1.401,0.017,1.334,0.049,8120,15600,,1.00,1,0,4112x2570,P,1
4077,8.291,0.961,0.321,0.037,0.000,0.012,0.049,0.000,1.397,0.017,1.334,0.046,8120,15600,,1.00,1,0,4112x2570,P,1
4078,8.380,0.000,0.327,0.027,0.000,0.010,0.045,0.000,1.395,0.017,1.334,0.044,8120,15600,,1.00,1,0,4112x2570,P,1
4079,8.313,1.022,0.290,0.038,0.000,0.013,0.049,0.000,1.396,0.017,1.334,0.045,8120,15600,,1.00,1,0,4112x2570,P,1
4080,8.280,0.000,0.353,0.034,0.000,0.013,0.048,0.000,1.401,0.017,1.337,0.047,8120,15600,,1.00,1,0,4112x2570,P,1
4081,8.341,1.127,0.322,0.033,0.000,0.011,0.062,0.000,1.402,0.017,1.336,0.049,8120,15600,,1.00,1,0,4112x2570,P,1
4082,8.318,0.000,0.352,0.030,0.000,0.012,0.045,0.000,1.403,0.018,1.339,0.046,8120,15600,,1.00,1,0,4112x2570,P,1
4083,8.353,0.939,0.309,0.035,0.000,0.012,0.052,0.000,1.399,0.018,1.335,0.046,8120,15600,,1.00,1,0,4112x2570,P,1
4084,8.406,0.000,0.375,0.031,0.000,0.012,0.055,0.000,1.402,0.019,1.337,0.046,8120,15600,,1.00,1,0,4112x2570,P,1
4085,8.195,1.300,0.377,0.033,0.000,0.012,0.053,0.000,1.403,0.018,1.338,0.047,8120,15600,,1.00,1,0,4112x2570,P,1
4086,8.382,0.000,0.374,0.030,0.000,0.021,0.065,0.000,1.404,0.019,1.336,0.049,8120,15600,,1.00,1,0,4112x2570,P,1
4087,8.256,1.170,0.375,0.031,0.000,0.011,0.048,0.000,1.412,0.022,1.340,0.050,8120,15600,,1.00,1,0,4112x2570,P,1
4088,8.391,0.000,0.434,0.031,0.000,0.015,0.078,0.000,1.408,0.020,1.339,0.048,8120,15600,,1.00,1,0,4112x2570,P,1
4089,8.290,1.064,0.392,0.039,0.000,0.016,0.073,0.000,1.419,0.023,1.344,0.052,8120,15600,,1.00,1,0,4112x2570,P,1
4090,8.449,0.000,0.404,0.047,0.000,0.021,0.057,0.000,1.414,0.025,1.346,0.043,8120,15600,,1.00,1,0,4112x2570,P,1
4091,8.201,1.031,0.329,0.053,0.000,0.018,0.050,0.000,1.399,0.017,1.335,0.047,8120,15600,,1.00,1,0,4112x2570,P,1
4092,8.339,0.000,0.342,0.033,0.000,0.014,0.070,0.000,1.403,0.018,1.334,0.051,8120,15600,,1.00,1,0,4112x2570,P,1
4093,8.363,0.959,0.343,0.034,0.000,0.012,0.062,0.000,1.398,0.017,1.335,0.046,8120,15600,,1.00,1,0,4112x2570,P,1
4094,8.287,0.000,0.360,0.037,0.000,0.013,0.064,0.000,1.397,0.016,1.335,0.045,8120,15600,,1.00,1,0,4112x2570,P,1
4095,8.372,0.895,0.338,0.031,0.000,0.010,0.058,0.000,1.411,0.017,1.344,0.050,8120,15600,,1.00,1,0,4112x2570,P,1
4096,8.371,0.000,0.402,0.036,0.000,0.020,0.066,0.000,1.396,0.017,1.336,0.044,8120,15600,,1.00,1,0,4112x2570,P,1
4097,8.234,0.964,0.410,0.042,0.000,0.015,0.067,0.000,1.403,0.019,1.337,0.047,8120,15600,,1.00,1,0,4112x2570,P,1
4098,8.488,0.000,0.430,0.056,0.000,0.023,0.080,0.000,1.403,0.018,1.339,0.045,8120,15600,,1.00,1,0,4112x2570,P,1
4099,8.189,1.525,0.502,0.082,0.000,0.024,0.107,0.000,1.397,0.018,1.336,0.043,8120,15600,,1.00,1,0,4112x2570,P,1
4100,8.320,0.000,0.433,0.063,0.000,0.029,0.064,0.000,1.407,0.019,1.338,0.050,8120,15600,,1.00,1,0,4112x2570,P,1
4101,8.339,1.478,0.462,0.055,0.000,0.019,0.088,0.000,1.404,0.019,1.338,0.048,8120,15600,,1.00,1,0,4112x2570,P,1
4102,8.326,0.000,0.446,0.044,0.000,0.025,0.071,0.000,1.405,0.020,1.339,0.045,8120,15600,,1.00,1,0,4112x2570,P,1
4103,8.363,1.418,0.469,0.054,0.000,0.021,0.077,0.000,1.407,0.021,1.340,0.046,8120,15600,,1.00,1,0,4112x2570,P,1
4104,8.280,0.000,0.520,0.051,0.000,0.018,0.071,0.000,1.405,0.021,1.339,0.045,8120,15600,,1.00,1,0,4112x2570,P,1
4105,8.000,1.571,0.500,0.052,0.000,0.018,0.071,0.000,1.407,0.024,1.339,0.044,8120,15600,,1.00,1,0,4112x2570,P,1
4106,8.170,0.000,0.451,0.045,0.000,0.017,0.054,0.000,1.410,0.023,1.343,0.044,8120,15600,,1.00,1,0,4112x2570,P,1
4107,8.263,1.294,0.578,0.041,0.000,0.020,0.069,0.000,1.419,0.026,1.349,0.044,8120,15600,,1.00,1,0,4112x2570,P,1
4108,8.126,0.000,0.510,0.073,0.000,0.018,0.070,0.000,1.417,0.027,1.346,0.045,8120,15600,,1.00,1,0,4112x2570,P,1
4109,8.284,1.223,0.434,0.041,0.000,0.017,0.121,0.000,1.417,0.025,1.347,0.045,8120,15600,,1.00,1,0,4112x2570,P,1
4110,8.189,0.000,0.469,0.063,0.000,0.031,0.097,0.000,1.415,0.026,1.345,0.044,8120,15600,,1.00,1,0,4112x2570,P,1
4111,8.077,1.567,0.485,0.058,0.000,0.019,0.083,0.000,1.482,0.038,1.400,0.044,8120,15600,,1.00,1,0,4112x2570,P,1
4112,8.151,0.000,0.497,0.049,0.000,0.026,0.077,0.000,1.459,0.035,1.373,0.050,8120,15600,,1.00,1,0,4112x2570,P,1
4113,8.302,1.021,0.382,0.040,0.000,0.016,0.076,0.000,1.442,0.043,1.350,0.050,8120,15600,,1.00,1,0,4112x2570,P,1
4114,8.070,0.000,0.500,0.073,0.000,0.036,0.059,0.000,1.438,0.037,1.355,0.046,8120,15600,,1.00,1,0,4112x2570,P,1
4115,8.101,1.361,0.385,0.044,0.000,0.014,0.048,0.000,1.461,0.034,1.380,0.047,8120,15600,,1.00,1,0,4112x2570,P,1
4116,8.251,0.000,0.440,0.038,0.000,0.016,0.061,0.000,1.456,0.035,1.370,0.052,8120,15600,,1.00,1,0,4112x2570,P,1
4117,8.265,1.243,0.350,0.032,0.000,0.012,0.060,0.000,1.502,0.037,1.416,0.049,8120,15600,,1.00,1,0,4112x2570,P,1
4118,8.272,0.000,0.405,0.034,0.000,0.013,0.049,0.000,1.520,0.036,1.437,0.047,8120,15600,,1.00,1,0,4112x2570,P,1
4119,7.568,0.996,0.379,0.043,0.000,0.013,0.050,0.000,1.535,0.040,1.451,0.045,8120,15600,,1.00,1,0,4112x2570,P,1
4120,8.283,0.000,0.436,0.042,0.000,0.013,0.056,0.000,1.564,0.036,1.481,0.047,8120,15600,,1.00,1,0,4112x2570,P,1
4121,8.215,0.932,0.350,0.038,0.000,0.015,0.066,0.000,1.562,0.039,1.471,0.051,8120,15600,,1.00,1,0,4112x2570,P,1
4122,8.144,0.000,0.405,0.049,0.000,0.016,0.056,0.000,1.642,0.038,1.554,0.050,8120,15600,,1.00,1,0,4112x2570,P,1
4123,8.267,0.905,0.348,0.036,0.000,0.012,0.048,0.000,1.619,0.039,1.528,0.051,8120,15600,,1.00,1,0,4112x2570,P,1
4124,8.336,0.000,0.426,0.055,0.000,0.021,0.071,0.000,1.701,0.039,1.611,0.052,8120,15600,,1.00,1,0,4112x2570,P,1
4125,7.920,1.159,0.400,0.074,0.000,0.024,0.065,0.000,1.682,0.026,1.607,0.049,8120,15600,,1.00,1,0,4112x2570,P,1
4126,8.161,0.000,0.511,0.047,0.000,0.015,0.075,0.000,1.723,0.019,1.657,0.048,8120,15600,,1.00,1,0,4112x2570,P,1
4127,8.177,1.134,0.370,0.046,0.000,0.016,0.069,0.000,1.852,0.021,1.779,0.053,8120,15600,,1.00,1,0,4112x2570,P,1
4128,8.309,0.000,0.425,0.038,0.000,0.013,0.046,0.000,1.852,0.020,1.779,0.052,8120,15600,,1.00,1,0,4112x2570,P,1
4129,8.262,1.000,0.378,0.038,0.000,0.017,0.060,0.000,2.063,0.023,1.988,0.053,8120,15600,,1.00,1,0,4112x2570,P,1
4130,8.185,0.000,0.382,0.047,0.000,0.017,0.058,0.000,2.075,0.026,1.994,0.054,8120,15600,,1.00,1,0,4112x2570,P,1
4131,8.268,1.162,0.359,0.039,0.000,0.014,0.093,0.000,2.131,0.030,2.044,0.057,8120,15600,,1.00,1,0,4112x2570,P,1
4132,8.223,0.000,0.502,0.043,0.000,0.013,0.079,0.000,2.369,0.028,2.280,0.061,8120,15600,,1.00,1,0,4112x2570,P,1
4133,8.225,1.087,0.356,0.041,0.000,0.019,0.050,0.000,2.366,0.028,2.279,0.059,8120,15600,,1.00,1,0,4112x2570,P,1
4134,8.394,0.000,0.393,0.036,0.000,0.012,0.069,0.000,2.780,0.031,2.646,0.103,8120,15600,,1.00,1,0,4112x2570,P,1
4135,8.302,1.161,0.458,0.045,0.000,0.015,0.072,0.000,2.765,0.033,2.645,0.086,8120,15600,,1.00,1,0,4112x2570,P,1
4136,8.287,0.000,0.473,0.078,0.000,0.023,0.092,0.000,3.155,0.038,3.013,0.104,8120,15600,,1.00,1,0,4112x2570,P,1
4137,8.361,1.346,0.405,0.062,0.000,0.017,0.079,0.000,3.538,0.032,3.394,0.112,8120,15600,,1.00,1,0,4112x2570,P,1
4138,8.302,0.000,0.401,0.057,0.000,0.017,0.051,0.000,3.549,0.034,3.398,0.117,8120,15600,,1.00,1,0,4112x2570,P,1
4139,8.249,1.224,0.384,0.045,0.000,0.017,0.094,0.000,4.205,0.058,4.083,0.063,8120,15600,,1.00,1,0,4112x2570,P,1
4140,8.182,0.000,0.397,0.057,0.000,0.021,0.054,0.000,5.280,0.057,5.165,0.058,8120,15600,,1.00,1,0,4112x2570,P,1
4141,8.317,0.910,0.305,0.033,0.000,0.011,0.055,0.000,6.192,0.059,6.073,0.061,8120,15600,,1.00,1,0,4112x2570,P,1
4142,8.301,0.000,0.301,0.030,0.000,0.011,0.060,0.000,6.320,0.049,6.193,0.078,8120,15600,,1.00,1,0,4112x2570,P,1
4143,8.220,0.775,0.309,0.030,0.000,0.012,0.047,0.000,6.321,0.052,6.195,0.074,8120,15600,,1.00,1,0,4112x2570,P,1
4144,8.351,0.000,0.276,0.032,0.000,0.010,0.046,0.000,6.200,0.049,6.090,0.061,8120,15600,,1.00,1,0,4112x2570,P,1
4145,8.305,0.626,0.275,0.026,0.000,0.007,0.025,0.000,6.232,0.058,6.112,0.061,8120,15600,,1.00,1,0,4112x2570,P,1
4146,8.512,0.000,0.257,0.024,0.000,0.008,0.053,0.000,6.349,0.049,6.189,0.112,8120,15600,,1.00,1,0,4112x2570,P,1
4147,8.254,0.703,0.251,0.035,0.000,0.012,0.038,0.000,5.654,0.050,5.494,0.110,8120,15600,,1.00,1,0,4112x2570,P,1
4148,8.387,0.000,0.279,0.023,0.000,0.009,0.055,0.000,5.597,0.057,5.425,0.115,8120,15600,,1.00,1,0,4112x2570,P,1
4149,8.241,0.708,0.250,0.026,0.000,0.009,0.032,0.000,5.560,0.057,5.400,0.102,8120,15600,,1.00,1,0,4112x2570,P,1
4150,8.386,0.000,0.312,0.031,0.000,0.012,0.028,0.000,5.813,0.060,5.636,0.117,8120,15600,,1.00,1,0,4112x2570,P,1
4151,8.291,0.698,0.262,0.026,0.000,0.011,0.045,0.000,5.858,0.055,5.700,0.102,8120,15600,,1.00,1,0,4112x2570,P,1
4152,8.387,0.000,0.300,0.031,0.000,0.010,0.034,0.000,5.796,0.060,5.621,0.115,8120,15600,,1.00,1,0,4112x2570,P,1
4153,8.426,0.827,0.254,0.027,0.000,0.011,0.053,0.000,5.958,0.053,5.841,0.064,8120,15600,,1.00,1,0,4112x2570,P,1
4154,8.239,0.000,0.318,0.040,0.000,0.016,0.052,0.000,5.862,0.056,5.693,0.113,8120,15600,,1.00,1,0,4112x2570,P,1
4155,8.313,0.756,0.299,0.033,0.000,0.010,0.042,0.000,5.990,0.051,5.843,0.097,8120,15600,,1.00,1,0,4112x2570,P,1
4156,8.335,0.000,0.328,0.038,0.000,0.009,0.035,0.000,6.007,0.058,5.830,0.118,8120,15600,,1.00,1,0,4112x2570,P,1
4157,8.260,0.806,0.317,0.030,0.000,0.009,0.036,0.000,5.840,0.051,5.687,0.103,8120,15600,,1.00,1,0,4112x2570,P,1
4158,8.340,0.000,0.335,0.035,0.000,0.012,0.040,0.000,5.792,0.058,5.614,0.121,8120,15600,,1.00,1,0,4112x2570,P,1
4159,8.336,0.802,0.309,0.029,0.000,0.009,0.058,0.000,5.852,0.049,5.701,0.102,8120,15600,,1.00,1,0,4112x2570,P,1
4160,8.156,0.000,0.343,0.035,0.000,0.012,0.067,0.000,5.758,0.059,5.591,0.108,8120,15600,,1.00,1,0,4112x2570,P,1
4161,8.160,0.820,0.310,0.037,0.000,0.011,0.033,0.000,5.841,0.052,5.671,0.118,8120,15600,,1.00,1,0,4112x2570,P,1
4162,8.219,0.000,0.310,0.033,0.000,0.010,0.054,0.000,5.931,0.060,5.748,0.124,8120,15600,,1.00,1,0,4112x2570,P,1
4163,8.273,0.804,0.288,0.030,0.000,0.010,0.061,0.000,6.012,0.049,5.883,0.080,8120,15600,,1.00,1,0,4112x2570,P,1
4164,8.243,0.000,0.481,0.034,0.000,0.010,0.045,0.000,5.900,0.056,5.777,0.067,8120,15600,,1.00,1,0,4112x2570,P,1
4165,8.229,0.794,0.330,0.043,0.000,0.013,0.057,0.000,5.914,0.049,5.805,0.060,8120,15600,,1.00,1,0,4112x2570,P,1
4166,8.215,0.000,0.368,0.046,0.000,0.014,0.053,0.000,5.873,0.057,5.757,0.059,8120,15600,,1.00,1,0,4112x2570,P,1
4167,8.224,0.716,0.283,0.061,0.000,0.016,0.144,0.000,5.859,0.058,5.742,0.059,8120,15600,,1.00,1,0,4112x2570,P,1
4168,8.200,0.000,0.290,0.051,0.000,0.015,0.044,0.000,5.924,0.057,5.759,0.107,8120,15600,,1.00,1,0,4112x2570,P,1
4169,8.068,0.713,0.291,0.045,0.000,0.013,0.041,0.000,5.914,0.050,5.804,0.061,8120,15600,,1.00,1,0,4112x2570,P,1
4170,8.280,0.000,0.328,0.040,0.000,0.011,0.056,0.000,5.924,0.057,5.808,0.059,8120,15600,,1.00,1,0,4112x2570,P,1
4171,8.313,0.759,0.258,0.038,0.000,0.013,0.051,0.000,6.062,0.056,5.948,0.058,8120,15600,,1.00,1,0,4112x2570,P,1
4172,8.069,0.000,0.275,0.049,0.000,0.016,0.040,0.000,6.125,0.050,6.015,0.060,8120,15600,,1.00,1,0,4112x2570,P,1
4173,8.237,0.747,0.230,0.032,0.000,0.011,0.050,0.000,6.191,0.051,6.081,0.059,8120,15600,,1.00,1,0,4112x2570,P,1
4174,8.266,0.000,0.246,0.026,0.000,0.009,0.045,0.000,6.095,0.057,5.972,0.066,8120,15600,,1.00,1,0,4112x2570,P,1
4175,8.270,0.610,0.222,0.024,0.000,0.009,0.043,0.000,6.189,0.051,6.078,0.059,8120,15600,,1.00,1,0,4112x2570,P,1
4176,8.244,0.000,0.257,0.025,0.000,0.011,0.042,0.000,6.055,0.058,5.940,0.058,8120,15600,,1.00,1,0,4112x2570,P,1
4177,8.299,0.579,0.214,0.023,0.000,0.007,0.042,0.000,6.437,0.049,6.189,0.199,8120,15600,,1.00,1,0,4112x2570,P,1
4178,8.183,0.000,0.232,0.031,0.000,0.010,0.046,0.000,5.502,0.050,5.391,0.061,8120,15600,,1.00,1,0,4112x2570,P,1
4179,8.520,0.569,0.254,0.027,0.000,0.008,0.045,0.000,5.270,0.058,5.120,0.093,8120,15600,,1.00,1,0,4112x2570,P,1
4180,8.271,0.000,0.279,0.033,0.000,0.010,0.046,0.000,4.936,0.059,4.818,0.059,8120,15600,,1.00,1,0,4112x2570,P,1
4181,8.121,0.604,0.273,0.050,0.000,0.016,0.052,0.000,4.916,0.057,4.800,0.059,8120,15600,,1.00,1,0,4112x2570,P,1
4182,8.195,0.000,0.233,0.035,0.000,0.015,0.034,0.000,4.828,0.057,4.713,0.058,8120,15600,,1.00,1,0,4112x2570,P,1
4183,8.091,0.555,0.226,0.031,0.001,0.010,0.035,0.000,4.833,0.057,4.718,0.058,8120,15600,,1.00,1,0,4112x2570,P,1
4184,8.540,0.000,0.244,0.027,0.000,0.008,0.037,0.000,4.746,0.058,4.598,0.091,8120,15600,,1.00,1,0,4112x2570,P,1
4185,8.011,0.535,0.237,0.031,0.000,0.010,0.035,0.000,4.594,0.058,4.477,0.059,8120,15600,,1.00,1,0,4112x2570,P,1
4186,8.312,0.000,0.344,0.033,0.000,0.011,0.045,0.000,4.744,0.058,4.593,0.093,8120,15600,,1.00,1,0,4112x2570,P,1
4187,8.439,0.541,0.224,0.035,0.000,0.010,0.047,0.000,4.722,0.058,4.556,0.108,8120,15600,,1.00,1,0,4112x2570,P,1
4188,8.168,0.000,0.237,0.035,0.000,0.013,0.032,0.000,4.636,0.057,4.473,0.106,8120,15600,,1.00,1,0,4112x2570,P,1
4189,8.272,0.728,0.226,0.029,0.000,0.010,0.035,0.000,4.688,0.058,4.523,0.107,8120,15600,,1.00,1,0,4112x2570,P,1
4190,8.282,0.000,0.220,0.021,0.000,0.007,0.033,0.000,4.680,0.057,4.505,0.118,8120,15600,,1.00,1,0,4112x2570,P,1
4191,8.311,0.620,0.228,0.022,0.000,0.007,0.039,0.000,4.867,0.057,4.698,0.111,8120,15600,,1.00,1,0,4112x2570,P,1
4192,8.100,0.000,0.248,0.020,0.000,0.009,0.037,0.000,4.789,0.057,4.671,0.061,8120,15600,,1.00,1,0,4112x2570,P,1
4193,16.692,0.565,0.256,0.030,0.000,0.010,0.037,0.000,4.903,0.058,4.738,0.107,8120,15600,,1.00,1,0,4112x2570,P,1
4194,8.319,0.814,0.238,0.032,0.000,0.010,0.049,0.000,4.945,0.057,4.830,0.059,8120,15600,,1.00,1,0,4112x2570,P,1
4195,8.223,0.000,0.269,0.029,0.000,0.027,0.047,0.000,4.963,0.057,4.826,0.080,8120,15600,,1.00,1,0,4112x2570,P,1
4196,8.163,0.708,0.264,0.026,0.000,0.013,0.035,0.000,5.184,0.056,5.010,0.117,8120,15600,,1.00,1,0,4112x2570,P,1
4197,8.315,0.000,0.265,0.042,0.000,0.012,0.037,0.000,5.244,0.056,5.069,0.120,8120,15600,,1.00,1,0,4112x2570,P,1
4198,8.363,0.625,0.239,0.023,0.000,0.009,0.042,0.000,5.402,0.056,5.244,0.101,8120,15600,,1.00,1,0,4112x2570,P,1
4199,8.112,0.000,0.302,0.024,0.000,0.008,0.041,0.000,5.384,0.057,5.212,0.115,8120,15600,,1.00,1,0,4112x2570,P,1
4200,8.227,0.652,0.244,0.032,0.000,0.008,0.032,0.000,5.581,0.057,5.432,0.092,8120,15600,,1.00,1,0,4112x2570,P,1
4201,8.277,0.000,0.266,0.025,0.000,0.008,0.051,0.000,5.613,0.056,5.439,0.118,8120,15600,,1.00,1,0,4112x2570,P,1
4202,8.319,0.891,0.251,0.028,0.000,0.010,0.050,0.000,5.776,0.056,5.659,0.061,8120,15600,,1.00,1,0,4112x2570,P,1
4203,8.218,0.000,0.298,0.043,0.000,0.014,0.045,0.000,5.903,0.059,5.754,0.090,8120,15600,,1.00,1,0,4112x2570,P,1
4204,8.211,0.756,0.277,0.034,0.000,0.013,0.054,0.000,5.990,0.050,5.836,0.104,8120,15600,,1.00,1,0,4112x2570,P,1
4205,8.233,0.000,0.286,0.047,0.000,0.016,0.049,0.000,6.106,0.056,5.951,0.098,8120,15600,,1.00,1,0,4112x2570,P,1
4206,8.218,0.714,0.308,0.033,0.000,0.010,0.047,0.000,6.209,0.049,6.033,0.127,8120,15600,,1.00,1,0,4112x2570,P,1
4207,8.236,0.000,0.281,0.037,0.000,0.010,0.037,0.000,5.878,0.049,5.713,0.116,8120,15600,,1.00,1,0,4112x2570,P,1
4208,8.314,0.737,0.275,0.034,0.000,0.010,0.053,0.000,5.805,0.053,5.667,0.086,8120,15600,,1.00,1,0,4112x2570,P,1
4209,8.260,0.000,0.296,0.028,0.000,0.009,0.057,0.000,5.750,0.056,5.580,0.113,8120,15600,,1.00,1,0,4112x2570,P,1
4210,8.279,0.755,0.283,0.037,0.000,0.012,0.048,0.000,5.866,0.052,5.716,0.098,8120,15600,,1.00,1,0,4112x2570,P,1
4211,8.181,0.000,0.304,0.034,0.000,0.009,0.030,0.000,5.784,0.057,5.610,0.116,8120,15600,,1.00,1,0,4112x2570,P,1
4212,8.244,0.718,0.298,0.035,0.000,0.010,0.035,0.000,5.760,0.057,5.609,0.094,8120,15600,,1.00,1,0,4112x2570,P,1
4213,8.358,0.000,0.334,0.030,0.000,0.013,0.055,0.000,5.779,0.058,5.622,0.099,8120,15600,,1.00,1,0,4112x2570,P,1
4214,8.109,0.719,0.288,0.037,0.000,0.013,0.041,0.000,5.756,0.058,5.606,0.093,8120,15600,,1.00,1,0,4112x2570,P,1
4215,8.293,0.000,0.296,0.030,0.000,0.009,0.037,0.000,5.910,0.051,5.744,0.115,8120,15600,,1.00,1,0,4112x2570,P,1
4216,8.228,0.741,0.280,0.033,0.000,0.012,0.040,0.000,5.873,0.058,5.709,0.106,8120,15600,,1.00,1,0,4112x2570,P,1
4217,8.254,0.000,0.296,0.033,0.000,0.021,0.043,0.000,5.906,0.054,5.736,0.116,8120,15600,,1.00,1,0,4112x2570,P,1
4218,8.262,0.730,0.260,0.031,0.000,0.014,0.042,0.000,5.781,0.056,5.649,0.075,8120,15600,,1.00,1,0,4112x2570,P,1
4219,8.273,0.000,0.307,0.028,0.000,0.010,0.039,0.000,5.866,0.056,5.699,0.111,8120,15600,,1.00,1,0,4112x2570,P,1
4220,8.248,0.734,0.270,0.027,0.000,0.011,0.041,0.000,5.732,0.058,5.609,0.064,8120,15600,,1.00,1,0,4112x2570,P,1
4221,8.278,0.000,0.340,0.031,0.000,0.011,0.067,0.000,5.762,0.058,5.632,0.072,8120,15600,,1.00,1,0,4112x2570,P,1
4222,8.241,0.761,0.310,0.033,0.000,0.012,0.043,0.000,5.723,0.057,5.598,0.068,8120,15600,,1.00,1,0,4112x2570,P,1
4223,8.287,0.000,0.306,0.027,0.000,0.011,0.055,0.000,5.880,0.056,5.728,0.096,8120,15600,,1.00,1,0,4112x2570,P,1
4224,8.156,0.698,0.269,0.028,0.000,0.010,0.033,0.000,6.006,0.051,5.850,0.105,8120,15600,,1.00,1,0,4112x2570,P,1
4225,8.430,0.000,0.446,0.029,0.000,0.013,0.053,0.000,5.557,0.053,5.374,0.130,8120,15600,,1.00,1,0,4112x2570,P,1
4226,8.139,0.751,0.294,0.032,0.000,0.010,0.050,0.000,5.400,0.057,5.223,0.120,8120,15600,,1.00,1,0,4112x2570,P,1
4227,8.204,0.000,0.326,0.032,0.000,0.015,0.034,0.000,5.439,0.057,5.263,0.119,8120,15600,,1.00,1,0,4112x2570,P,1
4228,8.359,0.719,0.310,0.026,0.000,0.009,0.040,0.000,5.274,0.059,5.100,0.116,8120,15600,,1.00,1,0,4112x2570,P,1
4229,8.207,0.000,0.315,0.024,0.000,0.009,0.052,0.000,5.211,0.061,5.030,0.120,8120,15600,,1.00,1,0,4112x2570,P,1
4230,8.389,0.703,0.302,0.025,0.000,0.013,0.044,0.000,5.200,0.063,5.045,0.092,8120,15600,,1.00,1,0,4112x2570,P,1
4231,7.974,0.000,0.340,0.046,0.000,0.013,0.050,0.000,5.184,0.061,5.003,0.120,8120,15600,drag_start,1.00,1,1,4112x2570,P,1
4232,8.311,0.784,0.324,0.034,0.000,0.011,0.034,0.000,5.277,0.064,5.091,0.121,8120,15600,,1.00,1,1,4112x2570,P,1
4233,8.335,0.000,0.372,0.030,0.000,0.026,0.053,0.000,5.043,0.063,4.861,0.120,8120,15600,,1.00,1,1,4112x2570,P,1
4234,8.407,0.879,0.322,0.032,0.000,0.011,0.039,0.000,5.048,0.064,4.864,0.120,8120,15600,,1.00,1,1,4112x2570,P,1
4235,8.289,0.000,0.447,0.033,0.000,0.012,0.040,0.000,5.001,0.071,4.814,0.117,8120,15600,,1.00,1,1,4112x2570,P,1
4236,8.310,0.935,0.365,0.031,0.000,0.011,0.038,0.000,5.015,0.069,4.828,0.118,8120,15600,,1.00,1,1,4112x2570,P,1
4237,8.337,0.000,0.406,0.029,0.000,0.010,0.055,0.000,5.027,0.069,4.839,0.119,8120,15600,,1.00,1,1,4112x2570,P,1
4238,8.342,0.986,0.411,0.034,0.000,0.012,0.041,0.000,5.234,0.075,5.037,0.121,8120,15600,,1.00,1,1,4112x2570,P,1
4239,8.314,0.000,0.483,0.039,0.000,0.028,0.059,0.000,5.213,0.072,5.021,0.120,8120,15600,,1.00,1,1,4112x2570,P,1
4240,8.445,1.078,0.416,0.037,0.000,0.012,0.099,0.000,5.212,0.069,5.024,0.118,8120,15600,,1.00,1,1,4112x2570,P,1
4241,8.274,0.000,0.443,0.037,0.000,0.012,0.053,0.000,5.194,0.070,5.003,0.120,8120,15600,,1.00,1,1,4112x2570,P,1
4242,8.170,1.035,0.346,0.042,0.000,0.013,0.046,0.000,5.107,0.067,4.980,0.060,8120,15600,,1.00,1,1,4112x2570,P,1
4243,8.275,0.000,0.311,0.036,0.000,0.009,0.040,0.000,5.430,0.058,5.312,0.060,8120,15600,,1.00,1,1,4112x2570,P,1
4244,8.361,0.764,0.259,0.027,0.000,0.014,0.035,0.000,5.455,0.057,5.336,0.063,8120,15600,,1.00,1,1,4112x2570,P,1
4245,8.340,0.000,0.266,0.027,0.000,0.011,0.035,0.000,5.433,0.057,5.314,0.062,8120,15600,,1.00,1,1,4112x2570,P,1
4246,8.298,0.663,0.238,0.022,0.000,0.007,0.024,0.000,5.578,0.058,5.460,0.060,8120,15600,,1.00,1,1,4112x2570,P,1
4247,8.575,0.000,0.262,0.021,0.000,0.006,0.026,0.000,5.618,0.058,5.501,0.059,8120,15600,,1.00,1,1,4112x2570,P,1
4248,8.069,0.639,0.214,0.020,0.000,0.006,0.028,0.000,5.738,0.056,5.565,0.116,8120,15600,,1.00,1,1,4112x2570,P,1
4249,8.430,0.000,0.272,0.022,0.000,0.010,0.035,0.000,5.893,0.050,5.782,0.061,8120,15600,,1.00,1,1,4112x2570,P,1
4250,8.343,0.743,0.253,0.029,0.000,0.009,0.026,0.000,5.903,0.056,5.786,0.061,8120,15600,,1.00,1,1,4112x2570,P,1
4251,8.345,0.000,0.277,0.030,0.000,0.009,0.062,0.000,5.895,0.057,5.778,0.060,8120,15600,,1.00,1,1,4112x2570,P,1
4252,8.336,0.785,0.264,0.033,0.000,0.015,0.050,0.000,6.079,0.056,5.962,0.061,8120,15600,,1.00,1,1,4112x2570,P,1
4253,8.283,0.000,0.309,0.032,0.000,0.011,0.046,0.000,6.130,0.049,6.020,0.061,8120,15600,,1.00,1,1,4112x2570,P,1
4254,8.326,0.749,0.274,0.036,0.000,0.011,0.043,0.000,6.206,0.058,6.086,0.062,8120,15600,,1.00,1,1,4112x2570,P,1
4255,8.428,0.000,0.298,0.034,0.000,0.012,0.075,0.000,6.290,0.048,6.181,0.061,8120,15600,,1.00,1,1,4112x2570,P,1
4256,8.289,0.804,0.287,0.074,0.000,0.021,0.074,0.000,6.042,0.049,5.935,0.059,8120,15600,,1.00,1,1,4112x2570,P,1
4257,8.743,0.000,0.297,0.062,0.000,0.021,0.056,0.000,6.205,0.059,6.056,0.090,8120,15600,,1.00,1,1,4112x2570,P,1
4258,7.824,0.880,0.254,0.052,0.000,0.015,0.047,0.000,5.945,0.052,5.819,0.074,8120,15600,,1.00,1,1,4112x2570,P,1
4259,8.349,0.000,0.317,0.045,0.000,0.014,0.070,0.000,6.182,0.049,6.040,0.093,8120,15600,,1.00,1,1,4112x2570,P,1
4260,8.382,1.100,0.322,0.041,0.000,0.013,0.051,0.000,5.708,0.051,5.533,0.125,8120,15600,,1.00,1,1,4112x2570,P,1
4261,8.451,0.000,0.344,0.032,0.000,0.013,0.061,0.000,5.415,0.056,5.250,0.110,8120,15600,,1.00,1,1,4112x2570,P,1
4262,8.175,1.046,0.330,0.044,0.000,0.015,0.060,0.000,5.166,0.058,5.010,0.098,8120,15600,,1.00,1,1,4112x2570,P,1
4263,8.327,0.000,0.331,0.054,0.000,0.016,0.050,0.000,5.248,0.058,5.083,0.107,8120,15600,,1.00,1,1,4112x2570,P,1
4264,8.380,1.203,0.356,0.053,0.000,0.018,0.064,0.000,5.026,0.057,4.879,0.090,8120,15600,,1.00,1,1,4112x2570,P,1
4265,8.444,0.000,0.344,0.040,0.000,0.015,0.067,0.000,4.952,0.056,4.832,0.064,8120,15600,,1.00,1,1,4112x2570,P,1
4266,8.185,1.155,0.321,0.053,0.000,0.014,0.071,0.000,4.881,0.057,4.765,0.059,8120,15600,,1.00,1,1,4112x2570,P,1
4267,8.274,0.000,0.393,0.073,0.000,0.022,0.070,0.000,4.945,0.058,4.829,0.059,8120,15600,,1.00,1,1,4112x2570,P,1
4268,8.167,0.966,0.349,0.067,0.000,0.021,0.048,0.000,4.972,0.057,4.854,0.061,8120,15600,,1.00,1,1,4112x2570,P,1
4269,8.359,0.000,0.306,0.041,0.000,0.014,0.046,0.000,5.039,0.057,4.923,0.059,8120,15600,,1.00,1,1,4112x2570,P,1
4270,8.353,0.791,0.269,0.049,0.000,0.016,0.052,0.000,5.022,0.058,4.906,0.059,8120,15600,,1.00,1,1,4112x2570,P,1
4271,8.435,0.000,0.273,0.058,0.000,0.017,0.052,0.000,5.043,0.058,4.893,0.092,8120,15600,,1.00,1,1,4112x2570,P,1
4272,8.161,0.693,0.244,0.043,0.000,0.013,0.047,0.000,4.959,0.057,4.842,0.060,8120,15600,,1.00,1,1,4112x2570,P,1
4273,8.300,0.000,0.295,0.043,0.000,0.011,0.042,0.000,5.026,0.058,4.911,0.058,8120,15600,,1.00,1,1,4112x2570,P,1
4274,8.554,0.703,0.259,0.032,0.000,0.010,0.050,0.000,5.228,0.057,5.113,0.058,8120,15600,,1.00,1,1,4112x2570,P,1
4275,8.173,0.000,0.304,0.049,0.000,0.013,0.056,0.000,5.134,0.056,5.003,0.075,8120,15600,,1.00,1,1,4112x2570,P,1
4276,8.456,0.947,0.285,0.057,0.000,0.017,0.057,0.000,5.203,0.058,5.088,0.057,8120,15600,,1.00,1,1,4112x2570,P,1
4277,8.285,0.000,0.309,0.056,0.000,0.015,0.058,0.000,5.345,0.058,5.198,0.089,8120,15600,,1.00,1,1,4112x2570,P,1
4278,8.263,1.006,0.318,0.044,0.000,0.014,0.057,0.000,5.404,0.057,5.239,0.108,8120,15600,,1.00,1,1,4112x2570,P,1
4279,8.285,0.000,0.456,0.043,0.000,0.016,0.047,0.000,5.576,0.057,5.412,0.106,8120,15600,,1.00,1,1,4112x2570,P,1
4280,8.315,1.031,0.276,0.037,0.000,0.013,0.050,0.000,5.599,0.057,5.448,0.093,8120,15600,,1.00,1,1,4112x2570,P,1
4281,8.282,0.000,0.358,0.044,0.000,0.016,0.056,0.000,5.792,0.058,5.626,0.108,8120,15600,,1.00,1,1,4112x2570,P,1
4282,8.447,0.931,0.326,0.039,0.000,0.012,0.067,0.000,5.743,0.057,5.621,0.065,8120,15600,,1.00,1,1,4112x2570,P,1
4283,8.299,0.000,0.355,0.041,0.000,0.013,0.054,0.000,5.913,0.058,5.746,0.109,8120,15600,,1.00,1,1,4112x2570,P,1
4284,8.260,1.210,0.343,0.045,0.000,0.014,0.054,0.000,5.945,0.050,5.834,0.060,8120,15600,,1.00,1,1,4112x2570,P,1
4285,8.324,0.000,0.337,0.052,0.000,0.018,0.060,0.000,5.880,0.056,5.767,0.057,8120,15600,,1.00,1,1,4112x2570,P,1
4286,8.330,0.807,0.288,0.059,0.000,0.015,0.057,0.000,6.070,0.057,5.954,0.059,8120,15600,,1.00,1,1,4112x2570,P,1
4287,8.282,0.000,0.321,0.059,0.000,0.016,0.049,0.000,6.279,0.048,6.174,0.057,8120,15600,,1.00,1,1,4112x2570,P,1
4288,8.526,0.779,0.258,0.056,0.000,0.015,0.123,0.000,6.146,0.048,6.040,0.058,8120,15600,,1.00,1,1,4112x2570,P,1
4289,8.124,0.000,0.324,0.060,0.000,0.017,0.048,0.000,6.022,0.057,5.907,0.058,8120,15600,,1.00,1,1,4112x2570,P,1
4290,8.278,0.805,0.285,0.058,0.000,0.015,0.048,0.000,6.138,0.049,6.033,0.056,8120,15600,,1.00,1,1,4112x2570,P,1
4291,8.281,0.000,0.290,0.046,0.000,0.014,0.061,0.000,6.170,0.050,6.063,0.058,8120,15600,,1.00,1,1,4112x2570,P,1
4292,8.294,0.813,0.288,0.042,0.000,0.015,0.045,0.000,6.243,0.057,6.127,0.059,8120,15600,,1.00,1,1,4112x2570,P,1
4293,8.415,0.000,0.280,0.036,0.000,0.016,0.057,0.000,6.363,0.049,6.252,0.062,8120,15600,,1.00,1,1,4112x2570,P,1
4294,8.135,0.752,0.280,0.053,0.000,0.015,0.046,0.000,5.971,0.050,5.863,0.059,8120,15600,,1.00,1,1,4112x2570,P,1
4295,8.140,0.000,0.253,0.046,0.000,0.017,0.039,0.000,5.942,0.057,5.826,0.058,8120,15600,,1.00,1,1,4112x2570,P,1
4296,8.262,0.729,0.220,0.036,0.000,0.011,0.051,0.000,5.946,0.059,5.829,0.057,8120,15600,,1.00,1,1,4112x2570,P,1
4297,8.276,0.000,0.385,0.033,0.000,0.010,0.046,0.000,5.938,0.058,5.820,0.059,8120,15600,,1.00,1,1,4112x2570,P,1
4298,8.174,0.707,0.227,0.038,0.000,0.012,0.035,0.000,5.952,0.059,5.817,0.076,8120,15600,,1.00,1,1,4112x2570,P,1
4299,8.277,0.000,0.248,0.028,0.000,0.008,0.028,0.000,5.957,0.050,5.786,0.121,8120,15600,,1.00,1,1,4112x2570,P,1
4300,8.319,0.597,0.217,0.026,0.000,0.009,0.042,0.000,5.844,0.056,5.688,0.100,8120,15600,,1.00,1,1,4112x2570,P,1
4301,8.270,0.000,0.267,0.033,0.000,0.010,0.032,0.000,5.934,0.055,5.767,0.112,8120,15600,,1.00,1,1,4112x2570,P,1
4302,8.224,0.784,0.228,0.025,0.000,0.015,0.052,0.000,5.741,0.052,5.580,0.110,8120,15600,,1.00,1,1,4112x2570,P,1
4303,8.305,0.000,0.279,0.033,0.000,0.016,0.037,0.000,5.667,0.056,5.499,0.112,8120,15600,,1.00,1,1,4112x2570,P,1
4304,8.284,0.696,0.253,0.035,0.000,0.016,0.039,0.000,5.599,0.056,5.468,0.074,8120,15600,,1.00,1,1,4112x2570,P,1
4305,8.196,0.000,0.261,0.026,0.000,0.012,0.041,0.000,5.558,0.056,5.440,0.062,8120,15600,,1.00,1,1,4112x2570,P,1
4306,8.447,0.668,0.248,0.027,0.000,0.009,0.039,0.000,5.635,0.058,5.516,0.061,8120,15600,,1.00,1,1,4112x2570,P,1
4307,8.111,0.000,0.254,0.035,0.000,0.012,0.039,0.000,5.546,0.056,5.430,0.060,8120,15600,,1.00,1,1,4112x2570,P,1
4308,8.375,0.627,0.235,0.035,0.000,0.010,0.056,0.000,5.643,0.056,5.502,0.085,8120,15600,,1.00,1,1,4112x2570,P,1
4309,8.214,0.000,0.268,0.046,0.000,0.012,0.045,0.000,5.637,0.057,5.464,0.116,8120,15600,,1.00,1,1,4112x2570,P,1
4310,8.299,0.770,0.236,0.028,0.000,0.009,0.052,0.000,5.631,0.057,5.472,0.102,8120,15600,,1.00,1,1,4112x2570,P,1
4311,8.277,0.000,0.259,0.034,0.000,0.010,0.050,0.000,5.632,0.056,5.459,0.116,8120,15600,,1.00,1,1,4112x2570,P,1
4312,8.189,0.689,0.245,0.024,0.000,0.009,0.035,0.000,5.630,0.060,5.474,0.096,8120,15600,,1.00,1,1,4112x2570,P,1
4313,8.289,0.000,0.273,0.033,0.000,0.010,0.029,0.000,5.694,0.059,5.525,0.110,8120,15600,,1.00,1,1,4112x2570,P,1
4314,8.322,0.740,0.252,0.027,0.000,0.008,0.030,0.000,5.656,0.058,5.499,0.100,8120,15600,,1.00,1,1,4112x2570,P,1
4315,8.277,0.000,0.268,0.024,0.000,0.008,0.054,0.000,5.630,0.056,5.455,0.118,8120,15600,,1.00,1,1,4112x2570,P,1
4316,8.268,0.932,0.268,0.030,0.000,0.012,0.052,0.000,5.656,0.060,5.479,0.117,8120,15600,,1.00,1,1,4112x2570,P,1
4317,8.256,0.000,0.301,0.026,0.000,0.014,0.048,0.000,5.651,0.059,5.475,0.117,8120,15600,,1.00,1,1,4112x2570,P,1
4318,8.305,0.732,0.255,0.024,0.000,0.008,0.045,0.000,5.640,0.057,5.484,0.099,8120,15600,,1.00,1,1,4112x2570,P,1
4319,8.235,0.000,0.286,0.033,0.000,0.015,0.033,0.000,5.824,0.057,5.654,0.113,8120,15600,,1.00,1,1,4112x2570,P,1
4320,8.255,0.755,0.270,0.029,0.000,0.009,0.043,0.000,5.908,0.051,5.760,0.097,8120,15600,,1.00,1,1,4112x2570,P,1
4321,8.310,0.000,0.367,0.030,0.000,0.011,0.049,0.000,5.835,0.056,5.667,0.113,8120,15600,,1.00,1,1,4112x2570,P,1
4322,8.345,0.932,0.311,0.040,0.000,0.012,0.060,0.000,5.909,0.052,5.749,0.108,8120,15600,,1.00,1,1,4112x2570,P,1
4323,8.198,0.000,0.333,0.038,0.000,0.012,0.056,0.000,5.782,0.059,5.609,0.115,8120,15600,,1.00,1,1,4112x2570,P,1
4324,8.255,0.859,0.336,0.033,0.000,0.010,0.038,0.000,5.927,0.051,5.754,0.123,8120,15600,,1.00,1,1,4112x2570,P,1
4325,8.314,0.000,0.329,0.032,0.000,0.014,0.062,0.000,5.908,0.058,5.746,0.105,8120,15600,,1.00,1,1,4112x2570,P,1
4326,8.263,0.957,0.342,0.033,0.000,0.011,0.062,0.000,5.932,0.057,5.781,0.094,8120,15600,,1.00,1,1,4112x2570,P,1
4327,8.313,0.000,0.375,0.034,0.000,0.011,0.058,0.000,6.060,0.050,5.889,0.121,8120,15600,,1.00,1,1,4112x2570,P,1
4328,8.244,1.063,0.352,0.040,0.000,0.012,0.054,0.000,5.301,0.052,5.156,0.092,8120,15600,,1.00,1,1,4112x2570,P,1
4329,8.260,0.000,0.390,0.037,0.000,0.015,0.065,0.000,5.227,0.057,5.081,0.088,8120,15600,,1.00,1,1,4112x2570,P,1
4330,8.256,0.962,0.359,0.034,0.000,0.011,0.043,0.000,5.210,0.062,5.045,0.102,8120,15600,,1.00,1,1,4112x2570,P,1
4331,8.317,0.000,0.414,0.041,0.000,0.012,0.058,0.000,5.033,0.063,4.843,0.127,8120,15600,,1.00,1,1,4112x2570,P,1
4332,8.247,1.124,0.450,0.042,0.000,0.012,0.044,0.000,5.010,0.062,4.828,0.121,8120,15600,,1.00,1,1,4112x2570,P,1
4333,8.347,0.000,0.433,0.044,0.000,0.012,0.055,0.000,5.030,0.062,4.851,0.118,8120,15600,,1.00,1,1,4112x2570,P,1
4334,8.374,1.220,0.457,0.043,0.000,0.013,0.065,0.000,4.836,0.063,4.661,0.113,8120,15600,,1.00,1,1,4112x2570,P,1
4335,8.301,0.000,0.457,0.050,0.000,0.021,0.064,0.000,4.823,0.062,4.653,0.108,8120,15600,,1.00,1,1,4112x2570,P,1
4336,8.281,1.232,0.525,0.043,0.000,0.015,0.049,0.000,4.823,0.061,4.648,0.114,8120,15600,,1.00,1,1,4112x2570,P,1
4337,8.376,0.000,0.499,0.039,0.000,0.014,0.070,0.000,4.833,0.071,4.646,0.116,8120,15600,,1.00,1,1,4112x2570,P,1
4338,8.225,1.190,0.488,0.044,0.000,0.020,0.046,0.000,4.808,0.068,4.620,0.119,8120,15600,,1.00,1,1,4112x2570,P,1
4339,8.328,0.000,0.488,0.046,0.000,0.026,0.074,0.000,4.821,0.071,4.635,0.115,8120,15600,,1.00,1,1,4112x2570,P,1
4340,16.796,1.182,0.477,0.045,0.000,0.014,0.075,0.000,4.839,0.070,4.652,0.117,8120,15600,,1.00,1,1,4112x2570,P,1
4341,8.187,1.489,0.616,0.056,0.000,0.017,0.064,0.000,5.090,0.075,4.887,0.128,8120,15600,,1.00,1,1,4112x2570,P,1
4342,9.275,0.000,0.584,0.080,0.000,0.024,0.201,0.000,5.291,0.060,5.107,0.124,8120,15600,,1.00,1,1,4112x2570,P,1
4343,7.852,1.699,1.094,0.071,0.000,0.036,0.049,0.000,4.896,0.055,4.718,0.123,8120,15600,,1.00,1,1,4112x2570,P,1
4344,7.786,0.000,0.455,0.082,0.000,0.026,0.064,0.000,5.164,0.052,5.046,0.066,8120,15600,,1.00,1,1,4112x2570,P,1
4345,8.229,1.032,0.366,0.058,0.000,0.019,0.051,0.000,5.104,0.057,4.988,0.058,8120,15600,,1.00,1,1,4112x2570,P,1
4346,8.279,0.000,0.346,0.068,0.000,0.018,0.055,0.000,5.791,0.049,5.683,0.059,8120,15600,,1.00,1,1,4112x2570,P,1
4347,8.295,0.866,0.298,0.062,0.000,0.016,0.045,0.000,5.752,0.058,5.633,0.062,8120,15600,,1.00,1,1,4112x2570,P,1
4348,8.335,0.000,0.293,0.056,0.000,0.014,0.044,0.000,5.907,0.056,5.791,0.060,8120,15600,,1.00,1,1,4112x2570,P,1
4349,8.299,0.668,0.262,0.049,0.000,0.014,0.042,0.000,6.112,0.059,5.994,0.059,8120,15600,,1.00,1,1,4112x2570,P,1
4350,8.378,0.000,0.284,0.048,0.000,0.015,0.047,0.000,6.156,0.048,6.044,0.063,8120,15600,,1.00,1,1,4112x2570,P,1
4351,8.295,0.748,0.272,0.053,0.000,0.016,0.048,0.000,6.042,0.058,5.924,0.060,8120,15600,,1.00,1,1,4112x2570,P,1
4352,8.278,0.000,0.278,0.050,0.000,0.014,0.040,0.000,6.294,0.049,6.187,0.058,8120,15600,,1.00,1,1,4112x2570,P,1
4353,8.312,0.597,0.223,0.045,0.000,0.013,0.040,0.000,6.175,0.048,6.068,0.058,8120,15600,,1.00,1,1,4112x2570,P,1
4354,8.342,0.000,0.263,0.042,0.000,0.013,0.039,0.000,6.084,0.058,5.967,0.059,8120,15600,,1.00,1,1,4112x2570,P,1
4355,8.302,0.575,0.238,0.046,0.000,0.012,0.050,0.000,6.167,0.047,6.061,0.059,8120,15600,,1.00,1,1,4112x2570,P,1
4356,8.328,0.000,0.276,0.044,0.000,0.014,0.049,0.000,6.326,0.052,6.214,0.060,8120,15600,,1.00,1,1,4112x2570,P,1
4357,8.331,0.643,0.262,0.049,0.000,0.017,0.043,0.000,5.995,0.049,5.881,0.065,8120,15600,,1.00,1,1,4112x2570,P,1
4358,8.317,0.000,0.266,0.042,0.000,0.014,0.054,0.000,5.909,0.059,5.794,0.057,8120,15600,,1.00,1,1,4112x2570,P,1
4359,8.311,0.698,0.277,0.053,0.000,0.016,0.037,0.000,5.936,0.056,5.816,0.064,8120,15600,,1.00,1,1,4112x2570,P,1
4360,8.304,0.000,0.270,0.045,0.000,0.012,0.044,0.000,5.925,0.059,5.806,0.059,8120,15600,,1.00,1,1,4112x2570,P,1
4361,8.304,0.639,0.221,0.045,0.000,0.012,0.043,0.000,5.900,0.058,5.778,0.065,8120,15600,,1.00,1,1,4112x2570,P,1
4362,8.330,0.000,0.262,0.041,0.000,0.010,0.041,0.000,5.909,0.057,5.791,0.062,8120,15600,,1.00,1,1,4112x2570,P,1
4363,8.349,0.569,0.238,0.042,0.000,0.015,0.051,0.000,5.923,0.059,5.806,0.058,8120,15600,,1.00,1,1,4112x2570,P,1
4364,8.149,0.000,0.263,0.044,0.000,0.014,0.037,0.000,5.929,0.060,5.810,0.059,8120,15600,,1.00,1,1,4112x2570,P,1
4365,8.220,0.617,0.266,0.046,0.000,0.013,0.052,0.000,5.879,0.059,5.761,0.060,8120,15600,,1.00,1,1,4112x2570,P,1
4366,8.150,0.000,0.273,0.046,0.000,0.015,0.041,0.000,5.880,0.059,5.763,0.058,8120,15600,,1.00,1,1,4112x2570,P,1
4367,8.257,0.696,0.223,0.044,0.000,0.014,0.050,0.000,5.903,0.058,5.789,0.057,8120,15600,,1.00,1,1,4112x2570,P,1
4368,8.208,0.000,0.261,0.044,0.000,0.014,0.036,0.000,5.938,0.058,5.824,0.057,8120,15600,,1.00,1,1,4112x2570,P,1
4369,8.224,0.602,0.226,0.044,0.000,0.014,0.037,0.000,5.924,0.057,5.809,0.057,8120,15600,,1.00,1,1,4112x2570,P,1
4370,8.202,0.000,0.354,0.046,0.000,0.014,0.052,0.000,5.933,0.056,5.821,0.056,8120,15600,,1.00,1,1,4112x2570,P,1
4371,8.189,0.594,0.236,0.049,0.000,0.014,0.051,0.000,5.918,0.058,5.806,0.055,8120,15600,,1.00,1,1,4112x2570,P,1
4372,8.189,0.000,0.265,0.046,0.000,0.014,0.045,0.000,5.892,0.058,5.774,0.059,8120,15600,,1.00,1,1,4112x2570,P,1
4373,8.300,0.567,0.277,0.047,0.000,0.013,0.038,0.000,6.107,0.059,5.988,0.061,8120,15600,,1.00,1,1,4112x2570,P,1
4374,8.194,0.000,0.272,0.051,0.000,0.016,0.043,0.000,6.124,0.049,6.013,0.062,8120,15600,,1.00,1,1,4112x2570,P,1
4375,8.154,0.645,0.258,0.047,0.000,0.012,0.037,0.000,6.267,0.050,6.056,0.161,8120,15600,,1.00,1,1,4112x2570,P,1
4376,8.254,0.000,0.243,0.041,0.000,0.013,0.041,0.000,5.881,0.049,5.739,0.093,8120,15600,,1.00,1,1,4112x2570,P,1
4377,8.196,0.555,0.225,0.029,0.000,0.009,0.042,0.000,5.842,0.058,5.664,0.121,8120,15600,,1.00,1,1,4112x2570,P,1
4378,8.304,0.000,0.234,0.024,0.000,0.008,0.027,0.000,5.951,0.052,5.788,0.111,8120,15600,,1.00,1,1,4112x2570,P,1
4379,8.236,0.574,0.218,0.025,0.000,0.007,0.024,0.000,5.933,0.057,5.759,0.118,8120,15600,,1.00,1,1,4112x2570,P,1
4380,16.786,0.000,0.256,0.023,0.000,0.007,0.035,0.000,5.789,0.051,5.613,0.124,8120,15600,,1.00,1,1,4112x2570,P,1
4381,8.191,0.821,0.230,0.027,0.000,0.011,0.040,0.000,5.739,0.056,5.594,0.089,8120,15600,,1.00,1,1,4112x2570,P,1
4382,8.224,0.692,0.263,0.027,0.000,0.009,0.029,0.000,5.910,0.051,5.767,0.092,8120,15600,,1.00,1,1,4112x2570,P,1
4383,8.339,0.000,0.291,0.025,0.000,0.010,0.029,0.000,5.955,0.056,5.791,0.109,8120,15600,,1.00,1,1,4112x2570,P,1
4384,8.255,0.715,0.280,0.027,0.000,0.009,0.068,0.000,5.816,0.057,5.647,0.112,8120,15600,,1.00,1,1,4112x2570,P,1
4385,8.352,0.000,0.290,0.026,0.000,0.008,0.049,0.000,5.954,0.049,5.793,0.111,8120,15600,,1.00,1,1,4112x2570,P,1
4386,8.257,0.883,0.266,0.034,0.000,0.012,0.044,0.000,5.711,0.052,5.547,0.112,8120,15600,,1.00,1,1,4112x2570,P,1
4387,8.207,0.000,0.325,0.033,0.000,0.010,0.032,0.000,5.647,0.057,5.480,0.110,8120,15600,,1.00,1,1,4112x2570,P,1
4388,8.298,0.909,0.273,0.030,0.000,0.009,0.052,0.000,5.641,0.057,5.480,0.103,8120,15600,,1.00,1,1,4112x2570,P,1
4389,8.316,0.000,0.294,0.028,0.000,0.010,0.047,0.000,5.641,0.058,5.470,0.113,8120,15600,,1.00,1,1,4112x2570,P,1
4390,8.251,0.900,0.302,0.034,0.000,0.013,0.047,0.000,5.574,0.058,5.453,0.063,8120,15600,,1.00,1,1,4112x2570,P,1
4391,8.244,0.000,0.315,0.040,0.000,0.012,0.050,0.000,5.643,0.056,5.481,0.107,8120,15600,,1.00,1,1,4112x2570,P,1
4392,8.257,0.887,0.312,0.036,0.000,0.012,0.043,0.000,5.625,0.056,5.460,0.109,8120,15600,,1.00,1,1,4112x2570,P,1
4393,8.241,0.000,0.353,0.032,0.000,0.010,0.055,0.000,5.643,0.057,5.478,0.108,8120,15600,,1.00,1,1,4112x2570,P,1
4394,8.283,0.907,0.347,0.037,0.000,0.013,0.041,0.000,5.706,0.059,5.588,0.059,8120,15600,,1.00,1,1,4112x2570,P,1
4395,8.310,0.000,0.457,0.042,0.000,0.012,0.049,0.000,5.643,0.058,5.470,0.115,8120,15600,,1.00,1,1,4112x2570,P,1
4396,8.175,0.860,0.274,0.040,0.000,0.012,0.042,0.000,5.630,0.057,5.454,0.118,8120,15600,,1.00,1,1,4112x2570,P,1
4397,8.333,0.000,0.352,0.029,0.000,0.010,0.068,0.000,5.675,0.056,5.506,0.113,8120,15600,,1.00,1,1,4112x2570,P,1
4398,8.302,1.042,0.316,0.046,0.000,0.017,0.051,0.000,5.835,0.056,5.666,0.113,8120,15600,,1.00,1,1,4112x2570,P,1
4399,8.162,0.000,0.341,0.041,0.000,0.012,0.051,0.000,5.778,0.058,5.612,0.108,8120,15600,,1.00,1,1,4112x2570,P,1
4400,8.339,0.891,0.301,0.031,0.000,0.010,0.068,0.000,5.922,0.051,5.764,0.107,8120,15600,,1.00,1,1,4112x2570,P,1
4401,8.227,0.000,0.345,0.037,0.000,0.016,0.041,0.000,5.810,0.057,5.643,0.111,8120,15600,,1.00,1,1,4112x2570,P,1
4402,8.241,1.003,0.300,0.034,0.000,0.011,0.059,0.000,5.904,0.050,5.744,0.109,8120,15600,,1.00,1,1,4112x2570,P,1
4403,8.283,0.000,0.387,0.032,0.000,0.015,0.048,0.000,5.854,0.053,5.741,0.059,8120,15600,,1.00,1,1,4112x2570,P,1
4404,8.226,0.890,0.293,0.042,0.000,0.015,0.050,0.000,5.768,0.057,5.652,0.058,8120,15600,,1.00,1,1,4112x2570,P,1
4405,8.329,0.000,0.437,0.048,0.000,0.014,0.060,0.000,5.922,0.059,5.806,0.057,8120,15600,,1.00,1,1,4112x2570,P,1
4406,8.276,0.830,0.322,0.052,0.000,0.017,0.049,0.000,5.924,0.059,5.807,0.058,8120,15600,,1.00,1,1,4112x2570,P,1
4407,8.294,0.000,0.281,0.033,0.000,0.011,0.056,0.000,5.934,0.060,5.816,0.058,8120,15600,,1.00,1,1,4112x2570,P,1
4408,8.366,0.877,0.272,0.037,0.000,0.012,0.049,0.000,6.131,0.057,6.017,0.056,8120,15600,,1.00,1,1,4112x2570,P,1
4409,8.242,0.000,0.298,0.036,0.000,0.011,0.043,0.000,6.196,0.048,6.090,0.059,8120,15600,,1.00,1,1,4112x2570,P,1
4410,8.325,0.706,0.235,0.029,0.000,0.009,0.047,0.000,6.252,0.050,6.145,0.058,8120,15600,,1.00,1,1,4112x2570,P,1
4411,8.313,0.000,0.271,0.029,0.000,0.010,0.051,0.000,6.260,0.051,6.150,0.059,8120,15600,,1.00,1,1,4112x2570,P,1
4412,8.327,0.734,0.273,0.027,0.000,0.008,0.049,0.000,6.237,0.050,6.129,0.058,8120,15600,,1.00,1,1,4112x2570,P,1
4413,8.319,0.000,0.252,0.024,0.000,0.008,0.033,0.000,6.249,0.050,6.143,0.057,8120,15600,,1.00,1,1,4112x2570,P,1
4414,8.282,0.672,0.264,0.024,0.000,0.007,0.040,0.000,6.118,0.059,6.001,0.058,8120,15600,,1.00,1,1,4112x2570,P,1
4415,8.253,0.000,0.258,0.026,0.000,0.007,0.029,0.000,6.227,0.050,6.119,0.057,8120,15600,,1.00,1,1,4112x2570,P,1
4416,8.333,0.607,0.227,0.024,0.000,0.008,0.029,0.000,6.252,0.050,6.143,0.059,8120,15600,,1.00,1,1,4112x2570,P,1
4417,8.500,0.000,0.241,0.024,0.000,0.008,0.028,0.000,6.195,0.057,6.016,0.123,8120,15600,,1.00,1,1,4112x2570,P,1
4418,8.126,0.631,0.222,0.024,0.000,0.007,0.022,0.000,5.878,0.051,5.733,0.094,8120,15600,,1.00,1,1,4112x2570,P,1
4419,8.361,0.000,0.258,0.025,0.000,0.007,0.042,0.000,5.808,0.057,5.636,0.116,8120,15600,,1.00,1,1,4112x2570,P,1
4420,8.329,0.607,0.230,0.028,0.000,0.008,0.033,0.000,5.489,0.056,5.374,0.059,8120,15600,,1.00,1,1,4112x2570,P,1
4421,8.485,0.000,0.251,0.031,0.000,0.010,0.052,0.000,5.467,0.057,5.350,0.059,8120,15600,,1.00,1,1,4112x2570,P,1
4422,8.225,0.769,0.258,0.058,0.000,0.016,0.040,0.000,5.205,0.057,5.089,0.058,8120,15600,,1.00,1,1,4112x2570,P,1
4423,8.379,0.000,0.348,0.044,0.000,0.012,0.053,0.000,5.240,0.058,5.125,0.058,8120,15600,,1.00,1,1,4112x2570,P,1
4424,8.326,0.676,0.277,0.051,0.000,0.016,0.052,0.000,5.224,0.057,5.110,0.057,8120,15600,,1.00,1,1,4112x2570,P,1
4425,8.276,0.000,0.253,0.056,0.000,0.015,0.048,0.000,5.217,0.058,5.103,0.057,8120,15600,,1.00,1,1,4112x2570,P,1
4426,8.335,0.695,0.265,0.047,0.000,0.015,0.049,0.000,5.239,0.057,5.124,0.057,8120,15600,,1.00,1,1,4112x2570,P,1
4427,8.313,0.000,0.263,0.052,0.000,0.014,0.039,0.000,5.231,0.058,5.115,0.058,8120,15600,,1.00,1,1,4112x2570,P,1
4428,8.469,0.617,0.288,0.045,0.000,0.014,0.042,0.000,5.261,0.058,5.114,0.089,8120,15600,,1.00,1,1,4112x2570,P,1
4429,8.379,0.000,0.298,0.040,0.000,0.013,0.062,0.000,5.224,0.058,5.076,0.091,8120,15600,,1.00,1,1,4112x2570,P,1
4430,8.247,0.865,0.268,0.041,0.000,0.014,0.051,0.000,5.199,0.058,5.054,0.087,8120,15600,,1.00,1,1,4112x2570,P,1
4431,8.191,0.000,0.283,0.032,0.000,0.010,0.043,0.000,5.188,0.059,5.066,0.063,8120,15600,,1.00,1,1,4112x2570,P,1
4432,8.341,0.907,0.254,0.031,0.000,0.010,0.045,0.000,5.491,0.057,5.324,0.110,8120,15600,,1.00,1,1,4112x2570,P,1
4433,8.372,0.000,0.301,0.036,0.000,0.010,0.067,0.000,5.456,0.056,5.326,0.074,8120,15600,,1.00,1,1,4112x2570,P,1
4434,8.249,1.002,0.286,0.038,0.000,0.013,0.046,0.000,5.484,0.056,5.319,0.109,8120,15600,,1.00,1,1,4112x2570,P,1
4435,8.400,0.000,0.311,0.034,0.000,0.009,0.057,0.000,5.492,0.058,5.343,0.091,8120,15600,,1.00,1,1,4112x2570,P,1
4436,8.484,0.802,0.327,0.035,0.000,0.011,0.055,0.000,5.602,0.056,5.453,0.093,8120,15600,,1.00,1,1,4112x2570,P,1
4437,8.177,0.000,0.357,0.044,0.000,0.015,0.049,0.000,5.540,0.057,5.375,0.108,8120,15600,,1.00,1,1,4112x2570,P,1
4438,8.306,1.064,0.307,0.036,0.000,0.011,0.054,0.000,5.621,0.058,5.446,0.117,8120,15600,,1.00,1,1,4112x2570,P,1
4439,8.300,0.000,0.349,0.037,0.000,0.014,0.058,0.000,5.828,0.059,5.654,0.116,8120,15600,,1.00,1,1,4112x2570,P,1
4440,8.373,0.942,0.321,0.033,0.000,0.011,0.044,0.000,5.905,0.049,5.733,0.123,8120,15600,,1.00,1,1,4112x2570,P,1
4441,8.661,0.000,0.351,0.036,0.000,0.013,0.067,0.000,5.171,0.053,5.009,0.110,8120,15600,,1.00,1,1,4112x2570,P,1
4442,7.937,1.197,0.336,0.039,0.000,0.012,0.067,0.000,5.910,0.059,5.732,0.119,8120,15600,,1.00,1,1,4112x2570,P,1
4443,8.301,0.000,0.383,0.039,0.000,0.014,0.045,0.000,6.078,0.058,5.911,0.109,8120,15600,,1.00,1,1,4112x2570,P,1
4444,8.490,0.987,0.355,0.035,0.000,0.011,0.076,0.000,5.417,0.057,5.238,0.122,8120,15600,,1.00,1,1,4112x2570,P,1
4445,8.373,0.000,0.423,0.041,0.000,0.020,0.065,0.000,5.209,0.061,5.024,0.123,8120,15600,,1.00,1,1,4112x2570,P,1
4446,8.165,1.110,0.431,0.041,0.000,0.014,0.059,0.000,5.194,0.063,5.006,0.125,8120,15600,,1.00,1,1,4112x2570,P,1
4447,8.279,0.000,0.384,0.055,0.000,0.018,0.061,0.000,5.055,0.059,4.934,0.062,8120,15600,,1.00,1,1,4112x2570,P,1
4448,8.267,0.882,0.316,0.046,0.000,0.013,0.044,0.000,5.034,0.057,4.919,0.058,8120,15600,,1.00,1,1,4112x2570,P,1
4449,8.300,0.000,0.307,0.034,0.000,0.009,0.048,0.000,5.064,0.057,4.948,0.059,8120,15600,,1.00,1,1,4112x2570,P,1
4450,8.287,0.733,0.268,0.029,0.000,0.010,0.027,0.000,5.080,0.056,4.964,0.060,8120,15600,,1.00,1,1,4112x2570,P,1
4451,8.336,0.000,0.269,0.024,0.000,0.011,0.041,0.000,5.100,0.057,4.985,0.057,8120,15600,,1.00,1,1,4112x2570,P,1
4452,8.314,0.674,0.250,0.022,0.000,0.008,0.029,0.000,5.100,0.057,4.988,0.055,8120,15600,,1.00,1,1,4112x2570,P,1
4453,8.607,0.000,0.250,0.019,0.000,0.007,0.033,0.000,5.153,0.058,4.990,0.105,8120,15600,,1.00,1,1,4112x2570,P,1
4454,8.205,0.601,0.230,0.024,0.000,0.007,0.045,0.000,5.227,0.056,5.055,0.115,8120,15600,,1.00,1,1,4112x2570,P,1
4455,8.290,0.000,0.257,0.025,0.000,0.008,0.037,0.000,5.305,0.057,5.133,0.115,8120,15600,,1.00,1,1,4112x2570,P,1
4456,8.334,0.640,0.252,0.026,0.000,0.008,0.053,0.000,5.313,0.056,5.142,0.115,8120,15600,,1.00,1,1,4112x2570,P,1
4457,8.176,0.000,0.282,0.034,0.000,0.009,0.041,0.000,5.218,0.057,5.060,0.101,8120,15600,,1.00,1,1,4112x2570,P,1
4458,8.197,0.755,0.259,0.026,0.000,0.009,0.045,0.000,5.469,0.057,5.292,0.121,8120,15600,,1.00,1,1,4112x2570,P,1
4459,8.220,0.000,0.286,0.030,0.000,0.009,0.038,0.000,5.518,0.057,5.351,0.110,8120,15600,,1.00,1,1,4112x2570,P,1
4460,8.219,0.704,0.268,0.027,0.000,0.009,0.035,0.000,5.510,0.058,5.349,0.103,8120,15600,,1.00,1,1,4112x2570,P,1
4461,8.330,0.000,0.313,0.029,0.000,0.014,0.038,0.000,5.703,0.058,5.535,0.111,8120,15600,,1.00,1,1,4112x2570,P,1
4462,8.245,0.778,0.279,0.031,0.000,0.009,0.031,0.000,5.656,0.058,5.504,0.094,8120,15600,,1.00,1,1,4112x2570,P,1
4463,8.291,0.000,0.299,0.033,0.000,0.010,0.033,0.000,5.661,0.057,5.490,0.115,8120,15600,,1.00,1,1,4112x2570,P,1
4464,8.240,0.736,0.282,0.026,0.000,0.009,0.035,0.000,5.831,0.059,5.677,0.095,8120,15600,,1.00,1,1,4112x2570,P,1
4465,8.349,0.000,0.342,0.029,0.000,0.010,0.061,0.000,5.941,0.059,5.781,0.100,8120,15600,,1.00,1,1,4112x2570,P,1
4466,8.244,0.886,0.307,0.034,0.000,0.010,0.057,0.000,5.740,0.058,5.564,0.118,8120,15600,,1.00,1,1,4112x2570,P,1
4467,8.275,0.000,0.344,0.031,0.000,0.010,0.050,0.000,5.670,0.058,5.500,0.112,8120,15600,,1.00,1,1,4112x2570,P,1
4468,8.297,0.818,0.296,0.032,0.000,0.009,0.068,0.000,5.632,0.058,5.481,0.093,8120,15600,,1.00,1,1,4112x2570,P,1
4469,8.242,0.000,0.376,0.042,0.000,0.012,0.064,0.000,5.604,0.059,5.440,0.104,8120,15600,,1.00,1,1,4112x2570,P,1
4470,8.232,0.880,0.366,0.033,0.000,0.011,0.061,0.000,5.632,0.058,5.460,0.114,8120,15600,,1.00,1,1,4112x2570,P,1
4471,8.271,0.000,0.367,0.035,0.000,0.012,0.043,0.000,5.723,0.058,5.569,0.096,8120,15600,,1.00,1,1,4112x2570,P,1
4472,8.270,0.908,0.364,0.034,0.000,0.011,0.051,0.000,5.720,0.059,5.540,0.121,8120,15600,,1.00,1,1,4112x2570,P,1
4473,8.274,0.000,0.449,0.037,0.000,0.021,0.073,0.000,5.798,0.059,5.623,0.116,8120,15600,,1.00,1,1,4112x2570,P,1
4474,8.260,1.041,0.407,0.042,0.000,0.014,0.069,0.000,5.919,0.058,5.749,0.112,8120,15600,,1.00,1,1,4112x2570,P,1
4475,8.223,0.000,0.454,0.036,0.000,0.017,0.068,0.000,5.566,0.061,5.395,0.110,8120,15600,,1.00,1,1,4112x2570,P,1
4476,8.294,1.004,0.404,0.041,0.000,0.012,0.070,0.000,5.493,0.063,5.318,0.112,8120,15600,,1.00,1,1,4112x2570,P,1
4477,8.203,0.000,0.451,0.039,0.000,0.015,0.052,0.000,5.256,0.063,5.075,0.118,8120,15600,,1.00,1,1,4112x2570,P,1
4478,8.278,1.030,0.447,0.047,0.000,0.015,0.070,0.000,5.236,0.066,5.059,0.111,8120,15600,,1.00,1,1,4112x2570,P,1
4479,8.221,0.000,0.469,0.044,0.000,0.015,0.055,0.000,5.287,0.070,5.105,0.112,8120,15600,,1.00,1,1,4112x2570,P,1
4480,8.258,1.136,0.528,0.048,0.000,0.027,0.066,0.000,5.219,0.068,5.036,0.114,8120,15600,,1.00,1,1,4112x2570,P,1
4481,8.239,0.000,0.565,0.044,0.000,0.022,0.051,0.000,5.290,0.076,5.102,0.112,8120,15600,,1.00,1,1,4112x2570,P,1
4482,8.270,1.149,0.487,0.047,0.000,0.024,0.060,0.000,5.221,0.072,5.034,0.115,8120,15600,,1.00,1,1,4112x2570,P,1
4483,8.223,0.000,0.502,0.048,0.000,0.027,0.048,0.000,5.219,0.070,5.035,0.115,8120,15600,,1.00,1,1,4112x2570,P,1
4484,8.306,1.135,0.500,0.044,0.000,0.015,0.076,0.000,5.272,0.068,5.095,0.109,8120,15600,,1.00,1,1,4112x2570,P,1
4485,8.164,0.000,0.518,0.043,0.000,0.018,0.060,0.000,5.212,0.070,5.029,0.112,8120,15600,,1.00,1,1,4112x2570,P,1
4486,8.319,1.357,0.576,0.046,0.000,0.015,0.082,0.000,5.216,0.068,5.038,0.110,8120,15600,,1.00,1,1,4112x2570,P,1
4487,8.237,0.000,0.625,0.046,0.000,0.020,0.066,0.000,5.180,0.068,4.999,0.113,8120,15600,,1.00,1,1,4112x2570,P,1
4488,8.225,1.361,0.544,0.050,0.000,0.016,0.074,0.000,5.185,0.071,5.001,0.113,8120,15600,,1.00,1,1,4112x2570,P,1
4489,8.255,0.000,0.572,0.047,0.000,0.023,0.058,0.000,5.190,0.069,5.007,0.114,8120,15600,,1.00,1,1,4112x2570,P,1
4490,9.779,1.343,0.584,0.048,0.000,0.020,0.453,0.000,5.173,0.070,4.992,0.111,8120,15600,,1.00,1,1,4112x2570,P,1
4491,6.375,0.001,1.047,0.217,0.000,0.077,0.089,0.000,4.389,0.057,4.220,0.112,8120,15600,,1.00,1,1,4112x2570,P,1
4492,8.347,1.409,0.535,0.068,0.000,0.021,0.114,0.000,5.491,0.049,5.328,0.114,8120,15600,,1.00,1,1,4112x2570,P,1
4493,8.269,0.000,0.591,0.061,0.000,0.020,0.083,0.000,5.361,0.070,5.177,0.114,8120,15600,,1.00,1,1,4112x2570,P,1
4494,8.122,1.364,0.632,0.088,0.000,0.029,0.088,0.000,5.384,0.073,5.203,0.108,8120,15600,,1.00,1,1,4112x2570,P,1
4495,8.182,0.000,0.537,0.057,0.000,0.019,0.089,0.000,5.567,0.061,5.398,0.108,8120,15600,,1.00,1,1,4112x2570,P,1
4496,9.048,1.351,0.517,0.051,0.000,0.017,0.184,0.000,5.642,0.055,5.474,0.114,8120,15600,,1.00,1,1,4112x2570,P,1
4497,7.429,0.001,0.988,0.252,0.000,0.070,0.064,0.000,5.040,0.056,4.871,0.114,8120,15600,,1.00,1,1,4112x2570,P,1
4498,7.639,1.133,0.442,0.069,0.000,0.018,0.067,0.000,5.506,0.054,5.389,0.064,8120,15600,,1.00,1,1,4112x2570,P,1
4499,8.174,0.000,0.463,0.060,0.000,0.016,0.059,0.000,5.831,0.052,5.664,0.115,8120,15600,,1.00,1,1,4112x2570,P,1
4500,8.292,0.990,0.363,0.048,0.000,0.014,0.044,0.000,5.792,0.059,5.624,0.109,8120,15600,,1.00,1,1,4112x2570,P,1
4501,8.271,0.000,0.398,0.043,0.000,0.012,0.084,0.000,5.988,0.056,5.835,0.097,8120,15600,,1.00,1,1,4112x2570,P,1
4502,8.211,1.271,0.384,0.053,0.000,0.016,0.054,0.000,5.946,0.059,5.776,0.111,8120,15600,,1.00,1,1,4112x2570,P,1
4503,8.240,0.000,0.417,0.042,0.000,0.013,0.061,0.000,6.011,0.052,5.849,0.111,8120,15600,,1.00,1,1,4112x2570,P,1
4504,8.436,1.092,0.360,0.042,0.000,0.012,0.091,0.000,5.883,0.054,5.709,0.119,8120,15600,,1.00,1,1,4112x2570,P,1
4505,8.081,0.000,0.450,0.068,0.000,0.020,0.060,0.000,5.695,0.059,5.524,0.112,8120,15600,,1.00,1,1,4112x2570,P,1
4506,8.275,1.511,0.476,0.083,0.000,0.026,0.092,0.000,5.773,0.048,5.656,0.069,8120,15600,,1.00,1,1,4112x2570,P,1
4507,8.155,0.000,0.417,0.080,0.000,0.022,0.079,0.000,5.885,0.058,5.710,0.117,8120,15600,,1.00,1,1,4112x2570,P,1
4508,8.044,1.266,0.353,0.081,0.000,0.023,0.072,0.000,5.873,0.048,5.764,0.061,8120,15600,,1.00,1,1,4112x2570,P,1
4509,8.182,0.000,0.369,0.070,0.000,0.019,0.063,0.000,5.851,0.057,5.735,0.059,8120,15600,,1.00,1,1,4112x2570,P,1
4510,8.214,1.000,0.305,0.074,0.000,0.022,0.060,0.000,5.834,0.057,5.720,0.057,8120,15600,,1.00,1,1,4112x2570,P,1
4511,8.128,0.001,0.305,0.069,0.000,0.021,0.063,0.000,5.892,0.058,5.749,0.085,8120,15600,,1.00,1,1,4112x2570,P,1
4512,8.158,0.935,0.307,0.068,0.000,0.020,0.059,0.000,5.902,0.057,5.730,0.114,8120,15600,,1.00,1,1,4112x2570,P,1
4513,8.228,0.000,0.432,0.051,0.000,0.014,0.048,0.000,6.210,0.051,6.024,0.135,8120,15600,,1.00,1,1,4112x2570,P,1
4514,8.391,0.998,0.289,0.038,0.000,0.011,0.051,0.000,5.819,0.048,5.656,0.115,8120,15600,,1.00,1,1,4112x2570,P,1
4515,8.151,0.000,0.412,0.069,0.000,0.020,0.061,0.000,5.668,0.057,5.541,0.070,8120,15600,,1.00,1,1,4112x2570,P,1
4516,8.218,1.108,0.322,0.040,0.000,0.012,0.065,0.000,5.658,0.058,5.536,0.065,8120,15600,,1.00,1,1,4112x2570,P,1
4517,8.085,0.000,0.346,0.070,0.000,0.019,0.050,0.000,5.728,0.058,5.568,0.103,8120,15600,,1.00,1,1,4112x2570,P,1
4518,8.121,1.185,0.299,0.062,0.000,0.027,0.051,0.000,5.722,0.057,5.575,0.089,8120,15600,,1.00,1,1,4112x2570,P,1
4519,8.765,0.000,0.330,0.048,0.000,0.014,0.104,0.000,5.655,0.050,5.548,0.057,8120,15600,,1.00,1,1,4112x2570,P,1
4520,7.817,1.735,1.012,0.072,0.000,0.049,0.066,0.000,5.519,0.055,5.406,0.058,8120,15600,,1.00,1,1,4112x2570,P,1
4521,8.616,0.000,0.317,0.055,0.000,0.016,0.154,0.000,5.694,0.058,5.528,0.108,8120,15600,,1.00,1,1,4112x2570,P,1
4522,8.183,1.756,0.915,0.048,0.000,0.060,0.110,0.000,5.473,0.058,5.291,0.125,8120,15600,,1.00,1,1,4112x2570,P,1
4523,7.386,0.000,0.818,0.144,0.000,0.081,0.103,0.000,5.373,0.053,5.262,0.058,8120,15600,,1.00,1,1,4112x2570,P,1
4524,8.035,1.204,0.305,0.070,0.000,0.020,0.101,0.000,5.733,0.052,5.623,0.058,8120,15600,,1.00,1,1,4112x2570,P,1
4525,8.145,0.000,0.459,0.085,0.000,0.031,0.062,0.000,5.718,0.058,5.598,0.063,8120,15600,,1.00,1,1,4112x2570,P,1
4526,8.155,1.133,0.365,0.068,0.000,0.026,0.069,0.000,5.688,0.058,5.571,0.058,8120,15600,,1.00,1,1,4112x2570,P,1
4527,8.085,0.000,0.316,0.058,0.000,0.017,0.058,0.000,5.720,0.058,5.575,0.087,8120,15600,,1.00,1,1,4112x2570,P,1
4528,8.479,1.074,0.328,0.050,0.000,0.016,0.075,0.000,5.950,0.056,5.799,0.095,8120,15600,,1.00,1,1,4112x2570,P,1
4529,7.975,0.000,0.347,0.066,0.000,0.020,0.055,0.000,5.796,0.058,5.676,0.062,8120,15600,,1.00,1,1,4112x2570,P,1
4530,8.210,0.863,0.276,0.053,0.000,0.015,0.060,0.000,5.866,0.060,5.748,0.058,8120,15600,,1.00,1,1,4112x2570,P,1
4531,8.256,0.000,0.288,0.051,0.000,0.014,0.049,0.000,5.883,0.057,5.771,0.056,8120,15600,,1.00,1,1,4112x2570,P,1
4532,8.136,0.857,0.269,0.058,0.000,0.016,0.046,0.000,6.026,0.060,5.909,0.058,8120,15600,,1.00,1,1,4112x2570,P,1
4533,8.228,0.000,0.272,0.040,0.000,0.013,0.043,0.000,6.164,0.048,6.057,0.059,8120,15600,,1.00,1,1,4112x2570,P,1
4534,8.240,0.773,0.245,0.036,0.000,0.011,0.043,0.000,6.085,0.058,5.970,0.057,8120,15600,,1.00,1,1,4112x2570,P,1
4535,8.255,0.000,0.359,0.037,0.000,0.010,0.051,0.000,6.210,0.048,6.067,0.096,8120,15600,,1.00,1,1,4112x2570,P,1
4536,8.249,0.660,0.285,0.038,0.000,0.012,0.044,0.000,6.201,0.050,6.093,0.058,8120,15600,,1.00,1,1,4112x2570,P,1
4537,8.275,0.000,0.263,0.032,0.000,0.009,0.039,0.000,6.127,0.058,5.977,0.092,8120,15600,,1.00,1,1,4112x2570,P,1
4538,8.264,0.605,0.249,0.038,0.000,0.012,0.043,0.000,6.040,0.049,5.876,0.115,8120,15600,,1.00,1,1,4112x2570,P,1
4539,8.228,0.000,0.270,0.034,0.000,0.013,0.039,0.000,5.671,0.051,5.547,0.073,8120,15600,,1.00,1,1,4112x2570,P,1
4540,8.489,0.644,0.234,0.028,0.000,0.010,0.032,0.000,5.595,0.057,5.480,0.058,8120,15600,,1.00,1,1,4112x2570,P,1
4541,8.062,0.000,0.242,0.029,0.000,0.008,0.039,0.000,5.334,0.057,5.219,0.058,8120,15600,,1.00,1,1,4112x2570,P,1
4542,8.376,0.597,0.239,0.032,0.000,0.010,0.035,0.000,5.427,0.056,5.298,0.074,8120,15600,,1.00,1,1,4112x2570,P,1
4543,8.231,0.000,0.256,0.027,0.000,0.007,0.052,0.000,5.384,0.056,5.270,0.058,8120,15600,,1.00,1,1,4112x2570,P,1
4544,8.220,0.780,0.241,0.045,0.000,0.015,0.053,0.000,5.449,0.058,5.281,0.110,8120,15600,,1.00,1,1,4112x2570,P,1
4545,8.301,0.000,0.277,0.033,0.000,0.014,0.045,0.000,5.479,0.056,5.312,0.111,8120,15600,,1.00,1,1,4112x2570,P,1
4546,8.297,0.596,0.236,0.024,0.000,0.008,0.043,0.000,5.446,0.056,5.296,0.095,8120,15600,,1.00,1,1,4112x2570,P,1
4547,8.233,0.000,0.274,0.041,0.000,0.013,0.040,0.000,5.253,0.055,5.086,0.112,8120,15600,,1.00,1,1,4112x2570,P,1
4548,8.404,0.817,0.239,0.029,0.000,0.013,0.045,0.000,5.273,0.057,5.104,0.112,8120,15600,,1.00,1,1,4112x2570,P,1
4549,8.118,0.000,0.272,0.026,0.000,0.012,0.041,0.000,5.153,0.056,5.037,0.059,8120,15600,,1.00,1,1,4112x2570,P,1
4550,8.226,0.600,0.248,0.037,0.000,0.015,0.041,0.000,5.203,0.058,5.088,0.057,8120,15600,,1.00,1,1,4112x2570,P,1
4551,8.226,0.000,0.254,0.033,0.000,0.014,0.039,0.000,5.419,0.058,5.304,0.057,8120,15600,,1.00,1,1,4112x2570,P,1
4552,8.304,0.746,0.223,0.024,0.000,0.010,0.033,0.000,5.426,0.056,5.312,0.058,8120,15600,,1.00,1,1,4112x2570,P,1
4553,8.244,0.000,0.236,0.023,0.000,0.012,0.036,0.000,5.414,0.057,5.299,0.058,8120,15600,,1.00,1,1,4112x2570,P,1
4554,8.426,0.698,0.214,0.024,0.000,0.008,0.033,0.000,5.436,0.056,5.320,0.060,8120,15600,,1.00,1,1,4112x2570,P,1
4555,8.210,0.000,0.224,0.025,0.000,0.012,0.040,0.000,5.596,0.058,5.424,0.114,8120,15600,,1.00,1,1,4112x2570,P,1
4556,8.220,0.524,0.217,0.021,0.000,0.010,0.034,0.000,5.598,0.057,5.436,0.105,8120,15600,,1.00,1,1,4112x2570,P,1
4557,8.406,0.000,0.260,0.019,0.000,0.010,0.049,0.000,5.744,0.056,5.589,0.099,8120,15600,,1.00,1,1,4112x2570,P,1
4558,8.153,0.627,0.228,0.024,0.000,0.008,0.029,0.000,5.575,0.056,5.431,0.088,8120,15600,,1.00,1,1,4112x2570,P,1
4559,8.345,0.000,0.271,0.023,0.000,0.010,0.034,0.000,5.939,0.056,5.769,0.114,8120,15600,,1.00,1,1,4112x2570,P,1
4560,8.252,0.608,0.237,0.023,0.000,0.010,0.038,0.000,5.924,0.055,5.743,0.126,8120,15600,,1.00,1,1,4112x2570,P,1
4561,8.471,0.000,0.281,0.024,0.000,0.013,0.049,0.000,5.936,0.052,5.770,0.114,8120,15600,,1.00,1,1,4112x2570,P,1
4562,8.189,0.882,0.264,0.029,0.000,0.010,0.048,0.000,5.738,0.056,5.587,0.095,8120,15600,,1.00,1,1,4112x2570,P,1
4563,8.293,0.000,0.279,0.036,0.000,0.012,0.047,0.000,5.810,0.057,5.636,0.117,8120,15600,,1.00,1,1,4112x2570,P,1
4564,8.219,0.756,0.260,0.027,0.000,0.009,0.030,0.000,5.864,0.058,5.712,0.094,8120,15600,,1.00,1,1,4112x2570,P,1
4565,8.266,0.000,0.308,0.030,0.000,0.009,0.038,0.000,5.803,0.056,5.637,0.109,8120,15600,,1.00,1,1,4112x2570,P,1
4566,8.268,0.680,0.266,0.025,0.000,0.009,0.065,0.000,6.064,0.057,5.895,0.112,8120,15600,,1.00,1,1,4112x2570,P,1
4567,8.500,0.000,0.390,0.027,0.000,0.011,0.042,0.000,5.696,0.051,5.581,0.064,8120,15600,,1.00,1,1,4112x2570,P,1
4568,8.139,0.724,0.317,0.037,0.000,0.011,0.046,0.000,5.540,0.058,5.364,0.118,8120,15600,,1.00,1,1,4112x2570,P,1
4569,8.185,0.000,0.327,0.037,0.000,0.012,0.045,0.000,5.579,0.056,5.406,0.117,8120,15600,,1.00,1,1,4112x2570,P,1
4570,8.336,0.863,0.311,0.030,0.000,0.011,0.064,0.000,5.624,0.056,5.455,0.113,8120,15600,,1.00,1,1,4112x2570,P,1
4571,8.270,0.000,0.347,0.042,0.000,0.012,0.053,0.000,5.595,0.059,5.419,0.118,8120,15600,,1.00,1,1,4112x2570,P,1
4572,8.302,0.860,0.312,0.034,0.000,0.011,0.053,0.000,5.597,0.058,5.423,0.117,8120,15600,,1.00,1,1,4112x2570,P,1
4573,8.354,0.000,0.355,0.037,0.000,0.012,0.068,0.000,5.571,0.057,5.409,0.106,8120,15600,,1.00,1,1,4112x2570,P,1
4574,8.193,1.102,0.361,0.052,0.000,0.017,0.070,0.000,5.493,0.057,5.348,0.088,8120,15600,,1.00,1,1,4112x2570,P,1
4575,8.180,0.000,0.402,0.051,0.000,0.016,0.094,0.000,5.516,0.058,5.369,0.089,8120,15600,,1.00,1,1,4112x2570,P,1
4576,8.125,0.950,0.396,0.052,0.000,0.021,0.057,0.000,5.549,0.059,5.386,0.104,8120,15600,,1.00,1,1,4112x2570,P,1
4577,8.294,0.000,0.443,0.042,0.000,0.017,0.054,0.000,5.673,0.059,5.523,0.090,8120,15600,,1.00,1,1,4112x2570,P,1
4578,8.220,1.135,0.391,0.051,0.000,0.026,0.060,0.000,5.531,0.061,5.357,0.114,8120,15600,,1.00,1,1,4112x2570,P,1
4579,8.194,0.000,0.462,0.044,0.000,0.023,0.054,0.000,5.647,0.058,5.475,0.114,8120,15600,,1.00,1,1,4112x2570,P,1
4580,8.316,1.032,0.467,0.066,0.000,0.022,0.076,0.000,5.628,0.062,5.457,0.109,8120,15600,,1.00,1,1,4112x2570,P,1
4581,8.130,0.000,0.466,0.052,0.000,0.017,0.067,0.000,5.545,0.062,5.371,0.112,8120,15600,,1.00,1,1,4112x2570,P,1
4582,8.359,1.075,0.483,0.053,0.000,0.025,0.083,0.000,5.668,0.053,5.505,0.110,8120,15600,,1.00,1,1,4112x2570,P,1
4583,8.047,0.000,0.515,0.071,0.000,0.026,0.064,0.000,5.551,0.073,5.367,0.111,8120,15600,,1.00,1,1,4112x2570,P,1
4584,8.305,1.087,0.479,0.058,0.000,0.024,0.091,0.000,5.641,0.053,5.476,0.112,8120,15600,,1.00,1,1,4112x2570,P,1
4585,8.324,0.000,0.525,0.064,0.000,0.021,0.117,0.000,5.557,0.075,5.369,0.114,8120,15600,,1.00,1,1,4112x2570,P,1
4586,8.138,1.479,0.514,0.062,0.000,0.019,0.064,0.000,5.604,0.061,5.430,0.113,8120,15600,,1.00,1,1,4112x2570,P,1
4587,8.284,0.000,0.496,0.053,0.000,0.021,0.083,0.000,5.632,0.063,5.457,0.112,8120,15600,,1.00,1,1,4112x2570,P,1
4588,8.214,1.132,0.502,0.047,0.000,0.022,0.078,0.000,5.647,0.058,5.476,0.113,8120,15600,,1.00,1,1,4112x2570,P,1
4589,8.352,0.000,0.494,0.044,0.000,0.024,0.075,0.000,5.667,0.054,5.490,0.122,8120,15600,,1.00,1,1,4112x2570,P,1
4590,8.426,1.319,0.566,0.052,0.000,0.019,0.130,0.000,5.782,0.061,5.595,0.127,8120,15600,,1.00,1,1,4112x2570,P,1
4591,8.195,0.000,0.559,0.184,0.000,0.039,0.079,0.000,5.325,0.054,5.158,0.113,8120,15600,,1.00,1,1,4112x2570,P,1
4592,8.067,1.154,0.502,0.169,0.000,0.047,0.056,0.000,5.451,0.055,5.267,0.129,8120,15600,,1.00,1,1,4112x2570,P,1
4593,8.287,0.000,0.356,0.064,0.000,0.017,0.048,0.000,5.528,0.056,5.402,0.069,8120,15600,,1.00,1,1,4112x2570,P,1
4594,8.372,0.784,0.447,0.059,0.000,0.022,0.062,0.000,6.070,0.060,5.440,0.570,8120,15600,,1.00,1,1,4112x2570,P,1
4595,8.585,0.000,0.336,0.058,0.000,0.017,0.110,0.000,6.060,0.577,4.207,1.276,8120,15600,,1.00,1,1,4112x2570,P,1
4596,17.774,1.737,0.627,0.125,0.000,0.042,0.235,0.000,3.578,0.030,3.424,0.125,8120,15600,,1.00,1,1,4112x2570,P,1
4597,7.112,1.985,1.012,0.256,0.000,0.104,0.092,0.000,2.807,0.034,2.668,0.105,8120,15600,,1.00,1,1,4112x2570,P,1
4598,9.169,0.000,0.540,0.095,0.000,0.026,0.211,0.000,2.875,0.034,2.759,0.081,8120,15600,,1.00,1,1,4112x2570,P,1
4599,7.106,1.691,0.658,0.119,0.000,0.050,0.084,0.000,2.778,0.044,2.675,0.059,8120,15600,,1.00,1,1,4112x2570,P,1
4600,8.325,0.000,0.430,0.058,0.000,0.016,0.103,0.000,2.742,0.027,2.659,0.056,8120,15600,,1.00,1,1,4112x2570,P,1
4601,8.586,1.291,0.379,0.073,0.000,0.022,0.065,0.000,2.746,0.028,2.663,0.055,8120,15600,,1.00,1,1,4112x2570,P,1
4602,7.952,0.000,0.399,0.059,0.000,0.016,0.063,0.000,2.633,0.025,2.530,0.078,8120,15600,,1.00,1,1,4112x2570,P,1
4603,8.309,1.101,0.387,0.058,0.000,0.016,0.053,0.000,2.452,0.027,2.376,0.049,8120,15600,,1.00,1,1,4112x2570,P,1
4604,8.578,0.000,0.381,0.065,0.000,0.020,0.071,0.000,2.366,0.023,2.296,0.047,8120,15600,,1.00,1,1,4112x2570,P,1
4605,8.253,1.309,0.381,0.058,0.000,0.020,0.062,0.000,2.412,0.023,2.293,0.097,8120,15600,,1.00,1,1,4112x2570,P,1
4606,8.304,0.000,0.384,0.044,0.000,0.014,0.065,0.000,2.427,0.023,2.295,0.110,8120,15600,,1.00,1,1,4112x2570,P,1
4607,8.311,1.477,0.412,0.050,0.000,0.014,0.055,0.000,2.418,0.023,2.292,0.102,8120,15600,,1.00,1,1,4112x2570,P,1
4608,8.436,0.000,0.461,0.047,0.000,0.016,0.084,0.000,2.416,0.023,2.293,0.100,8120,15600,,1.00,1,1,4112x2570,P,1
4609,8.226,1.509,0.432,0.059,0.000,0.021,0.061,0.000,2.414,0.023,2.292,0.099,8120,15600,,1.00,1,1,4112x2570,P,1
4610,8.200,0.000,0.426,0.048,0.000,0.013,0.062,0.000,2.417,0.024,2.295,0.099,8120,15600,,1.00,1,1,4112x2570,P,1
4611,8.547,1.228,0.463,0.054,0.000,0.018,0.083,0.000,2.420,0.024,2.292,0.105,8120,15600,,1.00,1,1,4112x2570,P,1
4612,8.316,0.000,0.460,0.057,0.000,0.017,0.108,0.000,2.418,0.024,2.297,0.098,8120,15600,,1.00,1,1,4112x2570,P,1
4613,8.280,1.742,0.557,0.069,0.000,0.024,0.097,0.000,2.395,0.024,2.291,0.080,8120,15600,,1.00,1,1,4112x2570,P,1
4614,8.346,0.000,0.548,0.061,0.000,0.023,0.080,0.000,2.416,0.024,2.294,0.097,8120,15600,,1.00,1,1,4112x2570,P,1
4615,9.418,1.485,0.494,0.054,0.000,0.017,0.189,0.000,2.416,0.023,2.293,0.100,8120,15600,,1.00,1,1,4112x2570,P,1
4616,7.211,0.001,1.104,0.134,0.000,0.062,0.083,0.000,2.420,0.024,2.300,0.097,8120,15600,,1.00,1,1,4112x2570,P,1
4617,8.249,1.385,0.495,0.065,0.000,0.020,0.066,0.000,2.413,0.024,2.291,0.098,8120,15600,,1.00,1,1,4112x2570,P,1
4618,8.077,0.000,0.539,0.058,0.000,0.019,0.079,0.000,2.422,0.025,2.298,0.098,8120,15600,,1.00,1,1,4112x2570,P,1
4619,9.581,1.396,0.509,0.055,0.000,0.017,0.219,0.000,2.430,0.030,2.300,0.100,8120,15600,,1.00,1,1,4112x2570,P,1
4620,6.560,0.001,0.648,0.058,0.000,0.024,0.073,0.000,2.444,0.042,2.299,0.103,8120,15600,,1.00,1,1,4112x2570,P,1
4621,8.225,1.347,0.535,0.067,0.000,0.021,0.095,0.000,2.627,0.033,2.525,0.069,8120,15600,,1.00,1,1,4112x2570,P,1
4622,8.111,0.000,0.573,0.080,0.000,0.032,0.090,0.000,2.804,0.032,2.672,0.100,8120,15600,,1.00,1,1,4112x2570,P,1
4623,9.156,1.455,0.535,0.063,0.000,0.019,0.186,0.000,2.809,0.035,2.667,0.107,8120,15600,,1.00,1,1,4112x2570,P,1
4624,7.686,0.000,0.849,0.211,0.000,0.067,0.247,0.000,2.804,0.030,2.665,0.108,8120,15600,,1.00,1,1,4112x2570,P,1
4625,7.012,1.656,0.574,0.070,0.000,0.022,0.078,0.000,2.825,0.047,2.674,0.104,8120,15600,,1.00,1,1,4112x2570,P,1
4626,8.181,0.000,0.556,0.064,0.000,0.019,0.066,0.000,3.023,0.038,2.885,0.100,8120,15600,,1.00,1,1,4112x2570,P,1
4627,8.226,1.339,0.540,0.056,0.000,0.025,0.081,0.000,3.292,0.052,3.134,0.107,8120,15600,,1.00,1,1,4112x2570,P,1
4628,9.483,0.000,0.585,0.063,0.000,0.025,0.216,0.000,3.587,0.049,3.433,0.105,8120,15600,,1.00,1,1,4112x2570,P,1
4629,6.656,1.648,0.574,0.064,0.000,0.025,0.095,0.000,3.600,0.048,3.434,0.119,8120,15600,,1.00,1,1,4112x2570,P,1
4630,8.134,0.000,0.558,0.098,0.000,0.026,0.064,0.000,3.585,0.050,3.432,0.103,8120,15600,,1.00,1,1,4112x2570,P,1
4631,8.172,1.145,0.521,0.070,0.000,0.026,0.077,0.000,3.578,0.039,3.437,0.102,8120,15600,,1.00,1,1,4112x2570,P,1
4632,8.084,0.000,0.526,0.061,0.000,0.020,0.070,0.000,4.006,0.069,3.826,0.111,8120,15600,,1.00,1,1,4112x2570,P,1
4633,8.238,1.140,0.516,0.060,0.000,0.018,0.082,0.000,4.538,0.066,4.356,0.116,8120,15600,,1.00,1,1,4112x2570,P,1
4634,8.056,0.000,0.548,0.052,0.000,0.020,0.082,0.000,5.060,0.067,4.882,0.111,8120,15600,,1.00,1,1,4112x2570,P,1
4635,11.203,1.156,0.502,0.048,0.000,0.019,0.084,0.000,6.052,0.239,5.513,0.300,8120,15600,,1.00,1,1,4112x2570,P,1
4636,5.646,0.000,0.591,0.060,0.000,0.021,0.084,0.000,3.536,0.053,3.207,0.276,8120,15600,,1.00,1,1,4112x2570,P,1
4637,8.103,1.364,0.458,0.050,0.000,0.015,0.069,0.000,3.556,0.030,3.409,0.116,8120,15600,,1.00,1,1,4112x2570,P,1
4638,8.209,0.000,0.580,0.059,0.000,0.027,0.077,0.000,3.577,0.047,3.421,0.110,8120,15600,,1.00,1,1,4112x2570,P,1
4639,8.275,1.356,0.560,0.059,0.000,0.023,0.076,0.000,3.435,0.052,3.278,0.105,8120,15600,,1.00,1,1,4112x2570,P,1
4640,9.269,0.000,0.581,0.060,0.000,0.027,0.202,0.000,3.285,0.051,3.126,0.108,8120,15600,,1.00,1,1,4112x2570,P,1
4641,6.788,1.449,0.552,0.061,0.000,0.022,0.083,0.000,2.897,0.034,2.756,0.107,8120,15600,,1.00,1,1,4112x2570,P,1
4642,8.194,0.000,0.589,0.057,0.000,0.025,0.066,0.000,3.158,0.050,3.002,0.105,8120,15600,,1.00,1,1,4112x2570,P,1
4643,8.109,1.338,0.595,0.064,0.000,0.019,0.069,0.000,3.027,0.054,2.867,0.106,8120,15600,,1.00,1,1,4112x2570,P,1
4644,8.081,0.000,0.453,0.049,0.000,0.014,0.050,0.000,3.003,0.040,2.905,0.058,8120,15600,,1.00,1,1,4112x2570,P,1
4645,8.191,0.862,0.339,0.058,0.000,0.016,0.054,0.000,3.038,0.034,2.950,0.054,8120,15600,,1.00,1,1,4112x2570,P,1
4646,8.181,0.000,0.412,0.068,0.000,0.020,0.054,0.000,3.057,0.033,2.968,0.056,8120,15600,,1.00,1,1,4112x2570,P,1
4647,8.163,0.847,0.347,0.070,0.000,0.021,0.044,0.000,3.050,0.033,2.967,0.050,8120,15600,,1.00,1,1,4112x2570,P,1
4648,8.209,0.000,0.302,0.051,0.000,0.014,0.050,0.000,3.194,0.033,3.109,0.052,8120,15600,,1.00,1,1,4112x2570,P,1
4649,8.208,0.850,0.270,0.042,0.000,0.012,0.054,0.000,3.332,0.033,3.246,0.052,8120,15600,,1.00,1,1,4112x2570,P,1
4650,8.351,0.000,0.396,0.041,0.000,0.016,0.052,0.000,4.036,0.451,3.534,0.051,8120,15600,,1.00,1,1,4112x2570,P,1
4651,8.095,0.805,0.259,0.057,0.000,0.015,0.041,0.000,3.317,0.033,3.233,0.052,8120,15600,,1.00,1,1,4112x2570,P,1
4652,8.242,0.000,0.301,0.036,0.000,0.014,0.029,0.000,3.478,0.034,3.393,0.052,8120,15600,,1.00,1,1,4112x2570,P,1
4653,8.276,0.607,0.259,0.030,0.000,0.012,0.035,0.000,3.495,0.033,3.406,0.056,8120,15600,,1.00,1,1,4112x2570,P,1
4654,8.325,0.000,0.318,0.027,0.000,0.010,0.037,0.000,3.499,0.032,3.408,0.058,8120,15600,,1.00,1,1,4112x2570,P,1
4655,8.327,0.703,0.263,0.027,0.000,0.009,0.053,0.000,3.501,0.033,3.407,0.060,8120,15600,,1.00,1,1,4112x2570,P,1
4656,8.159,0.000,0.253,0.036,0.000,0.012,0.042,0.000,3.502,0.033,3.410,0.059,8120,15600,,1.00,1,1,4112x2570,P,1
4657,8.281,0.720,0.234,0.030,0.000,0.013,0.047,0.000,3.561,0.034,3.412,0.116,8120,15600,,1.00,1,1,4112x2570,P,1
4658,8.447,0.000,0.387,0.028,0.000,0.010,0.043,0.000,3.603,0.058,3.436,0.110,8120,15600,,1.00,1,1,4112x2570,P,1
4659,8.337,0.674,0.212,0.033,0.000,0.008,0.041,0.000,3.832,0.057,3.685,0.090,8120,15600,,1.00,1,1,4112x2570,P,1
4660,8.001,0.000,0.226,0.030,0.000,0.014,0.033,0.000,4.102,0.056,3.988,0.059,8120,15600,,1.00,1,1,4112x2570,P,1
4661,8.286,0.576,0.214,0.026,0.000,0.008,0.042,0.000,4.580,0.057,4.464,0.059,8120,15600,,1.00,1,1,4112x2570,P,1
4662,8.282,0.000,0.253,0.027,0.000,0.012,0.042,0.000,4.934,0.057,4.791,0.086,8120,15600,,1.00,1,1,4112x2570,P,1
4663,8.617,0.535,0.249,0.026,0.000,0.009,0.045,0.000,5.257,0.059,5.140,0.058,8120,15600,,1.00,1,1,4112x2570,P,1
4664,7.933,0.000,0.239,0.038,0.000,0.011,0.039,0.000,5.485,0.058,5.322,0.105,8120,15600,,1.00,1,1,4112x2570,P,1
4665,12.619,0.699,0.222,0.032,0.000,0.011,0.034,0.000,6.479,0.051,5.923,0.505,8120,15600,,1.00,1,1,4112x2570,P,1
4666,5.040,0.000,0.250,0.025,0.000,0.007,0.046,0.000,3.546,0.032,3.417,0.097,8120,15600,,1.00,1,1,4112x2570,P,1
4667,7.490,0.591,0.228,0.027,0.000,0.008,0.042,0.000,3.511,0.030,3.417,0.064,8120,15600,,1.00,1,1,4112x2570,P,1
4668,8.315,0.000,0.249,0.024,0.000,0.010,0.038,0.000,3.541,0.032,3.418,0.090,8120,15600,,1.00,1,1,4112x2570,P,1
4669,8.316,0.785,0.263,0.030,0.000,0.010,0.047,0.000,3.508,0.033,3.415,0.060,8120,15600,,1.00,1,1,4112x2570,P,1
4670,8.124,0.000,0.265,0.032,0.000,0.010,0.037,0.000,3.453,0.034,3.318,0.101,8120,15600,,1.00,1,1,4112x2570,P,1
4671,8.442,0.706,0.244,0.029,0.000,0.012,0.038,0.000,3.352,0.033,3.220,0.099,8120,15600,,1.00,1,1,4112x2570,P,1
4672,8.142,0.000,0.275,0.032,0.000,0.010,0.042,0.000,3.070,0.034,2.926,0.111,8120,15600,,1.00,1,1,4112x2570,P,1
4673,8.364,0.698,0.259,0.026,0.000,0.008,0.056,0.000,3.092,0.034,2.958,0.099,8120,15600,,1.00,1,1,4112x2570,P,1
4674,8.148,0.000,0.276,0.039,0.000,0.012,0.050,0.000,2.941,0.034,2.805,0.103,8120,15600,,1.00,1,1,4112x2570,P,1
4675,8.173,0.731,0.307,0.027,0.000,0.009,0.043,0.000,2.963,0.032,2.823,0.108,8120,15600,,1.00,1,1,4112x2570,P,1
4676,8.389,0.000,0.306,0.031,0.000,0.011,0.051,0.000,2.856,0.035,2.717,0.104,8120,15600,,1.00,1,1,4112x2570,P,1
4677,8.276,0.745,0.283,0.029,0.000,0.010,0.037,0.000,2.833,0.033,2.692,0.108,8120,15600,,1.00,1,1,4112x2570,P,1
4678,8.338,0.000,0.456,0.033,0.000,0.013,0.046,0.000,2.822,0.033,2.693,0.097,8120,15600,,1.00,1,1,4112x2570,P,1
4679,8.282,0.999,0.305,0.043,0.000,0.016,0.047,0.000,2.950,0.033,2.808,0.109,8120,15600,,1.00,1,1,4112x2570,P,1
4680,8.175,0.000,0.342,0.035,0.000,0.012,0.052,0.000,2.943,0.033,2.801,0.109,8120,15600,,1.00,1,1,4112x2570,P,1
4681,8.252,1.076,0.326,0.036,0.000,0.013,0.069,0.000,3.091,0.033,2.953,0.105,8120,15600,,1.00,1,1,4112x2570,P,1
4682,8.275,0.000,0.387,0.039,0.000,0.013,0.043,0.000,3.100,0.034,2.954,0.112,8120,15600,,1.00,1,1,4112x2570,P,1
4683,8.282,1.191,0.359,0.034,0.000,0.013,0.052,0.000,3.197,0.037,3.054,0.106,8120,15600,,1.00,1,1,4112x2570,P,1
4684,8.300,0.000,0.392,0.036,0.000,0.011,0.058,0.000,3.323,0.038,3.178,0.107,8120,15600,,1.00,1,1,4112x2570,P,1
4685,8.303,0.956,0.365,0.033,0.000,0.019,0.056,0.000,3.462,0.037,3.317,0.107,8120,15600,,1.00,1,1,4112x2570,P,1
4686,8.460,0.000,0.401,0.033,0.000,0.011,0.046,0.000,3.581,0.042,3.432,0.107,8120,15600,,1.00,1,1,4112x2570,P,1
4687,8.258,1.092,0.398,0.042,0.000,0.018,0.057,0.000,3.586,0.039,3.433,0.114,8120,15600,,1.00,1,1,4112x2570,P,1
4688,8.279,0.000,0.429,0.036,0.000,0.019,0.043,0.000,3.588,0.040,3.435,0.112,8120,15600,,1.00,1,1,4112x2570,P,1
4689,8.357,1.016,0.396,0.033,0.000,0.018,0.046,0.000,3.581,0.037,3.431,0.112,8120,15600,,1.00,1,1,4112x2570,P,1
4690,8.380,0.000,0.484,0.042,0.000,0.015,0.062,0.000,3.597,0.050,3.441,0.106,8120,15600,,1.00,1,1,4112x2570,P,1
4691,8.302,0.993,0.501,0.048,0.000,0.015,0.066,0.000,3.595,0.047,3.437,0.111,8120,15600,,1.00,1,1,4112x2570,P,1
4692,8.365,0.001,0.470,0.057,0.000,0.021,0.062,0.000,3.727,0.068,3.550,0.109,8120,15600,,1.00,1,1,4112x2570,P,1
4693,8.266,1.278,0.486,0.054,0.000,0.017,0.071,0.000,3.868,0.067,3.689,0.113,8120,15600,,1.00,1,1,4112x2570,P,1
4694,8.352,0.000,0.482,0.050,0.000,0.024,0.079,0.000,4.229,0.068,4.047,0.114,8120,15600,,1.00,1,1,4112x2570,P,1
4695,8.353,1.574,0.664,0.050,0.000,0.019,0.089,0.000,4.570,0.068,4.389,0.114,8120,15600,,1.00,1,1,4112x2570,P,1
4696,8.201,0.000,0.496,0.044,0.000,0.018,0.077,0.000,4.895,0.067,4.716,0.111,8120,15600,,1.00,1,1,4112x2570,P,1
4697,8.243,1.213,0.484,0.051,0.000,0.018,0.062,0.000,5.349,0.069,5.165,0.115,8120,15600,,1.00,1,1,4112x2570,P,1
4698,8.412,0.000,0.499,0.044,0.000,0.022,0.078,0.000,5.878,0.061,5.700,0.117,8120,15600,,1.00,1,1,4112x2570,P,1
4699,8.288,1.438,0.576,0.070,0.000,0.028,0.082,0.000,5.809,0.056,5.639,0.114,8120,15600,,1.00,1,1,4112x2570,P,1
4700,8.349,0.000,0.552,0.064,0.000,0.017,0.086,0.000,5.636,0.050,5.469,0.117,8120,15600,,1.00,1,1,4112x2570,P,1
4701,8.320,1.368,0.579,0.062,0.000,0.023,0.076,0.000,5.757,0.074,5.569,0.114,8120,15600,,1.00,1,1,4112x2570,P,1
4702,8.879,0.000,0.520,0.059,0.000,0.017,0.185,0.000,5.834,0.049,5.671,0.114,8120,15600,,1.00,1,1,4112x2570,P,1
4703,7.709,1.630,0.626,0.065,0.000,0.022,0.071,0.000,5.142,0.057,4.976,0.110,8120,15600,,1.00,1,1,4112x2570,P,1
4704,8.867,0.000,0.522,0.056,0.000,0.016,0.199,0.000,5.803,0.052,5.639,0.112,8120,15600,,1.00,1,1,4112x2570,P,1
4705,7.704,1.610,0.537,0.062,0.000,0.024,0.089,0.000,5.122,0.055,4.955,0.111,8120,15600,,1.00,1,1,4112x2570,P,1
4706,8.869,0.000,0.515,0.060,0.000,0.019,0.188,0.000,5.607,0.052,5.445,0.109,8120,15600,,1.00,1,1,4112x2570,P,1
4707,9.218,1.821,1.041,0.227,0.000,0.086,0.211,0.000,5.035,0.055,4.872,0.108,8120,15600,,1.00,1,1,4112x2570,P,1
4708,6.885,0.000,0.602,0.080,0.000,0.026,0.081,0.000,4.840,0.055,4.672,0.112,8120,15600,,1.00,1,1,4112x2570,P,1
4709,7.552,1.520,0.546,0.061,0.000,0.016,0.077,0.000,5.456,0.054,5.289,0.113,8120,15600,,1.00,1,1,4112x2570,P,1
4710,9.363,0.000,0.504,0.056,0.000,0.016,0.203,0.000,5.481,0.053,5.317,0.111,8120,15600,,1.00,1,1,4112x2570,P,1
4711,7.110,1.837,1.128,0.065,0.000,0.030,0.077,0.000,4.491,0.056,4.322,0.112,8120,15600,,1.00,1,1,4112x2570,P,1
4712,8.309,0.000,0.500,0.060,0.000,0.018,0.061,0.000,5.282,0.053,5.122,0.108,8120,15600,,1.00,1,1,4112x2570,P,1
4713,8.458,1.402,0.555,0.055,0.000,0.017,0.196,0.000,5.156,0.069,4.978,0.109,8120,15600,,1.00,1,1,4112x2570,P,1
4714,9.086,0.000,0.580,0.053,0.000,0.017,0.212,0.000,5.170,0.069,4.987,0.114,8120,15600,,1.00,1,1,4112x2570,P,1
4715,7.404,1.730,0.950,0.259,0.000,0.087,0.083,0.000,4.662,0.055,4.496,0.111,8120,15600,,1.00,1,1,4112x2570,P,1
4716,9.302,0.000,0.538,0.066,0.000,0.018,0.189,0.000,5.284,0.052,5.121,0.110,8120,15600,,1.00,1,1,4112x2570,P,1
4717,7.252,1.750,0.975,0.305,0.000,0.084,0.081,0.000,4.598,0.055,4.430,0.113,8120,15600,,1.00,1,1,4112x2570,P,1
4718,8.314,0.000,0.508,0.065,0.000,0.017,0.077,0.000,5.290,0.052,5.123,0.115,8120,15600,,1.00,1,1,4112x2570,P,1
4719,8.289,1.419,0.559,0.064,0.000,0.023,0.074,0.000,5.167,0.069,4.985,0.114,8120,15600,,1.00,1,1,4112x2570,P,1
4720,8.264,0.000,0.732,0.322,0.000,0.181,0.069,0.000,5.187,0.072,5.005,0.111,8120,15600,,1.00,1,1,4112x2570,P,1
4721,16.743,1.379,0.568,0.072,0.000,0.020,0.071,0.000,5.133,0.069,4.952,0.111,8120,15600,,1.00,1,1,4112x2570,P,1
4722,7.790,1.724,0.585,0.183,0.000,0.021,0.086,0.000,5.416,0.068,5.233,0.114,8120,15600,drag_snap,1.00,1,0,4112x2570,P,1
4723,8.274,0.000,0.543,0.058,0.000,0.016,0.079,0.000,5.793,0.057,5.625,0.111,8120,15600,,1.00,1,0,4112x2570,P,1
4724,8.310,1.464,0.530,0.055,0.000,0.016,0.071,0.000,5.637,0.060,5.462,0.115,8120,15600,,1.00,1,0,4112x2570,P,1
4725,9.277,0.000,0.579,0.055,0.000,0.024,0.243,0.000,5.532,0.067,5.350,0.116,8120,15600,,1.00,1,0,4112x2570,P,1
4726,7.342,1.584,0.559,0.065,0.000,0.022,0.066,0.000,4.989,0.055,4.824,0.110,8120,15600,,1.00,1,0,4112x2570,P,1
4727,8.895,0.000,0.532,0.060,0.000,0.016,0.188,0.000,5.811,0.050,5.644,0.118,8120,15600,,1.00,1,0,4112x2570,P,1
4728,7.987,1.675,0.975,0.246,0.000,0.076,0.079,0.000,5.127,0.056,4.961,0.111,8120,15600,,1.00,1,0,4112x2570,P,1
4729,8.953,0.000,0.524,0.067,0.000,0.020,0.205,0.000,5.490,0.052,5.309,0.128,8120,15600,,1.00,1,0,4112x2570,P,1
4730,7.994,1.782,0.596,0.076,0.000,0.024,0.112,0.000,4.809,0.056,4.638,0.115,8120,15600,,1.00,1,0,4112x2570,P,1
4731,7.662,0.001,0.821,0.256,0.000,0.080,0.089,0.000,5.205,0.051,5.042,0.113,8120,15600,,1.00,1,0,4112x2570,P,1
4732,8.310,1.252,0.527,0.103,0.000,0.032,0.060,0.000,5.751,0.058,5.634,0.059,8120,15600,,1.00,1,0,4112x2570,P,1
4733,8.295,0.000,0.405,0.058,0.000,0.016,0.075,0.000,5.737,0.058,5.568,0.111,8120,15600,,1.00,1,0,4112x2570,P,1
4734,8.303,1.121,0.368,0.055,0.000,0.014,0.056,0.000,5.824,0.050,5.661,0.113,8120,15600,,1.00,1,0,4112x2570,P,1
4735,8.311,0.000,0.412,0.045,0.000,0.013,0.057,0.000,5.761,0.059,5.584,0.119,8120,15600,,1.00,1,0,4112x2570,P,1
4736,8.333,1.059,0.351,0.042,0.000,0.011,0.064,0.000,5.939,0.059,5.765,0.115,8120,15600,,1.00,1,0,4112x2570,P,1
4737,8.311,0.000,0.392,0.044,0.000,0.013,0.046,0.000,5.998,0.051,5.837,0.110,8120,15600,,1.00,1,0,4112x2570,P,1
4738,8.380,1.128,0.357,0.048,0.000,0.012,0.080,0.000,5.850,0.052,5.683,0.115,8120,15600,,1.00,1,0,4112x2570,P,1
4739,8.361,0.000,0.464,0.055,0.000,0.020,0.067,0.000,5.724,0.056,5.555,0.112,8120,15600,,1.00,1,0,4112x2570,P,1
4740,8.264,1.503,0.416,0.048,0.000,0.015,0.074,0.000,5.729,0.056,5.551,0.122,8120,15600,,1.00,1,0,4112x2570,P,1
4741,8.320,0.000,0.453,0.047,0.000,0.014,0.064,0.000,5.804,0.048,5.643,0.112,8120,15600,,1.00,1,0,4112x2570,P,1
4742,8.328,1.238,0.410,0.048,0.000,0.012,0.075,0.000,5.757,0.058,5.577,0.122,8120,15600,,1.00,1,0,4112x2570,P,1
4743,8.323,0.000,0.458,0.050,0.000,0.025,0.061,0.000,5.705,0.059,5.530,0.116,8120,15600,,1.00,1,0,4112x2570,P,1
4744,8.364,1.266,0.454,0.053,0.000,0.016,0.088,0.000,5.810,0.048,5.649,0.112,8120,15600,,1.00,1,0,4112x2570,P,1
4745,8.303,0.000,0.555,0.051,0.000,0.016,0.060,0.000,5.605,0.054,5.439,0.112,8120,15600,,1.00,1,0,4112x2570,P,1
4746,8.306,1.420,0.492,0.051,0.000,0.015,0.053,0.000,5.538,0.061,5.359,0.118,8120,15600,,1.00,1,0,4112x2570,P,1
4747,8.324,0.000,0.562,0.069,0.000,0.016,0.057,0.000,5.594,0.050,5.427,0.116,8120,15600,,1.00,1,0,4112x2570,P,1
4748,8.393,1.375,0.520,0.053,0.000,0.015,0.064,0.000,5.628,0.058,5.457,0.113,8120,15600,,1.00,1,0,4112x2570,P,1
4749,8.314,0.000,0.554,0.067,0.000,0.022,0.081,0.000,5.465,0.063,5.291,0.111,8120,15600,,1.00,1,0,4112x2570,P,1
4750,8.293,1.578,0.542,0.060,0.000,0.020,0.091,0.000,5.546,0.053,5.383,0.110,8120,15600,,1.00,1,0,4112x2570,P,1
4751,8.343,0.000,0.713,0.061,0.000,0.021,0.074,0.000,5.601,0.063,5.452,0.086,8120,15600,,1.00,1,0,4112x2570,P,1
4752,8.133,1.057,0.415,0.072,0.000,0.019,0.050,0.000,5.422,0.062,5.300,0.060,8120,15600,,1.00,1,0,4112x2570,P,1
4753,8.311,0.000,0.495,0.040,0.000,0.015,0.052,0.000,5.560,0.057,5.444,0.059,8120,15600,,1.00,1,0,4112x2570,P,1
4754,8.314,0.824,0.324,0.033,0.000,0.010,0.048,0.000,5.572,0.059,5.455,0.059,8120,15600,,1.00,1,0,4112x2570,P,1
4755,8.300,0.000,0.292,0.027,0.000,0.009,0.042,0.000,5.540,0.056,5.426,0.059,8120,15600,,1.00,1,0,4112x2570,P,1
4756,8.293,0.632,0.240,0.024,0.000,0.007,0.027,0.000,5.581,0.059,5.463,0.060,8120,15600,,1.00,1,0,4112x2570,P,1
4757,8.315,0.000,0.243,0.023,0.000,0.008,0.026,0.000,5.762,0.056,5.646,0.060,8120,15600,,1.00,1,0,4112x2570,P,1
4758,8.476,0.570,0.222,0.021,0.000,0.006,0.028,0.000,5.841,0.056,5.670,0.115,8120,15600,,1.00,1,0,4112x2570,P,1
4759,8.274,0.000,0.267,0.026,0.000,0.008,0.027,0.000,5.866,0.056,5.694,0.116,8120,15600,,1.00,1,0,4112x2570,P,1
4760,8.282,0.685,0.239,0.027,0.000,0.007,0.030,0.000,5.883,0.053,5.735,0.095,8120,15600,,1.00,1,0,4112x2570,P,1
4761,8.324,0.000,0.274,0.027,0.000,0.007,0.045,0.000,5.817,0.055,5.649,0.112,8120,15600,,1.00,1,0,4112x2570,P,1
4762,8.416,0.728,0.266,0.031,0.000,0.009,0.047,0.000,5.863,0.052,5.751,0.060,8120,15600,,1.00,1,0,4112x2570,P,1
4763,8.320,0.000,0.422,0.045,0.000,0.016,0.050,0.000,5.866,0.056,5.747,0.062,8120,15600,,1.00,1,0,4112x2570,P,1
4764,8.339,0.691,0.287,0.057,0.000,0.017,0.046,0.000,5.929,0.058,5.762,0.110,8120,15600,,1.00,1,0,4112x2570,P,1
4765,8.232,0.000,0.299,0.050,0.000,0.016,0.046,0.000,5.940,0.050,5.830,0.061,8120,15600,,1.00,1,0,4112x2570,P,1
4766,8.383,0.644,0.238,0.043,0.000,0.010,0.048,0.000,5.900,0.056,5.787,0.057,8120,15600,,1.00,1,0,4112x2570,P,1
4767,8.264,0.000,0.266,0.044,0.000,0.012,0.066,0.000,6.060,0.058,5.943,0.059,8120,15600,,1.00,1,0,4112x2570,P,1
4768,8.306,0.549,0.234,0.029,0.000,0.009,0.041,0.000,6.191,0.050,6.082,0.058,8120,15600,,1.00,1,0,4112x2570,P,1
4769,8.301,0.000,0.240,0.028,0.000,0.009,0.026,0.000,6.103,0.057,5.987,0.058,8120,15600,,1.00,1,0,4112x2570,P,1
4770,8.332,0.626,0.212,0.024,0.000,0.008,0.035,0.000,6.206,0.049,6.096,0.061,8120,15600,,1.00,1,0,4112x2570,P,1
4771,8.402,0.000,0.240,0.025,0.000,0.009,0.038,0.000,6.312,0.058,6.124,0.130,8120,15600,,1.00,1,0,4112x2570,P,1
4772,8.260,0.697,0.218,0.024,0.000,0.007,0.037,0.000,6.265,0.051,6.065,0.149,8120,15600,,1.00,1,0,4112x2570,P,1
4773,8.310,0.000,0.252,0.027,0.000,0.008,0.026,0.000,5.858,0.050,5.747,0.061,8120,15600,,1.00,1,0,4112x2570,P,1
4774,8.342,0.582,0.212,0.024,0.000,0.007,0.041,0.000,5.813,0.057,5.648,0.108,8120,15600,,1.00,1,0,4112x2570,P,1
4775,8.492,0.000,0.249,0.027,0.000,0.007,0.030,0.000,5.811,0.057,5.647,0.108,8120,15600,,1.00,1,0,4112x2570,P,1
4776,8.171,0.560,0.224,0.021,0.000,0.010,0.032,0.000,5.556,0.055,5.385,0.116,8120,15600,,1.00,1,0,4112x2570,P,1
4777,8.483,0.000,0.259,0.024,0.000,0.013,0.035,0.000,5.732,0.056,5.564,0.112,8120,15600,,1.00,1,0,4112x2570,P,1
4778,8.122,0.628,0.224,0.024,0.000,0.007,0.027,0.000,5.493,0.055,5.379,0.059,8120,15600,,1.00,1,0,4112x2570,P,1
4779,8.413,0.000,0.403,0.031,0.000,0.012,0.044,0.000,5.626,0.056,5.465,0.104,8120,15600,,1.00,1,0,4112x2570,P,1
4780,8.283,0.577,0.224,0.036,0.000,0.010,0.036,0.000,5.537,0.056,5.420,0.061,8120,15600,,1.00,1,0,4112x2570,P,1
4781,8.355,0.000,0.239,0.034,0.022,0.008,0.035,0.000,5.619,0.058,5.458,0.102,8120,15600,,1.00,1,0,4112x2570,P,1
4782,8.262,0.562,0.218,0.025,0.000,0.007,0.027,0.000,5.632,0.056,5.445,0.130,8120,15600,,1.00,1,0,4112x2570,P,1
4783,8.448,0.000,0.260,0.026,0.000,0.011,0.029,0.000,5.740,0.052,5.578,0.110,8120,15600,,1.00,1,0,4112x2570,P,1
4784,8.250,0.638,0.226,0.025,0.000,0.007,0.053,0.000,5.552,0.056,5.417,0.079,8120,15600,,1.00,1,0,4112x2570,P,1
4785,8.375,0.000,0.276,0.029,0.000,0.013,0.030,0.000,5.618,0.056,5.457,0.105,8120,15600,,1.00,1,0,4112x2570,P,1
4786,8.279,0.637,0.233,0.024,0.000,0.008,0.044,0.000,5.582,0.057,5.426,0.099,8120,15600,,1.00,1,0,4112x2570,P,1
4787,8.357,0.000,0.329,0.028,0.000,0.009,0.033,0.000,5.610,0.056,5.447,0.107,8120,15600,,1.00,1,0,4112x2570,P,1
4788,8.346,0.689,0.252,0.026,0.000,0.008,0.044,0.000,5.590,0.056,5.436,0.098,8120,15600,,1.00,1,0,4112x2570,P,1
4789,8.335,0.000,0.300,0.027,0.000,0.012,0.053,0.000,5.598,0.056,5.434,0.108,8120,15600,,1.00,1,0,4112x2570,P,1
4790,8.465,0.732,0.268,0.025,0.000,0.008,0.043,0.000,5.616,0.057,5.461,0.098,8120,15600,,1.00,1,0,4112x2570,P,1
4791,8.160,0.000,0.303,0.027,0.000,0.009,0.031,0.000,5.524,0.056,5.361,0.107,8120,15600,,1.00,1,0,4112x2570,P,1
4792,8.339,0.746,0.276,0.028,0.000,0.008,0.033,0.000,5.693,0.051,5.537,0.105,8120,15600,,1.00,1,0,4112x2570,P,1
4793,8.347,0.000,0.297,0.027,0.000,0.008,0.032,0.000,5.595,0.055,5.427,0.113,8120,15600,,1.00,1,0,4112x2570,P,1
4794,8.355,0.797,0.321,0.029,0.000,0.011,0.033,0.000,5.615,0.058,5.444,0.113,8120,15600,,1.00,1,0,4112x2570,P,1
4795,8.306,0.000,0.346,0.028,0.000,0.009,0.035,0.000,5.756,0.056,5.589,0.111,8120,15600,,1.00,1,0,4112x2570,P,1
4796,8.358,0.804,0.310,0.028,0.000,0.009,0.040,0.000,5.846,0.051,5.712,0.083,8120,15600,,1.00,1,0,4112x2570,P,1
4797,8.318,0.000,0.477,0.032,0.000,0.014,0.037,0.000,5.770,0.058,5.605,0.108,8120,15600,,1.00,1,0,4112x2570,P,1
4798,8.334,0.894,0.360,0.034,0.000,0.010,0.035,0.000,5.880,0.058,5.702,0.120,8120,15600,,1.00,1,0,4112x2570,P,1
4799,8.359,0.000,0.423,0.032,0.000,0.011,0.065,0.000,5.661,0.060,5.484,0.118,8120,15600,,1.00,1,0,4112x2570,P,1
4800,8.302,0.865,0.461,0.030,0.000,0.011,0.045,0.000,5.565,0.061,5.393,0.111,8120,15600,,1.00,1,0,4112x2570,P,1
4801,8.322,0.000,0.421,0.036,0.000,0.017,0.046,0.000,5.663,0.053,5.499,0.110,8120,15600,,1.00,1,0,4112x2570,P,1
4802,8.374,0.988,0.388,0.036,0.000,0.011,0.055,0.000,5.554,0.062,5.379,0.113,8120,15600,,1.00,1,0,4112x2570,P,1
4803,8.349,0.000,0.456,0.038,0.000,0.013,0.066,0.000,5.629,0.054,5.464,0.111,8120,15600,,1.00,1,0,4112x2570,P,1
4804,8.247,1.236,0.475,0.046,0.000,0.014,0.042,0.000,5.536,0.070,5.354,0.111,8120,15600,,1.00,1,0,4112x2570,P,1
4805,8.452,0.000,0.457,0.039,0.000,0.016,0.068,0.000,5.694,0.064,5.512,0.119,8120,15600,,1.00,1,0,4112x2570,P,1
4806,8.208,1.294,0.499,0.076,0.000,0.022,0.048,0.000,5.424,0.071,5.295,0.058,8120,15600,,1.00,1,0,4112x2570,P,1
4807,8.362,0.000,0.466,0.047,0.000,0.012,0.050,0.000,5.576,0.057,5.410,0.109,8120,15600,,1.00,1,0,4112x2570,P,1
4808,8.342,0.906,0.336,0.039,0.000,0.011,0.053,0.000,5.551,0.057,5.385,0.109,8120,15600,,1.00,1,0,4112x2570,P,1
4809,8.260,0.000,0.356,0.036,0.000,0.013,0.062,0.000,5.560,0.057,5.392,0.112,8120,15600,,1.00,1,0,4112x2570,P,1
4810,8.337,0.883,0.337,0.030,0.000,0.010,0.039,0.000,5.561,0.056,5.384,0.120,8120,15600,,1.00,1,0,4112x2570,P,1
4811,8.372,0.000,0.359,0.032,0.000,0.011,0.065,0.000,5.582,0.059,5.416,0.108,8120,15600,,1.00,1,0,4112x2570,P,1
4812,8.314,1.190,0.380,0.037,0.000,0.012,0.072,0.000,5.765,0.058,5.597,0.110,8120,15600,,1.00,1,0,4112x2570,P,1
4813,8.340,0.000,0.407,0.039,0.000,0.014,0.067,0.000,5.829,0.053,5.662,0.114,8120,15600,,1.00,1,0,4112x2570,P,1
4814,8.343,0.998,0.369,0.035,0.000,0.011,0.076,0.000,5.728,0.059,5.549,0.120,8120,15600,,1.00,1,0,4112x2570,P,1
4815,8.328,0.000,0.440,0.046,0.000,0.014,0.054,0.000,5.823,0.053,5.659,0.111,8120,15600,,1.00,1,0,4112x2570,P,1
4816,8.311,1.332,0.411,0.047,0.000,0.013,0.074,0.000,5.743,0.056,5.572,0.115,8120,15600,,1.00,1,0,4112x2570,P,1
4817,8.302,0.000,0.430,0.045,0.000,0.014,0.063,0.000,5.992,0.050,5.827,0.115,8120,15600,,1.00,1,0,4112x2570,P,1
4818,8.333,1.224,0.413,0.042,0.000,0.014,0.074,0.000,5.984,0.050,5.819,0.115,8120,15600,,1.00,1,0,4112x2570,P,1
4819,8.360,0.000,0.464,0.042,0.000,0.013,0.079,0.000,5.827,0.052,5.664,0.111,8120,15600,,1.00,1,0,4112x2570,P,1
4820,8.352,1.165,0.419,0.041,0.000,0.013,0.083,0.000,5.753,0.058,5.579,0.116,8120,15600,,1.00,1,0,4112x2570,P,1
4821,8.301,0.000,0.533,0.051,0.000,0.015,0.069,0.000,5.794,0.052,5.631,0.111,8120,15600,,1.00,1,0,4112x2570,P,1
4822,8.304,1.460,0.518,0.052,0.000,0.016,0.054,0.000,5.616,0.061,5.467,0.089,8120,15600,,1.00,1,0,4112x2570,P,1
4823,8.330,0.000,0.545,0.053,0.000,0.016,0.054,0.000,5.531,0.062,5.355,0.114,8120,15600,,1.00,1,0,4112x2570,P,1
4824,9.340,1.357,0.526,0.051,0.000,0.015,0.187,0.000,5.478,0.059,5.306,0.113,8120,15600,,1.00,1,0,4112x2570,P,1
4825,7.808,0.001,0.949,0.226,0.000,0.080,0.114,0.000,4.766,0.057,4.595,0.115,8120,15600,,1.00,1,0,4112x2570,P,1
4826,8.296,1.647,1.254,0.194,0.000,0.069,0.157,0.000,5.127,0.058,4.958,0.112,8120,15600,,1.00,1,0,4112x2570,P,1
4827,7.795,0.002,0.985,0.269,0.000,0.116,0.091,0.000,4.952,0.056,4.783,0.114,8120,15600,,1.00,1,0,4112x2570,P,1
4828,8.271,1.400,0.559,0.074,0.000,0.021,0.061,0.000,5.441,0.050,5.277,0.114,8120,15600,,1.00,1,0,4112x2570,P,1
4829,7.891,0.000,0.599,0.068,0.000,0.025,0.075,0.000,5.331,0.069,5.151,0.110,8120,15600,,1.00,1,0,4112x2570,P,1
4830,8.244,1.487,0.496,0.056,0.000,0.014,0.072,0.000,5.503,0.059,5.326,0.117,8120,15600,,1.00,1,0,4112x2570,P,1
4831,8.089,0.000,0.546,0.085,0.000,0.026,0.070,0.000,5.324,0.070,5.139,0.115,8120,15600,,1.00,1,0,4112x2570,P,1
4832,8.102,1.160,0.560,0.078,0.000,0.020,0.078,0.000,5.657,0.062,5.486,0.109,8120,15600,,1.00,1,0,4112x2570,P,1
4833,8.243,0.000,0.535,0.059,0.000,0.017,0.062,0.000,5.549,0.072,5.368,0.109,8120,15600,,1.00,1,0,4112x2570,P,1
4834,8.118,1.175,0.465,0.059,0.000,0.016,0.050,0.000,5.599,0.054,5.431,0.114,8120,15600,,1.00,1,0,4112x2570,P,1
4835,8.301,0.000,0.482,0.047,0.000,0.015,0.078,0.000,5.647,0.053,5.482,0.112,8120,15600,,1.00,1,0,4112x2570,P,1
4836,8.154,1.488,0.521,0.063,0.000,0.019,0.057,0.000,5.557,0.072,5.374,0.111,8120,15600,,1.00,1,0,4112x2570,P,1
4837,8.213,0.000,0.484,0.062,0.000,0.019,0.068,0.000,5.652,0.059,5.479,0.114,8120,15600,,1.00,1,0,4112x2570,P,1
4838,8.145,1.292,0.505,0.073,0.000,0.023,0.068,0.000,5.627,0.059,5.461,0.107,8120,15600,,1.00,1,0,4112x2570,P,1
4839,8.299,0.000,0.490,0.050,0.000,0.017,0.058,0.000,5.529,0.067,5.352,0.110,8120,15600,,1.00,1,0,4112x2570,P,1
4840,8.102,1.251,0.536,0.061,0.000,0.020,0.059,0.000,5.614,0.058,5.443,0.113,8120,15600,,1.00,1,0,4112x2570,P,1
4841,8.214,0.000,0.589,0.047,0.000,0.017,0.053,0.000,5.646,0.054,5.478,0.115,8120,15600,,1.00,1,0,4112x2570,P,1
4842,8.415,1.028,0.470,0.045,0.000,0.014,0.058,0.000,5.686,0.064,5.512,0.110,8120,15600,,1.00,1,0,4112x2570,P,1
4843,8.108,0.000,0.495,0.042,0.000,0.015,0.081,0.000,5.440,0.072,5.263,0.105,8120,15600,,1.00,1,0,4112x2570,P,1
4844,8.180,1.052,0.505,0.058,0.000,0.017,0.056,0.000,5.664,0.058,5.497,0.109,8120,15600,,1.00,1,0,4112x2570,P,1
4845,8.341,0.000,0.475,0.049,0.000,0.015,0.056,0.000,5.542,0.067,5.364,0.112,8120,15600,,1.00,1,0,4112x2570,P,1
4846,8.093,0.988,0.440,0.049,0.000,0.015,0.057,0.000,5.810,0.060,5.635,0.114,8120,15600,,1.00,1,0,4112x2570,P,1
4847,8.243,0.000,0.443,0.043,0.000,0.012,0.060,0.000,5.679,0.059,5.512,0.109,8120,15600,,1.00,1,0,4112x2570,P,1
4848,8.207,0.994,0.403,0.054,0.000,0.018,0.067,0.000,5.559,0.070,5.379,0.110,8120,15600,,1.00,1,0,4112x2570,P,1
4849,8.315,0.000,0.388,0.042,0.000,0.012,0.074,0.000,5.690,0.056,5.523,0.111,8120,15600,,1.00,1,0,4112x2570,P,1
4850,8.155,0.913,0.411,0.042,0.000,0.015,0.061,0.000,5.392,0.067,5.212,0.114,8120,15600,,1.00,1,0,4112x2570,P,1
4851,8.106,0.000,0.444,0.042,0.000,0.016,0.041,0.000,5.413,0.070,5.233,0.110,8120,15600,,1.00,1,0,4112x2570,P,1
4852,8.346,0.876,0.484,0.077,0.000,0.028,0.051,0.000,5.558,0.067,5.374,0.118,8120,15600,,1.00,1,0,4112x2570,P,1
4853,8.240,0.000,0.359,0.044,0.000,0.013,0.076,0.000,5.354,0.057,5.237,0.060,8120,15600,,1.00,1,0,4112x2570,P,1
4854,8.108,1.175,0.342,0.049,0.000,0.021,0.058,0.000,5.476,0.056,5.360,0.060,8120,15600,,1.00,1,0,4112x2570,P,1
4855,8.150,0.000,0.341,0.053,0.000,0.015,0.049,0.000,5.529,0.057,5.413,0.059,8120,15600,,1.00,1,0,4112x2570,P,1
4856,8.227,0.848,0.279,0.043,0.000,0.012,0.039,0.000,5.559,0.057,5.444,0.058,8120,15600,,1.00,1,0,4112x2570,P,1
4857,8.225,0.000,0.275,0.037,0.000,0.012,0.043,0.000,5.547,0.058,5.431,0.059,8120,15600,,1.00,1,0,4112x2570,P,1
4858,8.267,0.666,0.294,0.030,0.000,0.011,0.044,0.000,5.762,0.057,5.648,0.058,8120,15600,,1.00,1,0,4112x2570,P,1
4859,8.233,0.000,0.410,0.028,0.000,0.010,0.036,0.000,5.753,0.057,5.639,0.058,8120,15600,,1.00,1,0,4112x2570,P,1
4860,8.318,0.633,0.229,0.027,0.000,0.008,0.038,0.000,5.756,0.057,5.642,0.058,8120,15600,,1.00,1,0,4112x2570,P,1
4861,8.263,0.000,0.244,0.026,0.000,0.008,0.037,0.000,5.931,0.057,5.788,0.086,8120,15600,,1.00,1,0,4112x2570,P,1
4862,8.406,0.646,0.236,0.030,0.000,0.010,0.063,0.000,5.983,0.050,5.871,0.062,8120,15600,,1.00,1,0,4112x2570,P,1
4863,8.124,0.000,0.278,0.044,0.000,0.013,0.054,0.000,5.830,0.058,5.713,0.059,8120,15600,,1.00,1,0,4112x2570,P,1
4864,8.142,0.631,0.227,0.052,0.000,0.014,0.036,0.000,6.023,0.057,5.907,0.058,8120,15600,,1.00,1,0,4112x2570,P,1
4865,8.224,0.000,0.247,0.041,0.000,0.012,0.043,0.000,6.144,0.049,6.035,0.060,8120,15600,,1.00,1,0,4112x2570,P,1
4866,8.158,0.713,0.253,0.046,0.000,0.013,0.051,0.000,6.144,0.057,5.936,0.151,8120,15600,,1.00,1,0,4112x2570,P,1
4867,8.193,0.000,0.419,0.045,0.000,0.013,0.038,0.000,6.324,0.050,6.091,0.183,8120,15600,,1.00,1,0,4112x2570,P,1
4868,8.538,0.590,0.248,0.030,0.000,0.009,0.044,0.000,5.527,0.050,5.417,0.060,8120,15600,,1.00,1,0,4112x2570,P,1
4869,8.024,0.000,0.345,0.042,0.000,0.014,0.052,0.000,5.337,0.058,5.176,0.103,8120,15600,,1.00,1,0,4112x2570,P,1
4870,8.351,0.733,0.240,0.036,0.000,0.010,0.034,0.000,5.263,0.056,5.103,0.104,8120,15600,,1.00,1,0,4112x2570,P,1
4871,8.114,0.000,0.283,0.026,0.000,0.010,0.034,0.000,5.228,0.057,5.056,0.115,8120,15600,,1.00,1,0,4112x2570,P,1
4872,8.428,0.637,0.240,0.034,0.000,0.011,0.049,0.000,5.284,0.059,5.119,0.106,8120,15600,,1.00,1,0,4112x2570,P,1
4873,8.241,0.000,0.264,0.029,0.000,0.009,0.039,0.000,4.991,0.058,4.836,0.097,8120,15600,,1.00,1,0,4112x2570,P,1
4874,8.240,0.762,0.239,0.030,0.000,0.010,0.043,0.000,5.011,0.056,4.847,0.108,8120,15600,,1.00,1,0,4112x2570,P,1
4875,8.144,0.000,0.266,0.025,0.000,0.008,0.042,0.000,4.996,0.056,4.850,0.090,8120,15600,,1.00,1,0,4112x2570,P,1
4876,8.208,0.683,0.243,0.024,0.000,0.011,0.037,0.000,5.081,0.058,4.911,0.112,8120,15600,,1.00,1,0,4112x2570,P,1
4877,8.308,0.000,0.243,0.024,0.000,0.008,0.039,0.000,5.097,0.056,4.931,0.110,8120,15600,,1.00,1,0,4112x2570,P,1
4878,8.409,0.629,0.238,0.024,0.000,0.007,0.029,0.000,4.939,0.058,4.770,0.111,8120,15600,,1.00,1,0,4112x2570,P,1
4879,8.248,0.000,0.265,0.022,0.000,0.007,0.029,0.000,4.992,0.057,4.837,0.098,8120,15600,,1.00,1,0,4112x2570,P,1
4880,8.280,0.618,0.254,0.022,0.000,0.007,0.030,0.000,5.054,0.056,4.882,0.116,8120,15600,,1.00,1,0,4112x2570,P,1
4881,8.272,0.000,0.250,0.023,0.000,0.007,0.033,0.000,5.007,0.056,4.857,0.094,8120,15600,,1.00,1,0,4112x2570,P,1
4882,8.215,0.639,0.252,0.023,0.000,0.008,0.044,0.000,4.987,0.057,4.871,0.060,8120,15600,,1.00,1,0,4112x2570,P,1
4883,8.244,0.000,0.246,0.040,0.000,0.012,0.050,0.000,4.990,0.058,4.875,0.057,8120,15600,,1.00,1,0,4112x2570,P,1
4884,8.216,0.676,0.273,0.054,0.000,0.016,0.048,0.000,4.988,0.057,4.874,0.057,8120,15600,,1.00,1,0,4112x2570,P,1
4885,8.075,0.000,0.269,0.057,0.000,0.018,0.046,0.000,5.165,0.058,5.050,0.058,8120,15600,,1.00,1,0,4112x2570,P,1
4886,8.375,0.613,0.236,0.042,0.000,0.011,0.052,0.000,5.209,0.056,5.095,0.058,8120,15600,,1.00,1,0,4112x2570,P,1
4887,8.171,0.000,0.249,0.044,0.000,0.012,0.039,0.000,5.369,0.058,5.254,0.058,8120,15600,,1.00,1,0,4112x2570,P,1
4888,8.338,0.695,0.224,0.030,0.000,0.008,0.047,0.000,5.392,0.056,5.276,0.060,8120,15600,,1.00,1,0,4112x2570,P,1
4889,8.213,0.000,0.257,0.030,0.000,0.009,0.028,0.000,5.554,0.056,5.440,0.058,8120,15600,,1.00,1,0,4112x2570,P,1
4890,8.275,0.656,0.219,0.024,0.000,0.008,0.033,0.000,5.757,0.056,5.642,0.058,8120,15600,,1.00,1,0,4112x2570,P,1
4891,8.299,0.000,0.239,0.024,0.000,0.009,0.045,0.000,5.768,0.057,5.649,0.062,8120,15600,,1.00,1,0,4112x2570,P,1
4892,8.321,0.557,0.218,0.024,0.000,0.007,0.035,0.000,5.929,0.057,5.814,0.058,8120,15600,,1.00,1,0,4112x2570,P,1
4893,8.341,0.000,0.238,0.020,0.000,0.011,0.033,0.000,5.945,0.057,5.805,0.083,8120,15600,,1.00,1,0,4112x2570,P,1
4894,8.320,0.543,0.210,0.025,0.000,0.007,0.034,0.000,6.018,0.056,5.897,0.064,8120,15600,,1.00,1,0,4112x2570,P,1
4895,8.347,0.000,0.248,0.026,0.000,0.008,0.036,0.000,6.105,0.056,5.992,0.057,8120,15600,,1.00,1,0,4112x2570,P,1
4896,8.367,0.627,0.220,0.029,0.000,0.008,0.042,0.000,6.306,0.051,6.084,0.172,8120,15600,,1.00,1,0,4112x2570,P,1
4897,8.284,0.000,0.245,0.027,0.000,0.008,0.039,0.000,6.049,0.050,5.886,0.114,8120,15600,,1.00,1,0,4112x2570,P,1
4898,8.362,0.555,0.214,0.023,0.000,0.007,0.035,0.000,5.930,0.058,5.775,0.098,8120,15600,,1.00,1,0,4112x2570,P,1
4899,8.268,0.000,0.262,0.024,0.000,0.007,0.026,0.000,5.894,0.057,5.778,0.060,8120,15600,,1.00,1,0,4112x2570,P,1
4900,8.120,0.567,0.212,0.026,0.000,0.007,0.030,0.000,5.968,0.059,5.805,0.104,8120,15600,drag_start,1.00,1,1,4112x2570,P,1
4901,8.398,0.000,0.252,0.025,0.000,0.013,0.040,0.000,6.017,0.052,5.905,0.059,8120,15600,,1.00,1,1,4112x2570,P,1
4902,8.271,0.650,0.221,0.037,0.000,0.012,0.027,0.000,5.951,0.058,5.787,0.106,8120,15600,,1.00,1,1,4112x2570,P,1
4903,8.343,0.000,0.228,0.025,0.000,0.012,0.054,0.000,6.063,0.050,5.900,0.113,8120,15600,,1.00,1,1,4112x2570,P,1
4904,8.291,0.603,0.226,0.021,0.000,0.007,0.037,0.000,6.105,0.056,5.910,0.139,8120,15600,,1.00,1,1,4112x2570,P,1
4905,8.442,0.000,0.259,0.025,0.000,0.012,0.056,0.000,5.757,0.051,5.593,0.113,8120,15600,,1.00,1,1,4112x2570,P,1
4906,8.250,0.752,0.237,0.030,0.000,0.010,0.032,0.000,5.586,0.057,5.429,0.099,8120,15600,,1.00,1,1,4112x2570,P,1
4907,8.358,0.000,0.283,0.026,0.000,0.008,0.028,0.000,5.619,0.056,5.450,0.113,8120,15600,,1.00,1,1,4112x2570,P,1
4908,8.352,0.741,0.246,0.024,0.000,0.008,0.046,0.000,5.579,0.057,5.463,0.059,8120,15600,,1.00,1,1,4112x2570,P,1
4909,8.337,0.000,0.264,0.044,0.000,0.012,0.036,0.000,5.555,0.057,5.410,0.087,8120,15600,,1.00,1,1,4112x2570,P,1
4910,8.416,0.707,0.233,0.036,0.000,0.010,0.041,0.000,5.438,0.055,5.287,0.095,8120,15600,,1.00,1,1,4112x2570,P,1
4911,8.202,0.000,0.278,0.030,0.000,0.009,0.032,0.000,5.398,0.057,5.229,0.112,8120,15600,,1.00,1,1,4112x2570,P,1
4912,8.401,0.738,0.249,0.027,0.000,0.008,0.040,0.000,5.450,0.057,5.286,0.106,8120,15600,,1.00,1,1,4112x2570,P,1
4913,8.345,0.000,0.289,0.028,0.000,0.009,0.053,0.000,5.439,0.057,5.268,0.115,8120,15600,,1.00,1,1,4112x2570,P,1
4914,8.345,0.829,0.271,0.029,0.000,0.015,0.059,0.000,5.430,0.057,5.257,0.117,8120,15600,,1.00,1,1,4112x2570,P,1
4915,8.209,0.000,0.326,0.033,0.000,0.015,0.054,0.000,5.583,0.057,5.407,0.118,8120,15600,,1.00,1,1,4112x2570,P,1
4916,8.458,0.900,0.280,0.029,0.000,0.012,0.057,0.000,5.642,0.058,5.464,0.120,8120,15600,,1.00,1,1,4112x2570,P,1
4917,8.345,0.000,0.337,0.037,0.000,0.015,0.075,0.000,5.550,0.057,5.394,0.099,8120,15600,,1.00,1,1,4112x2570,P,1
4918,8.302,0.905,0.319,0.036,0.000,0.011,0.041,0.000,5.564,0.056,5.398,0.110,8120,15600,,1.00,1,1,4112x2570,P,1
4919,8.344,0.000,0.337,0.030,0.000,0.009,0.062,0.000,5.549,0.056,5.380,0.112,8120,15600,,1.00,1,1,4112x2570,P,1
4920,8.146,0.892,0.316,0.031,0.000,0.010,0.042,0.000,5.524,0.056,5.358,0.110,8120,15600,,1.00,1,1,4112x2570,P,1
4921,8.171,0.000,0.322,0.032,0.000,0.018,0.039,0.000,5.551,0.059,5.375,0.117,8120,15600,,1.00,1,1,4112x2570,P,1
4922,8.308,0.932,0.319,0.033,0.000,0.010,0.045,0.000,5.771,0.058,5.616,0.097,8120,15600,,1.00,1,1,4112x2570,P,1
4923,8.245,0.000,0.366,0.033,0.000,0.015,0.065,0.000,5.864,0.057,5.687,0.120,8120,15600,,1.00,1,1,4112x2570,P,1
4924,8.214,1.006,0.378,0.039,0.000,0.013,0.045,0.000,5.873,0.059,5.694,0.119,8120,15600,,1.00,1,1,4112x2570,P,1
4925,8.451,0.000,0.463,0.040,0.000,0.014,0.098,0.000,5.767,0.061,5.596,0.110,8120,15600,,1.00,1,1,4112x2570,P,1
4926,8.047,1.275,0.515,0.088,0.000,0.025,0.073,0.000,5.740,0.053,5.570,0.117,8120,15600,,1.00,1,1,4112x2570,P,1
4927,8.240,0.000,0.547,0.090,0.000,0.021,0.077,0.000,5.711,0.053,5.600,0.057,8120,15600,,1.00,1,1,4112x2570,P,1
4928,7.929,1.225,0.353,0.065,0.000,0.018,0.056,0.000,5.686,0.058,5.517,0.112,8120,15600,,1.00,1,1,4112x2570,P,1
4929,8.249,0.000,0.350,0.048,0.000,0.014,0.064,0.000,5.879,0.052,5.702,0.125,8120,15600,,1.00,1,1,4112x2570,P,1
4930,8.357,1.130,0.370,0.045,0.000,0.014,0.076,0.000,5.902,0.057,5.730,0.114,8120,15600,,1.00,1,1,4112x2570,P,1
4931,8.105,0.000,0.402,0.056,0.000,0.017,0.057,0.000,5.932,0.052,5.772,0.108,8120,15600,,1.00,1,1,4112x2570,P,1
4932,8.237,1.290,0.376,0.047,0.000,0.015,0.058,0.000,5.864,0.050,5.690,0.124,8120,15600,,1.00,1,1,4112x2570,P,1
4933,8.376,0.000,0.387,0.041,0.000,0.013,0.075,0.000,5.803,0.057,5.623,0.123,8120,15600,,1.00,1,1,4112x2570,P,1
4934,8.203,1.117,0.394,0.052,0.000,0.017,0.070,0.000,5.722,0.057,5.549,0.117,8120,15600,,1.00,1,1,4112x2570,P,1
4935,8.199,0.000,0.432,0.043,0.000,0.014,0.081,0.000,5.790,0.049,5.625,0.116,8120,15600,,1.00,1,1,4112x2570,P,1
4936,8.273,1.488,0.485,0.053,0.000,0.018,0.072,0.000,5.754,0.059,5.571,0.124,8120,15600,,1.00,1,1,4112x2570,P,1
4937,8.190,0.000,0.448,0.064,0.000,0.020,0.074,0.000,5.818,0.049,5.653,0.116,8120,15600,,1.00,1,1,4112x2570,P,1
4938,8.194,1.488,0.421,0.050,0.000,0.017,0.069,0.000,5.754,0.058,5.574,0.122,8120,15600,,1.00,1,1,4112x2570,P,1
4939,8.250,0.000,0.438,0.047,0.000,0.015,0.076,0.000,5.833,0.056,5.659,0.118,8120,15600,,1.00,1,1,4112x2570,P,1
4940,8.229,1.509,0.429,0.046,0.000,0.015,0.074,0.000,5.843,0.054,5.660,0.129,8120,15600,,1.00,1,1,4112x2570,P,1
4941,8.195,0.000,0.443,0.042,0.000,0.014,0.062,0.000,5.641,0.058,5.493,0.091,8120,15600,,1.00,1,1,4112x2570,P,1
4942,8.288,1.481,0.475,0.049,0.000,0.016,0.076,0.000,5.549,0.061,5.376,0.112,8120,15600,,1.00,1,1,4112x2570,P,1
4943,8.264,0.000,0.548,0.053,0.000,0.017,0.095,0.000,5.645,0.059,5.498,0.088,8120,15600,,1.00,1,1,4112x2570,P,1
4944,8.238,1.534,0.541,0.059,0.000,0.020,0.092,0.000,5.630,0.054,5.461,0.115,8120,15600,,1.00,1,1,4112x2570,P,1
4945,8.184,0.000,0.553,0.056,0.000,0.018,0.079,0.000,5.419,0.061,5.236,0.122,8120,15600,,1.00,1,1,4112x2570,P,1
4946,8.244,1.495,0.518,0.053,0.000,0.017,0.088,0.000,5.536,0.064,5.353,0.118,8120,15600,,1.00,1,1,4112x2570,P,1
4947,8.190,0.000,0.560,0.051,0.000,0.017,0.068,0.000,5.397,0.063,5.213,0.121,8120,15600,,1.00,1,1,4112x2570,P,1
4948,8.380,1.415,0.595,0.051,0.000,0.016,0.102,0.000,5.518,0.054,5.348,0.116,8120,15600,,1.00,1,1,4112x2570,P,1
4949,8.220,0.000,0.621,0.063,0.000,0.021,0.070,0.000,5.345,0.075,5.158,0.113,8120,15600,,1.00,1,1,4112x2570,P,1
4950,8.810,1.496,0.608,0.064,0.000,0.022,0.203,0.000,5.366,0.068,5.180,0.117,8120,15600,,1.00,1,1,4112x2570,P,1
4951,8.310,0.000,0.948,0.231,0.000,0.083,0.221,0.000,4.970,0.059,4.799,0.112,8120,15600,,1.00,1,1,4112x2570,P,1
4952,6.559,1.706,0.574,0.082,0.000,0.034,0.092,0.000,4.761,0.056,4.595,0.110,8120,15600,,1.00,1,1,4112x2570,P,1
4953,8.252,0.000,0.505,0.059,0.000,0.017,0.080,0.000,5.472,0.048,5.309,0.114,8120,15600,,1.00,1,1,4112x2570,P,1
4954,8.221,1.497,0.553,0.055,0.000,0.018,0.057,0.000,5.336,0.069,5.154,0.114,8120,15600,,1.00,1,1,4112x2570,P,1
4955,8.188,0.000,0.583,0.057,0.000,0.018,0.055,0.000,5.527,0.073,5.340,0.114,8120,15600,,1.00,1,1,4112x2570,P,1
4956,8.242,1.528,0.558,0.050,0.000,0.016,0.055,0.000,5.640,0.053,5.474,0.113,8120,15600,,1.00,1,1,4112x2570,P,1
4957,8.403,0.000,0.698,0.051,0.000,0.018,0.085,0.000,5.672,0.060,5.493,0.118,8120,15600,,1.00,1,1,4112x2570,P,1
4958,7.920,1.449,0.424,0.090,0.000,0.026,0.070,0.000,5.473,0.056,5.357,0.060,8120,15600,,1.00,1,1,4112x2570,P,1
4959,8.098,0.000,0.427,0.074,0.000,0.020,0.048,0.000,5.538,0.059,5.421,0.058,8120,15600,,1.00,1,1,4112x2570,P,1
4960,8.206,1.020,0.331,0.060,0.000,0.016,0.056,0.000,5.573,0.058,5.456,0.059,8120,15600,,1.00,1,1,4112x2570,P,1
4961,8.258,0.000,0.306,0.052,0.000,0.015,0.052,0.000,5.760,0.057,5.645,0.058,8120,15600,,1.00,1,1,4112x2570,P,1
4962,8.182,0.746,0.278,0.049,0.000,0.018,0.043,0.000,5.757,0.058,5.639,0.060,8120,15600,,1.00,1,1,4112x2570,P,1
4963,8.321,0.000,0.297,0.044,0.000,0.014,0.038,0.000,5.755,0.058,5.639,0.058,8120,15600,,1.00,1,1,4112x2570,P,1
4964,8.147,0.632,0.242,0.041,0.000,0.015,0.042,0.000,5.865,0.058,5.750,0.058,8120,15600,,1.00,1,1,4112x2570,P,1
4965,8.311,0.000,0.274,0.042,0.000,0.013,0.043,0.000,5.895,0.060,5.776,0.059,8120,15600,,1.00,1,1,4112x2570,P,1
4966,8.243,0.580,0.253,0.050,0.000,0.012,0.051,0.000,5.925,0.059,5.807,0.059,8120,15600,,1.00,1,1,4112x2570,P,1
4967,8.297,0.000,0.288,0.050,0.000,0.014,0.056,0.000,6.062,0.058,5.945,0.059,8120,15600,,1.00,1,1,4112x2570,P,1
4968,8.362,0.578,0.224,0.042,0.000,0.013,0.054,0.000,6.179,0.049,6.072,0.059,8120,15600,,1.00,1,1,4112x2570,P,1
4969,8.321,0.000,0.272,0.051,0.000,0.014,0.046,0.000,6.086,0.056,5.972,0.058,8120,15600,,1.00,1,1,4112x2570,P,1
4970,8.270,0.684,0.233,0.049,0.000,0.013,0.048,0.000,6.298,0.048,6.191,0.059,8120,15600,,1.00,1,1,4112x2570,P,1
4971,8.313,0.000,0.285,0.050,0.000,0.015,0.038,0.000,6.167,0.048,6.060,0.060,8120,15600,,1.00,1,1,4112x2570,P,1
4972,8.348,0.658,0.229,0.049,0.000,0.012,0.046,0.000,6.083,0.057,5.967,0.059,8120,15600,,1.00,1,1,4112x2570,P,1
4973,8.298,0.000,0.296,0.053,0.000,0.015,0.042,0.000,6.140,0.048,6.033,0.059,8120,15600,,1.00,1,1,4112x2570,P,1
4974,8.427,0.600,0.264,0.047,0.000,0.013,0.046,0.000,6.190,0.053,6.077,0.060,8120,15600,,1.00,1,1,4112x2570,P,1
4975,8.232,0.000,0.285,0.060,0.000,0.016,0.038,0.000,6.071,0.056,5.957,0.058,8120,15600,,1.00,1,1,4112x2570,P,1
4976,8.303,0.738,0.258,0.053,0.000,0.013,0.043,0.000,6.179,0.050,6.071,0.058,8120,15600,,1.00,1,1,4112x2570,P,1
4977,8.351,0.000,0.275,0.048,0.000,0.012,0.042,0.000,6.069,0.057,5.955,0.057,8120,15600,,1.00,1,1,4112x2570,P,1
4978,8.282,0.635,0.231,0.049,0.000,0.013,0.043,0.000,6.147,0.048,6.042,0.057,8120,15600,,1.00,1,1,4112x2570,P,1
4979,8.334,0.000,0.297,0.047,0.000,0.013,0.048,0.000,6.346,0.049,6.238,0.059,8120,15600,,1.00,1,1,4112x2570,P,1
4980,8.310,0.620,0.250,0.045,0.000,0.013,0.043,0.000,6.178,0.050,6.069,0.059,8120,15600,,1.00,1,1,4112x2570,P,1
4981,8.317,0.000,0.271,0.039,0.000,0.012,0.043,0.000,6.081,0.058,5.964,0.059,8120,15600,,1.00,1,1,4112x2570,P,1
4982,8.340,0.587,0.223,0.043,0.000,0.012,0.045,0.000,6.180,0.049,6.071,0.060,8120,15600,,1.00,1,1,4112x2570,P,1
4983,8.338,0.000,0.300,0.043,0.000,0.012,0.044,0.000,5.877,0.057,5.767,0.053,8120,15600,,1.00,1,1,4112x2570,P,1
4984,8.327,0.564,0.238,0.044,0.000,0.014,0.045,0.000,5.904,0.057,5.793,0.054,8120,15600,,1.00,1,1,4112x2570,P,1
4985,8.269,0.000,0.273,0.044,0.000,0.013,0.051,0.000,6.061,0.057,5.946,0.058,8120,15600,,1.00,1,1,4112x2570,P,1
4986,8.405,0.657,0.236,0.053,0.000,0.014,0.040,0.000,5.999,0.048,5.892,0.059,8120,15600,,1.00,1,1,4112x2570,P,1
4987,8.335,0.000,0.281,0.042,0.000,0.012,0.038,0.000,6.102,0.057,5.969,0.076,8120,15600,,1.00,1,1,4112x2570,P,1
4988,8.267,0.729,0.224,0.032,0.000,0.009,0.038,0.000,5.994,0.051,5.875,0.069,8120,15600,,1.00,1,1,4112x2570,P,1
4989,8.365,0.000,0.261,0.033,0.000,0.013,0.032,0.000,6.044,0.049,5.884,0.110,8120,15600,,1.00,1,1,4112x2570,P,1
4990,8.270,0.625,0.212,0.026,0.000,0.008,0.036,0.000,5.947,0.058,5.774,0.115,8120,15600,,1.00,1,1,4112x2570,P,1
4991,8.380,0.000,0.273,0.025,0.000,0.009,0.028,0.000,6.048,0.048,5.886,0.113,8120,15600,,1.00,1,1,4112x2570,P,1
4992,8.239,0.622,0.224,0.024,0.000,0.007,0.026,0.000,6.047,0.049,5.884,0.114,8120,15600,,1.00,1,1,4112x2570,P,1
4993,8.437,0.000,0.283,0.023,0.000,0.008,0.040,0.000,5.936,0.049,5.774,0.114,8120,15600,,1.00,1,1,4112x2570,P,1
4994,8.316,0.766,0.244,0.027,0.000,0.009,0.036,0.000,5.606,0.056,5.455,0.095,8120,15600,,1.00,1,1,4112x2570,P,1
4995,8.319,0.000,0.269,0.025,0.000,0.008,0.034,0.000,5.622,0.058,5.452,0.113,8120,15600,,1.00,1,1,4112x2570,P,1
4996,8.244,0.709,0.244,0.024,0.000,0.008,0.047,0.000,5.570,0.058,5.423,0.090,8120,15600,,1.00,1,1,4112x2570,P,1
4997,8.374,0.000,0.292,0.026,0.000,0.008,0.039,0.000,5.652,0.057,5.480,0.115,8120,15600,,1.00,1,1,4112x2570,P,1
4998,8.330,0.744,0.253,0.025,0.000,0.008,0.030,0.000,5.540,0.052,5.375,0.113,8120,15600,,1.00,1,1,4112x2570,P,1
4999,8.397,0.000,0.328,0.030,0.000,0.011,0.043,0.000,5.452,0.058,5.278,0.116,8120,15600,,1.00,1,1,4112x2570,P,1
5000,8.270,0.988,0.295,0.037,0.000,0.012,0.039,0.000,5.423,0.056,5.253,0.114,8120,15600,,1.00,1,1,4112x2570,P,1
5001,8.339,0.000,0.318,0.030,0.000,0.010,0.054,0.000,5.447,0.057,5.283,0.107,8120,15600,,1.00,1,1,4112x2570,P,1
5002,8.315,0.787,0.288,0.028,0.000,0.009,0.062,0.000,5.417,0.056,5.301,0.061,8120,15600,,1.00,1,1,4112x2570,P,1
5003,8.366,0.000,0.318,0.037,0.000,0.012,0.051,0.000,5.388,0.057,5.272,0.059,8120,15600,,1.00,1,1,4112x2570,P,1
5004,8.225,0.778,0.314,0.059,0.000,0.015,0.053,0.000,5.377,0.058,5.261,0.058,8120,15600,,1.00,1,1,4112x2570,P,1
5005,8.425,0.000,0.414,0.054,0.000,0.017,0.046,0.000,5.474,0.058,5.311,0.105,8120,15600,,1.00,1,1,4112x2570,P,1
5006,8.230,0.737,0.407,0.043,0.000,0.012,0.044,0.000,5.371,0.056,5.258,0.057,8120,15600,,1.00,1,1,4112x2570,P,1
5007,8.253,0.000,0.293,0.042,0.000,0.011,0.037,0.000,5.450,0.057,5.307,0.085,8120,15600,,1.00,1,1,4112x2570,P,1
5008,8.299,0.741,0.241,0.035,0.000,0.011,0.038,0.000,5.593,0.058,5.476,0.060,8120,15600,,1.00,1,1,4112x2570,P,1
5009,8.343,0.000,0.276,0.029,0.000,0.008,0.040,0.000,5.610,0.057,5.493,0.061,8120,15600,,1.00,1,1,4112x2570,P,1
5010,8.196,0.633,0.240,0.038,0.000,0.011,0.043,0.000,5.601,0.057,5.486,0.059,8120,15600,,1.00,1,1,4112x2570,P,1
5011,8.291,0.000,0.253,0.039,0.000,0.011,0.050,0.000,5.812,0.057,5.698,0.057,8120,15600,,1.00,1,1,4112x2570,P,1
5012,8.245,0.699,0.230,0.034,0.000,0.011,0.043,0.000,5.807,0.056,5.693,0.058,8120,15600,,1.00,1,1,4112x2570,P,1
5013,8.221,0.000,0.230,0.036,0.000,0.009,0.034,0.000,5.841,0.058,5.696,0.087,8120,15600,,1.00,1,1,4112x2570,P,1
5014,8.318,0.729,0.212,0.026,0.000,0.008,0.041,0.000,5.985,0.056,5.823,0.106,8120,15600,,1.00,1,1,4112x2570,P,1
5015,8.253,0.000,0.241,0.025,0.000,0.008,0.042,0.000,6.043,0.050,5.933,0.060,8120,15600,,1.00,1,1,4112x2570,P,1
5016,8.255,0.573,0.229,0.029,0.000,0.008,0.033,0.000,6.010,0.057,5.845,0.108,8120,15600,,1.00,1,1,4112x2570,P,1
5017,8.363,0.000,0.259,0.029,0.000,0.008,0.044,0.000,6.110,0.050,5.946,0.115,8120,15600,,1.00,1,1,4112x2570,P,1
5018,8.135,0.700,0.225,0.053,0.000,0.011,0.044,0.000,6.020,0.053,5.908,0.059,8120,15600,drag_snap,1.00,1,0,4112x2570,P,1
5019,8.382,0.000,0.254,0.031,0.000,0.012,0.051,0.000,5.921,0.058,5.775,0.088,8120,15600,,1.00,1,0,4112x2570,P,1
5020,8.294,0.713,0.228,0.030,0.000,0.009,0.041,0.000,5.972,0.051,5.859,0.062,8120,15600,,1.00,1,0,4112x2570,P,1
5021,8.245,0.000,0.260,0.025,0.000,0.007,0.042,0.000,5.906,0.056,5.759,0.090,8120,15600,,1.00,1,0,4112x2570,P,1
5022,8.412,0.641,0.257,0.026,0.000,0.007,0.044,0.000,6.010,0.050,5.898,0.062,8120,15600,,1.00,1,0,4112x2570,P,1
5023,8.341,0.000,0.272,0.034,0.000,0.009,0.036,0.000,5.911,0.057,5.757,0.097,8120,15600,,1.00,1,0,4112x2570,P,1
5024,8.337,0.723,0.218,0.026,0.000,0.008,0.037,0.000,6.035,0.057,5.859,0.119,8120,15600,,1.00,1,0,4112x2570,P,1
5025,8.481,0.000,0.275,0.022,0.000,0.008,0.032,0.000,5.819,0.052,5.707,0.061,8120,15600,,1.00,1,0,4112x2570,P,1
5026,8.249,0.718,0.230,0.029,0.000,0.008,0.029,0.000,5.495,0.058,5.346,0.091,8120,15600,,1.00,1,0,4112x2570,P,1
5027,8.300,0.000,0.272,0.028,0.000,0.008,0.043,0.000,5.541,0.056,5.373,0.111,8120,15600,,1.00,1,0,4112x2570,P,1
5028,8.290,0.712,0.231,0.023,0.000,0.008,0.041,0.000,5.551,0.057,5.397,0.097,8120,15600,,1.00,1,0,4112x2570,P,1
5029,8.377,0.000,0.274,0.025,0.000,0.009,0.050,0.000,5.582,0.057,5.409,0.116,8120,15600,,1.00,1,0,4112x2570,P,1
5030,8.387,0.719,0.241,0.025,0.000,0.007,0.049,0.000,5.549,0.056,5.391,0.101,8120,15600,,1.00,1,0,4112x2570,P,1
5031,8.265,0.000,0.301,0.036,0.000,0.010,0.035,0.000,5.528,0.056,5.356,0.115,8120,15600,,1.00,1,0,4112x2570,P,1
5032,8.336,0.818,0.271,0.026,0.000,0.013,0.034,0.000,5.517,0.059,5.357,0.102,8120,15600,,1.00,1,0,4112x2570,P,1
5033,8.337,0.000,0.316,0.025,0.000,0.009,0.073,0.000,5.546,0.057,5.372,0.118,8120,15600,,1.00,1,0,4112x2570,P,1
5034,8.306,0.805,0.291,0.026,0.000,0.008,0.049,0.000,5.561,0.057,5.407,0.097,8120,15600,,1.00,1,0,4112x2570,P,1
5035,8.369,0.000,0.319,0.027,0.000,0.009,0.047,0.000,5.553,0.057,5.380,0.116,8120,15600,,1.00,1,0,4112x2570,P,1
5036,8.319,0.898,0.301,0.029,0.000,0.009,0.062,0.000,5.527,0.057,5.355,0.115,8120,15600,,1.00,1,0,4112x2570,P,1
5037,8.323,0.000,0.365,0.032,0.000,0.012,0.042,0.000,5.551,0.060,5.377,0.114,8120,15600,,1.00,1,0,4112x2570,P,1
5038,8.306,0.956,0.309,0.029,0.000,0.010,0.041,0.000,5.508,0.057,5.335,0.117,8120,15600,,1.00,1,0,4112x2570,P,1
5039,8.339,0.000,0.355,0.031,0.000,0.011,0.039,0.000,5.557,0.060,5.382,0.116,8120,15600,,1.00,1,0,4112x2570,P,1
5040,8.324,0.990,0.358,0.031,0.000,0.010,0.041,0.000,5.552,0.060,5.373,0.119,8120,15600,,1.00,1,0,4112x2570,P,1
5041,8.363,0.000,0.435,0.037,0.000,0.020,0.061,0.000,5.546,0.060,5.374,0.112,8120,15600,,1.00,1,0,4112x2570,P,1
5042,8.307,1.119,0.367,0.034,0.000,0.011,0.044,0.000,5.800,0.053,5.633,0.114,8120,15600,,1.00,1,0,4112x2570,P,1
5043,8.385,0.000,0.445,0.035,0.000,0.012,0.056,0.000,5.625,0.059,5.452,0.114,8120,15600,,1.00,1,0,4112x2570,P,1
5044,8.290,1.107,0.407,0.039,0.000,0.012,0.071,0.000,5.513,0.060,5.337,0.116,8120,15600,,1.00,1,0,4112x2570,P,1
5045,8.290,0.000,0.467,0.041,0.000,0.021,0.045,0.000,5.613,0.059,5.441,0.112,8120,15600,,1.00,1,0,4112x2570,P,1
5046,8.279,1.138,0.466,0.039,0.000,0.012,0.044,0.000,5.504,0.069,5.325,0.110,8120,15600,,1.00,1,0,4112x2570,P,1
5047,8.326,0.000,0.438,0.038,0.000,0.012,0.043,0.000,5.653,0.051,5.492,0.110,8120,15600,,1.00,1,0,4112x2570,P,1
5048,8.359,1.062,0.451,0.037,0.000,0.012,0.055,0.000,5.504,0.059,5.334,0.111,8120,15600,,1.00,1,0,4112x2570,P,1
5049,8.298,0.000,0.517,0.044,0.000,0.014,0.052,0.000,5.338,0.070,5.154,0.114,8120,15600,,1.00,1,0,4112x2570,P,1
5050,8.417,1.198,0.494,0.044,0.000,0.014,0.049,0.000,5.393,0.069,5.206,0.118,8120,15600,,1.00,1,0,4112x2570,P,1
5051,8.306,0.000,0.558,0.048,0.000,0.016,0.069,0.000,5.449,0.068,5.268,0.114,8120,15600,,1.00,1,0,4112x2570,P,1
5052,8.312,1.323,0.467,0.045,0.000,0.014,0.085,0.000,5.628,0.060,5.457,0.111,8120,15600,,1.00,1,0,4112x2570,P,1
5053,8.405,0.000,0.606,0.050,0.000,0.018,0.098,0.000,5.524,0.071,5.339,0.114,8120,15600,,1.00,1,0,4112x2570,P,1
5054,8.295,1.530,0.546,0.054,0.000,0.018,0.081,0.000,5.452,0.069,5.267,0.116,8120,15600,,1.00,1,0,4112x2570,P,1
5055,8.343,0.000,0.569,0.052,0.000,0.016,0.069,0.000,5.592,0.053,5.426,0.113,8120,15600,,1.00,1,0,4112x2570,P,1
5056,9.254,1.650,0.555,0.056,0.000,0.018,0.231,0.000,5.517,0.072,5.332,0.112,8120,15600,,1.00,1,0,4112x2570,P,1
5057,7.949,0.001,0.953,0.227,0.000,0.081,0.139,0.000,4.955,0.055,4.788,0.111,8120,15600,,1.00,1,0,4112x2570,P,1
5058,8.190,1.885,0.971,0.239,0.000,0.083,0.173,0.000,5.187,0.054,5.019,0.114,8120,15600,,1.00,1,0,4112x2570,P,1
5059,7.807,0.001,0.942,0.278,0.000,0.089,0.078,0.000,5.166,0.057,4.995,0.115,8120,15600,,1.00,1,0,4112x2570,P,1
5060,8.989,1.608,0.554,0.076,0.000,0.021,0.216,0.000,5.768,0.058,5.595,0.114,8120,15600,,1.00,1,0,4112x2570,P,1
5061,7.621,0.001,0.938,0.267,0.000,0.083,0.066,0.000,5.238,0.056,5.060,0.122,8120,15600,,1.00,1,0,4112x2570,P,1
5062,8.159,1.234,0.568,0.129,0.000,0.034,0.047,0.000,5.471,0.055,5.355,0.061,8120,15600,,1.00,1,0,4112x2570,P,1
5063,8.258,0.000,0.391,0.048,0.000,0.013,0.040,0.000,5.677,0.059,5.560,0.058,8120,15600,,1.00,1,0,4112x2570,P,1
5064,8.339,0.856,0.301,0.035,0.000,0.009,0.055,0.000,5.864,0.056,5.752,0.057,8120,15600,,1.00,1,0,4112x2570,P,1
5065,8.326,0.000,0.313,0.035,0.000,0.011,0.042,0.000,5.873,0.057,5.756,0.060,8120,15600,,1.00,1,0,4112x2570,P,1
5066,8.281,0.772,0.262,0.027,0.000,0.008,0.031,0.000,5.852,0.057,5.737,0.058,8120,15600,,1.00,1,0,4112x2570,P,1
5067,8.383,0.000,0.269,0.023,0.000,0.007,0.033,0.000,6.032,0.056,5.921,0.055,8120,15600,,1.00,1,0,4112x2570,P,1
5068,8.302,0.705,0.246,0.027,0.000,0.008,0.035,0.000,6.208,0.049,6.024,0.135,8120,15600,,1.00,1,0,4112x2570,P,1
5069,8.314,0.000,0.269,0.024,0.000,0.007,0.026,0.000,5.864,0.050,5.703,0.111,8120,15600,,1.00,1,0,4112x2570,P,1
5070,8.286,0.683,0.226,0.024,0.000,0.007,0.047,0.000,5.798,0.060,5.624,0.114,8120,15600,,1.00,1,0,4112x2570,P,1
5071,8.368,0.000,0.297,0.023,0.000,0.008,0.031,0.000,5.882,0.054,5.726,0.101,8120,15600,,1.00,1,0,4112x2570,P,1
5072,8.362,0.688,0.239,0.025,0.000,0.007,0.047,0.000,5.756,0.058,5.590,0.108,8120,15600,,1.00,1,0,4112x2570,P,1
5073,16.764,0.000,0.303,0.030,0.000,0.010,0.048,0.000,5.851,0.050,5.684,0.117,8120,15600,,1.00,1,0,4112x2570,P,1
5074,8.181,0.785,0.284,0.032,0.000,0.008,0.033,0.000,6.022,0.056,5.852,0.113,8120,15600,,1.00,1,0,4112x2570,P,1
5075,8.384,0.794,0.287,0.033,0.000,0.008,0.031,0.000,5.813,0.049,5.677,0.087,8120,15600,,1.00,1,0,4112x2570,P,1
5076,8.379,0.000,0.311,0.030,0.032,0.013,0.042,0.000,5.715,0.058,5.586,0.072,8120,15600,,1.00,1,0,4112x2570,P,1
5077,8.335,0.967,0.306,0.038,0.000,0.012,0.066,0.000,5.669,0.057,5.517,0.096,8120,15600,,1.00,1,0,4112x2570,P,1
5078,8.285,0.000,0.356,0.036,0.000,0.010,0.039,0.000,5.736,0.057,5.565,0.114,8120,15600,,1.00,1,0,4112x2570,P,1
5079,8.330,0.958,0.330,0.031,0.000,0.010,0.056,0.000,5.798,0.060,5.653,0.086,8120,15600,,1.00,1,0,4112x2570,P,1
5080,8.293,0.000,0.338,0.032,0.000,0.017,0.057,0.000,5.743,0.059,5.574,0.111,8120,15600,,1.00,1,0,4112x2570,P,1
5081,8.322,0.995,0.334,0.037,0.000,0.011,0.065,0.000,5.859,0.057,5.691,0.110,8120,15600,,1.00,1,0,4112x2570,P,1
5082,8.492,0.000,0.425,0.033,0.000,0.017,0.068,0.000,5.858,0.058,5.688,0.113,8120,15600,,1.00,1,0,4112x2570,P,1
5083,8.229,0.961,0.391,0.033,0.000,0.011,0.046,0.000,5.630,0.062,5.459,0.109,8120,15600,,1.00,1,0,4112x2570,P,1
5084,8.359,0.000,0.455,0.037,0.000,0.019,0.058,0.000,5.812,0.059,5.646,0.107,8120,15600,,1.00,1,0,4112x2570,P,1
5085,8.282,1.266,0.413,0.042,0.000,0.013,0.057,0.000,5.790,0.059,5.623,0.107,8120,15600,,1.00,1,0,4112x2570,P,1
5086,8.331,0.000,0.466,0.037,0.000,0.013,0.043,0.000,5.633,0.060,5.465,0.108,8120,15600,,1.00,1,0,4112x2570,P,1
5087,8.330,1.111,0.455,0.037,0.000,0.012,0.046,0.000,5.375,0.062,5.191,0.121,8120,15600,,1.00,1,0,4112x2570,P,1
5088,8.335,0.000,0.460,0.047,0.000,0.013,0.073,0.000,5.390,0.061,5.206,0.122,8120,15600,,1.00,1,0,4112x2570,P,1
5089,8.347,1.241,0.469,0.040,0.000,0.014,0.065,0.000,5.400,0.070,5.210,0.120,8120,15600,,1.00,1,0,4112x2570,P,1
5090,8.299,0.000,0.559,0.049,0.000,0.016,0.075,0.000,5.360,0.069,5.175,0.116,8120,15600,,1.00,1,0,4112x2570,P,1
5091,8.395,1.274,0.541,0.045,0.000,0.015,0.078,0.000,5.379,0.067,5.200,0.112,8120,15600,,1.00,1,0,4112x2570,P,1
5092,8.251,0.000,0.541,0.057,0.000,0.023,0.080,0.000,5.281,0.068,5.096,0.117,8120,15600,,1.00,1,0,4112x2570,P,1
5093,8.342,1.391,0.492,0.054,0.000,0.017,0.076,0.000,5.453,0.054,5.286,0.114,8120,15600,,1.00,1,0,4112x2570,P,1
5094,8.277,0.000,0.557,0.054,0.000,0.016,0.062,0.000,5.321,0.066,5.138,0.117,8120,15600,,1.00,1,0,4112x2570,P,1
5095,8.337,1.283,0.492,0.051,0.000,0.019,0.076,0.000,5.375,0.074,5.181,0.120,8120,15600,,1.00,1,0,4112x2570,P,1
5096,8.386,0.000,0.515,0.043,0.000,0.015,0.059,0.000,5.409,0.068,5.220,0.121,8120,15600,,1.00,1,0,4112x2570,P,1
5097,8.284,1.557,0.550,0.042,0.000,0.014,0.118,0.000,5.289,0.071,5.098,0.121,8120,15600,,1.00,1,0,4112x2570,P,1
5098,8.389,0.000,0.527,0.052,0.000,0.015,0.089,0.000,5.478,0.054,5.306,0.119,8120,15600,,1.00,1,0,4112x2570,P,1
5099,8.289,1.679,0.537,0.051,0.000,0.020,0.086,0.000,5.316,0.069,5.127,0.120,8120,15600,,1.00,1,0,4112x2570,P,1
5100,9.917,0.000,0.578,0.055,0.000,0.016,0.306,0.000,5.365,0.071,5.178,0.116,8120,15600,,1.00,1,0,4112x2570,P,1
5101,7.269,1.604,0.579,0.059,0.000,0.023,0.068,0.000,4.389,0.057,4.216,0.117,8120,15600,,1.00,1,0,4112x2570,P,1
5102,7.892,0.000,0.571,0.054,0.000,0.016,0.062,0.000,5.309,0.069,5.129,0.111,8120,15600,,1.00,1,0,4112x2570,P,1
5103,9.516,1.466,0.539,0.054,0.000,0.018,0.208,0.000,5.149,0.051,4.980,0.118,8120,15600,,1.00,1,0,4112x2570,P,1
5104,7.419,0.001,0.858,0.242,0.000,0.098,0.079,0.000,4.373,0.057,4.204,0.112,8120,15600,,1.00,1,0,4112x2570,P,1
5105,7.805,1.573,0.559,0.068,0.000,0.021,0.069,0.000,5.008,0.054,4.835,0.119,8120,15600,,1.00,1,0,4112x2570,P,1
5106,8.294,0.000,0.606,0.059,0.000,0.019,0.067,0.000,5.331,0.074,5.137,0.120,8120,15600,,1.00,1,0,4112x2570,P,1
5107,8.574,1.441,0.550,0.051,0.000,0.016,0.125,0.000,5.451,0.059,5.276,0.116,8120,15600,,1.00,1,0,4112x2570,P,1
5108,8.134,0.001,0.610,0.113,0.000,0.031,0.074,0.000,5.152,0.067,5.026,0.059,8120,15600,,1.00,1,0,4112x2570,P,1
5109,8.369,1.362,0.395,0.074,0.000,0.020,0.078,0.000,5.302,0.057,5.170,0.074,8120,15600,,1.00,1,0,4112x2570,P,1
5110,8.237,0.000,0.417,0.063,0.000,0.019,0.066,0.000,5.269,0.058,5.150,0.061,8120,15600,,1.00,1,0,4112x2570,P,1
5111,8.345,1.220,0.370,0.085,0.000,0.026,0.076,0.000,5.285,0.058,5.171,0.057,8120,15600,,1.00,1,0,4112x2570,P,1
5112,8.290,0.000,0.338,0.090,0.000,0.022,0.068,0.000,5.457,0.057,5.306,0.094,8120,15600,,1.00,1,0,4112x2570,P,1
5113,8.364,1.154,0.321,0.058,0.000,0.016,0.082,0.000,5.487,0.058,5.329,0.100,8120,15600,,1.00,1,0,4112x2570,P,1
5114,8.247,0.000,0.410,0.062,0.000,0.023,0.077,0.000,5.487,0.058,5.310,0.119,8120,15600,,1.00,1,0,4112x2570,P,1
5115,8.316,1.340,0.347,0.049,0.000,0.015,0.072,0.000,5.707,0.058,5.525,0.124,8120,15600,,1.00,1,0,4112x2570,P,1
5116,8.202,0.000,0.468,0.050,0.000,0.016,0.055,0.000,5.703,0.058,5.531,0.115,8120,15600,,1.00,1,0,4112x2570,P,1
5117,8.400,1.499,0.420,0.045,0.000,0.015,0.056,0.000,5.774,0.050,5.661,0.063,8120,15600,,1.00,1,0,4112x2570,P,1
5118,8.461,0.000,0.384,0.072,0.000,0.019,0.086,0.000,5.863,0.057,5.699,0.106,8120,15600,,1.00,1,0,4112x2570,P,1
5119,8.169,1.289,0.378,0.084,0.000,0.022,0.065,0.000,5.878,0.051,5.715,0.112,8120,15600,,1.00,1,0,4112x2570,P,1
5120,8.332,0.000,0.400,0.043,0.000,0.014,0.063,0.000,5.916,0.050,5.801,0.064,8120,15600,,1.00,1,0,4112x2570,P,1
5121,8.485,1.140,0.341,0.057,0.000,0.018,0.089,0.000,6.011,0.058,5.892,0.062,8120,15600,,1.00,1,0,4112x2570,P,1
5122,8.104,0.000,0.397,0.063,0.000,0.020,0.059,0.000,5.952,0.059,5.834,0.059,8120,15600,,1.00,1,0,4112x2570,P,1
5123,8.385,1.149,0.380,0.052,0.000,0.016,0.061,0.000,6.095,0.049,5.983,0.062,8120,15600,,1.00,1,0,4112x2570,P,1
5124,8.310,0.000,0.354,0.070,0.000,0.022,0.060,0.000,6.138,0.057,6.023,0.059,8120,15600,,1.00,1,0,4112x2570,P,1
5125,8.547,0.991,0.304,0.065,0.000,0.019,0.050,0.000,6.234,0.050,6.099,0.085,8120,15600,,1.00,1,0,4112x2570,P,1
5126,7.938,0.000,0.357,0.058,0.000,0.015,0.048,0.000,5.796,0.049,5.646,0.101,8120,15600,,1.00,1,0,4112x2570,P,1
5127,8.276,0.846,0.280,0.043,0.000,0.012,0.041,0.000,5.792,0.048,5.680,0.063,8120,15600,,1.00,1,0,4112x2570,P,1
5128,8.319,0.000,0.305,0.034,0.000,0.009,0.054,0.000,5.750,0.058,5.631,0.061,8120,15600,,1.00,1,0,4112x2570,P,1
5129,8.377,0.920,0.273,0.036,0.000,0.012,0.068,0.000,5.761,0.056,5.644,0.061,8120,15600,,1.00,1,0,4112x2570,P,1
5130,8.284,0.000,0.433,0.033,0.000,0.011,0.044,0.000,5.734,0.056,5.618,0.060,8120,15600,,1.00,1,0,4112x2570,P,1
5131,8.307,0.825,0.238,0.027,0.000,0.010,0.054,0.000,5.750,0.058,5.631,0.061,8120,15600,,1.00,1,0,4112x2570,P,1
5132,8.433,0.000,0.268,0.028,0.000,0.010,0.048,0.000,5.759,0.057,5.640,0.061,8120,15600,,1.00,1,0,4112x2570,P,1
5133,8.228,0.667,0.228,0.027,0.000,0.009,0.041,0.000,5.767,0.058,5.595,0.115,8120,15600,,1.00,1,0,4112x2570,P,1
5134,8.318,0.000,0.271,0.031,0.000,0.009,0.049,0.000,5.824,0.050,5.716,0.059,8120,15600,,1.00,1,0,4112x2570,P,1
5135,8.342,0.666,0.229,0.030,0.000,0.010,0.037,0.000,5.828,0.057,5.647,0.124,8120,15600,,1.00,1,0,4112x2570,P,1
5136,8.287,0.000,0.254,0.029,0.000,0.010,0.032,0.000,5.898,0.052,5.731,0.115,8120,15600,,1.00,1,0,4112x2570,P,1
5137,8.474,0.608,0.223,0.029,0.000,0.009,0.046,0.000,5.880,0.056,5.733,0.091,8120,15600,,1.00,1,0,4112x2570,P,1
5138,8.304,0.000,0.263,0.025,0.000,0.006,0.039,0.000,5.749,0.057,5.580,0.112,8120,15600,,1.00,1,0,4112x2570,P,1
5139,8.241,0.615,0.232,0.027,0.000,0.008,0.049,0.000,5.802,0.056,5.686,0.060,8120,15600,,1.00,1,0,4112x2570,P,1
5140,8.399,0.000,0.419,0.034,0.000,0.011,0.037,0.000,5.803,0.057,5.633,0.114,8120,15600,,1.00,1,0,4112x2570,P,1
5141,8.289,0.747,0.224,0.027,0.000,0.008,0.032,0.000,5.845,0.057,5.695,0.093,8120,15600,,1.00,1,0,4112x2570,P,1
5142,8.396,0.000,0.257,0.031,0.000,0.009,0.033,0.000,5.779,0.056,5.616,0.107,8120,15600,,1.00,1,0,4112x2570,P,1
5143,8.298,0.637,0.227,0.034,0.000,0.009,0.048,0.000,5.765,0.058,5.587,0.120,8120,15600,,1.00,1,0,4112x2570,P,1
5144,8.373,0.000,0.267,0.025,0.000,0.008,0.036,0.000,5.767,0.058,5.597,0.113,8120,15600,,1.00,1,0,4112x2570,P,1
5145,8.238,0.679,0.230,0.024,0.000,0.008,0.046,0.000,5.780,0.053,5.664,0.063,8120,15600,,1.00,1,0,4112x2570,P,1
5146,8.399,0.000,0.281,0.029,0.000,0.008,0.030,0.000,5.917,0.057,5.768,0.091,8120,15600,,1.00,1,0,4112x2570,P,1
5147,8.239,0.700,0.243,0.028,0.000,0.012,0.030,0.000,5.881,0.058,5.713,0.110,8120,15600,,1.00,1,0,4112x2570,P,1
5148,8.400,0.000,0.293,0.025,0.000,0.007,0.040,0.000,6.024,0.050,5.860,0.113,8120,15600,,1.00,1,0,4112x2570,P,1
5149,8.306,0.706,0.251,0.025,0.000,0.011,0.042,0.000,6.011,0.057,5.832,0.122,8120,15600,,1.00,1,0,4112x2570,P,1
5150,8.335,0.000,0.307,0.025,0.000,0.008,0.037,0.000,6.012,0.054,5.843,0.116,8120,15600,,1.00,1,0,4112x2570,P,1
5151,8.326,0.746,0.271,0.025,0.000,0.009,0.045,0.000,5.788,0.050,5.668,0.070,8120,15600,,1.00,1,0,4112x2570,P,1
5152,8.288,0.000,0.330,0.025,0.000,0.008,0.032,0.000,5.737,0.059,5.563,0.115,8120,15600,,1.00,1,0,4112x2570,P,1
5153,8.346,0.740,0.279,0.027,0.000,0.008,0.059,0.000,5.832,0.051,5.697,0.084,8120,15600,,1.00,1,0,4112x2570,P,1
5154,8.365,0.000,0.344,0.034,0.000,0.015,0.045,0.000,5.764,0.060,5.598,0.107,8120,15600,,1.00,1,0,4112x2570,P,1
5155,8.321,0.984,0.301,0.037,0.000,0.012,0.041,0.000,5.820,0.056,5.650,0.113,8120,15600,,1.00,1,0,4112x2570,P,1
5156,8.403,0.000,0.346,0.031,0.000,0.017,0.069,0.000,5.757,0.056,5.586,0.115,8120,15600,,1.00,1,0,4112x2570,P,1
5157,8.397,1.089,0.336,0.043,0.000,0.015,0.061,0.000,5.788,0.053,5.623,0.112,8120,15600,,1.00,1,0,4112x2570,P,1
5158,8.283,0.000,0.392,0.037,0.000,0.013,0.065,0.000,5.571,0.055,5.405,0.111,8120,15600,,1.00,1,0,4112x2570,P,1
5159,8.278,1.195,0.373,0.036,0.000,0.012,0.053,0.000,5.527,0.061,5.351,0.115,8120,15600,,1.00,1,0,4112x2570,P,1
5160,8.375,0.000,0.432,0.042,0.000,0.013,0.074,0.000,5.386,0.061,5.208,0.118,8120,15600,,1.00,1,0,4112x2570,P,1
5161,8.261,1.103,0.411,0.038,0.000,0.014,0.062,0.000,5.312,0.061,5.137,0.115,8120,15600,,1.00,1,0,4112x2570,P,1
5162,8.341,0.000,0.461,0.040,0.000,0.015,0.060,0.000,5.416,0.054,5.252,0.110,8120,15600,,1.00,1,0,4112x2570,P,1
5163,8.370,1.044,0.418,0.040,0.000,0.013,0.082,0.000,5.392,0.059,5.221,0.112,8120,15600,,1.00,1,0,4112x2570,P,1
5164,8.310,0.000,0.605,0.057,0.000,0.021,0.064,0.000,5.262,0.061,5.140,0.060,8120,15600,,1.00,1,0,4112x2570,P,1
5165,8.172,1.134,0.341,0.052,0.000,0.016,0.044,0.000,5.302,0.057,5.187,0.058,8120,15600,,1.00,1,0,4112x2570,P,1
5166,8.288,0.000,0.335,0.036,0.000,0.012,0.045,0.000,5.362,0.057,5.247,0.058,8120,15600,,1.00,1,0,4112x2570,P,1
5167,8.323,0.738,0.256,0.028,0.000,0.009,0.038,0.000,5.531,0.058,5.415,0.058,8120,15600,,1.00,1,0,4112x2570,P,1
5168,8.312,0.000,0.260,0.024,0.000,0.008,0.040,0.000,5.548,0.056,5.433,0.058,8120,15600,,1.00,1,0,4112x2570,P,1
5169,8.358,0.610,0.241,0.029,0.000,0.009,0.048,0.000,5.536,0.056,5.422,0.058,8120,15600,,1.00,1,0,4112x2570,P,1
5170,8.418,0.000,0.266,0.030,0.000,0.011,0.041,0.000,5.544,0.056,5.430,0.058,8120,15600,,1.00,1,0,4112x2570,P,1
5171,8.196,0.648,0.235,0.024,0.000,0.008,0.045,0.000,5.751,0.057,5.570,0.123,8120,15600,,1.00,1,0,4112x2570,P,1
5172,8.371,0.000,0.280,0.027,0.000,0.015,0.037,0.000,5.894,0.050,5.732,0.111,8120,15600,,1.00,1,0,4112x2570,P,1
5173,8.405,0.744,0.227,0.026,0.000,0.008,0.043,0.000,5.828,0.058,5.708,0.062,8120,15600,,1.00,1,0,4112x2570,P,1
5174,8.390,0.000,0.281,0.035,0.000,0.011,0.048,0.000,5.744,0.058,5.579,0.107,8120,15600,,1.00,1,0,4112x2570,P,1
5175,8.178,0.699,0.254,0.028,0.000,0.012,0.044,0.000,5.955,0.053,5.800,0.102,8120,15600,,1.00,1,0,4112x2570,P,1
5176,8.444,0.000,0.289,0.031,0.000,0.010,0.049,0.000,5.693,0.057,5.526,0.110,8120,15600,,1.00,1,0,4112x2570,P,1
5177,8.232,0.715,0.259,0.028,0.000,0.010,0.051,0.000,5.539,0.057,5.381,0.100,8120,15600,,1.00,1,0,4112x2570,P,1
5178,8.429,0.000,0.300,0.029,0.000,0.009,0.031,0.000,5.573,0.056,5.405,0.112,8120,15600,,1.00,1,0,4112x2570,P,1
5179,8.318,0.993,0.281,0.029,0.000,0.009,0.043,0.000,5.529,0.057,5.360,0.112,8120,15600,,1.00,1,0,4112x2570,P,1
5180,8.269,0.000,0.313,0.026,0.000,0.010,0.047,0.000,5.536,0.056,5.361,0.118,8120,15600,,1.00,1,0,4112x2570,P,1
5181,8.493,0.888,0.289,0.030,0.000,0.010,0.055,0.000,5.573,0.060,5.401,0.112,8120,15600,,1.00,1,0,4112x2570,P,1
5182,8.282,0.000,0.349,0.042,0.000,0.013,0.068,0.000,5.491,0.057,5.324,0.109,8120,15600,,1.00,1,0,4112x2570,P,1
5183,8.229,1.120,0.311,0.044,0.000,0.015,0.043,0.000,5.525,0.058,5.353,0.114,8120,15600,,1.00,1,0,4112x2570,P,1
5184,8.288,0.000,0.334,0.039,0.000,0.013,0.045,0.000,5.553,0.058,5.378,0.117,8120,15600,,1.00,1,0,4112x2570,P,1
5185,8.333,1.086,0.302,0.034,0.000,0.011,0.053,0.000,5.558,0.059,5.379,0.120,8120,15600,,1.00,1,0,4112x2570,P,1
5186,8.489,0.000,0.353,0.034,0.000,0.013,0.052,0.000,5.548,0.057,5.392,0.099,8120,15600,,1.00,1,0,4112x2570,P,1
5187,8.166,1.211,0.330,0.045,0.000,0.015,0.059,0.000,5.499,0.058,5.331,0.110,8120,15600,,1.00,1,0,4112x2570,P,1
5188,8.390,0.000,0.366,0.039,0.000,0.015,0.042,0.000,5.554,0.057,5.386,0.111,8120,15600,,1.00,1,0,4112x2570,P,1
5189,8.220,1.187,0.331,0.037,0.000,0.011,0.048,0.000,5.519,0.058,5.350,0.111,8120,15600,,1.00,1,0,4112x2570,P,1
5190,8.185,0.000,0.357,0.038,0.000,0.013,0.069,0.000,5.733,0.057,5.566,0.110,8120,15600,,1.00,1,0,4112x2570,P,1
5191,8.138,1.173,0.362,0.036,0.000,0.013,0.060,0.000,5.823,0.049,5.666,0.107,8120,15600,,1.00,1,0,4112x2570,P,1
5192,8.207,0.000,0.364,0.039,0.000,0.012,0.051,0.000,5.744,0.058,5.576,0.110,8120,15600,,1.00,1,0,4112x2570,P,1
5193,8.186,1.187,0.372,0.038,0.000,0.012,0.053,0.000,5.853,0.062,5.684,0.107,8120,15600,,1.00,1,0,4112x2570,P,1
5194,8.198,0.000,0.349,0.033,0.000,0.015,0.040,0.000,5.859,0.059,5.690,0.111,8120,15600,,1.00,1,0,4112x2570,P,1
5195,8.358,0.988,0.366,0.038,0.000,0.011,0.072,0.000,5.863,0.058,5.699,0.106,8120,15600,,1.00,1,0,4112x2570,P,1
5196,8.110,0.000,0.424,0.039,0.000,0.014,0.047,0.000,5.617,0.060,5.445,0.112,8120,15600,,1.00,1,0,4112x2570,P,1
5197,8.307,1.004,0.372,0.047,0.000,0.012,0.054,0.000,5.566,0.060,5.394,0.112,8120,15600,,1.00,1,0,4112x2570,P,1
5198,8.223,0.000,0.417,0.040,0.000,0.011,0.067,0.000,5.490,0.063,5.315,0.113,8120,15600,,1.00,1,0,4112x2570,P,1
5199,8.111,1.117,0.421,0.047,0.000,0.019,0.062,0.000,5.656,0.059,5.480,0.117,8120,15600,,1.00,1,0,4112x2570,P,1
5200,8.222,0.000,0.472,0.042,0.000,0.014,0.058,0.000,5.656,0.059,5.486,0.112,8120,15600,,1.00,1,0,4112x2570,P,1
5201,8.403,1.075,0.368,0.048,0.000,0.017,0.100,0.000,5.499,0.062,5.324,0.113,8120,15600,,1.00,1,0,4112x2570,P,1
5202,7.845,0.000,0.534,0.086,0.000,0.034,0.063,0.000,5.508,0.054,5.335,0.120,8120,15600,,1.00,1,0,4112x2570,P,1
5203,8.123,0.891,0.385,0.081,0.000,0.023,0.061,0.000,5.475,0.061,5.301,0.113,8120,15600,,1.00,1,0,4112x2570,P,1
5204,8.104,0.000,0.440,0.071,0.000,0.020,0.052,0.000,5.634,0.063,5.455,0.115,8120,15600,,1.00,1,0,4112x2570,P,1
5205,8.270,0.913,0.396,0.059,0.000,0.019,0.062,0.000,5.820,0.053,5.647,0.120,8120,15600,,1.00,1,0,4112x2570,P,1
5206,8.240,0.000,0.404,0.078,0.000,0.026,0.066,0.000,5.246,0.055,5.077,0.115,8120,15600,,1.00,1,0,4112x2570,P,1
5207,8.053,1.075,0.348,0.078,0.000,0.024,0.070,0.000,5.109,0.057,4.993,0.060,8120,15600,,1.00,1,0,4112x2570,P,1
5208,8.169,0.000,0.339,0.066,0.000,0.017,0.064,0.000,4.941,0.058,4.825,0.058,8120,15600,,1.00,1,0,4112x2570,P,1
5209,8.135,1.048,0.328,0.070,0.000,0.021,0.068,0.000,4.927,0.058,4.809,0.060,8120,15600,,1.00,1,0,4112x2570,P,1
5210,8.281,0.000,0.304,0.066,0.000,0.019,0.068,0.000,4.963,0.057,4.812,0.093,8120,15600,,1.00,1,0,4112x2570,P,1
5211,7.985,1.051,0.331,0.056,0.000,0.018,0.059,0.000,4.870,0.057,4.754,0.058,8120,15600,,1.00,1,0,4112x2570,P,1
5212,8.223,0.000,0.345,0.049,0.000,0.016,0.051,0.000,4.964,0.058,4.849,0.058,8120,15600,,1.00,1,0,4112x2570,P,1
5213,8.241,0.941,0.281,0.040,0.000,0.013,0.066,0.000,4.987,0.057,4.841,0.089,8120,15600,,1.00,1,0,4112x2570,P,1
5214,8.146,0.000,0.330,0.052,0.000,0.018,0.055,0.000,5.128,0.057,5.013,0.058,8120,15600,,1.00,1,0,4112x2570,P,1
5215,8.246,0.945,0.295,0.062,0.000,0.018,0.053,0.000,5.197,0.058,5.034,0.105,8120,15600,,1.00,1,0,4112x2570,P,1
5216,8.123,0.000,0.311,0.045,0.000,0.015,0.059,0.000,5.174,0.058,5.021,0.095,8120,15600,,1.00,1,0,4112x2570,P,1
5217,8.303,0.847,0.277,0.047,0.000,0.016,0.052,0.000,5.231,0.057,5.059,0.115,8120,15600,,1.00,1,0,4112x2570,P,1
5218,8.158,0.000,0.295,0.038,0.000,0.013,0.044,0.000,5.332,0.058,5.216,0.058,8120,15600,,1.00,1,0,4112x2570,P,1
5219,8.269,0.773,0.375,0.031,0.000,0.010,0.048,0.000,5.418,0.057,5.250,0.111,8120,15600,,1.00,1,0,4112x2570,P,1
5220,8.282,0.000,0.287,0.042,0.000,0.013,0.053,0.000,5.411,0.057,5.239,0.115,8120,15600,,1.00,1,0,4112x2570,P,1
5221,8.163,0.959,0.288,0.048,0.000,0.015,0.039,0.000,5.521,0.058,5.369,0.094,8120,15600,,1.00,1,0,4112x2570,P,1
5222,8.214,0.000,0.297,0.040,0.000,0.011,0.057,0.000,5.559,0.057,5.393,0.110,8120,15600,,1.00,1,0,4112x2570,P,1
5223,8.251,0.820,0.317,0.040,0.000,0.014,0.057,0.000,5.707,0.056,5.592,0.058,8120,15600,,1.00,1,0,4112x2570,P,1
5224,8.265,0.000,0.379,0.044,0.000,0.015,0.056,0.000,5.754,0.060,5.590,0.104,8120,15600,,1.00,1,0,4112x2570,P,1
5225,8.189,0.757,0.287,0.053,0.000,0.016,0.055,0.000,5.700,0.060,5.540,0.101,8120,15600,,1.00,1,0,4112x2570,P,1
5226,8.208,0.000,0.298,0.039,0.000,0.019,0.053,0.000,5.892,0.057,5.727,0.108,8120,15600,,1.00,1,0,4112x2570,P,1
5227,8.332,0.798,0.306,0.039,0.000,0.013,0.056,0.000,5.935,0.050,5.826,0.059,8120,15600,,1.00,1,0,4112x2570,P,1
5228,7.967,0.000,0.308,0.065,0.000,0.018,0.042,0.000,5.848,0.058,5.681,0.109,8120,15600,,1.00,1,0,4112x2570,P,1
5229,8.235,0.956,0.313,0.044,0.000,0.012,0.046,0.000,6.173,0.049,6.045,0.079,8120,15600,,1.00,1,0,4112x2570,P,1
5230,8.246,0.000,0.439,0.038,0.000,0.012,0.062,0.000,5.692,0.052,5.532,0.109,8120,15600,,1.00,1,0,4112x2570,P,1
5231,8.235,0.966,0.273,0.039,0.000,0.012,0.053,0.000,5.580,0.057,5.414,0.109,8120,15600,,1.00,1,0,4112x2570,P,1
5232,8.286,0.000,0.310,0.034,0.000,0.011,0.056,0.000,5.608,0.057,5.441,0.111,8120,15600,,1.00,1,0,4112x2570,P,1
5233,8.197,0.816,0.323,0.037,0.000,0.013,0.039,0.000,5.582,0.057,5.408,0.116,8120,15600,,1.00,1,0,4112x2570,P,1
5234,8.225,0.000,0.316,0.038,0.000,0.011,0.059,0.000,5.603,0.057,5.430,0.116,8120,15600,,1.00,1,0,4112x2570,P,1
5235,8.251,0.855,0.270,0.029,0.000,0.010,0.057,0.000,5.456,0.056,5.285,0.115,8120,15600,,1.00,1,0,4112x2570,P,1
5236,8.269,0.000,0.318,0.029,0.000,0.010,0.040,0.000,5.458,0.056,5.277,0.125,8120,15600,,1.00,1,0,4112x2570,P,1
5237,8.317,0.785,0.338,0.026,0.000,0.010,0.060,0.000,5.392,0.058,5.274,0.060,8120,15600,,1.00,1,0,4112x2570,P,1
5238,8.204,0.000,0.310,0.037,0.000,0.013,0.058,0.000,5.503,0.058,5.381,0.064,8120,15600,,1.00,1,0,4112x2570,P,1
5239,8.305,0.797,0.323,0.033,0.000,0.012,0.057,0.000,5.583,0.058,5.419,0.106,8120,15600,,1.00,1,0,4112x2570,P,1
5240,8.134,0.000,0.437,0.045,0.000,0.014,0.053,0.000,5.546,0.057,5.373,0.116,8120,15600,,1.00,1,0,4112x2570,P,1
5241,8.258,0.944,0.287,0.036,0.000,0.012,0.056,0.000,5.593,0.057,5.422,0.113,8120,15600,,1.00,1,0,4112x2570,P,1
5242,8.338,0.000,0.312,0.031,0.000,0.013,0.056,0.000,5.539,0.057,5.424,0.058,8120,15600,,1.00,1,0,4112x2570,P,1
5243,8.135,0.893,0.301,0.067,0.000,0.021,0.063,0.000,5.484,0.058,5.367,0.060,8120,15600,,1.00,1,0,4112x2570,P,1
5244,8.229,0.000,0.290,0.068,0.000,0.019,0.064,0.000,5.499,0.057,5.383,0.058,8120,15600,,1.00,1,0,4112x2570,P,1
5245,8.096,0.754,0.308,0.071,0.000,0.024,0.070,0.000,5.649,0.057,5.534,0.058,8120,15600,,1.00,1,0,4112x2570,P,1
5246,8.122,0.000,0.283,0.062,0.000,0.018,0.051,0.000,5.674,0.059,5.554,0.061,8120,15600,,1.00,1,0,4112x2570,P,1
5247,8.178,0.796,0.244,0.060,0.000,0.019,0.059,0.000,5.690,0.058,5.571,0.062,8120,15600,,1.00,1,0,4112x2570,P,1
5248,8.222,0.000,0.279,0.052,0.000,0.019,0.063,0.000,5.836,0.057,5.721,0.059,8120,15600,,1.00,1,0,4112x2570,P,1
5249,8.020,0.738,0.249,0.066,0.000,0.018,0.054,0.000,5.822,0.058,5.706,0.058,8120,15600,,1.00,1,0,4112x2570,P,1
5250,8.198,0.000,0.259,0.045,0.000,0.013,0.044,0.000,5.882,0.060,5.764,0.059,8120,15600,,1.00,1,0,4112x2570,P,1
5251,8.288,0.761,0.234,0.048,0.000,0.015,0.060,0.000,6.082,0.058,5.965,0.059,8120,15600,,1.00,1,0,4112x2570,P,1
5252,8.115,0.000,0.253,0.053,0.000,0.019,0.050,0.000,6.003,0.057,5.886,0.060,8120,15600,,1.00,1,0,4112x2570,P,1
5253,8.193,0.741,0.238,0.051,0.000,0.016,0.052,0.000,6.264,0.049,6.158,0.058,8120,15600,,1.00,1,0,4112x2570,P,1
5254,8.078,0.000,0.289,0.051,0.000,0.014,0.042,0.000,6.099,0.049,5.992,0.058,8120,15600,,1.00,1,0,4112x2570,P,1
5255,8.331,0.633,0.224,0.040,0.000,0.010,0.079,0.000,6.178,0.049,6.071,0.058,8120,15600,,1.00,1,0,4112x2570,P,1
5256,8.217,0.000,0.291,0.054,0.000,0.016,0.056,0.000,6.053,0.059,5.935,0.059,8120,15600,,1.00,1,0,4112x2570,P,1
5257,8.111,0.731,0.261,0.061,0.000,0.017,0.053,0.000,6.093,0.050,5.985,0.058,8120,15600,,1.00,1,0,4112x2570,P,1
5258,8.261,0.000,0.266,0.047,0.000,0.015,0.057,0.000,6.135,0.050,6.027,0.059,8120,15600,,1.00,1,0,4112x2570,P,1
5259,8.111,0.723,0.236,0.061,0.000,0.017,0.046,0.000,6.043,0.058,5.925,0.061,8120,15600,,1.00,1,0,4112x2570,P,1
5260,8.216,0.000,0.264,0.047,0.000,0.013,0.048,0.000,6.282,0.049,6.174,0.059,8120,15600,,1.00,1,0,4112x2570,P,1
5261,8.224,0.711,0.229,0.046,0.000,0.013,0.050,0.000,6.120,0.048,6.013,0.058,8120,15600,,1.00,1,0,4112x2570,P,1
5262,8.198,0.000,0.260,0.048,0.000,0.016,0.086,0.000,6.068,0.059,5.952,0.057,8120,15600,,1.00,1,0,4112x2570,P,1
5263,8.161,0.660,0.245,0.052,0.000,0.016,0.042,0.000,6.139,0.049,6.031,0.059,8120,15600,,1.00,1,0,4112x2570,P,1
5264,8.227,0.000,0.253,0.051,0.000,0.012,0.052,0.000,6.045,0.058,5.926,0.060,8120,15600,,1.00,1,0,4112x2570,P,1
5265,8.174,0.780,0.250,0.057,0.000,0.016,0.048,0.000,6.163,0.049,6.017,0.096,8120,15600,,1.00,1,0,4112x2570,P,1
5266,8.329,0.000,0.271,0.044,0.000,0.012,0.076,0.000,6.139,0.049,6.031,0.059,8120,15600,,1.00,1,0,4112x2570,P,1
5267,8.217,0.621,0.278,0.070,0.000,0.020,0.058,0.000,5.995,0.059,5.880,0.056,8120,15600,,1.00,1,0,4112x2570,P,1
5268,8.102,0.000,0.279,0.066,0.000,0.019,0.055,0.000,5.960,0.057,5.845,0.057,8120,15600,,1.00,1,0,4112x2570,P,1
5269,8.129,0.738,0.264,0.062,0.000,0.021,0.041,0.000,6.088,0.049,5.980,0.058,8120,15600,,1.00,1,0,4112x2570,P,1
5270,8.201,0.000,0.274,0.055,0.000,0.015,0.039,0.000,6.015,0.059,5.898,0.058,8120,15600,,1.00,1,0,4112x2570,P,1
5271,8.287,0.610,0.236,0.032,0.000,0.009,0.053,0.000,6.156,0.049,6.048,0.060,8120,15600,,1.00,1,0,4112x2570,P,1
5272,8.378,0.000,0.300,0.032,0.000,0.011,0.045,0.000,6.210,0.048,6.067,0.094,8120,15600,,1.00,1,0,4112x2570,P,1
5273,8.326,0.690,0.218,0.029,0.000,0.010,0.051,0.000,6.056,0.050,5.882,0.124,8120,15600,,1.00,1,0,4112x2570,P,1
5274,8.506,0.000,0.253,0.028,0.000,0.009,0.035,0.000,5.725,0.051,5.548,0.126,8120,15600,,1.00,1,0,4112x2570,P,1
5275,8.158,0.736,0.217,0.024,0.000,0.008,0.044,0.000,5.488,0.058,5.353,0.077,8120,15600,,1.00,1,0,4112x2570,P,1
5276,8.327,0.000,0.248,0.026,0.000,0.010,0.030,0.000,5.629,0.060,5.451,0.119,8120,15600,,1.00,1,0,4112x2570,P,1
5277,8.403,0.643,0.234,0.022,0.000,0.007,0.040,0.000,5.455,0.057,5.296,0.102,8120,15600,,1.00,1,0,4112x2570,P,1
5278,8.364,0.000,0.276,0.030,0.000,0.012,0.038,0.000,5.404,0.057,5.229,0.118,8120,15600,,1.00,1,0,4112x2570,P,1
5279,8.153,0.801,0.234,0.028,0.000,0.009,0.043,0.000,5.415,0.057,5.242,0.116,8120,15600,,1.00,1,0,4112x2570,P,1
5280,8.221,0.000,0.257,0.031,0.000,0.013,0.050,0.000,5.232,0.057,5.056,0.119,8120,15600,,1.00,1,0,4112x2570,P,1
5281,8.184,0.667,0.246,0.027,0.000,0.010,0.040,0.000,5.242,0.056,5.073,0.112,8120,15600,,1.00,1,0,4112x2570,P,1
5282,8.412,0.000,0.279,0.025,0.000,0.011,0.035,0.000,5.251,0.056,5.073,0.122,8120,15600,,1.00,1,0,4112x2570,P,1
5283,8.244,0.691,0.250,0.027,0.000,0.008,0.044,0.000,5.153,0.058,5.032,0.063,8120,15600,,1.00,1,0,4112x2570,P,1
5284,8.334,0.000,0.290,0.029,0.000,0.011,0.045,0.000,5.244,0.058,5.059,0.126,8120,15600,,1.00,1,0,4112x2570,P,1
5285,8.430,0.705,0.267,0.026,0.000,0.016,0.053,0.000,5.255,0.056,5.080,0.119,8120,15600,,1.00,1,0,4112x2570,P,1
5286,8.266,0.000,0.317,0.033,0.000,0.014,0.052,0.000,5.198,0.058,5.037,0.103,8120,15600,,1.00,1,0,4112x2570,P,1
5287,8.289,0.764,0.288,0.030,0.000,0.010,0.046,0.000,5.179,0.056,5.046,0.076,8120,15600,,1.00,1,0,4112x2570,P,1
5288,8.342,0.000,0.314,0.026,0.000,0.009,0.039,0.000,5.417,0.057,5.244,0.116,8120,15600,,1.00,1,0,4112x2570,P,1
5289,8.354,0.715,0.309,0.026,0.000,0.008,0.039,0.000,5.391,0.056,5.224,0.110,8120,15600,,1.00,1,0,4112x2570,P,1
5290,8.242,0.000,0.308,0.037,0.000,0.010,0.039,0.000,5.374,0.056,5.197,0.121,8120,15600,,1.00,1,0,4112x2570,P,1
5291,8.405,0.860,0.308,0.034,0.000,0.010,0.062,0.000,5.412,0.057,5.247,0.109,8120,15600,,1.00,1,0,4112x2570,P,1
5292,8.292,0.000,0.364,0.037,0.000,0.010,0.048,0.000,5.373,0.057,5.205,0.111,8120,15600,,1.00,1,0,4112x2570,P,1
5293,8.331,0.788,0.307,0.030,0.000,0.009,0.062,0.000,5.577,0.057,5.398,0.121,8120,15600,,1.00,1,0,4112x2570,P,1
5294,8.340,0.000,0.380,0.042,0.000,0.016,0.037,0.000,5.529,0.056,5.363,0.110,8120,15600,,1.00,1,0,4112x2570,P,1
5295,8.346,0.883,0.357,0.033,0.000,0.011,0.041,0.000,5.536,0.059,5.362,0.115,8120,15600,,1.00,1,0,4112x2570,P,1
5296,8.299,0.000,0.431,0.038,0.000,0.017,0.058,0.000,5.666,0.061,5.495,0.110,8120,15600,,1.00,1,0,4112x2570,P,1
5297,8.322,1.058,0.415,0.040,0.000,0.013,0.045,0.000,5.806,0.052,5.638,0.115,8120,15600,,1.00,1,0,4112x2570,P,1
5298,8.315,0.000,0.459,0.040,0.000,0.013,0.044,0.000,5.483,0.053,5.313,0.117,8120,15600,,1.00,1,0,4112x2570,P,1
5299,8.325,1.067,0.408,0.039,0.000,0.013,0.044,0.000,5.349,0.062,5.169,0.118,8120,15600,,1.00,1,0,4112x2570,P,1
5300,8.368,0.000,0.454,0.062,0.000,0.014,0.047,0.000,5.377,0.062,5.198,0.118,8120,15600,,1.00,1,0,4112x2570,P,1
5301,8.294,1.214,0.480,0.044,0.000,0.017,0.068,0.000,5.393,0.060,5.210,0.123,8120,15600,,1.00,1,0,4112x2570,P,1
5302,8.431,0.000,0.568,0.041,0.000,0.014,0.124,0.000,5.402,0.073,5.214,0.116,8120,15600,,1.00,1,0,4112x2570,P,1
5303,7.872,1.046,0.463,0.050,0.000,0.016,0.050,0.000,5.312,0.072,5.126,0.115,8120,15600,,1.00,1,0,4112x2570,P,1
5304,8.218,0.000,0.458,0.044,0.000,0.013,0.070,0.000,5.511,0.057,5.347,0.107,8120,15600,,1.00,1,0,4112x2570,P,1
5305,8.266,0.994,0.446,0.046,0.000,0.018,0.074,0.000,5.374,0.071,5.190,0.112,8120,15600,,1.00,1,0,4112x2570,P,1
5306,8.178,0.000,0.493,0.059,0.000,0.022,0.074,0.000,5.366,0.068,5.184,0.114,8120,15600,,1.00,1,0,4112x2570,P,1
5307,8.239,1.238,0.426,0.046,0.000,0.017,0.055,0.000,5.408,0.068,5.231,0.109,8120,15600,,1.00,1,0,4112x2570,P,1
5308,8.287,0.000,0.392,0.039,0.000,0.025,0.081,0.000,5.329,0.061,5.154,0.114,8120,15600,,1.00,1,0,4112x2570,P,1
5309,8.117,0.910,0.382,0.048,0.000,0.017,0.075,0.000,5.360,0.063,5.179,0.118,8120,15600,,1.00,1,0,4112x2570,P,1
5310,8.145,0.000,0.448,0.044,0.000,0.015,0.065,0.000,5.405,0.061,5.228,0.116,8120,15600,,1.00,1,0,4112x2570,P,1
5311,8.320,0.895,0.451,0.047,0.000,0.016,0.068,0.000,5.541,0.060,5.367,0.114,8120,15600,,1.00,1,0,4112x2570,P,1
5312,8.132,0.000,0.498,0.042,0.000,0.023,0.065,0.000,5.485,0.069,5.301,0.115,8120,15600,,1.00,1,0,4112x2570,P,1
5313,8.301,0.912,0.403,0.045,0.000,0.016,0.065,0.000,5.682,0.060,5.507,0.116,8120,15600,,1.00,1,0,4112x2570,P,1
5314,8.135,0.000,0.449,0.056,0.000,0.015,0.048,0.000,5.511,0.068,5.326,0.117,8120,15600,,1.00,1,0,4112x2570,P,1
5315,8.208,0.857,0.411,0.055,0.000,0.014,0.058,0.000,5.649,0.052,5.479,0.118,8120,15600,,1.00,1,0,4112x2570,P,1
5316,8.285,0.000,0.375,0.039,0.000,0.013,0.064,0.000,5.705,0.062,5.521,0.122,8120,15600,,1.00,1,0,4112x2570,P,1
5317,8.277,0.814,0.376,0.039,0.000,0.015,0.055,0.000,5.579,0.072,5.398,0.110,8120,15600,,1.00,1,0,4112x2570,P,1
5318,8.230,0.000,0.419,0.043,0.000,0.013,0.055,0.000,5.636,0.060,5.463,0.114,8120,15600,,1.00,1,0,4112x2570,P,1
5319,8.221,0.838,0.398,0.039,0.000,0.015,0.052,0.000,5.522,0.068,5.335,0.119,8120,15600,,1.00,1,0,4112x2570,P,1
5320,8.197,0.000,0.528,0.049,0.000,0.014,0.055,0.000,5.660,0.050,5.492,0.118,8120,15600,,1.00,1,0,4112x2570,P,1
5321,8.221,0.978,0.422,0.042,0.000,0.014,0.045,0.000,5.531,0.068,5.346,0.117,8120,15600,,1.00,1,0,4112x2570,P,1
5322,8.272,0.000,0.391,0.035,0.000,0.013,0.055,0.000,5.854,0.049,5.686,0.120,8120,15600,,1.00,1,0,4112x2570,P,1
5323,8.265,0.940,0.430,0.045,0.000,0.015,0.078,0.000,5.512,0.057,5.337,0.118,8120,15600,,1.00,1,0,4112x2570,P,1
5324,8.215,0.000,0.496,0.042,0.000,0.018,0.064,0.000,5.352,0.071,5.169,0.112,8120,15600,,1.00,1,0,4112x2570,P,1
5325,8.266,0.887,0.430,0.048,0.000,0.014,0.068,0.000,5.447,0.055,5.280,0.112,8120,15600,,1.00,1,0,4112x2570,P,1
5326,8.183,0.000,0.496,0.047,0.000,0.017,0.050,0.000,5.209,0.071,5.019,0.119,8120,15600,,1.00,1,0,4112x2570,P,1
5327,8.371,0.906,0.614,0.049,0.000,0.016,0.069,0.000,5.162,0.071,4.981,0.110,8120,15600,,1.00,1,0,4112x2570,P,1
5328,8.088,0.000,0.455,0.042,0.000,0.015,0.058,0.000,5.096,0.069,4.920,0.107,8120,15600,,1.00,1,0,4112x2570,P,1
5329,8.376,0.981,0.440,0.042,0.000,0.015,0.053,0.000,5.210,0.069,5.024,0.117,8120,15600,,1.00,1,0,4112x2570,P,1
5330,8.125,0.000,0.465,0.043,0.000,0.014,0.059,0.000,5.105,0.070,4.923,0.112,8120,15600,,1.00,1,0,4112x2570,P,1
5331,8.241,0.811,0.429,0.045,0.000,0.015,0.057,0.000,5.103,0.072,4.968,0.063,8120,15600,,1.00,1,0,4112x2570,P,1
5332,8.224,0.000,0.346,0.062,0.000,0.019,0.058,0.000,5.334,0.057,5.216,0.061,8120,15600,,1.00,1,0,4112x2570,P,1
5333,8.060,1.000,0.341,0.063,0.000,0.019,0.060,0.000,5.365,0.056,5.193,0.116,8120,15600,,1.00,1,0,4112x2570,P,1
5334,8.211,0.000,0.368,0.045,0.000,0.019,0.069,0.000,5.433,0.057,5.264,0.112,8120,15600,,1.00,1,0,4112x2570,P,1
5335,8.193,0.836,0.313,0.039,0.000,0.013,0.040,0.000,5.455,0.058,5.279,0.118,8120,15600,,1.00,1,0,4112x2570,P,1
5336,8.282,0.000,0.349,0.039,0.000,0.012,0.067,0.000,5.599,0.058,5.430,0.111,8120,15600,,1.00,1,0,4112x2570,P,1
5337,8.362,0.833,0.313,0.033,0.000,0.011,0.053,0.000,5.587,0.058,5.408,0.120,8120,15600,,1.00,1,0,4112x2570,P,1
5338,8.421,0.000,0.328,0.035,0.000,0.012,0.068,0.000,5.548,0.057,5.379,0.112,8120,15600,,1.00,1,0,4112x2570,P,1
5339,7.964,1.061,0.355,0.049,0.000,0.015,0.071,0.000,5.517,0.057,5.347,0.113,8120,15600,drag_start,1.00,1,1,4112x2570,P,1
5340,8.310,0.000,0.428,0.047,0.000,0.013,0.043,0.000,5.864,0.059,5.689,0.117,8120,15600,,1.00,1,1,4112x2570,P,1
5341,8.323,1.242,0.370,0.039,0.000,0.013,0.067,0.000,5.841,0.053,5.667,0.121,8120,15600,,1.00,1,1,4112x2570,P,1
5342,8.377,0.000,0.544,0.033,0.000,0.014,0.060,0.000,5.868,0.054,5.700,0.114,8120,15600,,1.00,1,1,4112x2570,P,1
5343,8.317,0.973,0.356,0.034,0.000,0.011,0.051,0.000,5.755,0.059,5.578,0.119,8120,15600,,1.00,1,1,4112x2570,P,1
5344,8.352,0.000,0.435,0.037,0.000,0.016,0.051,0.000,5.865,0.050,5.695,0.119,8120,15600,,1.00,1,1,4112x2570,P,1
5345,8.312,1.048,0.423,0.039,0.000,0.012,0.053,0.000,5.749,0.054,5.633,0.062,8120,15600,,1.00,1,1,4112x2570,P,1
5346,8.381,0.000,0.404,0.047,0.000,0.016,0.070,0.000,5.923,0.058,5.751,0.114,8120,15600,,1.00,1,1,4112x2570,P,1
5347,8.340,0.894,0.327,0.053,0.000,0.018,0.059,0.000,5.912,0.052,5.800,0.060,8120,15600,,1.00,1,1,4112x2570,P,1
5348,8.278,0.000,0.355,0.050,0.000,0.015,0.065,0.000,5.891,0.058,5.723,0.109,8120,15600,,1.00,1,1,4112x2570,P,1
5349,8.347,1.043,0.323,0.051,0.000,0.013,0.061,0.000,5.995,0.050,5.829,0.116,8120,15600,,1.00,1,1,4112x2570,P,1
5350,8.304,0.000,0.388,0.045,0.000,0.012,0.072,0.000,6.069,0.058,5.898,0.112,8120,15600,,1.00,1,1,4112x2570,P,1
5351,8.331,1.115,0.351,0.045,0.000,0.015,0.060,0.000,6.249,0.049,6.011,0.189,8120,15600,,1.00,1,1,4112x2570,P,1
5352,8.293,0.000,0.497,0.041,0.000,0.012,0.060,0.000,5.481,0.049,5.331,0.102,8120,15600,,1.00,1,1,4112x2570,P,1
5353,8.376,1.147,0.368,0.040,0.000,0.018,0.072,0.000,5.427,0.057,5.251,0.118,8120,15600,,1.00,1,1,4112x2570,P,1
5354,8.235,0.000,0.424,0.047,0.000,0.014,0.059,0.000,5.193,0.056,5.023,0.113,8120,15600,,1.00,1,1,4112x2570,P,1
5355,8.431,1.283,0.378,0.039,0.000,0.017,0.062,0.000,5.217,0.055,5.057,0.105,8120,15600,,1.00,1,1,4112x2570,P,1
5356,8.494,0.000,0.420,0.041,0.000,0.013,0.073,0.000,5.132,0.057,5.008,0.067,8120,15600,,1.00,1,1,4112x2570,P,1
5357,8.207,1.300,0.421,0.040,0.000,0.013,0.063,0.000,5.095,0.058,4.932,0.105,8120,15600,,1.00,1,1,4112x2570,P,1
5358,8.527,0.000,0.486,0.045,0.000,0.018,0.085,0.000,4.979,0.057,4.819,0.103,8120,15600,,1.00,1,1,4112x2570,P,1
5359,8.066,1.573,0.458,0.062,0.000,0.021,0.059,0.000,4.864,0.057,4.694,0.112,8120,15600,,1.00,1,1,4112x2570,P,1
5360,8.427,0.000,0.469,0.054,0.000,0.017,0.068,0.000,4.979,0.057,4.828,0.094,8120,15600,,1.00,1,1,4112x2570,P,1
5361,8.264,1.560,0.434,0.050,0.000,0.021,0.071,0.000,4.954,0.057,4.781,0.116,8120,15600,,1.00,1,1,4112x2570,P,1
5362,8.247,0.000,0.478,0.049,0.000,0.016,0.081,0.000,4.914,0.061,4.757,0.096,8120,15600,,1.00,1,1,4112x2570,P,1
5363,8.173,1.274,0.441,0.057,0.000,0.016,0.053,0.000,4.882,0.063,4.759,0.060,8120,15600,,1.00,1,1,4112x2570,P,1
5364,8.232,0.000,0.376,0.046,0.000,0.013,0.044,0.000,5.160,0.057,5.043,0.060,8120,15600,,1.00,1,1,4112x2570,P,1
5365,8.452,0.851,0.324,0.053,0.000,0.015,0.068,0.000,5.200,0.058,5.087,0.056,8120,15600,,1.00,1,1,4112x2570,P,1
5366,8.265,0.000,0.333,0.056,0.000,0.015,0.044,0.000,5.185,0.057,5.024,0.103,8120,15600,,1.00,1,1,4112x2570,P,1
5367,8.217,0.903,0.288,0.039,0.000,0.011,0.037,0.000,5.183,0.056,5.066,0.061,8120,15600,,1.00,1,1,4112x2570,P,1
5368,8.372,0.000,0.302,0.034,0.000,0.013,0.048,0.000,5.408,0.056,5.291,0.061,8120,15600,,1.00,1,1,4112x2570,P,1
5369,8.281,0.779,0.270,0.043,0.000,0.012,0.058,0.000,5.380,0.057,5.265,0.059,8120,15600,,1.00,1,1,4112x2570,P,1
5370,8.351,0.000,0.429,0.047,0.000,0.016,0.048,0.000,5.575,0.058,5.459,0.058,8120,15600,,1.00,1,1,4112x2570,P,1
5371,8.238,0.652,0.276,0.027,0.000,0.009,0.038,0.000,5.565,0.058,5.447,0.060,8120,15600,,1.00,1,1,4112x2570,P,1
5372,8.342,0.000,0.254,0.031,0.000,0.009,0.029,0.000,5.800,0.058,5.683,0.059,8120,15600,,1.00,1,1,4112x2570,P,1
5373,8.479,0.783,0.267,0.026,0.000,0.008,0.068,0.000,5.778,0.058,5.661,0.059,8120,15600,,1.00,1,1,4112x2570,P,1
5374,8.237,0.000,0.409,0.043,0.000,0.013,0.052,0.000,5.868,0.057,5.754,0.058,8120,15600,,1.00,1,1,4112x2570,P,1
5375,8.272,0.698,0.213,0.034,0.000,0.011,0.043,0.000,5.911,0.060,5.792,0.059,8120,15600,,1.00,1,1,4112x2570,P,1
5376,8.414,0.000,0.255,0.026,0.000,0.009,0.063,0.000,6.124,0.060,6.004,0.060,8120,15600,,1.00,1,1,4112x2570,P,1
5377,8.293,0.693,0.234,0.037,0.000,0.012,0.035,0.000,6.165,0.052,6.043,0.071,8120,15600,,1.00,1,1,4112x2570,P,1
5378,8.261,0.000,0.249,0.030,0.000,0.009,0.034,0.000,5.905,0.056,5.732,0.117,8120,15600,,1.00,1,1,4112x2570,P,1
5379,8.486,0.736,0.218,0.026,0.000,0.008,0.038,0.000,5.854,0.052,5.741,0.062,8120,15600,,1.00,1,1,4112x2570,P,1
5380,8.168,0.000,0.251,0.037,0.000,0.010,0.052,0.000,5.709,0.056,5.593,0.060,8120,15600,,1.00,1,1,4112x2570,P,1
5381,8.369,0.748,0.243,0.036,0.000,0.012,0.052,0.000,5.807,0.057,5.626,0.123,8120,15600,,1.00,1,1,4112x2570,P,1
5382,8.278,0.000,0.247,0.030,0.000,0.009,0.041,0.000,5.709,0.050,5.549,0.110,8120,15600,,1.00,1,1,4112x2570,P,1
5383,8.416,0.748,0.264,0.037,0.000,0.009,0.058,0.000,5.633,0.058,5.482,0.094,8120,15600,,1.00,1,1,4112x2570,P,1
5384,8.319,0.000,0.248,0.035,0.000,0.010,0.049,0.000,5.619,0.057,5.450,0.112,8120,15600,,1.00,1,1,4112x2570,P,1
5385,8.323,0.750,0.251,0.027,0.000,0.010,0.045,0.000,5.572,0.056,5.424,0.092,8120,15600,,1.00,1,1,4112x2570,P,1
5386,8.384,0.000,0.256,0.025,0.000,0.013,0.026,0.000,5.819,0.057,5.635,0.127,8120,15600,,1.00,1,1,4112x2570,P,1
5387,8.279,0.656,0.221,0.024,0.000,0.007,0.045,0.000,5.779,0.057,5.604,0.117,8120,15600,,1.00,1,1,4112x2570,P,1
5388,8.381,0.000,0.271,0.029,0.000,0.010,0.037,0.000,5.788,0.058,5.611,0.119,8120,15600,,1.00,1,1,4112x2570,P,1
5389,8.414,0.826,0.237,0.025,0.000,0.014,0.055,0.000,5.850,0.056,5.696,0.097,8120,15600,,1.00,1,1,4112x2570,P,1
5390,8.319,0.000,0.293,0.027,0.000,0.012,0.036,0.000,5.754,0.060,5.583,0.111,8120,15600,,1.00,1,1,4112x2570,P,1
5391,8.208,0.815,0.255,0.025,0.000,0.009,0.051,0.000,5.807,0.056,5.655,0.096,8120,15600,,1.00,1,1,4112x2570,P,1
5392,8.296,0.000,0.313,0.027,0.000,0.008,0.041,0.000,5.783,0.056,5.613,0.113,8120,15600,,1.00,1,1,4112x2570,P,1
5393,8.299,0.945,0.254,0.024,0.000,0.008,0.035,0.000,5.900,0.051,5.741,0.108,8120,15600,,1.00,1,1,4112x2570,P,1
5394,8.388,0.000,0.367,0.033,0.000,0.012,0.064,0.000,5.830,0.059,5.659,0.112,8120,15600,,1.00,1,1,4112x2570,P,1
5395,8.345,0.863,0.374,0.050,0.000,0.008,0.036,0.000,5.842,0.059,5.716,0.068,8120,15600,,1.00,1,1,4112x2570,P,1
5396,8.312,0.000,0.303,0.033,0.000,0.011,0.042,0.000,5.780,0.059,5.599,0.123,8120,15600,,1.00,1,1,4112x2570,P,1
5397,8.636,0.919,0.312,0.034,0.000,0.013,0.093,0.000,5.293,0.056,5.129,0.108,8120,15600,,1.00,1,1,4112x2570,P,1
5398,8.117,0.001,0.388,0.105,0.000,0.021,0.070,0.000,5.759,0.058,5.632,0.069,8120,15600,,1.00,1,1,4112x2570,P,1
5399,8.340,1.104,0.355,0.054,0.000,0.017,0.091,0.000,5.966,0.052,5.801,0.113,8120,15600,,1.00,1,1,4112x2570,P,1
5400,8.210,0.000,0.392,0.051,0.000,0.024,0.060,0.000,5.813,0.052,5.649,0.112,8120,15600,,1.00,1,1,4112x2570,P,1
5401,8.302,1.072,0.353,0.043,0.000,0.014,0.053,0.000,5.848,0.052,5.684,0.111,8120,15600,,1.00,1,1,4112x2570,P,1
5402,8.313,0.000,0.381,0.032,0.000,0.012,0.076,0.000,5.876,0.049,5.713,0.114,8120,15600,,1.00,1,1,4112x2570,P,1
5403,8.365,1.252,0.410,0.050,0.000,0.022,0.093,0.000,5.713,0.059,5.532,0.121,8120,15600,,1.00,1,1,4112x2570,P,1
5404,8.105,0.000,0.439,0.054,0.000,0.027,0.059,0.000,5.663,0.059,5.515,0.090,8120,15600,,1.00,1,1,4112x2570,P,1
5405,8.131,1.256,0.365,0.045,0.000,0.015,0.058,0.000,5.516,0.062,5.341,0.113,8120,15600,,1.00,1,1,4112x2570,P,1
5406,8.304,0.000,0.432,0.040,0.000,0.012,0.076,0.000,5.689,0.053,5.520,0.116,8120,15600,,1.00,1,1,4112x2570,P,1
5407,8.190,1.356,0.403,0.049,0.000,0.019,0.063,0.000,5.678,0.054,5.505,0.120,8120,15600,,1.00,1,1,4112x2570,P,1
5408,8.155,0.000,0.489,0.061,0.000,0.015,0.064,0.000,5.571,0.059,5.393,0.119,8120,15600,,1.00,1,1,4112x2570,P,1
5409,8.308,1.107,0.413,0.044,0.000,0.013,0.085,0.000,5.698,0.054,5.528,0.116,8120,15600,,1.00,1,1,4112x2570,P,1
5410,8.273,0.000,0.482,0.053,0.000,0.017,0.064,0.000,5.538,0.060,5.370,0.108,8120,15600,,1.00,1,1,4112x2570,P,1
5411,8.195,1.349,0.440,0.046,0.000,0.016,0.063,0.000,5.174,0.071,4.988,0.114,8120,15600,,1.00,1,1,4112x2570,P,1
5412,8.203,0.000,0.461,0.046,0.000,0.015,0.066,0.000,5.192,0.071,4.999,0.122,8120,15600,,1.00,1,1,4112x2570,P,1
5413,8.318,1.367,0.510,0.048,0.000,0.014,0.082,0.000,5.254,0.070,5.064,0.121,8120,15600,,1.00,1,1,4112x2570,P,1
5414,8.195,0.000,0.566,0.058,0.000,0.027,0.060,0.000,5.186,0.071,4.996,0.120,8120,15600,,1.00,1,1,4112x2570,P,1
5415,8.217,1.592,0.481,0.048,0.000,0.018,0.063,0.000,5.175,0.072,4.986,0.118,8120,15600,,1.00,1,1,4112x2570,P,1
5416,8.181,0.000,0.563,0.047,0.000,0.016,0.049,0.000,5.165,0.071,4.979,0.115,8120,15600,,1.00,1,1,4112x2570,P,1
5417,8.252,1.258,0.481,0.052,0.000,0.015,0.059,0.000,5.257,0.069,5.075,0.113,8120,15600,,1.00,1,1,4112x2570,P,1
5418,8.239,0.000,0.498,0.045,0.000,0.015,0.047,0.000,5.196,0.068,5.016,0.112,8120,15600,,1.00,1,1,4112x2570,P,1
5419,8.311,1.156,0.475,0.045,0.000,0.017,0.068,0.000,5.274,0.071,5.090,0.113,8120,15600,,1.00,1,1,4112x2570,P,1
5420,8.142,0.000,0.503,0.048,0.000,0.015,0.050,0.000,5.181,0.071,4.999,0.111,8120,15600,,1.00,1,1,4112x2570,P,1
5421,8.316,1.148,0.546,0.051,0.000,0.017,0.064,0.000,5.310,0.070,5.123,0.117,8120,15600,,1.00,1,1,4112x2570,P,1
5422,8.407,0.000,0.525,0.057,0.000,0.019,0.078,0.000,5.168,0.069,5.007,0.092,8120,15600,,1.00,1,1,4112x2570,P,1
5423,8.165,1.253,0.448,0.074,0.000,0.024,0.079,0.000,5.133,0.062,4.960,0.112,8120,15600,,1.00,1,1,4112x2570,P,1
5424,8.065,0.000,0.369,0.046,0.000,0.014,0.061,0.000,5.369,0.057,5.192,0.120,8120,15600,,1.00,1,1,4112x2570,P,1
5425,8.299,1.091,0.378,0.046,0.000,0.014,0.062,0.000,5.427,0.058,5.272,0.097,8120,15600,,1.00,1,1,4112x2570,P,1
5426,8.167,0.000,0.406,0.041,0.000,0.013,0.060,0.000,5.428,0.057,5.249,0.121,8120,15600,,1.00,1,1,4112x2570,P,1
5427,8.343,1.025,0.371,0.037,0.000,0.012,0.081,0.000,5.617,0.058,5.440,0.119,8120,15600,,1.00,1,1,4112x2570,P,1
5428,8.206,0.000,0.422,0.047,0.000,0.015,0.074,0.000,5.568,0.058,5.397,0.113,8120,15600,,1.00,1,1,4112x2570,P,1
5429,8.173,1.561,0.417,0.046,0.000,0.016,0.054,0.000,5.515,0.056,5.394,0.064,8120,15600,,1.00,1,1,4112x2570,P,1
5430,8.206,0.000,0.468,0.046,0.000,0.014,0.048,0.000,5.769,0.056,5.602,0.111,8120,15600,,1.00,1,1,4112x2570,P,1
5431,8.404,1.160,0.425,0.041,0.000,0.014,0.083,0.000,5.845,0.049,5.731,0.065,8120,15600,,1.00,1,1,4112x2570,P,1
5432,8.163,0.000,0.450,0.063,0.000,0.020,0.064,0.000,5.747,0.057,5.586,0.104,8120,15600,,1.00,1,1,4112x2570,P,1
5433,8.204,1.488,0.438,0.055,0.000,0.017,0.071,0.000,6.008,0.050,5.844,0.114,8120,15600,,1.00,1,1,4112x2570,P,1
5434,8.264,0.000,0.477,0.047,0.000,0.016,0.069,0.000,6.008,0.049,5.851,0.108,8120,15600,,1.00,1,1,4112x2570,P,1
5435,8.183,1.244,0.423,0.041,0.000,0.014,0.070,0.000,5.664,0.051,5.499,0.114,8120,15600,,1.00,1,1,4112x2570,P,1
5436,8.213,0.000,0.570,0.042,0.000,0.014,0.087,0.000,5.614,0.058,5.446,0.110,8120,15600,,1.00,1,1,4112x2570,P,1
5437,8.341,1.311,0.464,0.049,0.000,0.016,0.070,0.000,5.702,0.059,5.527,0.116,8120,15600,,1.00,1,1,4112x2570,P,1
5438,8.128,0.000,0.484,0.063,0.000,0.020,0.064,0.000,5.503,0.062,5.329,0.112,8120,15600,,1.00,1,1,4112x2570,P,1
5439,8.254,1.354,0.477,0.052,0.000,0.022,0.067,0.000,5.657,0.050,5.493,0.113,8120,15600,,1.00,1,1,4112x2570,P,1
5440,8.258,0.000,0.465,0.046,0.000,0.016,0.068,0.000,5.682,0.061,5.507,0.114,8120,15600,,1.00,1,1,4112x2570,P,1
5441,8.315,1.198,0.512,0.054,0.000,0.018,0.085,0.000,5.651,0.053,5.485,0.113,8120,15600,,1.00,1,1,4112x2570,P,1
5442,8.229,0.000,0.558,0.055,0.000,0.017,0.095,0.000,5.534,0.062,5.357,0.114,8120,15600,,1.00,1,1,4112x2570,P,1
5443,8.277,1.480,0.570,0.055,0.000,0.020,0.084,0.000,5.653,0.051,5.487,0.115,8120,15600,,1.00,1,1,4112x2570,P,1
5444,8.157,0.000,0.585,0.054,0.000,0.017,0.066,0.000,5.373,0.068,5.198,0.108,8120,15600,,1.00,1,1,4112x2570,P,1
5445,8.264,1.397,0.593,0.053,0.000,0.018,0.078,0.000,5.368,0.068,5.186,0.114,8120,15600,,1.00,1,1,4112x2570,P,1
5446,8.219,0.000,0.596,0.048,0.000,0.017,0.055,0.000,5.512,0.062,5.336,0.114,8120,15600,,1.00,1,1,4112x2570,P,1
5447,8.266,1.350,0.559,0.050,0.000,0.019,0.074,0.000,5.372,0.073,5.186,0.114,8120,15600,,1.00,1,1,4112x2570,P,1
5448,7.678,0.005,1.191,0.226,0.000,0.085,0.080,0.000,5.194,0.055,5.026,0.114,8120,15600,,1.00,1,1,4112x2570,P,1
5449,7.907,1.427,0.579,0.068,0.000,0.024,0.141,0.000,5.466,0.051,5.306,0.109,8120,15600,,1.00,1,1,4112x2570,P,1
5450,9.029,0.000,0.593,0.067,0.000,0.022,0.206,0.000,5.667,0.050,5.497,0.120,8120,15600,,1.00,1,1,4112x2570,P,1
5451,7.059,1.699,1.101,0.289,0.001,0.100,0.086,0.000,4.898,0.058,4.735,0.105,8120,15600,,1.00,1,1,4112x2570,P,1
5452,8.062,0.000,0.539,0.083,0.000,0.022,0.092,0.000,5.455,0.057,5.284,0.114,8120,15600,,1.00,1,1,4112x2570,P,1
5453,8.399,1.403,0.568,0.064,0.000,0.019,0.096,0.000,5.460,0.067,5.273,0.119,8120,15600,,1.00,1,1,4112x2570,P,1
5454,7.995,0.001,0.713,0.140,0.000,0.041,0.111,0.000,5.245,0.073,5.113,0.059,8120,15600,,1.00,1,1,4112x2570,P,1
5455,8.006,1.318,0.452,0.092,0.000,0.029,0.071,0.000,5.336,0.058,5.221,0.057,8120,15600,,1.00,1,1,4112x2570,P,1
5456,8.804,0.000,0.430,0.084,0.000,0.022,0.160,0.000,5.433,0.058,5.271,0.104,8120,15600,,1.00,1,1,4112x2570,P,1
5457,7.365,1.705,0.928,0.130,0.000,0.041,0.111,0.000,5.046,0.054,4.871,0.121,8120,15600,,1.00,1,1,4112x2570,P,1
5458,8.072,0.000,0.539,0.088,0.000,0.026,0.104,0.000,5.568,0.049,5.419,0.100,8120,15600,,1.00,1,1,4112x2570,P,1
5459,8.343,1.504,0.480,0.077,0.000,0.024,0.075,0.000,5.570,0.058,5.433,0.080,8120,15600,,1.00,1,1,4112x2570,P,1
5460,8.203,0.000,0.481,0.076,0.000,0.024,0.097,0.000,5.564,0.057,5.406,0.101,8120,15600,,1.00,1,1,4112x2570,P,1
5461,8.231,1.620,0.439,0.064,0.000,0.021,0.062,0.000,5.555,0.052,5.439,0.063,8120,15600,,1.00,1,1,4112x2570,P,1
5462,8.301,0.000,0.494,0.075,0.000,0.023,0.110,0.000,5.488,0.057,5.367,0.064,8120,15600,,1.00,1,1,4112x2570,P,1
5463,8.197,1.253,0.436,0.086,0.000,0.023,0.061,0.000,5.674,0.057,5.532,0.086,8120,15600,,1.00,1,1,4112x2570,P,1
5464,8.237,0.000,0.395,0.059,0.000,0.019,0.063,0.000,5.691,0.057,5.575,0.059,8120,15600,,1.00,1,1,4112x2570,P,1
5465,8.296,0.845,0.321,0.051,0.000,0.015,0.056,0.000,5.870,0.058,5.753,0.059,8120,15600,,1.00,1,1,4112x2570,P,1
5466,8.215,0.000,0.313,0.055,0.000,0.017,0.048,0.000,5.859,0.055,5.744,0.060,8120,15600,,1.00,1,1,4112x2570,P,1
5467,8.541,0.905,0.278,0.050,0.000,0.015,0.060,0.000,5.896,0.056,5.783,0.058,8120,15600,,1.00,1,1,4112x2570,P,1
5468,8.140,0.000,0.308,0.060,0.000,0.015,0.039,0.000,6.065,0.057,5.911,0.096,8120,15600,,1.00,1,1,4112x2570,P,1
5469,8.365,0.894,0.267,0.038,0.000,0.012,0.046,0.000,6.037,0.055,5.903,0.078,8120,15600,,1.00,1,1,4112x2570,P,1
5470,8.289,0.000,0.318,0.035,0.000,0.010,0.061,0.000,5.852,0.058,5.729,0.065,8120,15600,,1.00,1,1,4112x2570,P,1
5471,8.335,0.884,0.275,0.050,0.000,0.015,0.042,0.000,5.766,0.057,5.651,0.059,8120,15600,,1.00,1,1,4112x2570,P,1
5472,8.299,0.000,0.288,0.036,0.000,0.013,0.043,0.000,5.744,0.056,5.631,0.057,8120,15600,,1.00,1,1,4112x2570,P,1
5473,8.333,0.831,0.254,0.037,0.000,0.012,0.046,0.000,5.765,0.058,5.650,0.057,8120,15600,,1.00,1,1,4112x2570,P,1
5474,8.194,0.000,0.284,0.037,0.000,0.010,0.044,0.000,5.753,0.056,5.639,0.058,8120,15600,,1.00,1,1,4112x2570,P,1
5475,8.311,0.761,0.272,0.030,0.000,0.010,0.037,0.000,5.811,0.057,5.696,0.058,8120,15600,,1.00,1,1,4112x2570,P,1
5476,8.525,0.000,0.261,0.023,0.000,0.008,0.043,0.000,5.988,0.057,5.841,0.090,8120,15600,,1.00,1,1,4112x2570,P,1
5477,8.222,0.636,0.226,0.026,0.000,0.009,0.030,0.000,5.874,0.052,5.731,0.092,8120,15600,,1.00,1,1,4112x2570,P,1
5478,8.412,0.000,0.301,0.023,0.000,0.008,0.038,0.000,5.834,0.057,5.663,0.115,8120,15600,,1.00,1,1,4112x2570,P,1
5479,8.281,0.816,0.242,0.030,0.000,0.009,0.050,0.000,5.761,0.057,5.609,0.095,8120,15600,,1.00,1,1,4112x2570,P,1
5480,8.277,0.000,0.285,0.025,0.000,0.007,0.043,0.000,5.928,0.051,5.765,0.112,8120,15600,,1.00,1,1,4112x2570,P,1
5481,8.416,0.672,0.229,0.028,0.000,0.011,0.043,0.000,5.735,0.057,5.595,0.082,8120,15600,,1.00,1,1,4112x2570,P,1
5482,8.219,0.000,0.281,0.029,0.000,0.009,0.032,0.000,5.612,0.056,5.444,0.111,8120,15600,,1.00,1,1,4112x2570,P,1
5483,8.372,0.708,0.282,0.031,0.000,0.010,0.043,0.000,5.709,0.052,5.597,0.060,8120,15600,,1.00,1,1,4112x2570,P,1
5484,8.380,0.000,0.262,0.045,0.000,0.012,0.048,0.000,5.566,0.057,5.448,0.060,8120,15600,,1.00,1,1,4112x2570,P,1
5485,8.336,0.761,0.277,0.071,0.000,0.020,0.053,0.000,5.780,0.058,5.637,0.086,8120,15600,,1.00,1,1,4112x2570,P,1
5486,8.276,0.000,0.298,0.055,0.000,0.021,0.042,0.000,5.809,0.049,5.702,0.058,8120,15600,,1.00,1,1,4112x2570,P,1
5487,8.205,0.779,0.238,0.040,0.000,0.012,0.052,0.000,5.753,0.057,5.639,0.057,8120,15600,,1.00,1,1,4112x2570,P,1
5488,8.347,0.000,0.286,0.033,0.000,0.011,0.048,0.000,5.829,0.056,5.712,0.061,8120,15600,,1.00,1,1,4112x2570,P,1
5489,8.356,0.737,0.271,0.035,0.000,0.012,0.052,0.000,5.794,0.056,5.678,0.060,8120,15600,,1.00,1,1,4112x2570,P,1
5490,8.334,0.000,0.255,0.043,0.000,0.015,0.040,0.000,5.749,0.058,5.633,0.057,8120,15600,,1.00,1,1,4112x2570,P,1
5491,8.269,0.615,0.225,0.044,0.000,0.013,0.048,0.000,5.787,0.058,5.670,0.059,8120,15600,,1.00,1,1,4112x2570,P,1
5492,8.311,0.000,0.262,0.033,0.000,0.013,0.051,0.000,5.945,0.057,5.830,0.058,8120,15600,,1.00,1,1,4112x2570,P,1
5493,8.326,0.753,0.237,0.034,0.000,0.011,0.046,0.000,6.075,0.052,5.966,0.057,8120,15600,,1.00,1,1,4112x2570,P,1
5494,8.385,0.000,0.241,0.028,0.000,0.009,0.047,0.000,6.008,0.058,5.891,0.059,8120,15600,,1.00,1,1,4112x2570,P,1
5495,8.285,0.564,0.257,0.026,0.000,0.008,0.043,0.000,5.949,0.058,5.832,0.059,8120,15600,,1.00,1,1,4112x2570,P,1
5496,8.306,0.000,0.256,0.031,0.000,0.013,0.041,0.000,6.146,0.056,6.032,0.057,8120,15600,,1.00,1,1,4112x2570,P,1
5497,8.305,0.626,0.248,0.028,0.000,0.009,0.034,0.000,6.244,0.051,6.090,0.103,8120,15600,,1.00,1,1,4112x2570,P,1
5498,8.393,0.000,0.243,0.024,0.000,0.012,0.045,0.000,6.049,0.049,5.942,0.058,8120,15600,,1.00,1,1,4112x2570,P,1
5499,8.224,0.713,0.228,0.035,0.000,0.012,0.063,0.000,6.027,0.058,5.863,0.107,8120,15600,drag_snap,1.00,1,0,4112x2570,P,1
5500,8.212,0.000,0.280,0.029,0.000,0.009,0.037,0.000,5.963,0.050,5.850,0.064,8120,15600,,1.00,1,0,4112x2570,P,1
5501,8.365,0.627,0.218,0.028,0.000,0.009,0.042,0.000,5.913,0.056,5.798,0.059,8120,15600,,1.00,1,0,4112x2570,P,1
5502,8.367,0.000,0.256,0.030,0.000,0.010,0.040,0.000,5.890,0.056,5.776,0.058,8120,15600,,1.00,1,0,4112x2570,P,1
5503,8.267,0.553,0.216,0.027,0.000,0.014,0.046,0.000,5.930,0.058,5.765,0.108,8120,15600,,1.00,1,0,4112x2570,P,1
5504,8.413,0.000,0.410,0.037,0.000,0.017,0.041,0.000,6.051,0.050,5.893,0.108,8120,15600,,1.00,1,0,4112x2570,P,1
5505,8.244,0.772,0.228,0.029,0.000,0.013,0.030,0.000,5.827,0.051,5.698,0.078,8120,15600,,1.00,1,0,4112x2570,P,1
5506,8.433,0.000,0.295,0.024,0.000,0.007,0.033,0.000,5.815,0.058,5.646,0.111,8120,15600,,1.00,1,0,4112x2570,P,1
5507,8.355,0.642,0.278,0.025,0.000,0.007,0.059,0.000,5.534,0.056,5.396,0.082,8120,15600,,1.00,1,0,4112x2570,P,1
5508,8.304,0.000,0.284,0.040,0.000,0.025,0.044,0.000,5.572,0.056,5.398,0.118,8120,15600,,1.00,1,0,4112x2570,P,1
5509,8.261,0.896,0.299,0.028,0.000,0.010,0.072,0.000,5.504,0.056,5.385,0.062,8120,15600,,1.00,1,0,4112x2570,P,1
5510,8.356,0.000,0.296,0.032,0.000,0.012,0.054,0.000,5.554,0.058,5.433,0.063,8120,15600,,1.00,1,0,4112x2570,P,1
5511,8.281,0.921,0.281,0.057,0.000,0.017,0.048,0.000,5.574,0.057,5.404,0.112,8120,15600,,1.00,1,0,4112x2570,P,1
5512,8.395,0.000,0.287,0.037,0.000,0.014,0.039,0.000,5.623,0.060,5.453,0.111,8120,15600,,1.00,1,0,4112x2570,P,1
5513,8.234,0.806,0.301,0.036,0.000,0.011,0.048,0.000,5.543,0.058,5.390,0.095,8120,15600,,1.00,1,0,4112x2570,P,1
5514,8.385,0.000,0.291,0.034,0.000,0.010,0.053,0.000,5.572,0.058,5.436,0.078,8120,15600,,1.00,1,0,4112x2570,P,1
5515,8.348,1.001,0.283,0.039,0.000,0.014,0.077,0.000,5.574,0.058,5.402,0.115,8120,15600,,1.00,1,0,4112x2570,P,1
5516,8.383,0.000,0.321,0.032,0.000,0.012,0.078,0.000,5.562,0.056,5.398,0.108,8120,15600,,1.00,1,0,4112x2570,P,1
5517,8.225,1.131,0.336,0.058,0.000,0.017,0.069,0.000,5.491,0.057,5.355,0.080,8120,15600,,1.00,1,0,4112x2570,P,1
5518,8.329,0.000,0.369,0.049,0.000,0.015,0.053,0.000,5.541,0.056,5.407,0.077,8120,15600,,1.00,1,0,4112x2570,P,1
5519,8.371,1.148,0.323,0.037,0.000,0.012,0.067,0.000,5.563,0.056,5.396,0.111,8120,15600,,1.00,1,0,4112x2570,P,1
5520,8.280,0.000,0.368,0.038,0.000,0.013,0.053,0.000,5.545,0.057,5.377,0.112,8120,15600,,1.00,1,0,4112x2570,P,1
5521,8.316,1.041,0.330,0.035,0.000,0.011,0.057,0.000,5.571,0.059,5.399,0.114,8120,15600,,1.00,1,0,4112x2570,P,1
5522,8.348,0.000,0.375,0.037,0.000,0.013,0.070,0.000,5.782,0.057,5.630,0.094,8120,15600,,1.00,1,0,4112x2570,P,1
5523,8.415,1.083,0.370,0.038,0.000,0.014,0.063,0.000,5.819,0.050,5.656,0.113,8120,15600,,1.00,1,0,4112x2570,P,1
5524,8.326,0.000,0.449,0.059,0.000,0.012,0.078,0.000,5.662,0.059,5.513,0.090,8120,15600,,1.00,1,0,4112x2570,P,1
5525,8.237,1.324,0.429,0.072,0.000,0.023,0.055,0.000,5.719,0.052,5.607,0.060,8120,15600,,1.00,1,0,4112x2570,P,1
5526,8.384,0.000,0.343,0.054,0.000,0.017,0.070,0.000,5.743,0.058,5.578,0.108,8120,15600,,1.00,1,0,4112x2570,P,1
5527,8.268,1.092,0.303,0.040,0.000,0.012,0.060,0.000,5.723,0.056,5.549,0.118,8120,15600,,1.00,1,0,4112x2570,P,1
5528,8.326,0.000,0.367,0.044,0.000,0.013,0.066,0.000,5.778,0.056,5.665,0.058,8120,15600,,1.00,1,0,4112x2570,P,1
5529,8.373,1.115,0.354,0.074,0.000,0.022,0.072,0.000,5.845,0.059,5.722,0.064,8120,15600,,1.00,1,0,4112x2570,P,1
5530,8.341,0.001,0.369,0.072,0.000,0.024,0.082,0.000,5.819,0.058,5.704,0.058,8120,15600,,1.00,1,0,4112x2570,P,1
5531,8.249,1.175,0.397,0.084,0.000,0.025,0.074,0.000,5.793,0.058,5.672,0.063,8120,15600,,1.00,1,0,4112x2570,P,1
5532,8.331,0.000,0.374,0.062,0.000,0.019,0.069,0.000,5.993,0.058,5.874,0.062,8120,15600,,1.00,1,0,4112x2570,P,1
5533,8.278,1.353,0.402,0.064,0.000,0.021,0.064,0.000,6.150,0.049,5.938,0.163,8120,15600,,1.00,1,0,4112x2570,P,1
5534,8.307,0.000,0.410,0.052,0.000,0.014,0.059,0.000,5.616,0.049,5.457,0.110,8120,15600,,1.00,1,0,4112x2570,P,1
5535,8.391,1.161,0.366,0.042,0.000,0.013,0.101,0.000,5.428,0.057,5.248,0.122,8120,15600,,1.00,1,0,4112x2570,P,1
5536,8.395,0.000,0.447,0.058,0.000,0.020,0.069,0.000,5.411,0.058,5.232,0.121,8120,15600,,1.00,1,0,4112x2570,P,1
5537,8.281,1.565,0.427,0.054,0.000,0.017,0.075,0.000,5.329,0.056,5.160,0.113,8120,15600,,1.00,1,0,4112x2570,P,1
5538,8.333,0.000,0.436,0.047,0.000,0.015,0.078,0.000,5.159,0.057,5.005,0.096,8120,15600,,1.00,1,0,4112x2570,P,1
5539,8.270,1.593,0.437,0.057,0.000,0.020,0.066,0.000,5.160,0.057,4.989,0.114,8120,15600,,1.00,1,0,4112x2570,P,1
5540,8.284,0.000,0.464,0.045,0.000,0.015,0.075,0.000,5.170,0.057,5.015,0.098,8120,15600,,1.00,1,0,4112x2570,P,1
5541,8.475,1.309,0.455,0.047,0.000,0.015,0.079,0.000,5.208,0.056,5.053,0.099,8120,15600,,1.00,1,0,4112x2570,P,1
5542,8.249,0.000,0.523,0.052,0.000,0.017,0.112,0.000,5.123,0.058,4.971,0.094,8120,15600,,1.00,1,0,4112x2570,P,1
5543,8.283,1.947,0.510,0.069,0.000,0.024,0.073,0.000,5.171,0.057,5.006,0.108,8120,15600,,1.00,1,0,4112x2570,P,1
5544,8.268,0.000,0.530,0.054,0.000,0.016,0.074,0.000,5.167,0.057,5.001,0.109,8120,15600,,1.00,1,0,4112x2570,P,1
5545,8.284,1.109,0.374,0.037,0.000,0.013,0.063,0.000,4.981,0.063,4.807,0.111,8120,15600,,1.00,1,0,4112x2570,P,1
5546,8.376,0.000,0.380,0.037,0.000,0.012,0.060,0.000,5.206,0.060,5.034,0.112,8120,15600,,1.00,1,0,4112x2570,P,1
5547,9.284,1.135,0.430,0.054,0.000,0.019,0.172,0.000,5.137,0.072,4.953,0.111,8120,15600,,1.00,1,0,4112x2570,P,1
5548,7.354,0.001,0.889,0.207,0.000,0.070,0.085,0.000,4.545,0.056,4.378,0.111,8120,15600,,1.00,1,0,4112x2570,P,1
5549,8.402,1.552,0.561,0.073,0.000,0.022,0.082,0.000,5.254,0.056,5.084,0.113,8120,15600,,1.00,1,0,4112x2570,P,1
5550,8.247,0.000,0.604,0.069,0.000,0.022,0.075,0.000,5.100,0.070,4.921,0.110,8120,15600,,1.00,1,0,4112x2570,P,1
5551,9.227,1.564,0.588,0.062,0.000,0.019,0.208,0.000,5.127,0.069,4.946,0.112,8120,15600,,1.00,1,0,4112x2570,P,1
5552,8.069,0.001,0.894,0.260,0.000,0.087,0.202,0.000,4.610,0.056,4.444,0.111,8120,15600,,1.00,1,0,4112x2570,P,1
5553,7.611,1.784,1.335,0.261,0.000,0.094,0.070,0.000,4.915,0.056,4.746,0.113,8120,15600,,1.00,1,0,4112x2570,P,1
5554,8.311,0.000,0.538,0.069,0.000,0.020,0.088,0.000,5.436,0.058,5.264,0.113,8120,15600,,1.00,1,0,4112x2570,P,1
5555,8.279,1.680,0.564,0.059,0.000,0.018,0.068,0.000,5.303,0.069,5.124,0.110,8120,15600,,1.00,1,0,4112x2570,P,1
5556,9.085,0.000,0.577,0.054,0.000,0.017,0.221,0.000,5.604,0.061,5.434,0.110,8120,15600,,1.00,1,0,4112x2570,P,1
5557,7.999,1.636,0.973,0.275,0.000,0.095,0.080,0.000,5.032,0.056,4.864,0.112,8120,15600,,1.00,1,0,4112x2570,P,1
5558,7.989,0.000,0.578,0.068,0.076,0.020,0.076,0.000,5.570,0.059,5.402,0.109,8120,15600,,1.00,1,0,4112x2570,P,1
5559,9.285,1.537,0.573,0.068,0.000,0.016,0.229,0.000,5.740,0.058,5.570,0.112,8120,15600,,1.00,1,0,4112x2570,P,1
5560,7.788,0.002,1.155,0.279,0.000,0.094,0.102,0.000,5.032,0.056,4.868,0.107,8120,15600,,1.00,1,0,4112x2570,P,1
5561,7.801,1.677,0.584,0.081,0.000,0.024,0.080,0.000,5.511,0.064,5.332,0.114,8120,15600,,1.00,1,0,4112x2570,P,1
5562,8.226,0.000,0.536,0.061,0.000,0.019,0.082,0.000,5.912,0.058,5.741,0.113,8120,15600,,1.00,1,0,4112x2570,P,1
5563,9.429,1.458,0.562,0.057,0.000,0.018,0.237,0.000,5.587,0.052,5.418,0.117,8120,15600,,1.00,1,0,4112x2570,P,1
5564,8.286,0.001,0.919,0.278,0.000,0.085,0.238,0.000,4.777,0.056,4.610,0.111,8120,15600,,1.00,1,0,4112x2570,P,1
5565,7.129,1.779,1.080,0.274,0.000,0.099,0.081,0.000,4.919,0.056,4.751,0.112,8120,15600,,1.00,1,0,4112x2570,P,1
5566,8.316,0.000,0.512,0.064,0.000,0.017,0.100,0.000,5.598,0.052,5.430,0.116,8120,15600,,1.00,1,0,4112x2570,P,1
5567,8.401,1.597,0.554,0.068,0.000,0.019,0.091,0.000,5.518,0.068,5.336,0.113,8120,15600,,1.00,1,0,4112x2570,P,1
5568,8.860,0.000,0.576,0.061,0.000,0.023,0.207,0.000,5.472,0.070,5.286,0.116,8120,15600,,1.00,1,0,4112x2570,P,1
5569,7.651,1.721,0.589,0.066,0.000,0.022,0.080,0.000,5.073,0.056,4.905,0.111,8120,15600,,1.00,1,0,4112x2570,P,1
5570,9.174,0.000,0.511,0.063,0.000,0.018,0.206,0.000,5.596,0.052,5.429,0.115,8120,15600,,1.00,1,0,4112x2570,P,1
5571,7.488,1.781,1.216,0.270,0.000,0.089,0.073,0.000,4.917,0.056,4.744,0.116,8120,15600,,1.00,1,0,4112x2570,P,1
5572,8.919,0.000,0.525,0.070,0.000,0.021,0.206,0.000,5.753,0.059,5.583,0.111,8120,15600,,1.00,1,0,4112x2570,P,1
5573,7.695,1.842,0.718,0.069,0.000,0.025,0.063,0.000,5.063,0.056,4.886,0.121,8120,15600,,1.00,1,0,4112x2570,P,1
5574,8.163,0.000,0.473,0.084,0.000,0.023,0.067,0.000,5.468,0.053,5.355,0.060,8120,15600,,1.00,1,0,4112x2570,P,1
5575,8.268,1.255,0.353,0.062,0.000,0.018,0.050,0.000,5.499,0.058,5.383,0.058,8120,15600,,1.00,1,0,4112x2570,P,1
5576,8.288,0.000,0.402,0.060,0.000,0.016,0.051,0.000,5.509,0.057,5.392,0.059,8120,15600,,1.00,1,0,4112x2570,P,1
5577,8.310,0.805,0.295,0.051,0.000,0.014,0.049,0.000,5.530,0.058,5.411,0.061,8120,15600,,1.00,1,0,4112x2570,P,1
5578,8.301,0.000,0.352,0.045,0.000,0.017,0.050,0.000,5.535,0.057,5.416,0.061,8120,15600,,1.00,1,0,4112x2570,P,1
5579,8.321,0.640,0.290,0.045,0.000,0.014,0.041,0.000,5.725,0.058,5.608,0.059,8120,15600,,1.00,1,0,4112x2570,P,1
5580,8.342,0.000,0.272,0.041,0.000,0.011,0.042,0.000,5.727,0.057,5.608,0.061,8120,15600,,1.00,1,0,4112x2570,P,1
5581,8.269,0.656,0.241,0.046,0.000,0.014,0.048,0.000,5.716,0.058,5.598,0.060,8120,15600,,1.00,1,0,4112x2570,P,1
5582,8.348,0.000,0.398,0.040,0.000,0.013,0.046,0.000,5.891,0.058,5.774,0.059,8120,15600,,1.00,1,0,4112x2570,P,1
5583,8.297,0.568,0.345,0.049,0.000,0.016,0.041,0.000,5.840,0.058,5.724,0.058,8120,15600,,1.00,1,0,4112x2570,P,1
5584,8.326,0.000,0.286,0.045,0.000,0.013,0.043,0.000,5.915,0.060,5.797,0.059,8120,15600,,1.00,1,0,4112x2570,P,1
5585,8.330,0.555,0.266,0.044,0.000,0.013,0.043,0.000,5.857,0.058,5.740,0.059,8120,15600,,1.00,1,0,4112x2570,P,1
5586,8.299,0.000,0.272,0.042,0.000,0.012,0.045,0.000,6.045,0.057,5.929,0.059,8120,15600,,1.00,1,0,4112x2570,P,1
5587,8.334,0.531,0.225,0.043,0.000,0.012,0.042,0.000,6.144,0.048,6.040,0.056,8120,15600,,1.00,1,0,4112x2570,P,1
5588,8.318,0.000,0.266,0.043,0.000,0.012,0.044,0.000,6.060,0.057,5.945,0.058,8120,15600,,1.00,1,0,4112x2570,P,1
5589,8.327,0.537,0.234,0.043,0.000,0.012,0.045,0.000,6.296,0.048,6.187,0.061,8120,15600,,1.00,1,0,4112x2570,P,1
5590,8.315,0.000,0.277,0.048,0.000,0.014,0.039,0.000,6.130,0.049,6.023,0.058,8120,15600,,1.00,1,0,4112x2570,P,1
5591,8.311,0.572,0.235,0.044,0.000,0.014,0.041,0.000,6.059,0.060,5.940,0.059,8120,15600,,1.00,1,0,4112x2570,P,1
5592,8.348,0.000,0.283,0.043,0.000,0.011,0.044,0.000,6.148,0.050,6.040,0.058,8120,15600,,1.00,1,0,4112x2570,P,1
5593,8.347,0.551,0.226,0.043,0.000,0.013,0.053,0.000,6.061,0.058,5.946,0.057,8120,15600,,1.00,1,0,4112x2570,P,1
5594,8.274,0.000,0.286,0.053,0.000,0.016,0.041,0.000,6.130,0.049,6.024,0.057,8120,15600,,1.00,1,0,4112x2570,P,1
5595,8.297,0.665,0.230,0.048,0.000,0.014,0.038,0.000,6.071,0.057,5.956,0.059,8120,15600,,1.00,1,0,4112x2570,P,1
5596,8.338,0.000,0.297,0.046,0.000,0.014,0.046,0.000,6.303,0.048,6.193,0.062,8120,15600,,1.00,1,0,4112x2570,P,1
5597,8.327,0.586,0.231,0.043,0.000,0.013,0.043,0.000,6.142,0.048,6.037,0.057,8120,15600,,1.00,1,0,4112x2570,P,1
5598,8.326,0.000,0.263,0.040,0.000,0.011,0.043,0.000,6.066,0.058,5.952,0.056,8120,15600,,1.00,1,0,4112x2570,P,1
5599,8.413,0.556,0.233,0.044,0.000,0.014,0.094,0.000,6.140,0.047,6.037,0.056,8120,15600,,1.00,1,0,4112x2570,P,1
5600,8.265,0.000,0.263,0.043,0.000,0.012,0.050,0.000,6.052,0.057,5.935,0.060,8120,15600,,1.00,1,0,4112x2570,P,1
5601,8.290,0.549,0.228,0.046,0.000,0.015,0.050,0.000,6.127,0.049,6.019,0.059,8120,15600,,1.00,1,0,4112x2570,P,1
5602,8.391,0.000,0.282,0.041,0.000,0.013,0.048,0.000,5.956,0.049,5.848,0.059,8120,15600,,1.00,1,0,4112x2570,P,1
5603,8.265,0.760,0.274,0.053,0.000,0.017,0.044,0.000,5.861,0.058,5.747,0.057,8120,15600,,1.00,1,0,4112x2570,P,1
5604,8.373,0.000,0.353,0.048,0.000,0.014,0.057,0.000,6.082,0.057,5.965,0.059,8120,15600,,1.00,1,0,4112x2570,P,1
5605,8.286,0.624,0.255,0.058,0.000,0.017,0.047,0.000,6.108,0.049,6.001,0.058,8120,15600,,1.00,1,0,4112x2570,P,1
5606,8.312,0.000,0.263,0.052,0.000,0.014,0.056,0.000,6.047,0.056,5.935,0.056,8120,15600,,1.00,1,0,4112x2570,P,1
5607,8.314,0.608,0.242,0.051,0.000,0.015,0.052,0.000,6.120,0.048,6.015,0.056,8120,15600,,1.00,1,0,4112x2570,P,1
5608,8.300,0.000,0.274,0.048,0.000,0.013,0.042,0.000,6.042,0.060,5.924,0.058,8120,15600,,1.00,1,0,4112x2570,P,1
5609,8.368,0.565,0.231,0.047,0.000,0.015,0.056,0.000,6.133,0.049,6.027,0.057,8120,15600,,1.00,1,0,4112x2570,P,1
5610,8.264,0.000,0.261,0.048,0.000,0.012,0.046,0.000,6.046,0.059,5.929,0.059,8120,15600,,1.00,1,0,4112x2570,P,1
5611,8.259,0.747,0.239,0.040,0.000,0.013,0.037,0.000,6.166,0.051,6.055,0.059,8120,15600,,1.00,1,0,4112x2570,P,1
5612,8.374,0.000,0.261,0.028,0.000,0.009,0.048,0.000,6.198,0.051,6.087,0.060,8120,15600,,1.00,1,0,4112x2570,P,1
5613,8.267,0.568,0.221,0.028,0.000,0.008,0.028,0.000,6.181,0.060,5.999,0.121,8120,15600,,1.00,1,0,4112x2570,P,1
5614,8.326,0.000,0.237,0.024,0.000,0.007,0.041,0.000,5.537,0.057,5.415,0.065,8120,15600,,1.00,1,0,4112x2570,P,1
5615,8.313,0.693,0.217,0.021,0.000,0.007,0.023,0.000,5.418,0.058,5.301,0.059,8120,15600,,1.00,1,0,4112x2570,P,1
5616,8.347,0.000,0.228,0.023,0.000,0.010,0.034,0.000,5.233,0.057,5.107,0.069,8120,15600,,1.00,1,0,4112x2570,P,1
5617,8.385,0.571,0.223,0.024,0.000,0.007,0.049,0.000,5.277,0.056,5.111,0.110,8120,15600,,1.00,1,0,4112x2570,P,1
5618,8.320,0.000,0.292,0.031,0.000,0.012,0.035,0.000,5.262,0.056,5.085,0.121,8120,15600,,1.00,1,0,4112x2570,P,1
5619,8.342,0.731,0.235,0.027,0.000,0.009,0.048,0.000,5.013,0.056,4.895,0.062,8120,15600,,1.00,1,0,4112x2570,P,1
5620,16.599,0.000,0.258,0.035,0.000,0.011,0.034,0.000,5.046,0.057,4.896,0.093,8120,15600,,1.00,1,0,4112x2570,P,1
5621,8.304,0.549,0.213,0.035,0.000,0.010,0.038,0.000,5.071,0.057,4.911,0.103,8120,15600,,1.00,1,0,4112x2570,P,1
5622,8.539,0.538,0.254,0.025,0.000,0.007,0.048,0.000,5.105,0.058,4.938,0.110,8120,15600,,1.00,1,0,4112x2570,P,1
5623,8.409,0.000,0.299,0.029,0.000,0.009,0.040,0.000,4.965,0.058,4.844,0.063,8120,15600,,1.00,1,0,4112x2570,P,1
5624,8.341,0.787,0.234,0.031,0.000,0.010,0.034,0.000,4.936,0.058,4.792,0.086,8120,15600,,1.00,1,0,4112x2570,P,1
5625,8.089,0.000,0.391,0.024,0.000,0.009,0.037,0.000,4.937,0.058,4.799,0.079,8120,15600,,1.00,1,0,4112x2570,P,1
5626,8.385,0.740,0.243,0.026,0.000,0.009,0.041,0.000,5.015,0.058,4.896,0.062,8120,15600,,1.00,1,0,4112x2570,P,1
5627,8.306,0.000,0.284,0.041,0.000,0.017,0.043,0.000,5.221,0.058,5.067,0.096,8120,15600,,1.00,1,0,4112x2570,P,1
5628,8.343,0.761,0.261,0.036,0.000,0.010,0.041,0.000,5.173,0.058,5.005,0.110,8120,15600,,1.00,1,0,4112x2570,P,1
5629,8.233,0.000,0.296,0.031,0.000,0.010,0.032,0.000,5.181,0.057,4.996,0.128,8120,15600,,1.00,1,0,4112x2570,P,1
5630,8.271,0.660,0.253,0.031,0.000,0.010,0.053,0.000,5.148,0.058,5.032,0.059,8120,15600,,1.00,1,0,4112x2570,P,1
5631,8.130,0.000,0.271,0.049,0.000,0.016,0.053,0.000,5.345,0.058,5.228,0.060,8120,15600,,1.00,1,0,4112x2570,P,1
5632,8.419,0.624,0.306,0.043,0.000,0.014,0.064,0.000,5.380,0.058,5.235,0.087,8120,15600,,1.00,1,0,4112x2570,P,1
5633,8.266,0.000,0.294,0.043,0.000,0.014,0.063,0.000,5.531,0.058,5.367,0.107,8120,15600,,1.00,1,0,4112x2570,P,1
5634,8.225,0.925,0.268,0.037,0.000,0.012,0.051,0.000,5.567,0.057,5.397,0.113,8120,15600,,1.00,1,0,4112x2570,P,1
5635,8.393,0.000,0.292,0.028,0.000,0.009,0.048,0.000,5.828,0.059,5.655,0.114,8120,15600,,1.00,1,0,4112x2570,P,1
5636,8.325,0.755,0.260,0.029,0.000,0.010,0.052,0.000,5.759,0.056,5.607,0.096,8120,15600,,1.00,1,0,4112x2570,P,1
5637,8.434,0.000,0.302,0.051,0.000,0.015,0.064,0.000,5.702,0.057,5.580,0.066,8120,15600,,1.00,1,0,4112x2570,P,1
5638,8.274,1.030,0.311,0.071,0.000,0.022,0.064,0.000,5.796,0.058,5.681,0.058,8120,15600,,1.00,1,0,4112x2570,P,1
5639,8.325,0.000,0.327,0.059,0.000,0.016,0.072,0.000,5.851,0.057,5.703,0.092,8120,15600,,1.00,1,0,4112x2570,P,1
5640,8.259,0.964,0.308,0.053,0.000,0.015,0.061,0.000,6.017,0.057,5.896,0.064,8120,15600,,1.00,1,0,4112x2570,P,1
5641,8.315,0.000,0.328,0.055,0.000,0.018,0.060,0.000,6.050,0.049,5.938,0.063,8120,15600,,1.00,1,0,4112x2570,P,1
5642,8.255,0.919,0.272,0.047,0.000,0.013,0.056,0.000,6.282,0.050,6.169,0.063,8120,15600,,1.00,1,0,4112x2570,P,1
5643,8.588,0.000,0.318,0.042,0.000,0.014,0.053,0.000,6.314,0.049,6.176,0.090,8120,15600,,1.00,1,0,4112x2570,P,1
5644,8.078,0.763,0.269,0.052,0.000,0.013,0.054,0.000,5.710,0.051,5.573,0.087,8120,15600,,1.00,1,0,4112x2570,P,1
5645,8.301,0.000,0.298,0.043,0.000,0.011,0.046,0.000,5.756,0.058,5.588,0.110,8120,15600,,1.00,1,0,4112x2570,P,1
5646,8.459,0.690,0.264,0.032,0.000,0.010,0.044,0.000,5.661,0.049,5.512,0.099,8120,15600,,1.00,1,0,4112x2570,P,1
5647,8.204,0.000,0.306,0.040,0.000,0.012,0.063,0.000,5.552,0.057,5.380,0.115,8120,15600,,1.00,1,0,4112x2570,P,1
5648,8.390,0.941,0.281,0.039,0.000,0.017,0.052,0.000,5.530,0.058,5.410,0.063,8120,15600,,1.00,1,0,4112x2570,P,1
5649,8.318,0.000,0.315,0.037,0.000,0.012,0.055,0.000,5.416,0.058,5.248,0.110,8120,15600,,1.00,1,0,4112x2570,P,1
5650,8.138,0.740,0.288,0.032,0.000,0.011,0.034,0.000,5.402,0.059,5.231,0.112,8120,15600,,1.00,1,0,4112x2570,P,1
5651,8.273,0.000,0.316,0.039,0.000,0.009,0.051,0.000,5.422,0.056,5.252,0.114,8120,15600,,1.00,1,0,4112x2570,P,1
5652,8.252,0.986,0.289,0.032,0.000,0.011,0.044,0.000,5.439,0.057,5.271,0.111,8120,15600,,1.00,1,0,4112x2570,P,1
5653,8.295,0.000,0.441,0.040,0.000,0.014,0.045,0.000,5.367,0.059,5.240,0.069,8120,15600,,1.00,1,0,4112x2570,P,1
5654,8.161,1.028,0.310,0.055,0.000,0.017,0.057,0.000,5.364,0.056,5.250,0.058,8120,15600,,1.00,1,0,4112x2570,P,1
5655,8.038,0.000,0.308,0.057,0.000,0.018,0.049,0.000,5.299,0.057,5.185,0.057,8120,15600,,1.00,1,0,4112x2570,P,1
5656,8.247,0.907,0.317,0.047,0.000,0.014,0.046,0.000,5.335,0.058,5.220,0.058,8120,15600,,1.00,1,0,4112x2570,P,1
5657,8.112,0.000,0.347,0.047,0.000,0.014,0.040,0.000,5.531,0.057,5.415,0.059,8120,15600,,1.00,1,0,4112x2570,P,1
5658,8.380,0.735,0.317,0.034,0.000,0.014,0.050,0.000,5.608,0.058,5.490,0.060,8120,15600,,1.00,1,0,4112x2570,P,1
5659,8.132,0.000,0.312,0.042,0.000,0.013,0.057,0.000,5.523,0.057,5.372,0.094,8120,15600,,1.00,1,0,4112x2570,P,1
5660,8.229,0.957,0.298,0.038,0.000,0.013,0.064,0.000,5.577,0.057,5.419,0.101,8120,15600,,1.00,1,0,4112x2570,P,1
5661,8.241,0.000,0.303,0.031,0.000,0.015,0.045,0.000,5.696,0.056,5.524,0.116,8120,15600,,1.00,1,0,4112x2570,P,1
5662,8.231,1.016,0.298,0.032,0.000,0.012,0.056,0.000,5.802,0.058,5.619,0.125,8120,15600,,1.00,1,0,4112x2570,P,1
5663,8.239,0.000,0.306,0.027,0.000,0.010,0.044,0.000,5.860,0.057,5.707,0.095,8120,15600,,1.00,1,0,4112x2570,P,1
5664,8.269,0.767,0.289,0.027,0.000,0.009,0.042,0.000,5.709,0.058,5.591,0.060,8120,15600,,1.00,1,0,4112x2570,P,1
5665,8.186,0.000,0.306,0.041,0.000,0.014,0.053,0.000,5.735,0.057,5.615,0.063,8120,15600,,1.00,1,0,4112x2570,P,1
5666,8.254,1.009,0.286,0.034,0.000,0.012,0.044,0.000,5.898,0.058,5.782,0.058,8120,15600,,1.00,1,0,4112x2570,P,1
5667,8.286,0.000,0.454,0.037,0.000,0.013,0.044,0.000,5.965,0.056,5.787,0.122,8120,15600,,1.00,1,0,4112x2570,P,1
5668,8.216,0.863,0.285,0.037,0.000,0.014,0.061,0.000,5.811,0.049,5.700,0.062,8120,15600,,1.00,1,0,4112x2570,P,1
5669,8.293,0.000,0.318,0.036,0.000,0.013,0.044,0.000,5.780,0.056,5.609,0.115,8120,15600,,1.00,1,0,4112x2570,P,1
5670,8.179,0.830,0.319,0.038,0.000,0.013,0.071,0.000,5.830,0.052,5.648,0.129,8120,15600,,1.00,1,0,4112x2570,P,1
5671,8.250,0.000,0.333,0.036,0.000,0.012,0.053,0.000,5.777,0.056,5.606,0.116,8120,15600,,1.00,1,0,4112x2570,P,1
5672,8.199,1.026,0.281,0.031,0.000,0.010,0.053,0.000,5.827,0.052,5.669,0.105,8120,15600,,1.00,1,0,4112x2570,P,1
5673,8.177,0.000,0.333,0.031,0.000,0.011,0.038,0.000,5.799,0.058,5.624,0.118,8120,15600,,1.00,1,0,4112x2570,P,1
5674,8.271,0.904,0.349,0.045,0.000,0.014,0.043,0.000,5.989,0.058,5.839,0.092,8120,15600,,1.00,1,0,4112x2570,P,1
5675,8.286,0.000,0.337,0.044,0.000,0.015,0.046,0.000,6.014,0.053,5.838,0.123,8120,15600,,1.00,1,0,4112x2570,P,1
5676,8.311,0.964,0.311,0.038,0.000,0.014,0.098,0.000,5.620,0.051,5.505,0.064,8120,15600,,1.00,1,0,4112x2570,P,1
5677,8.215,0.000,0.323,0.053,0.000,0.016,0.051,0.000,5.510,0.058,5.391,0.061,8120,15600,,1.00,1,0,4112x2570,P,1
5678,8.122,0.679,0.306,0.048,0.000,0.015,0.049,0.000,5.484,0.058,5.367,0.060,8120,15600,,1.00,1,0,4112x2570,P,1
5679,8.229,0.000,0.292,0.042,0.000,0.015,0.043,0.000,5.527,0.056,5.412,0.059,8120,15600,,1.00,1,0,4112x2570,P,1
5680,8.132,0.723,0.251,0.032,0.000,0.010,0.055,0.000,5.527,0.058,5.411,0.058,8120,15600,,1.00,1,0,4112x2570,P,1
5681,8.247,0.000,0.271,0.029,0.000,0.011,0.042,0.000,5.582,0.057,5.469,0.057,8120,15600,,1.00,1,0,4112x2570,P,1
5682,8.293,0.674,0.261,0.034,0.000,0.012,0.041,0.000,5.580,0.056,5.450,0.074,8120,15600,,1.00,1,0,4112x2570,P,1
5683,8.265,0.000,0.259,0.031,0.000,0.009,0.035,0.000,5.610,0.056,5.440,0.114,8120,15600,,1.00,1,0,4112x2570,P,1
5684,8.305,0.690,0.229,0.024,0.000,0.008,0.037,0.000,5.558,0.057,5.429,0.073,8120,15600,,1.00,1,0,4112x2570,P,1
5685,8.257,0.000,0.256,0.023,0.000,0.007,0.035,0.000,5.563,0.056,5.403,0.104,8120,15600,,1.00,1,0,4112x2570,P,1
5686,8.204,0.628,0.374,0.027,0.000,0.012,0.030,0.000,5.599,0.059,5.442,0.098,8120,15600,,1.00,1,0,4112x2570,P,1
5687,8.253,0.000,0.263,0.025,0.000,0.008,0.041,0.000,5.594,0.056,5.447,0.090,8120,15600,,1.00,1,0,4112x2570,P,1
5688,8.210,0.597,0.224,0.025,0.000,0.008,0.038,0.000,5.595,0.057,5.442,0.096,8120,15600,,1.00,1,0,4112x2570,P,1
5689,8.276,0.000,0.262,0.023,0.000,0.008,0.039,0.000,5.642,0.057,5.469,0.116,8120,15600,,1.00,1,0,4112x2570,P,1
5690,8.318,0.600,0.250,0.024,0.000,0.007,0.039,0.000,5.630,0.056,5.483,0.092,8120,15600,,1.00,1,0,4112x2570,P,1
5691,8.361,0.000,0.262,0.029,0.000,0.014,0.036,0.000,5.883,0.056,5.720,0.107,8120,15600,,1.00,1,0,4112x2570,P,1
5692,8.136,0.686,0.252,0.033,0.000,0.011,0.036,0.000,5.760,0.056,5.613,0.091,8120,15600,,1.00,1,0,4112x2570,P,1
5693,8.266,0.000,0.254,0.025,0.000,0.010,0.036,0.000,5.908,0.051,5.744,0.113,8120,15600,,1.00,1,0,4112x2570,P,1
5694,8.286,0.629,0.251,0.025,0.000,0.007,0.050,0.000,5.804,0.057,5.629,0.118,8120,15600,,1.00,1,0,4112x2570,P,1
5695,8.352,0.000,0.389,0.028,0.000,0.009,0.043,0.000,5.866,0.053,5.752,0.062,8120,15600,,1.00,1,0,4112x2570,P,1
5696,8.101,0.717,0.263,0.032,0.000,0.011,0.027,0.000,5.732,0.056,5.587,0.088,8120,15600,,1.00,1,0,4112x2570,P,1
5697,8.266,0.000,0.361,0.031,0.000,0.009,0.039,0.000,5.897,0.051,5.749,0.096,8120,15600,,1.00,1,0,4112x2570,P,1
5698,8.377,0.640,0.256,0.028,0.000,0.009,0.032,0.000,5.865,0.052,5.753,0.060,8120,15600,,1.00,1,0,4112x2570,P,1
5699,8.227,0.000,0.295,0.028,0.000,0.011,0.040,0.000,5.774,0.057,5.603,0.114,8120,15600,,1.00,1,0,4112x2570,P,1
5700,8.230,0.672,0.268,0.026,0.000,0.008,0.049,0.000,6.042,0.053,5.877,0.112,8120,15600,,1.00,1,0,4112x2570,P,1
5701,8.271,0.000,0.283,0.026,0.000,0.009,0.029,0.000,5.718,0.052,5.557,0.110,8120,15600,,1.00,1,0,4112x2570,P,1
5702,8.236,0.667,0.265,0.023,0.000,0.008,0.033,0.000,5.582,0.056,5.429,0.097,8120,15600,,1.00,1,0,4112x2570,P,1
5703,8.421,0.000,0.299,0.027,0.000,0.011,0.034,0.000,5.727,0.059,5.560,0.108,8120,15600,,1.00,1,0,4112x2570,P,1
5704,8.344,0.716,0.275,0.027,0.000,0.009,0.032,0.000,5.452,0.058,5.278,0.116,8120,15600,,1.00,1,0,4112x2570,P,1
5705,8.267,0.000,0.309,0.026,0.000,0.008,0.055,0.000,5.415,0.057,5.252,0.107,8120,15600,,1.00,1,0,4112x2570,P,1
5706,8.515,0.818,0.296,0.030,0.000,0.010,0.049,0.000,5.449,0.057,5.324,0.069,8120,15600,,1.00,1,0,4112x2570,P,1
5707,8.283,0.000,0.320,0.038,0.000,0.012,0.050,0.000,5.345,0.057,5.176,0.112,8120,15600,,1.00,1,0,4112x2570,P,1
5708,8.222,0.839,0.299,0.032,0.000,0.010,0.042,0.000,5.385,0.058,5.222,0.104,8120,15600,,1.00,1,0,4112x2570,P,1
5709,8.348,0.000,0.345,0.031,0.000,0.012,0.053,0.000,5.379,0.057,5.265,0.057,8120,15600,,1.00,1,0,4112x2570,P,1
5710,8.468,1.093,0.315,0.047,0.000,0.014,0.074,0.000,5.355,0.058,5.236,0.061,8120,15600,,1.00,1,0,4112x2570,P,1
5711,8.282,0.001,0.348,0.078,0.000,0.023,0.063,0.000,5.284,0.058,5.168,0.058,8120,15600,,1.00,1,0,4112x2570,P,1
5712,8.281,0.919,0.334,0.079,0.000,0.022,0.066,0.000,5.466,0.058,5.351,0.057,8120,15600,,1.00,1,0,4112x2570,P,1
5713,8.370,0.000,0.333,0.071,0.000,0.023,0.073,0.000,5.484,0.058,5.369,0.057,8120,15600,,1.00,1,0,4112x2570,P,1
5714,8.268,0.907,0.311,0.085,0.000,0.025,0.069,0.000,5.463,0.058,5.346,0.059,8120,15600,,1.00,1,0,4112x2570,P,1
5715,8.325,0.000,0.308,0.065,0.000,0.018,0.065,0.000,5.680,0.058,5.565,0.057,8120,15600,,1.00,1,0,4112x2570,P,1
5716,8.439,0.977,0.279,0.064,0.000,0.018,0.081,0.000,5.692,0.058,5.552,0.081,8120,15600,,1.00,1,0,4112x2570,P,1
5717,8.063,0.000,0.423,0.068,0.000,0.022,0.067,0.000,5.671,0.057,5.508,0.106,8120,15600,,1.00,1,0,4112x2570,P,1
5718,8.345,1.257,0.263,0.040,0.000,0.012,0.046,0.000,5.950,0.049,5.842,0.059,8120,15600,,1.00,1,0,4112x2570,P,1
5719,8.272,0.000,0.356,0.032,0.000,0.014,0.042,0.000,5.918,0.058,5.748,0.111,8120,15600,,1.00,1,0,4112x2570,P,1
5720,8.445,1.317,0.277,0.053,0.000,0.015,0.064,0.000,5.975,0.049,5.865,0.060,8120,15600,,1.00,1,0,4112x2570,P,1
5721,8.373,0.000,0.318,0.070,0.000,0.018,0.055,0.000,6.075,0.058,5.930,0.088,8120,15600,,1.00,1,0,4112x2570,P,1
5722,8.203,1.215,0.372,0.084,0.000,0.025,0.056,0.000,6.043,0.052,5.933,0.058,8120,15600,,1.00,1,0,4112x2570,P,1
5723,8.396,0.000,0.343,0.054,0.000,0.014,0.060,0.000,6.117,0.048,6.011,0.057,8120,15600,,1.00,1,0,4112x2570,P,1
5724,8.321,0.886,0.336,0.073,0.000,0.024,0.060,0.000,6.017,0.058,5.901,0.058,8120,15600,,1.00,1,0,4112x2570,P,1
5725,8.122,0.000,0.331,0.069,0.000,0.020,0.066,0.000,6.169,0.049,6.064,0.056,8120,15600,,1.00,1,0,4112x2570,P,1
5726,8.022,0.877,0.329,0.072,0.000,0.020,0.049,0.000,6.220,0.050,6.114,0.057,8120,15600,,1.00,1,0,4112x2570,P,1
5727,8.290,0.000,0.452,0.045,0.000,0.014,0.065,0.000,6.302,0.049,6.190,0.063,8120,15600,,1.00,1,0,4112x2570,P,1
5728,8.158,0.857,0.285,0.067,0.000,0.021,0.066,0.000,6.000,0.056,5.887,0.057,8120,15600,,1.00,1,0,4112x2570,P,1
5729,8.093,0.000,0.305,0.063,0.000,0.018,0.049,0.000,6.082,0.048,5.977,0.057,8120,15600,,1.00,1,0,4112x2570,P,1
5730,8.247,0.802,0.241,0.051,0.000,0.014,0.040,0.000,6.014,0.058,5.899,0.057,8120,15600,,1.00,1,0,4112x2570,P,1
5731,8.308,0.000,0.255,0.037,0.000,0.016,0.041,0.000,6.183,0.050,6.076,0.058,8120,15600,,1.00,1,0,4112x2570,P,1
5732,8.327,0.842,0.239,0.033,0.000,0.010,0.038,0.000,6.071,0.058,5.953,0.059,8120,15600,,1.00,1,0,4112x2570,P,1
5733,8.341,0.000,0.257,0.027,0.000,0.008,0.037,0.000,6.192,0.050,6.085,0.058,8120,15600,,1.00,1,0,4112x2570,P,1
5734,8.310,0.659,0.230,0.031,0.000,0.009,0.032,0.000,6.074,0.058,5.958,0.058,8120,15600,,1.00,1,0,4112x2570,P,1
5735,8.304,0.000,0.236,0.028,0.000,0.012,0.038,0.000,6.191,0.049,6.084,0.058,8120,15600,,1.00,1,0,4112x2570,P,1
5736,8.215,0.726,0.218,0.029,0.000,0.012,0.040,0.000,5.834,0.049,5.700,0.086,8120,15600,,1.00,1,0,4112x2570,P,1
5737,8.261,0.000,0.236,0.030,0.000,0.015,0.031,0.000,5.582,0.057,5.429,0.096,8120,15600,,1.00,1,0,4112x2570,P,1
5738,8.220,0.615,0.264,0.025,0.000,0.008,0.031,0.000,5.568,0.058,5.433,0.077,8120,15600,,1.00,1,0,4112x2570,P,1
5739,8.384,0.000,0.261,0.028,0.000,0.009,0.035,0.000,5.485,0.057,5.307,0.120,8120,15600,,1.00,1,0,4112x2570,P,1
5740,8.109,0.781,0.247,0.031,0.000,0.010,0.032,0.000,5.417,0.058,5.251,0.108,8120,15600,,1.00,1,0,4112x2570,P,1
5741,8.224,0.000,0.251,0.026,0.000,0.009,0.025,0.000,5.413,0.056,5.298,0.058,8120,15600,,1.00,1,0,4112x2570,P,1
5742,8.302,0.609,0.229,0.028,0.000,0.008,0.037,0.000,5.448,0.058,5.307,0.083,8120,15600,,1.00,1,0,4112x2570,P,1
5743,8.563,0.000,0.257,0.027,0.000,0.009,0.056,0.000,5.223,0.058,5.105,0.060,8120,15600,,1.00,1,0,4112x2570,P,1
5744,8.072,0.684,0.255,0.062,0.000,0.020,0.050,0.000,5.085,0.058,4.969,0.058,8120,15600,,1.00,1,0,4112x2570,P,1
5745,8.038,0.000,0.260,0.046,0.000,0.018,0.038,0.000,5.122,0.058,5.006,0.059,8120,15600,,1.00,1,0,4112x2570,P,1
5746,8.158,0.807,0.238,0.037,0.000,0.011,0.033,0.000,5.187,0.056,5.071,0.059,8120,15600,,1.00,1,0,4112x2570,P,1
5747,8.311,0.000,0.255,0.029,0.000,0.009,0.049,0.000,5.470,0.056,5.323,0.091,8120,15600,,1.00,1,0,4112x2570,P,1
5748,8.258,0.637,0.256,0.028,0.000,0.014,0.044,0.000,5.486,0.059,5.319,0.108,8120,15600,,1.00,1,0,4112x2570,P,1
5749,8.419,0.000,0.250,0.025,0.000,0.009,0.036,0.000,5.456,0.055,5.291,0.109,8120,15600,,1.00,1,0,4112x2570,P,1
5750,8.186,0.678,0.245,0.032,0.000,0.012,0.034,0.000,5.392,0.057,5.233,0.102,8120,15600,,1.00,1,0,4112x2570,P,1
5751,8.280,0.000,0.294,0.032,0.000,0.011,0.041,0.000,5.420,0.056,5.254,0.110,8120,15600,,1.00,1,0,4112x2570,P,1
5752,8.257,0.645,0.240,0.027,0.000,0.009,0.039,0.000,5.410,0.056,5.256,0.098,8120,15600,,1.00,1,0,4112x2570,P,1
5753,8.334,0.000,0.299,0.027,0.000,0.009,0.062,0.000,5.377,0.057,5.261,0.058,8120,15600,,1.00,1,0,4112x2570,P,1
5754,8.154,0.836,0.275,0.064,0.000,0.017,0.050,0.000,5.478,0.058,5.361,0.058,8120,15600,,1.00,1,0,4112x2570,P,1
5755,8.153,0.000,0.292,0.050,0.000,0.015,0.053,0.000,5.536,0.057,5.396,0.083,8120,15600,,1.00,1,0,4112x2570,P,1
5756,8.327,0.815,0.279,0.045,0.000,0.014,0.064,0.000,5.569,0.058,5.418,0.093,8120,15600,,1.00,1,0,4112x2570,P,1
5757,8.158,0.000,0.298,0.045,0.000,0.012,0.042,0.000,5.732,0.056,5.560,0.116,8120,15600,,1.00,1,0,4112x2570,P,1
5758,8.275,0.866,0.257,0.033,0.000,0.010,0.061,0.000,5.830,0.049,5.687,0.094,8120,15600,,1.00,1,0,4112x2570,P,1
5759,8.363,0.000,0.322,0.037,0.000,0.011,0.049,0.000,5.744,0.057,5.624,0.063,8120,15600,,1.00,1,0,4112x2570,P,1
5760,8.329,0.841,0.308,0.040,0.000,0.012,0.067,0.000,5.885,0.056,5.744,0.085,8120,15600,,1.00,1,0,4112x2570,P,1
5761,8.247,0.000,0.331,0.041,0.000,0.014,0.044,0.000,5.923,0.052,5.812,0.059,8120,15600,,1.00,1,0,4112x2570,P,1
5762,8.253,0.921,0.270,0.042,0.000,0.014,0.043,0.000,5.859,0.058,5.743,0.058,8120,15600,,1.00,1,0,4112x2570,P,1
5763,8.400,0.000,0.299,0.034,0.000,0.011,0.059,0.000,6.063,0.057,5.949,0.057,8120,15600,,1.00,1,0,4112x2570,P,1
5764,8.319,0.831,0.274,0.061,0.000,0.022,0.058,0.000,6.073,0.058,5.913,0.103,8120,15600,,1.00,1,0,4112x2570,P,1
5765,8.300,0.000,0.287,0.043,0.000,0.016,0.044,0.000,6.132,0.049,5.993,0.091,8120,15600,,1.00,1,0,4112x2570,P,1
5766,8.292,0.891,0.256,0.034,0.000,0.010,0.057,0.000,6.290,0.050,6.025,0.215,8120,15600,,1.00,1,0,4112x2570,P,1
5767,8.624,0.000,0.301,0.031,0.000,0.015,0.072,0.000,5.833,0.050,5.715,0.068,8120,15600,,1.00,1,0,4112x2570,P,1
5768,8.036,0.887,0.282,0.065,0.000,0.020,0.050,0.000,5.659,0.057,5.484,0.118,8120,15600,,1.00,1,0,4112x2570,P,1
5769,8.340,0.000,0.302,0.036,0.000,0.014,0.056,0.000,5.570,0.056,5.407,0.107,8120,15600,,1.00,1,0,4112x2570,P,1
5770,8.418,0.889,0.287,0.031,0.000,0.010,0.037,0.000,5.580,0.056,5.413,0.110,8120,15600,,1.00,1,0,4112x2570,P,1
5771,8.259,0.000,0.317,0.028,0.000,0.010,0.061,0.000,5.481,0.056,5.362,0.063,8120,15600,,1.00,1,0,4112x2570,P,1
5772,8.363,0.994,0.301,0.049,0.000,0.016,0.057,0.000,5.585,0.057,5.411,0.117,8120,15600,,1.00,1,0,4112x2570,P,1
5773,8.289,0.000,0.350,0.038,0.000,0.012,0.055,0.000,5.504,0.057,5.340,0.108,8120,15600,,1.00,1,0,4112x2570,P,1
5774,8.389,1.088,0.332,0.039,0.000,0.012,0.061,0.000,5.527,0.057,5.389,0.081,8120,15600,,1.00,1,0,4112x2570,P,1
5775,8.252,0.000,0.347,0.047,0.000,0.022,0.077,0.000,5.543,0.058,5.368,0.118,8120,15600,,1.00,1,0,4112x2570,P,1
5776,8.347,1.051,0.346,0.043,0.000,0.015,0.053,0.000,5.591,0.056,5.423,0.111,8120,15600,,1.00,1,0,4112x2570,P,1
5777,8.340,0.000,0.387,0.041,0.000,0.016,0.054,0.000,5.535,0.056,5.368,0.111,8120,15600,,1.00,1,0,4112x2570,P,1
5778,8.273,1.173,0.367,0.053,0.000,0.019,0.060,0.000,5.494,0.058,5.374,0.061,8120,15600,,1.00,1,0,4112x2570,P,1
5779,8.269,0.000,0.321,0.048,0.000,0.016,0.057,0.000,5.512,0.059,5.394,0.059,8120,15600,,1.00,1,0,4112x2570,P,1
5780,8.378,0.830,0.304,0.048,0.000,0.015,0.062,0.000,5.534,0.057,5.420,0.057,8120,15600,,1.00,1,0,4112x2570,P,1
5781,8.254,0.000,0.298,0.049,0.000,0.015,0.055,0.000,5.513,0.059,5.397,0.057,8120,15600,,1.00,1,0,4112x2570,P,1
5782,8.282,0.732,0.313,0.042,0.000,0.014,0.043,0.000,5.550,0.058,5.431,0.061,8120,15600,,1.00,1,0,4112x2570,P,1
5783,8.292,0.000,0.246,0.028,0.000,0.010,0.045,0.000,5.746,0.056,5.629,0.060,8120,15600,,1.00,1,0,4112x2570,P,1
5784,8.390,0.674,0.235,0.029,0.000,0.010,0.041,0.000,5.765,0.057,5.649,0.059,8120,15600,,1.00,1,0,4112x2570,P,1
5785,8.375,0.000,0.246,0.032,0.000,0.018,0.040,0.000,5.794,0.056,5.617,0.121,8120,15600,,1.00,1,0,4112x2570,P,1
5786,8.284,0.756,0.224,0.025,0.000,0.008,0.027,0.000,5.832,0.056,5.704,0.072,8120,15600,,1.00,1,0,4112x2570,P,1
5787,8.299,0.000,0.253,0.023,0.000,0.007,0.041,0.000,5.907,0.056,5.760,0.091,8120,15600,,1.00,1,0,4112x2570,P,1
5788,8.410,0.854,0.279,0.027,0.000,0.010,0.050,0.000,6.019,0.050,5.883,0.086,8120,15600,,1.00,1,0,4112x2570,P,1
5789,8.343,0.000,0.281,0.039,0.000,0.014,0.053,0.000,5.860,0.058,5.745,0.057,8120,15600,,1.00,1,0,4112x2570,P,1
5790,8.236,0.706,0.264,0.043,0.000,0.013,0.040,0.000,5.875,0.056,5.728,0.091,8120,15600,,1.00,1,0,4112x2570,P,1
5791,8.419,0.000,0.292,0.033,0.000,0.012,0.048,0.000,6.179,0.050,6.042,0.088,8120,15600,,1.00,1,0,4112x2570,P,1
5792,8.268,0.712,0.279,0.033,0.000,0.011,0.034,0.000,5.865,0.056,5.747,0.062,8120,15600,,1.00,1,0,4112x2570,P,1
5793,8.331,0.000,0.312,0.034,0.000,0.010,0.034,0.000,5.933,0.058,5.763,0.113,8120,15600,,1.00,1,0,4112x2570,P,1
5794,8.299,0.927,0.272,0.033,0.000,0.011,0.035,0.000,5.984,0.050,5.844,0.090,8120,15600,,1.00,1,0,4112x2570,P,1
5795,8.347,0.000,0.318,0.032,0.000,0.010,0.061,0.000,5.877,0.057,5.706,0.114,8120,15600,,1.00,1,0,4112x2570,P,1
5796,8.347,0.847,0.296,0.036,0.000,0.011,0.043,0.000,5.755,0.058,5.614,0.083,8120,15600,,1.00,1,0,4112x2570,P,1
5797,8.351,0.000,0.320,0.029,0.000,0.010,0.060,0.000,5.862,0.057,5.693,0.112,8120,15600,,1.00,1,0,4112x2570,P,1
5798,8.345,0.959,0.292,0.040,0.000,0.012,0.070,0.000,5.719,0.059,5.570,0.091,8120,15600,,1.00,1,0,4112x2570,P,1
5799,8.302,0.000,0.364,0.040,0.000,0.017,0.061,0.000,5.762,0.057,5.588,0.117,8120,15600,,1.00,1,0,4112x2570,P,1
5800,8.