frame,cpu_frame_ms,cpu_physics_ms,cpu_mesh_ms,cpu_egui_ms,cpu_check_win_ms,cpu_shadow_segs_ms,cpu_submit_ms,cpu_celebration_ms,gpu_total_ms,gpu_shadow_ms,gpu_hdr_ms,gpu_bloom_ms,rope_verts,rope_tris,event,render_scale,render_mode,dragging,render_size,skip,table_shadow_mode
797,37.498,2.534,0.327,0.164,0.000,0.022,0.097,0.000,36.267,0.020,36.191,0.056,8120,15600,,1.00,1,0,4112x2570,S,0
798,36.659,1.770,0.339,0.107,0.000,0.022,0.059,0.000,35.070,0.017,35.001,0.052,8120,15600,,1.00,1,0,4112x2570,S,0
799,36.684,1.829,0.310,0.082,0.000,0.020,0.070,0.000,34.514,0.016,34.453,0.045,8120,15600,,1.00,1,0,4112x2570,S,0
800,37.029,2.019,0.372,0.092,0.000,0.023,0.079,0.000,35.116,0.017,35.049,0.051,8120,15600,,1.00,1,0,4112x2570,S,0
801,37.793,1.758,0.382,0.072,0.000,0.019,0.065,0.000,35.566,0.020,35.494,0.053,8120,15600,,1.00,1,0,4112x2570,S,0
802,36.194,2.498,0.355,0.073,0.000,0.024,0.071,0.000,34.129,0.021,34.056,0.052,8120,15600,,1.00,1,0,4112x2570,S,0
803,35.699,2.025,0.351,0.075,0.000,0.022,0.069,0.000,34.038,0.017,33.969,0.052,8120,15600,,1.00,1,0,4112x2570,S,0
804,35.366,1.669,0.322,0.075,0.000,0.020,0.060,0.000,33.987,0.016,33.922,0.049,8120,15600,,1.00,1,0,4112x2570,S,0
805,35.390,1.625,0.314,0.078,0.000,0.022,0.083,0.000,33.507,0.016,33.444,0.047,8120,15600,,1.00,1,0,4112x2570,S,0
806,35.532,1.725,0.336,0.074,0.000,0.024,0.067,0.000,33.497,0.017,33.430,0.050,8120,15600,,1.00,1,0,4112x2570,S,0
807,34.663,1.971,0.355,0.084,0.000,0.023,0.074,0.000,32.836,0.021,32.762,0.054,8120,15600,,1.00,1,0,4112x2570,S,0
808,35.425,2.817,0.352,0.083,0.000,0.023,0.053,0.000,33.530,0.021,33.457,0.052,8120,15600,,1.00,1,0,4112x2570,S,0
809,35.520,1.774,0.307,0.069,0.000,0.019,0.063,0.000,33.462,0.017,33.393,0.053,8120,15600,,1.00,1,0,4112x2570,S,0
810,34.629,1.996,0.365,0.084,0.000,0.024,0.053,0.000,32.509,0.017,32.442,0.049,8120,15600,,1.00,1,0,4112x2570,S,0
811,34.570,2.078,0.362,0.081,0.000,0.025,0.055,0.000,33.012,0.016,32.946,0.050,8120,15600,,1.00,1,0,4112x2570,S,0
812,34.236,1.547,0.357,0.066,0.000,0.021,0.063,0.000,32.974,0.016,32.911,0.047,8120,15600,,1.00,1,0,4112x2570,S,0
813,38.146,2.044,0.379,0.084,0.000,0.026,0.078,0.000,36.397,0.017,36.334,0.047,8120,15600,,1.00,1,0,4112x2570,S,0
814,39.108,1.945,0.378,0.079,0.000,0.021,0.056,0.000,37.013,0.017,36.949,0.047,8120,15600,,1.00,1,0,4112x2570,S,0
815,33.895,2.359,0.352,0.065,0.000,0.020,0.057,0.000,32.385,0.017,32.319,0.049,8120,15600,,1.00,1,0,4112x2570,S,0
816,33.529,2.089,0.350,0.070,0.000,0.022,0.050,0.000,32.405,0.016,32.339,0.050,8120,15600,,1.00,1,0,4112x2570,S,0
817,33.060,1.574,0.344,0.062,0.000,0.018,0.059,0.000,31.847,0.016,31.781,0.049,8120,15600,,1.00,1,0,4112x2570,S,0
818,33.412,2.006,0.333,0.075,0.000,0.019,0.049,0.000,31.861,0.016,31.796,0.048,8120,15600,,1.00,1,0,4112x2570,S,0
819,32.936,1.589,0.345,0.059,0.000,0.024,0.077,0.000,31.422,0.016,31.359,0.047,8120,15600,,1.00,1,0,4112x2570,S,0
820,33.342,2.008,0.344,0.068,0.000,0.022,0.065,0.000,31.414,0.016,31.350,0.047,8120,15600,,1.00,1,0,4112x2570,S,0
821,32.967,1.563,0.357,0.071,0.000,0.024,0.109,0.000,31.007,0.018,30.940,0.050,8120,15600,,1.00,1,0,4112x2570,S,0
822,32.519,2.080,0.357,0.083,0.000,0.026,0.090,0.000,30.515,0.017,30.450,0.049,8120,15600,,1.00,1,0,4112x2570,S,0
823,31.917,1.558,0.368,0.073,0.000,0.020,0.067,0.000,30.531,0.016,30.466,0.049,8120,15600,,1.00,1,0,4112x2570,S,0
824,32.296,1.924,0.368,0.077,0.000,0.020,0.054,0.000,30.564,0.017,30.498,0.049,8120,15600,,1.00,1,0,4112x2570,S,0
825,31.276,2.028,0.362,0.077,0.000,0.022,0.076,0.000,30.095,0.016,30.028,0.051,8120,15600,,1.00,1,0,4112x2570,S,0
826,31.429,1.098,0.363,0.080,0.000,0.020,0.059,0.000,30.253,0.016,30.190,0.047,8120,15600,,1.00,1,0,4112x2570,S,0
827,32.188,1.776,0.338,0.065,0.000,0.016,0.069,0.000,30.516,0.017,30.455,0.044,8120,15600,,1.00,1,0,4112x2570,S,0
828,31.972,1.593,0.361,0.069,0.000,0.020,0.083,0.000,30.137,0.015,30.078,0.044,8120,15600,,1.00,1,0,4112x2570,S,0
829,31.288,1.973,0.370,0.080,0.000,0.024,0.065,0.000,29.741,0.015,29.681,0.045,8120,15600,,1.00,1,0,4112x2570,S,0
830,30.965,1.731,0.317,0.076,0.000,0.019,0.072,0.000,29.740,0.015,29.682,0.044,8120,15600,,1.00,1,0,4112x2570,S,0
831,30.715,1.503,0.326,0.071,0.000,0.021,0.061,0.000,29.561,0.015,29.499,0.048,8120,15600,,1.00,1,0,4112x2570,S,0
832,32.006,1.570,0.355,0.081,0.000,0.023,0.063,0.000,29.613,0.017,29.548,0.049,8120,15600,,1.00,1,0,4112x2570,S,0
833,30.044,1.921,0.323,0.077,0.000,0.021,0.067,0.000,28.789,0.018,28.715,0.056,8120,15600,,1.00,1,0,4112x2570,S,0
834,30.912,1.602,0.352,0.087,0.000,0.019,0.084,0.000,29.671,0.017,29.606,0.048,8120,15600,,1.00,1,0,4112x2570,S,0
835,32.312,0.822,0.378,0.070,0.000,0.020,0.060,0.000,30.334,0.016,30.267,0.051,8120,15600,,1.00,1,0,4112x2570,S,0
836,31.760,1.399,0.313,0.065,0.000,0.019,0.063,0.000,30.425,0.018,30.361,0.046,8120,15600,,1.00,1,0,4112x2570,S,0
837,32.290,1.881,0.387,0.080,0.000,0.024,0.066,0.000,30.911,0.014,30.849,0.048,8120,15600,,1.00,1,0,4112x2570,S,0
838,32.259,1.950,0.321,0.083,0.000,0.023,0.053,0.000,30.692,0.015,30.629,0.048,8120,15600,,1.00,1,0,4112x2570,S,0
839,32.020,1.770,0.313,0.067,0.000,0.018,0.056,0.000,30.599,0.015,30.537,0.048,8120,15600,,1.00,1,0,4112x2570,S,0
840,32.072,1.732,0.342,0.065,0.000,0.016,0.069,0.000,30.516,0.016,30.451,0.049,8120,15600,,1.00,1,0,4112x2570,S,0
841,32.206,1.770,0.305,0.072,0.000,0.020,0.071,0.000,30.983,0.016,30.918,0.049,8120,15600,,1.00,1,0,4112x2570,S,0
842,32.521,2.081,0.379,0.082,0.000,0.024,0.080,0.000,30.979,0.017,30.916,0.046,8120,15600,,1.00,1,0,4112x2570,S,0
843,33.654,2.085,0.366,0.067,0.000,0.020,0.068,0.000,31.411,0.017,31.346,0.048,8120,15600,,1.00,1,0,4112x2570,S,0
844,32.415,2.012,0.377,0.075,0.000,0.026,0.071,0.000,30.092,0.019,30.022,0.051,8120,15600,,1.00,1,0,4112x2570,S,0
845,31.029,1.800,0.354,0.072,0.000,0.018,0.057,0.000,29.188,0.018,29.121,0.050,8120,15600,,1.00,1,0,4112x2570,S,0
846,32.102,1.698,0.348,0.068,0.000,0.018,0.067,0.000,30.071,0.017,30.005,0.049,8120,15600,,1.00,1,0,4112x2570,S,0
847,31.196,2.047,0.385,0.080,0.000,0.022,0.066,0.000,29.619,0.017,29.552,0.049,8120,15600,,1.00,1,0,4112x2570,S,0
848,31.232,2.018,0.360,0.070,0.000,0.018,0.054,0.000,29.656,0.016,29.590,0.049,8120,15600,,1.00,1,0,4112x2570,S,0
849,31.332,1.048,0.360,0.063,0.000,0.017,0.051,0.000,29.863,0.016,29.799,0.048,8120,15600,,1.00,1,0,4112x2570,S,0
850,30.902,1.757,0.323,0.064,0.000,0.017,0.075,0.000,29.770,0.015,29.707,0.048,8120,15600,,1.00,1,0,4112x2570,S,0
851,30.860,1.684,0.370,0.067,0.000,0.017,0.070,0.000,29.727,0.014,29.665,0.047,8120,15600,,1.00,1,0,4112x2570,S,0
852,21.866,2.807,0.419,0.074,0.000,0.024,0.050,0.000,29.742,0.015,29.679,0.048,8120,15600,tshadow_pcf,1.00,1,0,4112x2570,P,1
853,2.932,0.840,0.406,0.080,0.000,0.020,0.046,0.000,2.317,0.015,2.249,0.053,8120,15600,,1.00,1,0,4112x2570,P,1
854,12.419,0.000,0.305,0.047,0.000,0.022,0.042,0.000,2.315,0.015,2.249,0.051,8120,15600,,1.00,1,0,4112x2570,P,1
855,16.753,0.785,0.372,0.045,0.000,0.014,0.056,0.000,2.320,0.015,2.255,0.050,8120,15600,,1.00,1,0,4112x2570,P,1
856,16.573,1.063,0.377,0.068,0.000,0.020,0.055,0.000,2.031,0.014,1.972,0.046,8120,15600,,1.00,1,0,4112x2570,P,1
857,17.122,0.881,0.367,0.058,0.000,0.018,0.110,0.000,2.031,0.014,1.972,0.045,8120,15600,,1.00,1,0,4112x2570,P,1
858,16.909,2.047,0.802,0.119,0.000,0.055,0.156,0.000,2.018,0.013,1.959,0.046,8120,15600,,1.00,1,0,4112x2570,P,1
859,16.600,2.687,0.758,0.140,0.000,0.044,0.129,0.000,1.818,0.013,1.761,0.044,8120,15600,,1.00,1,0,4112x2570,P,1
860,16.673,2.398,0.746,0.132,0.000,0.037,0.133,0.000,1.819,0.013,1.762,0.044,8120,15600,,1.00,1,0,4112x2570,P,1
861,16.755,2.510,0.749,0.131,0.001,0.046,0.185,0.000,1.819,0.012,1.763,0.044,8120,15600,,1.00,1,0,4112x2570,P,1
862,15.294,2.183,0.738,0.131,0.000,0.046,0.062,0.000,1.641,0.011,1.587,0.043,8120,15600,,1.00,1,0,4112x2570,P,1
863,16.540,1.001,0.317,0.082,0.000,0.024,0.063,0.000,1.643,0.012,1.590,0.041,8120,15600,,1.00,1,0,4112x2570,P,1
864,16.599,0.712,0.350,0.055,0.000,0.016,0.046,0.000,1.642,0.012,1.587,0.043,8120,15600,,1.00,1,0,4112x2570,P,1
865,16.694,0.862,0.347,0.060,0.000,0.019,0.057,0.000,1.563,0.011,1.510,0.042,8120,15600,,1.00,1,0,4112x2570,P,1
866,16.725,0.770,0.336,0.053,0.000,0.016,0.054,0.000,1.473,0.011,1.419,0.042,8120,15600,,1.00,1,0,4112x2570,P,1
867,16.381,1.161,0.348,0.074,0.000,0.020,0.056,0.000,1.470,0.011,1.417,0.042,8120,15600,,1.00,1,0,4112x2570,P,1
868,16.470,1.002,0.360,0.075,0.000,0.021,0.078,0.000,1.472,0.011,1.419,0.042,8120,15600,,1.00,1,0,4112x2570,P,1
869,16.541,0.890,0.343,0.063,0.000,0.022,0.053,0.000,1.472,0.011,1.419,0.041,8120,15600,,1.00,1,0,4112x2570,P,1
870,16.508,0.831,0.322,0.062,0.000,0.022,0.068,0.000,1.375,0.011,1.322,0.042,8120,15600,,1.00,1,0,4112x2570,P,1
871,16.469,0.941,0.334,0.073,0.000,0.024,0.055,0.000,1.376,0.011,1.322,0.042,8120,15600,,1.00,1,0,4112x2570,P,1
872,16.544,0.832,0.342,0.053,0.000,0.018,0.046,0.000,1.375,0.010,1.324,0.040,8120,15600,,1.00,1,0,4112x2570,P,1
873,8.189,0.903,0.359,0.068,0.000,0.018,0.041,0.000,1.373,0.010,1.322,0.041,8120,15600,,1.00,1,0,4112x2570,P,1
874,25.045,0.000,0.380,0.037,0.000,0.012,0.057,0.000,1.378,0.010,1.326,0.042,8120,15600,,1.00,1,0,4112x2570,P,1
875,16.543,1.715,0.403,0.065,0.000,0.030,0.060,0.000,1.373,0.011,1.322,0.040,8120,15600,,1.00,1,0,4112x2570,P,1
876,16.540,0.854,0.366,0.075,0.000,0.019,0.065,0.000,1.377,0.011,1.325,0.041,8120,15600,,1.00,1,0,4112x2570,P,1
877,16.562,0.750,0.352,0.060,0.000,0.018,0.054,0.000,1.376,0.010,1.324,0.041,8120,15600,,1.00,1,0,4112x2570,P,1
878,16.452,0.859,0.492,0.070,0.000,0.021,0.039,0.000,1.373,0.010,1.322,0.040,8120,15600,,1.00,1,0,4112x2570,P,1
879,16.641,0.763,0.345,0.073,0.000,0.019,0.051,0.000,1.371,0.010,1.321,0.040,8120,15600,,1.00,1,0,4112x2570,P,1
880,16.548,0.871,0.353,0.067,0.000,0.020,0.064,0.000,1.373,0.011,1.322,0.040,8120,15600,,1.00,1,0,4112x2570,P,1
881,16.607,0.870,0.378,0.066,0.000,0.020,0.053,0.000,1.472,0.011,1.422,0.040,8120,15600,,1.00,1,0,4112x2570,P,1
882,16.520,0.742,0.309,0.067,0.000,0.019,0.058,0.000,1.471,0.011,1.417,0.043,8120,15600,,1.00,1,0,4112x2570,P,1
883,16.433,0.717,0.337,0.068,0.000,0.025,0.083,0.000,1.473,0.011,1.419,0.043,8120,15600,,1.00,1,0,4112x2570,P,1
884,16.575,0.721,0.335,0.058,0.000,0.017,0.065,0.000,1.564,0.011,1.510,0.042,8120,15600,,1.00,1,0,4112x2570,P,1
885,16.434,0.867,0.316,0.078,0.000,0.023,0.062,0.000,1.565,0.011,1.510,0.043,8120,15600,,1.00,1,0,4112x2570,P,1
886,16.725,0.809,0.327,0.064,0.000,0.020,0.071,0.000,1.641,0.012,1.587,0.042,8120,15600,,1.00,1,0,4112x2570,P,1
887,16.336,0.929,0.335,0.088,0.000,0.025,0.051,0.000,1.641,0.011,1.589,0.041,8120,15600,,1.00,1,0,4112x2570,P,1
888,16.555,0.823,0.325,0.071,0.000,0.022,0.065,0.000,1.817,0.012,1.760,0.045,8120,15600,,1.00,1,0,4112x2570,P,1
889,16.567,0.992,0.310,0.071,0.000,0.024,0.062,0.000,1.817,0.013,1.760,0.044,8120,15600,,1.00,1,0,4112x2570,P,1
890,16.511,1.026,0.366,0.074,0.000,0.022,0.068,0.000,2.028,0.013,1.969,0.045,8120,15600,,1.00,1,0,4112x2570,P,1
891,16.466,0.912,0.391,0.079,0.000,0.025,0.057,0.000,2.030,0.014,1.969,0.047,8120,15600,,1.00,1,0,4112x2570,P,1
892,16.521,0.794,0.329,0.076,0.000,0.023,0.058,0.000,2.313,0.015,2.252,0.046,8120,15600,,1.00,1,0,4112x2570,P,1
893,16.519,0.750,0.296,0.067,0.000,0.020,0.057,0.000,2.318,0.017,2.252,0.049,8120,15600,,1.00,1,0,4112x2570,P,1
894,16.649,0.715,0.331,0.068,0.000,0.021,0.066,0.000,2.678,0.018,2.611,0.048,8120,15600,,1.00,1,0,4112x2570,P,1
895,16.435,1.065,0.323,0.077,0.000,0.026,0.061,0.000,2.728,0.022,2.653,0.053,8120,15600,,1.00,1,0,4112x2570,P,1
896,16.466,0.931,0.370,0.073,0.000,0.022,0.053,0.000,3.446,0.022,3.367,0.058,8120,15600,,1.00,1,0,4112x2570,P,1
897,16.474,0.853,0.328,0.076,0.000,0.020,0.053,0.000,3.441,0.022,3.361,0.058,8120,15600,,1.00,1,0,4112x2570,P,1
898,16.632,0.776,0.357,0.064,0.000,0.023,0.085,0.000,5.120,0.041,5.023,0.056,8120,15600,,1.00,1,0,4112x2570,P,1
899,16.482,0.738,0.325,0.074,0.000,0.021,0.054,0.000,6.270,0.041,6.144,0.085,8120,15600,,1.00,1,0,4112x2570,P,1
900,16.485,0.859,0.321,0.074,0.000,0.022,0.060,0.000,6.267,0.042,6.141,0.084,8120,15600,,1.00,1,0,4112x2570,P,1
901,16.535,0.794,0.346,0.064,0.000,0.022,0.065,0.000,6.272,0.042,6.142,0.087,8120,15600,,1.00,1,0,4112x2570,P,1
902,16.361,1.104,0.357,0.074,0.000,0.025,0.052,0.000,6.276,0.042,6.143,0.091,8120,15600,,1.00,1,0,4112x2570,P,1
903,16.637,1.019,0.329,0.059,0.000,0.017,0.061,0.000,6.268,0.043,6.138,0.087,8120,15600,,1.00,1,0,4112x2570,P,1
904,16.489,0.821,0.324,0.073,0.000,0.023,0.066,0.000,6.267,0.041,6.136,0.090,8120,15600,,1.00,1,0,4112x2570,P,1
905,16.559,0.809,0.308,0.066,0.000,0.025,0.064,0.000,6.267,0.042,6.139,0.085,8120,15600,,1.00,1,0,4112x2570,P,1
906,16.397,0.855,0.336,0.065,0.000,0.024,0.061,0.000,6.260,0.041,6.136,0.083,8120,15600,,1.00,1,0,4112x2570,P,1
907,16.566,0.793,0.312,0.060,0.000,0.021,0.071,0.000,6.264,0.041,6.141,0.082,8120,15600,,1.00,1,0,4112x2570,P,1
908,16.576,0.832,0.308,0.059,0.000,0.020,0.070,0.000,6.270,0.038,6.148,0.083,8120,15600,,1.00,1,0,4112x2570,P,1
909,16.418,0.984,0.319,0.069,0.000,0.023,0.068,0.000,6.263,0.041,6.138,0.083,8120,15600,,1.00,1,0,4112x2570,P,1
910,16.552,0.850,0.340,0.069,0.000,0.023,0.066,0.000,6.263,0.039,6.142,0.082,8120,15600,,1.00,1,0,4112x2570,P,1
911,16.392,1.004,0.345,0.076,0.000,0.025,0.068,0.000,6.275,0.039,6.145,0.091,8120,15600,,1.00,1,0,4112x2570,P,1
912,16.508,0.988,0.314,0.065,0.000,0.020,0.073,0.000,6.265,0.042,6.140,0.082,8120,15600,,1.00,1,0,4112x2570,P,1
913,16.729,1.019,0.355,0.077,0.000,0.023,0.129,0.000,6.268,0.039,6.143,0.087,8120,15600,,1.00,1,0,4112x2570,P,1
914,16.589,1.013,0.362,0.078,0.000,0.025,0.121,0.000,6.268,0.038,6.144,0.086,8120,15600,,1.00,1,0,4112x2570,P,1
915,16.503,1.052,0.331,0.059,0.000,0.022,0.057,0.000,6.273,0.042,6.140,0.091,8120,15600,,1.00,1,0,4112x2570,P,1
916,16.751,0.851,0.297,0.049,0.000,0.018,0.065,0.000,6.268,0.041,6.143,0.084,8120,15600,,1.00,1,0,4112x2570,P,1
917,16.609,1.001,0.336,0.072,0.000,0.024,0.059,0.000,6.267,0.043,6.139,0.085,8120,15600,,1.00,1,0,4112x2570,P,1
918,16.582,0.802,0.323,0.058,0.000,0.021,0.054,0.000,6.267,0.041,6.140,0.086,8120,15600,,1.00,1,0,4112x2570,P,1
919,16.719,0.754,0.292,0.053,0.000,0.019,0.064,0.000,6.270,0.041,6.143,0.087,8120,15600,,1.00,1,0,4112x2570,P,1
920,16.600,0.962,0.312,0.075,0.000,0.022,0.062,0.000,6.269,0.042,6.140,0.087,8120,15600,,1.00,1,0,4112x2570,P,1
921,16.631,0.870,0.304,0.063,0.000,0.021,0.078,0.000,6.268,0.041,6.139,0.087,8120,15600,,1.00,1,0,4112x2570,P,1
922,16.605,0.801,0.303,0.053,0.000,0.017,0.054,0.000,6.266,0.042,6.138,0.085,8120,15600,,1.00,1,0,4112x2570,P,1
923,16.733,0.761,0.300,0.058,0.000,0.019,0.061,0.000,6.272,0.043,6.140,0.089,8120,15600,,1.00,1,0,4112x2570,P,1
924,16.726,0.911,0.316,0.067,0.000,0.020,0.070,0.000,7.757,0.938,6.729,0.090,8120,15600,,1.00,1,0,4112x2570,P,1
925,16.648,1.036,0.359,0.082,0.000,0.025,0.061,0.000,3.118,0.585,2.461,0.072,8120,15600,,1.00,1,0,4112x2570,P,1
926,16.640,1.030,0.332,0.082,0.000,0.023,0.065,0.000,2.029,0.014,1.968,0.047,8120,15600,,1.00,1,0,4112x2570,P,1
927,16.591,1.013,0.326,0.088,0.000,0.026,0.063,0.000,2.102,0.015,2.037,0.049,8120,15600,,1.00,1,0,4112x2570,P,1
928,16.736,0.924,0.337,0.076,0.000,0.022,0.071,0.000,2.318,0.016,2.250,0.051,8120,15600,,1.00,1,0,4112x2570,P,1
929,16.529,0.979,0.319,0.083,0.000,0.024,0.058,0.000,2.317,0.016,2.251,0.050,8120,15600,,1.00,1,0,4112x2570,P,1
930,16.714,1.052,0.343,0.064,0.000,0.022,0.072,0.000,2.314,0.015,2.251,0.048,8120,15600,,1.00,1,0,4112x2570,P,1
931,16.573,0.883,0.336,0.061,0.000,0.019,0.055,0.000,2.316,0.017,2.250,0.049,8120,15600,,1.00,1,0,4112x2570,P,1
932,16.659,1.062,0.343,0.067,0.000,0.020,0.053,0.000,2.683,0.018,2.613,0.052,8120,15600,,1.00,1,0,4112x2570,P,1
933,16.696,0.878,0.329,0.062,0.000,0.020,0.087,0.000,2.682,0.018,2.613,0.051,8120,15600,,1.00,1,0,4112x2570,P,1
934,16.789,1.027,0.344,0.079,0.000,0.027,0.083,0.000,2.683,0.018,2.611,0.054,8120,15600,,1.00,1,0,4112x2570,P,1
935,16.512,0.980,0.318,0.075,0.000,0.025,0.064,0.000,2.974,0.022,2.895,0.057,8120,15600,,1.00,1,0,4112x2570,P,1
936,16.723,0.845,0.361,0.073,0.000,0.022,0.067,0.000,3.446,0.022,3.363,0.061,8120,15600,,1.00,1,0,4112x2570,P,1
937,16.564,0.985,0.339,0.078,0.000,0.024,0.063,0.000,3.448,0.022,3.364,0.063,8120,15600,,1.00,1,0,4112x2570,P,1
938,16.727,1.007,0.330,0.074,0.000,0.023,0.066,0.000,3.450,0.022,3.364,0.064,8120,15600,,1.00,1,0,4112x2570,P,1
939,16.793,0.927,0.309,0.068,0.000,0.023,0.091,0.000,4.006,0.042,3.904,0.060,8120,15600,,1.00,1,0,4112x2570,P,1
940,16.436,0.997,0.332,0.108,0.000,0.026,0.061,0.000,5.687,0.041,5.587,0.060,8120,15600,,1.00,1,0,4112x2570,P,1
941,17.530,0.829,0.307,0.066,0.000,0.021,0.056,0.000,6.273,0.042,6.142,0.089,8120,15600,,1.00,1,0,4112x2570,P,1
942,15.820,0.780,0.311,0.064,0.000,0.018,0.087,0.000,6.267,0.041,6.137,0.088,8120,15600,,1.00,1,0,4112x2570,P,1
943,8.663,1.007,0.316,0.073,0.000,0.022,0.054,0.000,6.271,0.042,6.141,0.088,8120,15600,,1.00,1,0,4112x2570,P,1
944,24.580,0.000,0.369,0.051,0.000,0.015,0.062,0.000,6.278,0.041,6.146,0.091,8120,15600,,1.00,1,0,4112x2570,P,1
945,16.604,1.719,0.337,0.075,0.000,0.022,0.055,0.000,6.269,0.042,6.137,0.090,8120,15600,,1.00,1,0,4112x2570,P,1
946,16.651,0.811,0.333,0.067,0.000,0.019,0.060,0.000,9.929,0.043,9.809,0.077,8120,15600,,1.00,1,0,4112x2570,P,1
947,16.678,1.027,0.346,0.083,0.000,0.025,0.065,0.000,2.035,0.014,1.971,0.051,8120,15600,,1.00,1,0,4112x2570,P,1
948,16.521,1.085,0.331,0.087,0.000,0.027,0.078,0.000,2.029,0.014,1.971,0.044,8120,15600,,1.00,1,0,4112x2570,P,1
949,16.672,1.007,0.358,0.068,0.000,0.022,0.054,0.000,2.109,0.016,2.050,0.043,8120,15600,,1.00,1,0,4112x2570,P,1
950,16.685,0.991,0.308,0.066,0.000,0.019,0.056,0.000,2.314,0.016,2.252,0.047,8120,15600,,1.00,1,0,4112x2570,P,1
951,16.635,1.105,0.372,0.069,0.000,0.022,0.059,0.000,2.316,0.017,2.250,0.049,8120,15600,,1.00,1,0,4112x2570,P,1
952,16.656,0.894,0.370,0.069,0.000,0.020,0.088,0.000,2.313,0.016,2.249,0.048,8120,15600,,1.00,1,0,4112x2570,P,1
953,16.721,0.859,0.320,0.062,0.001,0.020,0.159,0.000,2.315,0.015,2.251,0.048,8120,15600,,1.00,1,0,4112x2570,P,1
954,16.551,0.827,0.300,0.064,0.000,0.017,0.055,0.000,2.682,0.017,2.611,0.054,8120,15600,,1.00,1,0,4112x2570,P,1
955,16.657,0.800,0.329,0.070,0.000,0.021,0.070,0.000,2.684,0.017,2.613,0.054,8120,15600,,1.00,1,0,4112x2570,P,1
956,16.577,0.840,0.353,0.058,0.000,0.018,0.051,0.000,2.681,0.017,2.611,0.053,8120,15600,,1.00,1,0,4112x2570,P,1
957,16.733,0.932,0.294,0.051,0.000,0.015,0.053,0.000,3.288,0.022,3.212,0.054,8120,15600,,1.00,1,0,4112x2570,P,1
958,16.750,0.835,0.365,0.047,0.000,0.017,0.054,0.000,3.445,0.022,3.361,0.062,8120,15600,,1.00,1,0,4112x2570,P,1
959,16.611,0.895,0.323,0.069,0.000,0.020,0.088,0.000,3.441,0.022,3.361,0.058,8120,15600,,1.00,1,0,4112x2570,P,1
960,16.606,0.849,0.339,0.064,0.000,0.023,0.076,0.000,3.445,0.022,3.363,0.060,8120,15600,,1.00,1,0,4112x2570,P,1
961,16.675,0.959,0.327,0.062,0.000,0.020,0.066,0.000,4.426,0.039,4.326,0.061,8120,15600,,1.00,1,0,4112x2570,P,1
962,16.661,0.885,0.344,0.069,0.000,0.019,0.050,0.000,6.067,0.042,5.967,0.057,8120,15600,,1.00,1,0,4112x2570,P,1
963,16.671,0.768,0.333,0.064,0.000,0.020,0.072,0.000,6.270,0.041,6.142,0.086,8120,15600,,1.00,1,0,4112x2570,P,1
964,16.592,0.921,0.345,0.058,0.000,0.018,0.062,0.000,6.272,0.043,6.144,0.085,8120,15600,,1.00,1,0,4112x2570,P,1
965,16.710,0.818,0.332,0.052,0.000,0.018,0.057,0.000,6.263,0.042,6.139,0.083,8120,15600,,1.00,1,0,4112x2570,P,1
966,16.625,1.091,0.332,0.053,0.000,0.018,0.050,0.000,6.265,0.042,6.138,0.085,8120,15600,,1.00,1,0,4112x2570,P,1
967,16.666,0.754,0.297,0.056,0.000,0.017,0.070,0.000,6.272,0.043,6.144,0.085,8120,15600,,1.00,1,0,4112x2570,P,1
968,16.654,0.765,0.304,0.050,0.000,0.014,0.046,0.000,6.267,0.043,6.140,0.085,8120,15600,,1.00,1,0,4112x2570,P,1
969,16.617,0.821,0.328,0.049,0.000,0.015,0.051,0.000,6.273,0.040,6.145,0.087,8120,15600,,1.00,1,0,4112x2570,P,1
970,16.679,0.730,0.293,0.047,0.000,0.014,0.106,0.000,6.267,0.041,6.141,0.085,8120,15600,,1.00,1,0,4112x2570,P,1
971,16.292,0.957,0.344,0.065,0.000,0.019,0.063,0.000,6.271,0.038,6.148,0.085,8120,15600,,1.00,1,0,4112x2570,P,1
972,16.605,0.839,0.344,0.054,0.000,0.016,0.055,0.000,6.268,0.042,6.140,0.086,8120,15600,,1.00,1,0,4112x2570,P,1
973,16.663,0.814,0.296,0.045,0.000,0.015,0.056,0.000,6.266,0.041,6.140,0.085,8120,15600,,1.00,1,0,4112x2570,P,1
974,16.522,0.875,0.323,0.072,0.000,0.023,0.053,0.000,6.273,0.042,6.142,0.089,8120,15600,,1.00,1,0,4112x2570,P,1
975,16.595,0.908,0.311,0.070,0.000,0.022,0.051,0.000,6.264,0.042,6.136,0.086,8120,15600,,1.00,1,0,4112x2570,P,1
976,16.700,0.832,0.315,0.062,0.000,0.020,0.068,0.000,6.265,0.037,6.143,0.084,8120,15600,,1.00,1,0,4112x2570,P,1
977,16.415,0.968,0.338,0.069,0.000,0.021,0.088,0.000,6.262,0.042,6.136,0.084,8120,15600,,1.00,1,0,4112x2570,P,1
978,16.418,0.987,0.323,0.065,0.000,0.022,0.089,0.000,6.262,0.043,6.136,0.084,8120,15600,,1.00,1,0,4112x2570,P,1
979,16.545,0.828,0.317,0.061,0.000,0.021,0.071,0.000,6.269,0.041,6.142,0.086,8120,15600,,1.00,1,0,4112x2570,P,1
980,16.311,0.997,0.337,0.080,0.000,0.027,0.070,0.000,6.278,0.042,6.147,0.090,8120,15600,,1.00,1,0,4112x2570,P,1
981,16.409,1.003,0.809,0.066,0.000,0.025,0.088,0.000,6.269,0.041,6.140,0.089,8120,15600,,1.00,1,0,4112x2570,P,1
982,16.486,0.999,0.339,0.078,0.000,0.027,0.078,0.000,6.267,0.042,6.138,0.087,8120,15600,,1.00,1,0,4112x2570,P,1
983,16.470,1.035,0.332,0.073,0.000,0.026,0.126,0.000,6.263,0.042,6.136,0.084,8120,15600,,1.00,1,0,4112x2570,P,1
984,16.484,0.929,0.361,0.070,0.000,0.022,0.104,0.000,6.272,0.038,6.146,0.089,8120,15600,,1.00,1,0,4112x2570,P,1
985,16.423,0.991,0.388,0.076,0.000,0.030,0.078,0.000,6.266,0.039,6.140,0.087,8120,15600,,1.00,1,0,4112x2570,P,1
986,16.333,0.997,0.383,0.080,0.000,0.029,0.065,0.000,6.276,0.042,6.144,0.090,8120,15600,,1.00,1,0,4112x2570,P,1
987,16.586,0.997,0.342,0.072,0.000,0.025,0.063,0.000,6.265,0.042,6.138,0.084,8120,15600,,1.00,1,0,4112x2570,P,1
988,16.407,0.997,0.335,0.072,0.000,0.027,0.072,0.000,6.273,0.041,6.145,0.087,8120,15600,,1.00,1,0,4112x2570,P,1
989,16.517,0.982,0.344,0.079,0.000,0.024,0.086,0.000,6.264,0.041,6.138,0.085,8120,15600,,1.00,1,0,4112x2570,P,1
990,16.558,0.984,0.332,0.071,0.000,0.024,0.089,0.000,6.265,0.042,6.139,0.084,8120,15600,,1.00,1,0,4112x2570,P,1
991,16.501,1.012,0.304,0.073,0.000,0.025,0.053,0.000,6.272,0.042,6.142,0.088,8120,15600,,1.00,1,0,4112x2570,P,1
992,16.696,0.971,0.303,0.060,0.000,0.018,0.070,0.000,6.266,0.042,6.139,0.085,8120,15600,,1.00,1,0,4112x2570,P,1
993,16.679,0.793,0.301,0.061,0.000,0.021,0.065,0.000,6.270,0.042,6.142,0.086,8120,15600,,1.00,1,0,4112x2570,P,1
994,16.552,0.975,0.323,0.076,0.000,0.025,0.057,0.000,6.263,0.041,6.139,0.083,8120,15600,,1.00,1,0,4112x2570,P,1
995,16.699,0.994,0.307,0.067,0.000,0.021,0.062,0.000,6.264,0.041,6.139,0.084,8120,15600,,1.00,1,0,4112x2570,P,1
996,16.669,0.837,0.312,0.066,0.000,0.021,0.077,0.000,6.268,0.042,6.142,0.083,8120,15600,,1.00,1,0,4112x2570,P,1
997,16.556,0.815,0.318,0.069,0.000,0.023,0.056,0.000,6.269,0.041,6.140,0.088,8120,15600,,1.00,1,0,4112x2570,P,1
998,16.737,1.010,0.383,0.072,0.000,0.022,0.072,0.000,6.270,0.041,6.143,0.086,8120,15600,,1.00,1,0,4112x2570,P,1
999,16.670,0.990,0.364,0.072,0.000,0.022,0.067,0.000,6.267,0.041,6.139,0.086,8120,15600,,1.00,1,0,4112x2570,P,1
1000,16.371,0.975,0.315,0.065,0.000,0.022,0.135,0.000,6.271,0.043,6.143,0.086,8120,15600,,1.00,1,0,4112x2570,P,1
1001,16.444,1.047,0.345,0.071,0.000,0.026,0.070,0.000,6.270,0.037,6.146,0.087,8120,15600,,1.00,1,0,4112x2570,P,1
1002,16.471,1.011,0.316,0.069,0.000,0.022,0.087,0.000,6.265,0.041,6.138,0.085,8120,15600,,1.00,1,0,4112x2570,P,1
1003,16.473,0.959,0.348,0.071,0.000,0.025,0.058,0.000,6.266,0.041,6.141,0.084,8120,15600,,1.00,1,0,4112x2570,P,1
1004,16.430,0.828,0.305,0.066,0.000,0.020,0.066,0.000,6.264,0.042,6.139,0.083,8120,15600,,1.00,1,0,4112x2570,P,1
1005,16.498,0.989,0.305,0.074,0.000,0.022,0.068,0.000,6.266,0.037,6.143,0.085,8120,15600,,1.00,1,0,4112x2570,P,1
1006,16.418,0.917,0.331,0.066,0.000,0.023,0.067,0.000,6.268,0.041,6.141,0.085,8120,15600,,1.00,1,0,4112x2570,P,1
1007,16.552,0.810,0.304,0.062,0.000,0.020,0.059,0.000,6.270,0.041,6.145,0.084,8120,15600,,1.00,1,0,4112x2570,P,1
1008,16.566,0.803,0.314,0.064,0.000,0.022,0.072,0.000,6.262,0.042,6.136,0.084,8120,15600,,1.00,1,0,4112x2570,P,1
1009,16.395,0.990,0.321,0.069,0.000,0.025,0.137,0.000,6.268,0.042,6.141,0.086,8120,15600,,1.00,1,0,4112x2570,P,1
1010,16.438,0.914,0.333,0.073,0.000,0.028,0.087,0.000,6.262,0.041,6.137,0.084,8120,15600,,1.00,1,0,4112x2570,P,1
1011,16.515,0.841,0.318,0.061,0.000,0.020,0.060,0.000,6.262,0.038,6.140,0.084,8120,15600,,1.00,1,0,4112x2570,P,1
1012,16.653,1.011,0.311,0.069,0.000,0.022,0.069,0.000,6.262,0.037,6.140,0.084,8120,15600,,1.00,1,0,4112x2570,P,1
1013,16.605,0.981,0.324,0.073,0.000,0.022,0.061,0.000,6.269,0.042,6.144,0.084,8120,15600,,1.00,1,0,4112x2570,P,1
1014,16.686,0.995,0.316,0.068,0.000,0.021,0.058,0.000,6.273,0.042,6.147,0.083,8120,15600,,1.00,1,0,4112x2570,P,1
1015,16.663,0.875,0.309,0.065,0.000,0.020,0.076,0.000,6.260,0.041,6.135,0.084,8120,15600,,1.00,1,0,4112x2570,P,1
1016,16.644,0.993,0.302,0.072,0.000,0.020,0.064,0.000,6.264,0.042,6.138,0.084,8120,15600,,1.00,1,0,4112x2570,P,1
1017,16.589,0.997,0.333,0.070,0.000,0.025,0.054,0.000,6.269,0.039,6.146,0.084,8120,15600,,1.00,1,0,4112x2570,P,1
1018,16.643,0.784,0.313,0.062,0.000,0.019,0.050,0.000,6.262,0.041,6.139,0.082,8120,15600,,1.00,1,0,4112x2570,P,1
1019,16.911,0.753,0.299,0.060,0.000,0.018,0.056,0.000,6.262,0.041,6.137,0.084,8120,15600,,1.00,1,0,4112x2570,P,1
1020,16.221,0.758,0.301,0.058,0.000,0.018,0.098,0.000,6.262,0.042,6.135,0.085,8120,15600,,1.00,1,0,4112x2570,P,1
1021,16.421,0.726,0.310,0.063,0.000,0.020,0.054,0.000,6.265,0.041,6.139,0.085,8120,15600,,1.00,1,0,4112x2570,P,1
1022,16.577,0.719,0.320,0.061,0.000,0.018,0.057,0.000,6.265,0.041,6.140,0.083,8120,15600,,1.00,1,0,4112x2570,P,1
1023,16.463,0.856,0.318,0.067,0.000,0.022,0.065,0.000,6.266,0.042,6.140,0.084,8120,15600,,1.00,1,0,4112x2570,P,1
1024,16.451,0.989,0.333,0.068,0.000,0.025,0.056,0.000,6.258,0.038,6.136,0.084,8120,15600,,1.00,1,0,4112x2570,P,1
1025,16.457,0.921,0.322,0.069,0.000,0.022,0.066,0.000,6.264,0.042,6.138,0.084,8120,15600,,1.00,1,0,4112x2570,P,1
1026,16.298,0.906,0.331,0.066,0.000,0.022,0.060,0.000,6.273,0.042,6.144,0.087,8120,15600,,1.00,1,0,4112x2570,P,1
1027,16.440,0.785,0.311,0.061,0.000,0.023,0.052,0.000,6.263,0.041,6.139,0.083,8120,15600,,1.00,1,0,4112x2570,P,1
1028,16.678,0.744,0.309,0.063,0.000,0.020,0.127,0.000,6.267,0.042,6.142,0.084,8120,15600,,1.00,1,0,4112x2570,P,1
1029,16.711,0.899,0.337,0.074,0.000,0.022,0.065,0.000,6.283,0.042,6.155,0.086,8120,15600,,1.00,1,0,4112x2570,P,1
1030,16.585,1.004,0.316,0.076,0.000,0.024,0.094,0.000,6.263,0.042,6.137,0.084,8120,15600,,1.00,1,0,4112x2570,P,1
1031,16.648,0.820,0.316,0.066,0.000,0.020,0.057,0.000,6.266,0.042,6.139,0.084,8120,15600,,1.00,1,0,4112x2570,P,1
1032,16.622,0.767,0.309,0.059,0.000,0.018,0.055,0.000,6.266,0.042,6.139,0.085,8120,15600,,1.00,1,0,4112x2570,P,1
1033,16.637,0.972,0.310,0.067,0.000,0.021,0.056,0.000,6.266,0.041,6.141,0.083,8120,15600,,1.00,1,0,4112x2570,P,1
1034,16.579,0.737,0.312,0.060,0.000,0.018,0.051,0.000,6.266,0.043,6.138,0.084,8120,15600,,1.00,1,0,4112x2570,P,1
1035,16.708,0.791,0.296,0.060,0.000,0.019,0.057,0.000,6.272,0.042,6.146,0.084,8120,15600,,1.00,1,0,4112x2570,P,1
1036,16.712,0.819,0.292,0.061,0.000,0.019,0.066,0.000,6.265,0.042,6.137,0.086,8120,15600,,1.00,1,0,4112x2570,P,1
1037,16.611,0.991,0.316,0.073,0.000,0.022,0.055,0.000,6.273,0.039,6.146,0.088,8120,15600,,1.00,1,0,4112x2570,P,1
1038,16.589,0.833,0.296,0.064,0.000,0.019,0.046,0.000,6.272,0.041,6.147,0.085,8120,15600,,1.00,1,0,4112x2570,P,1
1039,16.822,0.735,0.315,0.055,0.000,0.017,0.078,0.000,6.262,0.041,6.134,0.087,8120,15600,,1.00,1,0,4112x2570,P,1
1040,16.399,0.972,0.342,0.070,0.000,0.022,0.063,0.000,6.257,0.042,6.134,0.082,8120,15600,,1.00,1,0,4112x2570,P,1
1041,16.389,0.993,0.319,0.073,0.000,0.023,0.065,0.000,6.260,0.042,6.135,0.083,8120,15600,,1.00,1,0,4112x2570,P,1
1042,16.422,0.997,0.333,0.064,0.000,0.024,0.065,0.000,6.269,0.040,6.138,0.091,8120,15600,,1.00,1,0,4112x2570,P,1
1043,16.449,0.883,0.331,0.072,0.000,0.022,0.065,0.000,6.266,0.041,6.139,0.085,8120,15600,,1.00,1,0,4112x2570,P,1
1044,16.531,0.965,0.327,0.062,0.000,0.021,0.058,0.000,6.267,0.042,6.143,0.082,8120,15600,,1.00,1,0,4112x2570,P,1
1045,16.525,0.992,0.315,0.060,0.000,0.019,0.063,0.000,6.269,0.042,6.140,0.087,8120,15600,,1.00,1,0,4112x2570,P,1
1046,16.388,1.015,0.335,0.067,0.000,0.021,0.059,0.000,6.266,0.042,6.139,0.085,8120,15600,,1.00,1,0,4112x2570,P,1
1047,16.331,0.813,0.304,0.063,0.000,0.022,0.060,0.000,6.266,0.042,6.139,0.085,8120,15600,drag_start,1.00,1,1,4112x2570,P,1
1048,16.736,0.808,0.297,0.060,0.000,0.019,0.057,0.000,6.286,0.040,6.162,0.085,8120,15600,,1.00,1,1,4112x2570,P,1
1049,16.623,0.872,0.321,0.070,0.000,0.020,0.056,0.000,6.291,0.037,6.169,0.085,8120,15600,,1.00,1,1,4112x2570,P,1
1050,16.701,0.855,0.311,0.065,0.000,0.021,0.088,0.000,6.293,0.042,6.167,0.085,8120,15600,,1.00,1,1,4112x2570,P,1
1051,16.661,0.765,0.302,0.056,0.000,0.018,0.065,0.000,6.288,0.041,6.163,0.085,8120,15600,,1.00,1,1,4112x2570,P,1
1052,16.636,0.991,0.309,0.077,0.000,0.022,0.129,0.000,6.298,0.038,6.177,0.083,8120,15600,,1.00,1,1,4112x2570,P,1
1053,16.614,1.021,0.385,0.079,0.000,0.027,0.063,0.000,6.292,0.042,6.166,0.084,8120,15600,,1.00,1,1,4112x2570,P,1
1054,16.589,0.994,0.316,0.071,0.000,0.022,0.053,0.000,6.301,0.041,6.174,0.085,8120,15600,,1.00,1,1,4112x2570,P,1
1055,16.745,0.859,0.307,0.066,0.000,0.019,0.066,0.000,6.301,0.042,6.173,0.086,8120,15600,,1.00,1,1,4112x2570,P,1
1056,16.611,0.992,0.319,0.062,0.000,0.021,0.076,0.000,6.300,0.041,6.173,0.085,8120,15600,,1.00,1,1,4112x2570,P,1
1057,16.389,0.840,0.311,0.058,0.000,0.019,0.060,0.000,6.301,0.041,6.176,0.083,8120,15600,,1.00,1,1,4112x2570,P,1
1058,16.529,0.983,0.316,0.068,0.000,0.021,0.064,0.000,6.290,0.040,6.164,0.085,8120,15600,,1.00,1,1,4112x2570,P,1
1059,16.552,0.843,0.321,0.072,0.000,0.023,0.067,0.000,6.303,0.042,6.175,0.086,8120,15600,,1.00,1,1,4112x2570,P,1
1060,16.388,0.913,0.338,0.068,0.000,0.025,0.054,0.000,6.297,0.042,6.170,0.085,8120,15600,,1.00,1,1,4112x2570,P,1
1061,16.635,0.799,0.314,0.058,0.000,0.019,0.094,0.000,6.290,0.041,6.162,0.086,8120,15600,,1.00,1,1,4112x2570,P,1
1062,16.352,1.010,0.351,0.081,0.000,0.025,0.079,0.000,6.290,0.041,6.165,0.084,8120,15600,,1.00,1,1,4112x2570,P,1
1063,16.536,0.807,0.310,0.064,0.000,0.021,0.060,0.000,6.287,0.042,6.160,0.085,8120,15600,,1.00,1,1,4112x2570,P,1
1064,16.465,0.978,0.316,0.074,0.000,0.021,0.082,0.000,6.288,0.042,6.162,0.084,8120,15600,,1.00,1,1,4112x2570,P,1
1065,16.527,0.854,0.324,0.065,0.000,0.021,0.068,0.000,6.278,0.042,6.154,0.082,8120,15600,,1.00,1,1,4112x2570,P,1
1066,16.483,1.005,0.316,0.070,0.000,0.023,0.059,0.000,6.278,0.042,6.153,0.083,8120,15600,,1.00,1,1,4112x2570,P,1
1067,16.467,1.012,0.308,0.067,0.000,0.021,0.060,0.000,6.266,0.042,6.142,0.082,8120,15600,,1.00,1,1,4112x2570,P,1
1068,16.487,0.873,0.333,0.063,0.000,0.020,0.057,0.000,6.278,0.042,6.149,0.087,8120,15600,,1.00,1,1,4112x2570,P,1
1069,16.547,0.830,0.311,0.059,0.000,0.019,0.065,0.000,6.303,0.042,6.176,0.084,8120,15600,,1.00,1,1,4112x2570,P,1
1070,16.528,0.903,0.303,0.067,0.000,0.022,0.050,0.000,6.341,0.042,6.215,0.084,8120,15600,,1.00,1,1,4112x2570,P,1
1071,16.416,0.839,0.301,0.058,0.000,0.019,0.056,0.000,6.353,0.042,6.226,0.085,8120,15600,,1.00,1,1,4112x2570,P,1
1072,16.643,0.835,0.308,0.063,0.000,0.022,0.058,0.000,6.357,0.041,6.233,0.082,8120,15600,,1.00,1,1,4112x2570,P,1
1073,16.561,0.916,0.300,0.069,0.000,0.022,0.066,0.000,6.360,0.040,6.236,0.084,8120,15600,,1.00,1,1,4112x2570,P,1
1074,16.436,0.968,0.323,0.077,0.000,0.023,0.059,0.000,6.354,0.041,6.229,0.083,8120,15600,,1.00,1,1,4112x2570,P,1
1075,16.511,0.872,0.301,0.066,0.000,0.020,0.064,0.000,6.357,0.041,6.232,0.084,8120,15600,,1.00,1,1,4112x2570,P,1
1076,16.584,1.001,0.308,0.062,0.000,0.020,0.072,0.000,6.358,0.042,6.233,0.084,8120,15600,,1.00,1,1,4112x2570,P,1
1077,16.432,0.995,0.333,0.073,0.000,0.024,0.060,0.000,6.348,0.041,6.225,0.082,8120,15600,,1.00,1,1,4112x2570,P,1
1078,16.414,1.007,0.307,0.065,0.000,0.021,0.056,0.000,6.355,0.037,6.233,0.084,8120,15600,,1.00,1,1,4112x2570,P,1
1079,16.560,0.998,0.298,0.063,0.000,0.020,0.057,0.000,6.358,0.042,6.232,0.084,8120,15600,,1.00,1,1,4112x2570,P,1
1080,16.565,1.002,0.325,0.062,0.000,0.019,0.059,0.000,6.359,0.043,6.232,0.084,8120,15600,,1.00,1,1,4112x2570,P,1
1081,16.475,1.005,0.312,0.075,0.000,0.023,0.055,0.000,6.362,0.041,6.233,0.088,8120,15600,,1.00,1,1,4112x2570,P,1
1082,16.691,0.959,0.371,0.085,0.000,0.028,0.072,0.000,6.354,0.042,6.230,0.082,8120,15600,,1.00,1,1,4112x2570,P,1
1083,16.410,1.007,0.315,0.068,0.000,0.021,0.057,0.000,6.351,0.038,6.230,0.084,8120,15600,,1.00,1,1,4112x2570,P,1
1084,16.686,1.015,0.305,0.059,0.000,0.019,0.070,0.000,6.354,0.038,6.231,0.085,8120,15600,,1.00,1,1,4112x2570,P,1
1085,16.545,1.003,0.301,0.067,0.000,0.020,0.052,0.000,6.350,0.042,6.226,0.083,8120,15600,,1.00,1,1,4112x2570,P,1
1086,16.487,0.862,0.303,0.060,0.000,0.019,0.056,0.000,6.356,0.041,6.228,0.087,8120,15600,,1.00,1,1,4112x2570,P,1
1087,16.612,0.948,0.301,0.065,0.000,0.020,0.086,0.000,6.361,0.042,6.233,0.086,8120,15600,,1.00,1,1,4112x2570,P,1
1088,16.523,0.860,0.305,0.057,0.000,0.018,0.061,0.000,6.355,0.041,6.227,0.087,8120,15600,,1.00,1,1,4112x2570,P,1
1089,16.428,1.023,0.322,0.068,0.000,0.027,0.052,0.000,6.360,0.041,6.235,0.084,8120,15600,,1.00,1,1,4112x2570,P,1
1090,16.496,0.910,0.327,0.062,0.000,0.019,0.064,0.000,6.357,0.038,6.235,0.083,8120,15600,,1.00,1,1,4112x2570,P,1
1091,16.553,0.858,0.307,0.058,0.000,0.020,0.062,0.000,6.361,0.041,6.236,0.084,8120,15600,,1.00,1,1,4112x2570,P,1
1092,16.567,1.014,0.325,0.075,0.000,0.022,0.064,0.000,6.359,0.041,6.234,0.084,8120,15600,,1.00,1,1,4112x2570,P,1
1093,16.429,0.926,0.310,0.064,0.000,0.022,0.063,0.000,6.363,0.041,6.237,0.085,8120,15600,,1.00,1,1,4112x2570,P,1
1094,16.557,1.026,0.319,0.072,0.000,0.022,0.067,0.000,6.361,0.041,6.236,0.084,8120,15600,,1.00,1,1,4112x2570,P,1
1095,16.469,0.923,0.316,0.069,0.000,0.023,0.061,0.000,6.356,0.042,6.231,0.083,8120,15600,,1.00,1,1,4112x2570,P,1
1096,16.476,1.125,0.350,0.071,0.000,0.025,0.059,0.000,6.358,0.042,6.233,0.084,8120,15600,,1.00,1,1,4112x2570,P,1
1097,16.448,0.985,0.307,0.062,0.000,0.021,0.082,0.000,6.356,0.040,6.233,0.083,8120,15600,,1.00,1,1,4112x2570,P,1
1098,16.498,0.876,0.310,0.058,0.000,0.021,0.060,0.000,6.364,0.041,6.239,0.083,8120,15600,,1.00,1,1,4112x2570,P,1
1099,16.489,0.895,0.312,0.068,0.000,0.021,0.054,0.000,6.353,0.042,6.226,0.085,8120,15600,,1.00,1,1,4112x2570,P,1
1100,16.481,0.834,0.303,0.065,0.000,0.020,0.073,0.000,6.351,0.041,6.226,0.084,8120,15600,,1.00,1,1,4112x2570,P,1
1101,16.548,0.863,0.314,0.063,0.000,0.019,0.057,0.000,6.342,0.041,6.216,0.085,8120,15600,,1.00,1,1,4112x2570,P,1
1102,16.446,0.984,0.320,0.068,0.000,0.022,0.070,0.000,6.333,0.042,6.207,0.084,8120,15600,,1.00,1,1,4112x2570,P,1
1103,16.569,0.935,0.315,0.069,0.000,0.021,0.127,0.000,6.319,0.041,6.193,0.084,8120,15600,,1.00,1,1,4112x2570,P,1
1104,16.422,0.993,0.340,0.074,0.000,0.024,0.057,0.000,6.290,0.041,6.163,0.085,8120,15600,,1.00,1,1,4112x2570,P,1
1105,16.634,0.921,0.329,0.052,0.000,0.019,0.067,0.000,6.281,0.042,6.153,0.085,8120,15600,,1.00,1,1,4112x2570,P,1
1106,16.506,0.995,0.349,0.067,0.000,0.023,0.067,0.000,6.271,0.042,6.145,0.084,8120,15600,,1.00,1,1,4112x2570,P,1
1107,16.519,0.981,0.339,0.072,0.000,0.028,0.076,0.000,6.267,0.041,6.143,0.083,8120,15600,,1.00,1,1,4112x2570,P,1
1108,16.552,1.015,0.354,0.066,0.000,0.022,0.078,0.000,6.276,0.041,6.149,0.086,8120,15600,,1.00,1,1,4112x2570,P,1
1109,16.484,0.999,0.318,0.076,0.000,0.024,0.061,0.000,6.267,0.038,6.147,0.083,8120,15600,,1.00,1,1,4112x2570,P,1
1110,16.413,1.098,0.357,0.081,0.000,0.026,0.067,0.000,6.270,0.041,6.144,0.085,8120,15600,,1.00,1,1,4112x2570,P,1
1111,16.674,0.979,0.325,0.075,0.000,0.023,0.066,0.000,6.268,0.042,6.142,0.084,8120,15600,,1.00,1,1,4112x2570,P,1
1112,16.585,0.985,0.310,0.066,0.000,0.023,0.055,0.000,6.269,0.043,6.142,0.084,8120,15600,,1.00,1,1,4112x2570,P,1
1113,16.686,0.855,0.324,0.061,0.000,0.020,0.063,0.000,6.264,0.041,6.138,0.085,8120,15600,,1.00,1,1,4112x2570,P,1
1114,16.559,0.986,0.316,0.075,0.000,0.022,0.069,0.000,6.274,0.038,6.150,0.086,8120,15600,,1.00,1,1,4112x2570,P,1
1115,16.359,1.005,0.310,0.073,0.000,0.022,0.057,0.000,6.268,0.043,6.142,0.083,8120,15600,drag_snap,1.00,1,0,4112x2570,P,1
1116,16.601,1.005,0.311,0.067,0.000,0.019,0.057,0.000,6.265,0.037,6.143,0.084,8120,15600,,1.00,1,0,4112x2570,P,1
1117,16.827,0.832,0.307,0.059,0.000,0.019,0.066,0.000,6.265,0.042,6.138,0.085,8120,15600,,1.00,1,0,4112x2570,P,1
1118,16.637,0.972,0.365,0.078,0.000,0.025,0.078,0.000,6.266,0.037,6.147,0.081,8120,15600,,1.00,1,0,4112x2570,P,1
1119,16.684,0.971,0.336,0.073,0.000,0.025,0.078,0.000,6.270,0.042,6.140,0.088,8120,15600,,1.00,1,0,4112x2570,P,1
1120,16.630,0.987,0.345,0.077,0.000,0.026,0.065,0.000,6.268,0.038,6.143,0.086,8120,15600,,1.00,1,0,4112x2570,P,1
1121,16.590,1.028,0.324,0.072,0.000,0.024,0.061,0.000,6.267,0.041,6.139,0.086,8120,15600,,1.00,1,0,4112x2570,P,1
1122,16.756,1.003,0.311,0.062,0.000,0.021,0.083,0.000,6.269,0.042,6.141,0.086,8120,15600,,1.00,1,0,4112x2570,P,1
1123,16.474,1.034,0.302,0.073,0.000,0.026,0.058,0.000,6.261,0.037,6.138,0.086,8120,15600,,1.00,1,0,4112x2570,P,1
1124,16.626,0.997,0.305,0.066,0.000,0.019,0.054,0.000,6.265,0.042,6.136,0.087,8120,15600,,1.00,1,0,4112x2570,P,1
1125,16.593,0.920,0.299,0.062,0.000,0.021,0.059,0.000,6.263,0.040,6.136,0.086,8120,15600,,1.00,1,0,4112x2570,P,1
1126,16.746,0.888,0.297,0.062,0.000,0.020,0.068,0.000,6.268,0.042,6.142,0.084,8120,15600,,1.00,1,0,4112x2570,P,1
1127,16.556,1.010,0.310,0.079,0.000,0.023,0.058,0.000,6.268,0.041,6.142,0.085,8120,15600,,1.00,1,0,4112x2570,P,1
1128,16.734,1.014,0.305,0.068,0.000,0.020,0.060,0.000,6.263,0.042,6.137,0.084,8120,15600,,1.00,1,0,4112x2570,P,1
1129,16.571,0.854,0.316,0.064,0.000,0.020,0.063,0.000,6.267,0.042,6.141,0.084,8120,15600,,1.00,1,0,4112x2570,P,1
1130,16.683,0.822,0.300,0.061,0.000,0.019,0.067,0.000,6.267,0.042,6.139,0.087,8120,15600,,1.00,1,0,4112x2570,P,1
1131,16.736,0.808,0.297,0.062,0.000,0.020,0.059,0.000,6.264,0.042,6.139,0.083,8120,15600,,1.00,1,0,4112x2570,P,1
1132,16.576,0.924,0.334,0.068,0.000,0.021,0.081,0.000,6.268,0.042,6.140,0.085,8120,15600,,1.00,1,0,4112x2570,P,1
1133,16.744,0.849,0.310,0.065,0.000,0.024,0.066,0.000,6.267,0.042,6.141,0.084,8120,15600,,1.00,1,0,4112x2570,P,1
1134,16.587,1.009,0.315,0.076,0.000,0.022,0.091,0.000,6.266,0.039,6.144,0.083,8120,15600,,1.00,1,0,4112x2570,P,1
1135,16.789,0.979,0.328,0.075,0.000,0.024,0.112,0.000,6.262,0.038,6.142,0.082,8120,15600,,1.00,1,0,4112x2570,P,1
1136,16.620,0.997,0.339,0.078,0.000,0.023,0.071,0.000,6.264,0.041,6.138,0.085,8120,15600,,1.00,1,0,4112x2570,P,1
1137,16.589,1.028,0.344,0.076,0.000,0.026,0.063,0.000,6.260,0.042,6.133,0.085,8120,15600,,1.00,1,0,4112x2570,P,1
1138,16.682,1.024,0.354,0.076,0.000,0.025,0.070,0.000,6.267,0.043,6.141,0.084,8120,15600,,1.00,1,0,4112x2570,P,1
1139,16.639,1.003,0.335,0.075,0.000,0.025,0.064,0.000,6.260,0.041,6.134,0.085,8120,15600,,1.00,1,0,4112x2570,P,1
1140,16.606,0.968,0.317,0.071,0.000,0.022,0.089,0.000,6.263,0.041,6.138,0.084,8120,15600,,1.00,1,0,4112x2570,P,1
1141,16.719,0.890,0.319,0.066,0.000,0.023,0.079,0.000,6.263,0.041,6.137,0.084,8120,15600,,1.00,1,0,4112x2570,P,1
1142,16.530,1.000,0.313,0.074,0.000,0.023,0.083,0.000,6.265,0.042,6.141,0.082,8120,15600,,1.00,1,0,4112x2570,P,1
1143,16.617,1.014,0.335,0.064,0.000,0.022,0.057,0.000,6.262,0.041,6.136,0.084,8120,15600,,1.00,1,0,4112x2570,P,1
1144,16.673,0.874,0.306,0.069,0.000,0.023,0.138,0.000,6.266,0.041,6.141,0.084,8120,15600,,1.00,1,0,4112x2570,P,1
1145,16.566,1.059,0.343,0.053,0.037,0.020,0.055,0.000,6.268,0.042,6.141,0.086,8120,15600,,1.00,1,0,4112x2570,P,1
1146,16.711,1.007,0.310,0.072,0.000,0.022,0.062,0.000,6.269,0.039,6.144,0.086,8120,15600,,1.00,1,0,4112x2570,P,1
1147,16.628,0.921,0.309,0.067,0.000,0.021,0.063,0.000,6.262,0.042,6.136,0.085,8120,15600,,1.00,1,0,4112x2570,P,1
1148,16.644,0.982,0.311,0.072,0.000,0.021,0.062,0.000,6.262,0.039,6.138,0.085,8120,15600,,1.00,1,0,4112x2570,P,1
1149,16.635,0.972,0.318,0.062,0.000,0.021,0.079,0.000,6.266,0.042,6.139,0.085,8120,15600,,1.00,1,0,4112x2570,P,1
1150,16.708,0.821,0.306,0.057,0.000,0.020,0.073,0.000,6.261,0.039,6.139,0.084,8120,15600,,1.00,1,0,4112x2570,P,1
1151,16.680,0.901,0.311,0.065,0.000,0.021,0.068,0.000,6.260,0.041,6.136,0.082,8120,15600,,1.00,1,0,4112x2570,P,1
1152,16.537,1.024,0.327,0.066,0.000,0.020,0.095,0.000,6.262,0.038,6.140,0.084,8120,15600,,1.00,1,0,4112x2570,P,1
1153,16.745,1.027,0.343,0.062,0.000,0.022,0.061,0.000,6.266,0.042,6.138,0.086,8120,15600,,1.00,1,0,4112x2570,P,1
1154,16.554,1.002,0.306,0.078,0.000,0.024,0.060,0.000,6.267,0.043,6.142,0.083,8120,15600,,1.00,1,0,4112x2570,P,1
1155,16.686,1.012,0.322,0.066,0.000,0.021,0.109,0.000,6.264,0.041,6.136,0.086,8120,15600,,1.00,1,0,4112x2570,P,1
1156,16.512,1.004,0.327,0.063,0.000,0.021,0.074,0.000,6.259,0.038,6.136,0.085,8120,15600,,1.00,1,0,4112x2570,P,1
1157,16.736,0.981,0.313,0.061,0.000,0.020,0.058,0.000,6.273,0.042,6.142,0.089,8120,15600,,1.00,1,0,4112x2570,P,1
1158,16.612,0.992,0.302,0.067,0.000,0.018,0.062,0.000,6.265,0.041,6.137,0.087,8120,15600,,1.00,1,0,4112x2570,P,1
1159,16.648,0.985,0.302,0.056,0.000,0.019,0.056,0.000,6.264,0.042,6.135,0.087,8120,15600,,1.00,1,0,4112x2570,P,1
1160,16.653,0.842,0.313,0.059,0.000,0.019,0.085,0.000,6.264,0.038,6.140,0.086,8120,15600,,1.00,1,0,4112x2570,P,1
1161,12.612,0.854,0.367,0.070,0.000,0.023,0.063,0.000,6.272,0.041,6.145,0.086,8120,15600,tshadow_off,1.00,1,0,4112x2570,N,2
1162,16.647,1.013,0.330,0.076,0.000,0.022,0.064,0.000,3.066,0.040,2.937,0.089,8120,15600,,1.00,1,0,4112x2570,N,2
1163,16.662,0.978,0.310,0.069,0.000,0.021,0.067,0.000,3.059,0.041,2.933,0.085,8120,15600,,1.00,1,0,4112x2570,N,2
1164,16.624,0.818,0.323,0.070,0.000,0.021,0.077,0.000,3.062,0.041,2.934,0.086,8120,15600,,1.00,1,0,4112x2570,N,2
1165,16.574,0.785,0.317,0.068,0.000,0.022,0.052,0.000,3.058,0.041,2.932,0.085,8120,15600,,1.00,1,0,4112x2570,N,2
1166,16.726,0.865,0.314,0.071,0.000,0.022,0.060,0.000,3.058,0.038,2.937,0.083,8120,15600,,1.00,1,0,4112x2570,N,2
1167,16.653,0.997,0.307,0.070,0.000,0.021,0.059,0.000,3.060,0.041,2.932,0.086,8120,15600,,1.00,1,0,4112x2570,N,2
1168,16.562,0.853,0.331,0.077,0.000,0.027,0.056,0.000,3.065,0.042,2.938,0.085,8120,15600,,1.00,1,0,4112x2570,N,2
1169,16.420,0.790,0.323,0.063,0.000,0.020,0.049,0.000,3.059,0.041,2.933,0.086,8120,15600,,1.00,1,0,4112x2570,N,2
1170,16.663,0.760,0.305,0.065,0.000,0.018,0.049,0.000,3.063,0.040,2.938,0.085,8120,15600,,1.00,1,0,4112x2570,N,2
1171,16.608,0.795,0.353,0.067,0.000,0.023,0.058,0.000,3.064,0.042,2.937,0.085,8120,15600,,1.00,1,0,4112x2570,N,2
1172,16.781,0.843,0.305,0.059,0.000,0.018,0.063,0.000,3.065,0.042,2.937,0.086,8120,15600,,1.00,1,0,4112x2570,N,2
1173,16.555,0.988,0.317,0.076,0.000,0.023,0.051,0.000,3.073,0.042,2.944,0.087,8120,15600,,1.00,1,0,4112x2570,N,2
1174,16.747,0.804,0.299,0.061,0.000,0.021,0.059,0.000,3.059,0.042,2.933,0.084,8120,15600,,1.00,1,0,4112x2570,N,2
1175,16.554,0.796,0.303,0.070,0.000,0.021,0.065,0.000,3.064,0.037,2.941,0.086,8120,15600,,1.00,1,0,4112x2570,N,2
1176,16.665,0.970,0.301,0.065,0.000,0.019,0.059,0.000,3.058,0.041,2.931,0.086,8120,15600,,1.00,1,0,4112x2570,N,2
1177,16.605,0.803,0.307,0.068,0.000,0.020,0.059,0.000,3.056,0.041,2.931,0.085,8120,15600,,1.00,1,0,4112x2570,N,2
1178,16.727,0.768,0.313,0.064,0.000,0.020,0.055,0.000,3.062,0.042,2.936,0.084,8120,15600,,1.00,1,0,4112x2570,N,2
1179,16.628,0.848,0.305,0.070,0.000,0.021,0.048,0.000,3.067,0.042,2.941,0.084,8120,15600,,1.00,1,0,4112x2570,N,2
1180,16.649,0.751,0.295,0.058,0.000,0.017,0.055,0.000,3.060,0.042,2.933,0.086,8120,15600,,1.00,1,0,4112x2570,N,2
1181,16.657,0.766,0.297,0.069,0.000,0.020,0.053,0.000,3.058,0.042,2.933,0.084,8120,15600,,1.00,1,0,4112x2570,N,2
1182,16.769,0.736,0.315,0.060,0.000,0.020,0.112,0.000,3.062,0.040,2.934,0.088,8120,15600,,1.00,1,0,4112x2570,N,2
1183,16.527,0.721,0.321,0.061,0.000,0.022,0.054,0.000,3.065,0.041,2.937,0.087,8120,15600,,1.00,1,0,4112x2570,N,2
1184,16.699,0.727,0.299,0.061,0.000,0.021,0.069,0.000,3.062,0.042,2.934,0.086,8120,15600,,1.00,1,0,4112x2570,N,2
1185,16.547,0.986,0.318,0.075,0.000,0.023,0.076,0.000,3.060,0.042,2.931,0.087,8120,15600,,1.00,1,0,4112x2570,N,2
1186,16.737,0.975,0.328,0.068,0.000,0.020,0.063,0.000,3.064,0.042,2.937,0.086,8120,15600,,1.00,1,0,4112x2570,N,2
1187,16.606,0.956,0.323,0.070,0.000,0.022,0.065,0.000,3.057,0.038,2.936,0.083,8120,15600,,1.00,1,0,4112x2570,N,2
1188,16.657,0.968,0.344,0.065,0.000,0.022,0.055,0.000,3.058,0.041,2.934,0.084,8120,15600,,1.00,1,0,4112x2570,N,2
1189,16.654,0.968,0.312,0.062,0.000,0.021,0.057,0.000,3.060,0.041,2.936,0.084,8120,15600,,1.00,1,0,4112x2570,N,2
1190,16.723,0.986,0.318,0.066,0.000,0.021,0.106,0.000,3.069,0.041,2.940,0.087,8120,15600,,1.00,1,0,4112x2570,N,2
1191,16.614,0.931,0.320,0.070,0.000,0.022,0.055,0.000,3.066,0.041,2.939,0.085,8120,15600,,1.00,1,0,4112x2570,N,2
1192,16.632,1.003,0.319,0.056,0.000,0.019,0.080,0.000,3.065,0.037,2.941,0.087,8120,15600,,1.00,1,0,4112x2570,N,2
1193,16.626,0.826,0.307,0.057,0.000,0.021,0.053,0.000,3.056,0.038,2.933,0.085,8120,15600,,1.00,1,0,4112x2570,N,2
1194,16.593,0.823,0.300,0.063,0.000,0.019,0.053,0.000,3.061,0.042,2.934,0.086,8120,15600,,1.00,1,0,4112x2570,N,2
1195,16.617,0.776,0.296,0.061,0.000,0.020,0.048,0.000,3.064,0.043,2.936,0.085,8120,15600,,1.00,1,0,4112x2570,N,2
1196,16.816,0.747,0.333,0.060,0.000,0.018,0.072,0.000,3.056,0.042,2.928,0.085,8120,15600,,1.00,1,0,4112x2570,N,2
1197,16.580,1.027,0.316,0.077,0.000,0.025,0.066,0.000,3.059,0.042,2.932,0.085,8120,15600,,1.00,1,0,4112x2570,N,2
1198,16.619,1.001,0.318,0.072,0.000,0.023,0.060,0.000,3.064,0.039,2.940,0.085,8120,15600,,1.00,1,0,4112x2570,N,2
1199,16.633,0.988,0.310,0.070,0.000,0.021,0.078,0.000,3.060,0.038,2.935,0.088,8120,15600,,1.00,1,0,4112x2570,N,2
1200,16.592,0.749,0.304,0.067,0.000,0.021,0.059,0.000,3.060,0.041,2.933,0.086,8120,15600,,1.00,1,0,4112x2570,N,2
1201,16.704,0.737,0.318,0.065,0.000,0.019,0.062,0.000,3.060,0.041,2.932,0.087,8120,15600,,1.00,1,0,4112x2570,N,2
1202,16.681,0.977,0.320,0.063,0.000,0.021,0.072,0.000,3.063,0.038,2.938,0.088,8120,15600,,1.00,1,0,4112x2570,N,2
1203,16.625,0.950,0.309,0.068,0.000,0.022,0.068,0.000,3.061,0.042,2.934,0.086,8120,15600,,1.00,1,0,4112x2570,N,2
1204,16.674,0.834,0.306,0.071,0.000,0.022,0.068,0.000,3.065,0.041,2.939,0.085,8120,15600,,1.00,1,0,4112x2570,N,2
1205,16.597,0.941,0.304,0.074,0.000,0.022,0.058,0.000,3.075,0.039,2.950,0.086,8120,15600,,1.00,1,0,4112x2570,N,2
1206,16.618,1.013,0.314,0.066,0.000,0.020,0.050,0.000,3.058,0.039,2.933,0.086,8120,15600,,1.00,1,0,4112x2570,N,2
1207,16.703,0.815,0.317,0.069,0.000,0.023,0.060,0.000,3.061,0.041,2.934,0.085,8120,15600,,1.00,1,0,4112x2570,N,2
1208,16.686,0.968,0.341,0.065,0.000,0.023,0.121,0.000,3.067,0.041,2.940,0.085,8120,15600,,1.00,1,0,4112x2570,N,2
1209,16.645,1.006,0.323,0.078,0.000,0.025,0.062,0.000,3.057,0.042,2.932,0.084,8120,15600,,1.00,1,0,4112x2570,N,2
1210,16.646,0.925,0.367,0.076,0.000,0.022,0.074,0.000,3.063,0.043,2.934,0.086,8120,15600,,1.00,1,0,4112x2570,N,2
1211,16.648,0.873,0.320,0.061,0.000,0.022,0.055,0.000,3.063,0.042,2.935,0.085,8120,15600,,1.00,1,0,4112x2570,N,2
1212,16.622,0.970,0.316,0.064,0.000,0.020,0.064,0.000,3.057,0.041,2.931,0.084,8120,15600,,1.00,1,0,4112x2570,N,2
1213,16.659,1.000,0.323,0.066,0.000,0.023,0.053,0.000,3.059,0.042,2.934,0.082,8120,15600,,1.00,1,0,4112x2570,N,2
1214,16.811,0.820,0.316,0.064,0.000,0.021,0.092,0.000,3.065,0.041,2.937,0.087,8120,15600,,1.00,1,0,4112x2570,N,2
1215,16.497,1.046,0.303,0.076,0.000,0.024,0.085,0.000,3.059,0.042,2.932,0.085,8120,15600,,1.00,1,0,4112x2570,N,2
1216,16.584,0.862,0.317,0.069,0.000,0.021,0.047,0.000,3.061,0.038,2.938,0.086,8120,15600,,1.00,1,0,4112x2570,N,2
1217,16.695,0.764,0.310,0.066,0.000,0.019,0.061,0.000,3.070,0.038,2.945,0.086,8120,15600,,1.00,1,0,4112x2570,N,2
1218,16.591,0.791,0.310,0.071,0.000,0.023,0.052,0.000,3.065,0.041,2.938,0.086,8120,15600,,1.00,1,0,4112x2570,N,2
1219,16.681,0.752,0.321,0.063,0.000,0.020,0.053,0.000,3.064,0.042,2.937,0.085,8120,15600,,1.00,1,0,4112x2570,N,2
1220,16.675,0.843,0.323,0.066,0.000,0.020,0.048,0.000,3.069,0.042,2.941,0.085,8120,15600,,1.00,1,0,4112x2570,N,2
1221,16.701,0.954,0.331,0.064,0.000,0.020,0.071,0.000,3.057,0.041,2.932,0.084,8120,15600,,1.00,1,0,4112x2570,N,2
1222,16.590,0.862,0.313,0.065,0.000,0.023,0.053,0.000,3.055,0.042,2.929,0.084,8120,15600,,1.00,1,0,4112x2570,N,2
1223,16.671,0.790,0.296,0.056,0.000,0.021,0.056,0.000,3.067,0.038,2.943,0.086,8120,15600,,1.00,1,0,4112x2570,N,2
1224,16.620,0.972,0.317,0.066,0.000,0.021,0.056,0.000,15.426,7.106,8.249,0.071,8120,15600,,1.00,1,0,4112x2570,N,2
1225,16.632,0.909,0.343,0.106,0.000,0.035,0.058,0.000,1.007,0.014,0.944,0.049,8120,15600,,1.00,1,0,4112x2570,N,2
1226,16.675,0.993,0.367,0.130,0.000,0.034,0.060,0.000,1.003,0.013,0.942,0.048,8120,15600,,1.00,1,0,4112x2570,N,2
1227,16.650,0.928,0.327,0.087,0.000,0.025,0.050,0.000,1.143,0.015,1.080,0.048,8120,15600,,1.00,1,0,4112x2570,N,2
1228,16.620,0.825,0.304,0.072,0.000,0.025,0.049,0.000,1.146,0.015,1.082,0.049,8120,15600,,1.00,1,0,4112x2570,N,2
1229,16.757,0.763,0.317,0.069,0.000,0.020,0.088,0.000,1.144,0.015,1.079,0.050,8120,15600,,1.00,1,0,4112x2570,N,2
1230,16.600,0.890,0.343,0.088,0.000,0.025,0.066,0.000,1.145,0.017,1.080,0.048,8120,15600,,1.00,1,0,4112x2570,N,2
1231,16.601,1.013,0.337,0.090,0.000,0.026,0.060,0.000,1.307,0.018,1.242,0.048,8120,15600,,1.00,1,0,4112x2570,N,2
1232,16.608,0.897,0.339,0.076,0.000,0.021,0.070,0.000,1.321,0.018,1.252,0.051,8120,15600,,1.00,1,0,4112x2570,N,2
1233,16.702,0.830,0.340,0.067,0.000,0.021,0.066,0.000,1.322,0.017,1.254,0.051,8120,15600,,1.00,1,0,4112x2570,N,2
1234,16.630,1.004,0.325,0.083,0.000,0.026,0.059,0.000,1.321,0.018,1.250,0.052,8120,15600,,1.00,1,0,4112x2570,N,2
1235,16.664,0.822,0.325,0.064,0.000,0.022,0.070,0.000,1.688,0.022,1.608,0.059,8120,15600,,1.00,1,0,4112x2570,N,2
1236,16.635,0.972,0.307,0.066,0.000,0.020,0.082,0.000,1.688,0.024,1.606,0.058,8120,15600,,1.00,1,0,4112x2570,N,2
1237,16.568,0.795,0.343,0.070,0.000,0.024,0.052,0.000,1.688,0.021,1.609,0.058,8120,15600,,1.00,1,0,4112x2570,N,2
1238,16.753,0.806,0.301,0.068,0.000,0.018,0.121,0.000,2.309,0.042,2.210,0.058,8120,15600,,1.00,1,0,4112x2570,N,2
1239,16.670,1.037,0.348,0.079,0.000,0.026,0.103,0.000,3.057,0.043,2.929,0.085,8120,15600,,1.00,1,0,4112x2570,N,2
1240,16.597,1.007,0.339,0.053,0.000,0.019,0.062,0.000,3.061,0.037,2.941,0.082,8120,15600,,1.00,1,0,4112x2570,N,2
1241,16.770,0.774,0.303,0.066,0.000,0.020,0.074,0.000,3.063,0.041,2.934,0.087,8120,15600,,1.00,1,0,4112x2570,N,2
1242,16.629,0.743,0.332,0.076,0.000,0.022,0.066,0.000,3.063,0.042,2.933,0.088,8120,15600,,1.00,1,0,4112x2570,N,2
1243,16.681,0.940,0.310,0.073,0.000,0.025,0.073,0.000,3.067,0.040,2.940,0.087,8120,15600,,1.00,1,0,4112x2570,N,2
1244,16.568,1.004,0.325,0.073,0.000,0.023,0.065,0.000,3.058,0.039,2.933,0.086,8120,15600,,1.00,1,0,4112x2570,N,2
1245,16.639,0.986,0.325,0.078,0.000,0.023,0.069,0.000,3.060,0.042,2.934,0.085,8120,15600,,1.00,1,0,4112x2570,N,2
1246,16.622,0.992,0.328,0.078,0.000,0.023,0.081,0.000,3.061,0.041,2.936,0.084,8120,15600,,1.00,1,0,4112x2570,N,2
1247,16.633,0.992,0.311,0.067,0.000,0.022,0.071,0.000,3.061,0.039,2.936,0.086,8120,15600,,1.00,1,0,4112x2570,N,2
1248,16.725,0.961,0.315,0.063,0.000,0.021,0.066,0.000,3.061,0.041,2.934,0.085,8120,15600,,1.00,1,0,4112x2570,N,2
1249,16.569,0.972,0.310,0.068,0.000,0.020,0.057,0.000,3.063,0.041,2.936,0.086,8120,15600,,1.00,1,0,4112x2570,N,2
1250,16.620,0.849,0.303,0.071,0.000,0.021,0.069,0.000,3.058,0.041,2.931,0.086,8120,15600,,1.00,1,0,4112x2570,N,2
1251,16.687,0.803,0.298,0.066,0.000,0.021,0.056,0.000,3.068,0.041,2.940,0.087,8120,15600,,1.00,1,0,4112x2570,N,2
1252,16.651,0.761,0.303,0.062,0.000,0.019,0.068,0.000,3.060,0.038,2.938,0.084,8120,15600,,1.00,1,0,4112x2570,N,2
1253,16.672,0.939,0.318,0.069,0.000,0.021,0.060,0.000,3.062,0.042,2.934,0.086,8120,15600,,1.00,1,0,4112x2570,N,2
1254,16.607,0.934,0.322,0.064,0.000,0.023,0.058,0.000,3.065,0.042,2.939,0.084,8120,15600,,1.00,1,0,4112x2570,N,2
1255,16.749,0.903,0.329,0.064,0.000,0.024,0.080,0.000,3.059,0.038,2.937,0.084,8120,15600,,1.00,1,0,4112x2570,N,2
1256,16.546,1.014,0.342,0.069,0.000,0.024,0.056,0.000,3.058,0.042,2.932,0.085,8120,15600,,1.00,1,0,4112x2570,N,2
1257,16.728,0.826,0.306,0.061,0.000,0.019,0.058,0.000,3.057,0.042,2.932,0.083,8120,15600,,1.00,1,0,4112x2570,N,2
1258,16.578,0.975,0.315,0.072,0.000,0.023,0.063,0.000,3.064,0.041,2.933,0.090,8120,15600,,1.00,1,0,4112x2570,N,2
1259,16.731,0.955,0.364,0.065,0.000,0.022,0.090,0.000,3.056,0.041,2.932,0.083,8120,15600,,1.00,1,0,4112x2570,N,2
1260,16.650,0.989,0.353,0.075,0.000,0.025,0.059,0.000,3.061,0.042,2.930,0.089,8120,15600,,1.00,1,0,4112x2570,N,2
1261,16.522,0.978,0.306,0.062,0.000,0.020,0.049,0.000,3.062,0.041,2.935,0.086,8120,15600,,1.00,1,0,4112x2570,N,2
1262,16.682,0.818,0.305,0.070,0.000,0.018,0.066,0.000,3.070,0.042,2.939,0.089,8120,15600,,1.00,1,0,4112x2570,N,2
1263,16.608,0.767,0.308,0.062,0.000,0.016,0.048,0.000,3.067,0.041,2.938,0.088,8120,15600,,1.00,1,0,4112x2570,N,2
1264,16.720,0.748,0.298,0.055,0.000,0.017,0.055,0.000,3.063,0.042,2.933,0.088,8120,15600,,1.00,1,0,4112x2570,N,2
1265,16.589,0.927,0.326,0.069,0.000,0.023,0.052,0.000,3.063,0.042,2.934,0.087,8120,15600,,1.00,1,0,4112x2570,N,2
1266,16.693,0.719,0.305,0.056,0.000,0.018,0.118,0.000,3.063,0.042,2.936,0.085,8120,15600,,1.00,1,0,4112x2570,N,2
1267,16.604,1.016,0.326,0.071,0.000,0.023,0.051,0.000,3.063,0.042,2.936,0.085,8120,15600,,1.00,1,0,4112x2570,N,2
1268,16.684,0.724,0.303,0.058,0.000,0.021,0.059,0.000,3.066,0.041,2.937,0.087,8120,15600,,1.00,1,0,4112x2570,N,2
1269,16.666,0.925,0.315,0.072,0.000,0.023,0.056,0.000,3.061,0.041,2.933,0.088,8120,15600,,1.00,1,0,4112x2570,N,2
1270,16.710,0.796,0.307,0.069,0.000,0.020,0.066,0.000,3.060,0.042,2.933,0.085,8120,15600,,1.00,1,0,4112x2570,N,2
1271,16.590,0.974,0.299,0.067,0.000,0.019,0.057,0.000,3.062,0.041,2.934,0.086,8120,15600,,1.00,1,0,4112x2570,N,2
1272,16.600,0.942,0.292,0.066,0.000,0.020,0.058,0.000,3.060,0.042,2.934,0.084,8120,15600,,1.00,1,0,4112x2570,N,2
1273,16.714,0.815,0.299,0.069,0.000,0.021,0.054,0.000,3.059,0.042,2.930,0.087,8120,15600,,1.00,1,0,4112x2570,N,2
1274,16.697,0.832,0.297,0.060,0.000,0.018,0.082,0.000,3.068,0.041,2.937,0.089,8120,15600,,1.00,1,0,4112x2570,N,2
1275,16.639,0.795,0.308,0.073,0.000,0.022,0.053,0.000,3.061,0.042,2.933,0.085,8120,15600,,1.00,1,0,4112x2570,N,2
1276,16.680,0.772,0.296,0.063,0.000,0.020,0.063,0.000,3.062,0.042,2.934,0.086,8120,15600,,1.00,1,0,4112x2570,N,2
1277,16.638,0.992,0.310,0.072,0.000,0.023,0.063,0.000,3.063,0.042,2.935,0.087,8120,15600,,1.00,1,0,4112x2570,N,2
1278,16.680,1.021,0.318,0.071,0.000,0.022,0.064,0.000,3.064,0.041,2.936,0.087,8120,15600,,1.00,1,0,4112x2570,N,2
1279,16.569,0.994,0.308,0.066,0.000,0.022,0.066,0.000,3.060,0.041,2.932,0.086,8120,15600,,1.00,1,0,4112x2570,N,2
1280,16.620,0.971,0.299,0.059,0.000,0.020,0.053,0.000,3.068,0.038,2.945,0.084,8120,15600,,1.00,1,0,4112x2570,N,2
1281,16.662,0.804,0.297,0.063,0.000,0.020,0.050,0.000,3.066,0.042,2.939,0.084,8120,15600,,1.00,1,0,4112x2570,N,2
1282,16.701,0.747,0.308,0.055,0.000,0.020,0.062,0.000,3.062,0.042,2.936,0.084,8120,15600,,1.00,1,0,4112x2570,N,2
1283,16.544,1.009,0.315,0.071,0.000,0.022,0.058,0.000,3.065,0.042,2.936,0.087,8120,15600,,1.00,1,0,4112x2570,N,2
1284,16.710,0.731,0.343,0.069,0.000,0.020,0.060,0.000,3.059,0.041,2.934,0.084,8120,15600,,1.00,1,0,4112x2570,N,2
1285,16.625,1.081,0.338,0.080,0.000,0.024,0.056,0.000,3.060,0.042,2.933,0.085,8120,15600,,1.00,1,0,4112x2570,N,2
1286,16.641,0.722,0.316,0.056,0.000,0.018,0.051,0.000,3.061,0.041,2.936,0.084,8120,15600,,1.00,1,0,4112x2570,N,2
1287,16.683,0.730,0.291,0.057,0.000,0.017,0.059,0.000,3.059,0.042,2.933,0.085,8120,15600,,1.00,1,0,4112x2570,N,2
1288,16.746,0.991,0.339,0.063,0.000,0.025,0.069,0.000,3.059,0.042,2.931,0.086,8120,15600,,1.00,1,0,4112x2570,N,2
1289,16.609,1.015,0.321,0.072,0.000,0.022,0.100,0.000,3.056,0.041,2.928,0.086,8120,15600,,1.00,1,0,4112x2570,N,2
1290,16.577,0.722,0.302,0.065,0.000,0.018,0.059,0.000,3.056,0.038,2.932,0.086,8120,15600,,1.00,1,0,4112x2570,N,2
1291,16.808,0.778,0.312,0.067,0.000,0.019,0.074,0.000,3.055,0.041,2.929,0.085,8120,15600,,1.00,1,0,4112x2570,N,2
1292,16.616,0.992,0.353,0.081,0.000,0.024,0.072,0.000,3.067,0.042,2.940,0.085,8120,15600,,1.00,1,0,4112x2570,N,2
1293,16.642,0.854,0.314,0.081,0.000,0.025,0.067,0.000,3.055,0.038,2.931,0.086,8120,15600,,1.00,1,0,4112x2570,N,2
1294,16.571,1.111,0.350,0.082,0.000,0.025,0.057,0.000,3.068,0.038,2.946,0.085,8120,15600,,1.00,1,0,4112x2570,N,2
1295,16.570,1.146,0.344,0.077,0.000,0.022,0.049,0.000,3.061,0.038,2.938,0.085,8120,15600,,1.00,1,0,4112x2570,N,2
1296,17.086,1.083,0.337,0.067,0.000,0.018,0.098,0.000,3.061,0.042,2.934,0.084,8120,15600,,1.00,1,0,4112x2570,N,2
1297,16.770,1.806,0.593,0.105,0.000,0.038,0.112,0.000,3.062,0.040,2.936,0.086,8120,15600,,1.00,1,0,4112x2570,N,2
1298,16.575,1.910,0.622,0.128,0.000,0.038,0.120,0.000,3.064,0.042,2.936,0.086,8120,15600,,1.00,1,0,4112x2570,N,2
1299,16.813,2.012,0.673,0.132,0.000,0.044,0.143,0.000,3.055,0.042,2.927,0.086,8120,15600,,1.00,1,0,4112x2570,N,2
1300,16.643,2.516,0.695,0.136,0.000,0.044,0.149,0.000,3.062,0.038,2.939,0.085,8120,15600,,1.00,1,0,4112x2570,N,2
1301,16.771,2.398,0.706,0.139,0.000,0.048,0.171,0.000,3.060,0.041,2.933,0.086,8120,15600,,1.00,1,0,4112x2570,N,2
1302,15.867,2.606,0.720,0.147,0.000,0.047,0.053,0.000,3.067,0.041,2.940,0.086,8120,15600,,1.00,1,0,4112x2570,N,2
1303,16.662,0.821,0.305,0.079,0.000,0.023,0.066,0.000,3.058,0.038,2.935,0.086,8120,15600,,1.00,1,0,4112x2570,N,2
1304,16.495,1.090,0.353,0.085,0.000,0.026,0.052,0.000,3.061,0.043,2.933,0.085,8120,15600,,1.00,1,0,4112x2570,N,2
1305,16.640,1.049,0.328,0.066,0.000,0.020,0.081,0.000,3.064,0.042,2.937,0.084,8120,15600,,1.00,1,0,4112x2570,N,2
1306,16.604,1.098,0.343,0.065,0.000,0.022,0.050,0.000,3.065,0.043,2.937,0.085,8120,15600,,1.00,1,0,4112x2570,N,2
1307,16.691,0.882,0.334,0.057,0.000,0.017,0.051,0.000,3.067,0.042,2.940,0.085,8120,15600,,1.00,1,0,4112x2570,N,2
1308,16.721,0.901,0.332,0.056,0.000,0.017,0.052,0.000,3.058,0.040,2.934,0.084,8120,15600,,1.00,1,0,4112x2570,N,2
1309,16.655,0.833,0.320,0.062,0.000,0.018,0.055,0.000,3.062,0.039,2.938,0.085,8120,15600,,1.00,1,0,4112x2570,N,2
1310,16.614,1.089,0.347,0.076,0.000,0.022,0.067,0.000,3.061,0.041,2.934,0.086,8120,15600,,1.00,1,0,4112x2570,N,2
1311,16.640,0.776,0.316,0.054,0.000,0.018,0.059,0.000,3.065,0.041,2.938,0.085,8120,15600,,1.00,1,0,4112x2570,N,2
1312,16.743,0.864,0.298,0.061,0.000,0.018,0.088,0.000,3.063,0.039,2.939,0.086,8120,15600,,1.00,1,0,4112x2570,N,2
1313,16.669,0.797,0.345,0.060,0.000,0.018,0.059,0.000,3.064,0.041,2.937,0.086,8120,15600,,1.00,1,0,4112x2570,N,2
1314,16.607,0.981,0.305,0.065,0.000,0.021,0.052,0.000,3.056,0.038,2.935,0.083,8120,15600,,1.00,1,0,4112x2570,N,2
1315,16.642,0.883,0.336,0.061,0.000,0.019,0.065,0.000,3.061,0.042,2.936,0.083,8120,15600,,1.00,1,0,4112x2570,N,2
1316,16.536,1.143,0.351,0.059,0.000,0.019,0.048,0.000,3.057,0.038,2.935,0.084,8120,15600,,1.00,1,0,4112x2570,N,2
1317,16.838,0.833,0.329,0.047,0.000,0.016,0.057,0.000,3.064,0.043,2.936,0.086,8120,15600,,1.00,1,0,4112x2570,N,2
1318,16.512,1.085,0.337,0.073,0.000,0.021,0.051,0.000,3.061,0.043,2.933,0.085,8120,15600,,1.00,1,0,4112x2570,N,2
1319,16.706,0.802,0.341,0.056,0.000,0.016,0.048,0.000,3.063,0.038,2.939,0.086,8120,15600,,1.00,1,0,4112x2570,N,2
1320,16.621,1.072,0.328,0.053,0.000,0.017,0.043,0.000,3.057,0.038,2.933,0.085,8120,15600,,1.00,1,0,4112x2570,N,2
1321,16.675,0.806,0.327,0.046,0.000,0.015,0.056,0.000,3.074,0.043,2.946,0.085,8120,15600,,1.00,1,0,4112x2570,N,2
1322,16.609,0.733,0.336,0.050,0.000,0.014,0.046,0.000,3.055,0.041,2.931,0.084,8120,15600,,1.00,1,0,4112x2570,N,2
1323,16.730,0.768,0.298,0.044,0.000,0.013,0.051,0.000,3.065,0.042,2.938,0.085,8120,15600,,1.00,1,0,4112x2570,N,2
1324,16.617,0.893,0.348,0.051,0.000,0.016,0.044,0.000,3.057,0.041,2.932,0.084,8120,15600,,1.00,1,0,4112x2570,N,2
1325,16.672,0.761,0.335,0.039,0.000,0.014,0.069,0.000,3.064,0.041,2.938,0.085,8120,15600,,1.00,1,0,4112x2570,N,2
1326,16.658,0.928,0.352,0.057,0.000,0.018,0.055,0.000,3.056,0.041,2.931,0.083,8120,15600,,1.00,1,0,4112x2570,N,2
1327,17.191,0.856,0.331,0.051,0.000,0.018,0.108,0.000,3.056,0.041,2.931,0.084,8120,15600,,1.00,1,0,4112x2570,N,2
1328,16.748,2.123,0.777,0.114,0.000,0.040,0.135,0.000,3.055,0.042,2.928,0.086,8120,15600,,1.00,1,0,4112x2570,N,2
1329,16.641,2.522,0.673,0.139,0.000,0.046,0.140,0.000,3.061,0.042,2.933,0.086,8120,15600,,1.00,1,0,4112x2570,N,2
1330,15.968,2.367,0.739,0.141,0.000,0.050,0.058,0.000,3.059,0.041,2.932,0.086,8120,15600,,1.00,1,0,4112x2570,N,2
1331,16.703,0.688,0.309,0.062,0.000,0.017,0.064,0.000,3.061,0.038,2.939,0.084,8120,15600,,1.00,1,0,4112x2570,N,2
1332,16.625,0.682,0.330,0.062,0.000,0.016,0.049,0.000,3.067,0.040,2.941,0.085,8120,15600,,1.00,1,0,4112x2570,N,2
1333,16.714,0.769,0.302,0.069,0.001,0.019,0.061,0.000,3.059,0.041,2.932,0.085,8120,15600,,1.00,1,0,4112x2570,N,2
1334,16.577,0.804,0.306,0.071,0.000,0.020,0.054,0.000,3.065,0.041,2.939,0.085,8120,15600,,1.00,1,0,4112x2570,N,2
1335,16.640,0.737,0.326,0.064,0.000,0.019,0.047,0.000,3.061,0.041,2.935,0.085,8120,15600,,1.00,1,0,4112x2570,N,2
1336,16.671,0.729,0.299,0.063,0.000,0.019,0.049,0.000,3.062,0.038,2.939,0.085,8120,15600,,1.00,1,0,4112x2570,N,2
1337,16.649,0.707,0.300,0.059,0.000,0.020,0.080,0.000,3.052,0.039,2.931,0.082,8120,15600,,1.00,1,0,4112x2570,N,2
1338,16.837,0.875,0.341,0.072,0.000,0.024,0.102,0.000,3.056,0.043,2.930,0.083,8120,15600,,1.00,1,0,4112x2570,N,2
1339,16.538,0.987,0.349,0.077,0.000,0.032,0.073,0.000,3.062,0.037,2.937,0.087,8120,15600,,1.00,1,0,4112x2570,N,2
1340,16.243,0.972,0.336,0.070,0.000,0.024,0.079,0.000,3.055,0.041,2.930,0.084,8120,15600,tshadow_sdf,1.00,1,0,4112x2570,S,0
1341,42.679,1.110,0.358,0.056,0.000,0.019,0.062,0.000,41.202,0.042,41.105,0.054,8120,15600,,1.00,1,0,4112x2570,S,0
1342,17.330,1.796,0.356,0.066,0.000,0.019,0.051,0.000,16.095,0.011,16.041,0.043,8120,15600,,1.00,1,0,4112x2570,S,0
1343,23.222,0.909,0.337,0.061,0.000,0.016,0.059,0.000,16.236,0.010,16.184,0.042,8120,15600,,1.00,1,0,4112x2570,S,0
1344,18.198,1.540,0.340,0.058,0.000,0.018,0.055,0.000,16.609,0.011,16.559,0.039,8120,15600,,1.00,1,0,4112x2570,S,0
1345,18.570,0.774,0.336,0.053,0.000,0.013,0.047,0.000,16.839,0.010,16.788,0.041,8120,15600,,1.00,1,0,4112x2570,S,0
1346,18.574,0.764,0.349,0.055,0.000,0.015,0.063,0.000,17.583,0.010,17.530,0.043,8120,15600,,1.00,1,0,4112x2570,S,0
1347,19.624,0.774,0.337,0.051,0.000,0.013,0.051,0.000,18.083,0.011,18.031,0.042,8120,15600,,1.00,1,0,4112x2570,S,0
1348,20.781,0.795,0.333,0.055,0.000,0.016,0.050,0.000,18.986,0.011,18.932,0.042,8120,15600,,1.00,1,0,4112x2570,S,0
1349,21.782,1.668,0.346,0.049,0.000,0.014,0.049,0.000,19.756,0.011,19.701,0.044,8120,15600,,1.00,1,0,4112x2570,S,0
1350,22.100,0.921,0.359,0.066,0.000,0.015,0.054,0.000,20.479,0.011,20.425,0.043,8120,15600,,1.00,1,0,4112x2570,S,0
1351,23.296,0.843,0.393,0.057,0.000,0.015,0.063,0.000,21.627,0.011,21.573,0.043,8120,15600,,1.00,1,0,4112x2570,S,0
1352,25.114,2.031,0.384,0.068,0.000,0.019,0.136,0.000,22.642,0.013,22.582,0.046,8120,15600,,1.00,1,0,4112x2570,S,0
1353,24.156,1.896,0.622,0.114,0.000,0.035,0.107,0.000,22.401,0.013,22.345,0.043,8120,15600,,1.00,1,0,4112x2570,S,0
1354,26.513,3.176,0.577,0.118,0.000,0.033,0.124,0.000,24.648,0.013,24.590,0.046,8120,15600,,1.00,1,0,4112x2570,S,0
1355,28.721,1.689,0.771,0.136,0.000,0.040,0.101,0.000,26.011,0.014,25.949,0.048,8120,15600,,1.00,1,0,4112x2570,S,0
1356,29.152,3.580,0.761,0.152,0.000,0.045,0.122,0.000,26.785,0.015,26.716,0.054,8120,15600,,1.00,1,0,4112x2570,S,0
1357,31.307,2.760,0.458,0.105,0.000,0.029,0.091,0.000,28.724,0.017,28.658,0.050,8120,15600,,1.00,1,0,4112x2570,S,0
1358,36.020,2.783,0.445,0.096,0.000,0.026,0.129,0.000,32.807,0.018,32.635,0.154,8120,15600,,1.00,1,0,4112x2570,S,0
1359,38.755,3.229,0.719,0.186,0.000,0.054,0.216,0.000,35.043,0.023,34.850,0.170,8120,15600,,1.00,1,0,4112x2570,S,0
1360,39.748,3.456,0.860,0.206,0.000,0.087,0.119,0.000,36.195,0.019,36.071,0.104,8120,15600,,1.00,1,0,4112x2570,S,0
1361,43.465,3.475,1.099,0.264,0.000,0.122,0.116,0.000,39.828,0.024,39.654,0.150,8120,15600,,1.00,1,0,4112x2570,S,0
1362,43.958,3.993,0.518,0.168,0.000,0.041,0.094,0.000,41.531,0.023,41.446,0.061,8120,15600,,1.00,1,0,4112x2570,S,0
1363,43.685,3.949,0.461,0.109,0.000,0.029,0.087,0.000,41.451,0.022,41.374,0.055,8120,15600,,1.00,1,0,4112x2570,S,0
1364,42.299,2.629,0.448,0.081,0.000,0.027,0.072,0.000,40.321,0.021,40.245,0.055,8120,15600,,1.00,1,0,4112x2570,S,0
1365,39.656,2.535,0.315,0.083,0.000,0.021,0.062,0.000,38.927,0.020,38.853,0.053,8120,15600,tshadow_pcf,1.00,1,0,4112x2570,P,1
1366,5.856,1.780,0.305,0.073,0.000,0.019,0.046,0.000,3.211,0.016,3.136,0.058,8120,15600,,1.00,1,0,4112x2570,P,1
1367,20.820,0.968,0.319,0.055,0.000,0.016,0.057,0.000,3.445,0.022,3.363,0.060,8120,15600,,1.00,1,0,4112x2570,P,1
1368,16.601,0.802,0.375,0.068,0.000,0.021,0.068,0.000,2.680,0.018,2.611,0.051,8120,15600,,1.00,1,0,4112x2570,P,1
1369,16.670,0.841,0.375,0.066,0.000,0.018,0.058,0.000,2.679,0.018,2.612,0.049,8120,15600,,1.00,1,0,4112x2570,P,1
1370,16.720,0.786,0.346,0.055,0.000,0.024,0.061,0.000,2.316,0.015,2.252,0.049,8120,15600,,1.00,1,0,4112x2570,P,1
1371,16.676,1.106,0.344,0.069,0.000,0.020,0.060,0.000,2.313,0.016,2.251,0.046,8120,15600,,1.00,1,0,4112x2570,P,1
1372,16.316,0.853,0.389,0.053,0.000,0.018,0.040,0.000,2.308,0.017,2.245,0.046,8120,15600,,1.00,1,0,4112x2570,P,1
1373,16.631,0.785,0.344,0.050,0.000,0.015,0.051,0.000,2.029,0.014,1.970,0.045,8120,15600,,1.00,1,0,4112x2570,P,1
1374,16.623,1.109,0.344,0.061,0.000,0.019,0.043,0.000,2.034,0.014,1.974,0.046,8120,15600,,1.00,1,0,4112x2570,P,1
1375,16.635,0.891,0.350,0.049,0.000,0.015,0.054,0.000,2.027,0.013,1.968,0.045,8120,15600,,1.00,1,0,4112x2570,P,1
1376,16.799,0.920,0.342,0.046,0.000,0.014,0.069,0.000,1.892,0.014,1.832,0.047,8120,15600,,1.00,1,0,4112x2570,P,1
1377,16.591,0.762,0.363,0.070,0.000,0.021,0.057,0.000,1.818,0.012,1.762,0.044,8120,15600,,1.00,1,0,4112x2570,P,1
1378,16.804,0.780,0.319,0.063,0.000,0.021,0.091,0.000,1.819,0.012,1.762,0.044,8120,15600,,1.00,1,0,4112x2570,P,1
1379,16.585,0.977,0.359,0.084,0.000,0.024,0.063,0.000,1.817,0.013,1.762,0.043,8120,15600,,1.00,1,0,4112x2570,P,1
1380,17.012,1.138,0.365,0.083,0.000,0.024,0.108,0.000,1.644,0.011,1.590,0.044,8120,15600,,1.00,1,0,4112x2570,P,1
1381,16.638,1.936,0.759,0.117,0.000,0.042,0.101,0.000,1.642,0.011,1.588,0.043,8120,15600,,1.00,1,0,4112x2570,P,1
1382,16.886,2.066,0.728,0.128,0.000,0.041,0.168,0.000,1.643,0.011,1.588,0.044,8120,15600,,1.00,1,0,4112x2570,P,1
1383,16.552,2.266,0.769,0.121,0.000,0.041,0.145,0.000,1.563,0.011,1.509,0.043,8120,15600,,1.00,1,0,4112x2570,P,1
1384,16.847,2.400,0.693,0.128,0.000,0.039,0.214,0.000,1.473,0.011,1.420,0.042,8120,15600,,1.00,1,0,4112x2570,P,1
1385,16.306,2.580,0.776,0.140,0.000,0.050,0.139,0.000,1.469,0.011,1.417,0.041,8120,15600,,1.00,1,0,4112x2570,P,1
1386,16.875,2.460,0.818,0.135,0.000,0.047,0.176,0.000,1.470,0.011,1.417,0.042,8120,15600,,1.00,1,0,4112x2570,P,1
1387,16.406,2.400,0.756,0.122,0.000,0.046,0.115,0.000,1.471,0.011,1.418,0.041,8120,15600,,1.00,1,0,4112x2570,P,1
1388,16.771,2.000,0.719,0.115,0.000,0.036,0.124,0.000,1.422,0.011,1.370,0.041,8120,15600,,1.00,1,0,4112x2570,P,1
1389,16.617,2.089,0.738,0.127,0.000,0.042,0.138,0.000,1.372,0.010,1.323,0.039,8120,15600,,1.00,1,0,4112x2570,P,1
1390,16.498,2.371,0.706,0.136,0.000,0.042,0.109,0.000,1.376,0.011,1.324,0.041,8120,15600,,1.00,1,0,4112x2570,P,1
1391,16.193,1.973,0.679,0.129,0.000,0.050,0.113,0.000,1.375,0.010,1.324,0.041,8120,15600,,1.00,1,0,4112x2570,P,1
1392,16.056,1.189,0.494,0.134,0.000,0.041,0.062,0.000,1.375,0.010,1.324,0.041,8120,15600,,1.00,1,0,4112x2570,P,1
1393,16.348,0.847,0.365,0.079,0.000,0.021,0.055,0.000,1.376,0.011,1.324,0.041,8120,15600,,1.00,1,0,4112x2570,P,1
1394,17.026,1.081,0.321,0.074,0.000,0.022,0.107,0.000,1.472,0.011,1.419,0.042,8120,15600,,1.00,1,0,4112x2570,P,1
1395,16.291,1.719,0.648,0.120,0.000,0.039,0.101,0.000,1.468,0.011,1.418,0.039,8120,15600,,1.00,1,0,4112x2570,P,1
1396,16.510,1.814,0.703,0.124,0.000,0.040,0.128,0.000,1.470,0.011,1.419,0.041,8120,15600,,1.00,1,0,4112x2570,P,1
1397,16.278,1.782,0.643,0.116,0.000,0.039,0.113,0.000,1.560,0.011,1.510,0.039,8120,15600,,1.00,1,0,4112x2570,P,1
1398,15.977,1.710,0.752,0.119,0.000,0.039,0.063,0.000,1.643,0.011,1.589,0.043,8120,15600,,1.00,1,0,4112x2570,P,1
1399,16.360,0.938,0.347,0.085,0.000,0.024,0.054,0.000,1.640,0.012,1.588,0.041,8120,15600,,1.00,1,0,4112x2570,P,1
1400,16.832,0.855,0.381,0.070,0.000,0.022,0.117,0.000,1.815,0.012,1.761,0.042,8120,15600,,1.00,1,0,4112x2570,P,1
1401,16.631,1.710,0.704,0.078,0.000,0.034,0.125,0.000,1.816,0.012,1.760,0.044,8120,15600,,1.00,1,0,4112x2570,P,1
1402,15.960,1.914,0.785,0.115,0.000,0.039,0.057,0.000,1.907,0.014,1.849,0.044,8120,15600,,1.00,1,0,4112x2570,P,1
1403,16.476,0.813,0.342,0.065,0.000,0.019,0.064,0.000,2.029,0.014,1.972,0.043,8120,15600,,1.00,1,0,4112x2570,P,1
1404,16.490,0.874,0.313,0.073,0.000,0.028,0.064,0.000,2.313,0.015,2.249,0.048,8120,15600,,1.00,1,0,4112x2570,P,1
1405,16.359,1.107,0.361,0.086,0.000,0.027,0.072,0.000,2.316,0.016,2.251,0.048,8120,15600,,1.00,1,0,4112x2570,P,1
1406,16.459,1.065,0.345,0.072,0.000,0.023,0.053,0.000,2.679,0.018,2.612,0.049,8120,15600,,1.00,1,0,4112x2570,P,1
1407,16.732,0.855,0.333,0.069,0.000,0.019,0.061,0.000,2.681,0.018,2.614,0.050,8120,15600,,1.00,1,0,4112x2570,P,1
1408,16.323,0.928,0.332,0.069,0.000,0.019,0.052,0.000,3.442,0.022,3.362,0.058,8120,15600,,1.00,1,0,4112x2570,P,1
1409,16.541,0.811,0.329,0.060,0.000,0.016,0.051,0.000,3.442,0.022,3.363,0.058,8120,15600,,1.00,1,0,4112x2570,P,1
1410,16.716,0.752,0.289,0.055,0.000,0.017,0.062,0.000,4.104,0.041,4.006,0.057,8120,15600,,1.00,1,0,4112x2570,P,1
1411,16.507,0.723,0.301,0.063,0.000,0.019,0.051,0.000,6.269,0.038,6.147,0.085,8120,15600,,1.00,1,0,4112x2570,P,1
1412,16.561,0.726,0.296,0.070,0.000,0.018,0.051,0.000,6.265,0.041,6.138,0.086,8120,15600,,1.00,1,0,4112x2570,P,1
1413,16.591,0.971,0.311,0.061,0.000,0.019,0.089,0.000,6.268,0.041,6.141,0.085,8120,15600,,1.00,1,0,4112x2570,P,1
1414,16.518,0.913,0.317,0.069,0.000,0.021,0.084,0.000,6.266,0.042,6.140,0.084,8120,15600,,1.00,1,0,4112x2570,P,1
1415,16.463,0.992,0.341,0.065,0.000,0.020,0.069,0.000,6.262,0.043,6.136,0.084,8120,15600,,1.00,1,0,4112x2570,P,1
1416,16.431,1.007,0.317,0.092,0.000,0.024,0.051,0.000,6.274,0.043,6.147,0.083,8120,15600,,1.00,1,0,4112x2570,P,1
1417,16.438,0.857,0.318,0.058,0.000,0.017,0.061,0.000,6.264,0.037,6.142,0.085,8120,15600,,1.00,1,0,4112x2570,P,1
1418,16.501,0.995,0.324,0.063,0.000,0.021,0.055,0.000,6.264,0.041,6.139,0.084,8120,15600,,1.00,1,0,4112x2570,P,1
1419,16.629,0.970,0.304,0.055,0.000,0.017,0.063,0.000,6.264,0.038,6.140,0.086,8120,15600,,1.00,1,0,4112x2570,P,1
1420,16.374,1.094,0.350,0.066,0.000,0.020,0.056,0.000,6.261,0.038,6.139,0.084,8120,15600,,1.00,1,0,4112x2570,P,1
1421,16.538,0.872,0.349,0.055,0.000,0.018,0.059,0.000,6.264,0.041,6.137,0.085,8120,15600,,1.00,1,0,4112x2570,P,1
1422,8.379,0.884,0.314,0.053,0.000,0.018,0.043,0.000,6.271,0.038,6.148,0.085,8120,15600,,1.00,1,0,4112x2570,P,1
1423,24.719,0.000,0.352,0.050,0.000,0.016,0.060,0.000,6.265,0.042,6.137,0.086,8120,15600,,1.00,1,0,4112x2570,P,1
1424,16.646,1.671,0.309,0.059,0.000,0.016,0.060,0.000,6.265,0.042,6.139,0.084,8120,15600,,1.00,1,0,4112x2570,P,1
1425,16.593,1.108,0.345,0.063,0.000,0.019,0.102,0.000,6.267,0.042,6.140,0.085,8120,15600,,1.00,1,0,4112x2570,P,1
1426,16.385,1.127,0.363,0.062,0.000,0.020,0.053,0.000,6.268,0.042,6.140,0.086,8120,15600,,1.00,1,0,4112x2570,P,1
1427,16.562,0.921,0.336,0.054,0.000,0.016,0.054,0.000,6.271,0.042,6.144,0.085,8120,15600,,1.00,1,0,4112x2570,P,1
1428,16.578,0.942,0.357,0.057,0.000,0.019,0.064,0.000,6.264,0.041,6.136,0.087,8120,15600,,1.00,1,0,4112x2570,P,1
1429,16.474,1.118,0.342,0.064,0.000,0.020,0.070,0.000,6.264,0.042,6.137,0.085,8120,15600,,1.00,1,0,4112x2570,P,1
1430,16.615,0.860,0.349,0.050,0.000,0.016,0.056,0.000,6.271,0.042,6.145,0.084,8120,15600,,1.00,1,0,4112x2570,P,1
1431,16.452,0.814,0.337,0.067,0.000,0.020,0.063,0.000,6.268,0.037,6.147,0.084,8120,15600,,1.00,1,0,4112x2570,P,1
1432,16.514,0.944,0.388,0.058,0.000,0.022,0.044,0.000,6.263,0.041,6.137,0.085,8120,15600,,1.00,1,0,4112x2570,P,1
1433,16.634,0.805,0.346,0.045,0.000,0.014,0.056,0.000,6.261,0.041,6.134,0.086,8120,15600,,1.00,1,0,4112x2570,P,1
1434,16.545,1.043,0.331,0.055,0.000,0.017,0.059,0.000,6.272,0.042,6.145,0.085,8120,15600,,1.00,1,0,4112x2570,P,1
1435,16.439,0.780,0.345,0.042,0.000,0.020,0.045,0.000,6.261,0.041,6.135,0.085,8120,15600,,1.00,1,0,4112x2570,P,1
1436,16.549,0.803,0.324,0.041,0.000,0.013,0.056,0.000,6.269,0.041,6.144,0.084,8120,15600,,1.00,1,0,4112x2570,P,1
1437,8.416,0.896,0.329,0.049,0.000,0.017,0.052,0.000,6.270,0.042,6.142,0.086,8120,15600,,1.00,1,0,4112x2570,P,1
1438,24.843,0.000,0.420,0.044,0.000,0.015,0.061,0.000,6.267,0.041,6.140,0.087,8120,15600,,1.00,1,0,4112x2570,P,1
1439,16.575,1.987,0.358,0.063,0.000,0.020,0.055,0.000,6.272,0.042,6.145,0.086,8120,15600,,1.00,1,0,4112x2570,P,1
1440,16.484,0.752,0.318,0.067,0.000,0.021,0.058,0.000,6.265,0.038,6.142,0.084,8120,15600,,1.00,1,0,4112x2570,P,1
1441,16.490,0.827,0.347,0.060,0.000,0.020,0.056,0.000,6.271,0.042,6.143,0.086,8120,15600,,1.00,1,0,4112x2570,P,1
1442,16.542,0.783,0.361,0.053,0.000,0.016,0.051,0.000,6.269,0.043,6.141,0.085,8120,15600,,1.00,1,0,4112x2570,P,1
1443,16.530,0.960,0.332,0.049,0.000,0.017,0.045,0.000,6.266,0.042,6.139,0.084,8120,15600,,1.00,1,0,4112x2570,P,1
1444,16.658,0.777,0.359,0.044,0.000,0.014,0.053,0.000,6.279,0.042,6.150,0.087,8120,15600,,1.00,1,0,4112x2570,P,1
1445,16.530,0.887,0.327,0.054,0.000,0.015,0.065,0.000,6.268,0.041,6.142,0.084,8120,15600,,1.00,1,0,4112x2570,P,1
1446,16.664,0.803,0.380,0.052,0.000,0.019,0.073,0.000,6.262,0.042,6.135,0.085,8120,15600,,1.00,1,0,4112x2570,P,1
1447,16.401,1.063,0.327,0.053,0.000,0.018,0.050,0.000,6.270,0.042,6.144,0.084,8120,15600,drag_start,1.00,1,1,4112x2570,P,1
1448,16.594,0.843,0.340,0.059,0.000,0.015,0.062,0.000,6.288,0.042,6.159,0.087,8120,15600,,1.00,1,1,4112x2570,P,1
1449,16.647,0.880,0.340,0.067,0.000,0.018,0.060,0.000,6.287,0.042,6.160,0.085,8120,15600,,1.00,1,1,4112x2570,P,1
1450,16.732,0.876,0.350,0.059,0.000,0.016,0.048,0.000,6.292,0.041,6.166,0.085,8120,15600,,1.00,1,1,4112x2570,P,1
1451,16.597,0.927,0.353,0.047,0.000,0.017,0.065,0.000,6.302,0.042,6.174,0.086,8120,15600,,1.00,1,1,4112x2570,P,1
1452,17.140,0.997,0.363,0.054,0.000,0.017,0.098,0.000,6.296,0.042,6.168,0.086,8120,15600,,1.00,1,1,4112x2570,P,1
1453,16.596,1.750,0.575,0.089,0.000,0.032,0.112,0.000,6.294,0.041,6.167,0.086,8120,15600,,1.00,1,1,4112x2570,P,1
1454,16.808,1.812,0.597,0.108,0.000,0.033,0.129,0.000,6.293,0.042,6.165,0.086,8120,15600,,1.00,1,1,4112x2570,P,1
1455,16.723,2.333,0.673,0.115,0.000,0.039,0.142,0.000,6.297,0.042,6.170,0.085,8120,15600,,1.00,1,1,4112x2570,P,1
1456,16.633,2.917,0.694,0.124,0.000,0.040,0.155,0.000,6.298,0.041,6.171,0.086,8120,15600,,1.00,1,1,4112x2570,P,1
1457,16.297,2.431,0.692,0.115,0.000,0.041,0.147,0.000,6.295,0.041,6.169,0.085,8120,15600,,1.00,1,1,4112x2570,P,1
1458,16.382,2.285,0.702,0.130,0.000,0.038,0.152,0.000,6.297,0.042,6.169,0.086,8120,15600,,1.00,1,1,4112x2570,P,1
1459,16.228,2.505,0.673,0.111,0.000,0.036,0.129,0.000,6.305,0.038,6.180,0.087,8120,15600,,1.00,1,1,4112x2570,P,1
1460,16.443,2.420,0.693,0.106,0.000,0.034,0.144,0.000,6.295,0.038,6.170,0.086,8120,15600,,1.00,1,1,4112x2570,P,1
1461,16.604,2.269,0.688,0.137,0.000,0.040,0.165,0.000,6.295,0.038,6.171,0.087,8120,15600,,1.00,1,1,4112x2570,P,1
1462,15.986,2.872,0.711,0.128,0.000,0.042,0.157,0.000,6.304,0.038,6.181,0.086,8120,15600,,1.00,1,1,4112x2570,P,1
1463,15.969,2.466,0.650,0.127,0.000,0.036,0.099,0.000,6.303,0.042,6.175,0.087,8120,15600,,1.00,1,1,4112x2570,P,1
1464,16.068,1.589,0.576,0.112,0.000,0.035,0.062,0.000,6.298,0.042,6.172,0.084,8120,15600,,1.00,1,1,4112x2570,P,1
1465,16.523,0.894,0.333,0.062,0.000,0.019,0.056,0.000,6.296,0.042,6.169,0.084,8120,15600,,1.00,1,1,4112x2570,P,1
1466,16.425,1.019,0.309,0.072,0.000,0.019,0.049,0.000,6.300,0.042,6.174,0.084,8120,15600,,1.00,1,1,4112x2570,P,1
1467,16.562,0.906,0.332,0.054,0.000,0.017,0.052,0.000,6.294,0.042,6.168,0.085,8120,15600,,1.00,1,1,4112x2570,P,1
1468,16.542,0.856,0.292,0.057,0.000,0.018,0.056,0.000,6.296,0.042,6.169,0.085,8120,15600,,1.00,1,1,4112x2570,P,1
1469,16.562,0.944,0.295,0.055,0.000,0.017,0.089,0.000,6.309,0.043,6.181,0.085,8120,15600,,1.00,1,1,4112x2570,P,1
1470,16.484,0.801,0.305,0.053,0.000,0.015,0.051,0.000,6.316,0.038,6.192,0.086,8120,15600,,1.00,1,1,4112x2570,P,1
1471,16.664,0.773,0.297,0.052,0.000,0.015,0.062,0.000,6.314,0.042,6.187,0.085,8120,15600,,1.00,1,1,4112x2570,P,1
1472,16.438,1.065,0.328,0.068,0.000,0.022,0.051,0.000,6.308,0.042,6.182,0.084,8120,15600,,1.00,1,1,4112x2570,P,1
1473,16.508,1.082,0.351,0.072,0.000,0.022,0.050,0.000,6.308,0.042,6.181,0.085,8120,15600,,1.00,1,1,4112x2570,P,1
1474,16.564,0.848,0.300,0.048,0.000,0.016,0.053,0.000,6.315,0.041,6.191,0.083,8120,15600,,1.00,1,1,4112x2570,P,1
1475,16.509,0.887,0.296,0.062,0.000,0.018,0.054,0.000,6.315,0.043,6.189,0.082,8120,15600,,1.00,1,1,4112x2570,P,1
1476,16.524,0.853,0.345,0.071,0.000,0.018,0.054,0.000,6.320,0.041,6.195,0.085,8120,15600,,1.00,1,1,4112x2570,P,1
1477,16.599,1.100,0.343,0.060,0.000,0.016,0.062,0.000,6.322,0.042,6.195,0.085,8120,15600,,1.00,1,1,4112x2570,P,1
1478,16.481,1.057,0.337,0.064,0.000,0.018,0.056,0.000,6.329,0.042,6.203,0.084,8120,15600,,1.00,1,1,4112x2570,P,1
1479,16.660,0.930,0.330,0.052,0.000,0.016,0.095,0.000,6.334,0.042,6.207,0.086,8120,15600,,1.00,1,1,4112x2570,P,1
1480,16.430,1.039,0.374,0.062,0.000,0.018,0.051,0.000,6.340,0.041,6.213,0.085,8120,15600,,1.00,1,1,4112x2570,P,1
1481,16.637,0.902,0.461,0.058,0.000,0.018,0.080,0.000,6.340,0.041,6.214,0.084,8120,15600,,1.00,1,1,4112x2570,P,1
1482,16.421,1.030,0.349,0.063,0.000,0.021,0.071,0.000,6.349,0.042,6.221,0.086,8120,15600,,1.00,1,1,4112x2570,P,1
1483,16.527,1.150,0.364,0.061,0.000,0.019,0.047,0.000,6.342,0.040,6.216,0.086,8120,15600,,1.00,1,1,4112x2570,P,1
1484,16.657,1.081,0.350,0.056,0.000,0.018,0.061,0.000,6.339,0.042,6.212,0.084,8120,15600,,1.00,1,1,4112x2570,P,1
1485,16.398,1.012,0.330,0.065,0.000,0.021,0.042,0.000,6.328,0.041,6.202,0.085,8120,15600,,1.00,1,1,4112x2570,P,1
1486,16.487,0.892,0.388,0.061,0.000,0.019,0.053,0.000,6.330,0.041,6.203,0.085,8120,15600,,1.00,1,1,4112x2570,P,1
1487,16.709,0.848,0.325,0.048,0.000,0.016,0.055,0.000,6.328,0.042,6.202,0.084,8120,15600,,1.00,1,1,4112x2570,P,1
1488,16.444,1.054,0.362,0.064,0.000,0.017,0.049,0.000,6.322,0.042,6.195,0.085,8120,15600,,1.00,1,1,4112x2570,P,1
1489,16.683,0.931,0.346,0.058,0.000,0.016,0.052,0.000,6.315,0.038,6.190,0.087,8120,15600,,1.00,1,1,4112x2570,P,1
1490,16.474,1.032,0.370,0.066,0.000,0.019,0.053,0.000,6.321,0.042,6.193,0.085,8120,15600,,1.00,1,1,4112x2570,P,1
1491,17.138,0.951,0.354,0.047,0.000,0.016,0.110,0.000,6.315,0.041,6.189,0.085,8120,15600,,1.00,1,1,4112x2570,P,1
1492,16.807,1.984,0.658,0.105,0.000,0.039,0.134,0.000,6.319,0.041,6.193,0.085,8120,15600,,1.00,1,1,4112x2570,P,1
1493,16.292,2.328,0.719,0.134,0.000,0.046,0.166,0.000,6.315,0.038,6.193,0.084,8120,15600,,1.00,1,1,4112x2570,P,1
1494,16.357,2.165,0.634,0.120,0.000,0.039,0.149,0.000,6.315,0.042,6.189,0.084,8120,15600,,1.00,1,1,4112x2570,P,1
1495,16.321,2.421,0.691,0.131,0.000,0.041,0.131,0.000,6.325,0.041,6.198,0.086,8120,15600,,1.00,1,1,4112x2570,P,1
1496,16.330,2.153,0.686,0.128,0.000,0.040,0.131,0.000,6.317,0.042,6.191,0.084,8120,15600,,1.00,1,1,4112x2570,P,1
1497,16.638,2.363,0.699,0.138,0.000,0.045,0.160,0.000,6.319,0.043,6.190,0.086,8120,15600,,1.00,1,1,4112x2570,P,1
1498,16.431,2.303,0.670,0.120,0.000,0.039,0.171,0.000,6.323,0.040,6.198,0.086,8120,15600,,1.00,1,1,4112x2570,P,1
1499,16.738,2.286,0.680,0.128,0.000,0.039,0.161,0.000,6.323,0.038,6.200,0.085,8120,15600,,1.00,1,1,4112x2570,P,1
1500,16.363,2.616,0.687,0.122,0.000,0.039,0.124,0.000,6.329,0.039,6.205,0.085,8120,15600,,1.00,1,1,4112x2570,P,1
1501,16.019,1.832,0.706,0.133,0.000,0.043,0.065,0.000,6.319,0.042,6.192,0.084,8120,15600,,1.00,1,1,4112x2570,P,1
1502,16.265,1.061,0.360,0.101,0.000,0.024,0.064,0.000,6.323,0.038,6.201,0.084,8120,15600,drag_snap,1.00,1,0,4112x2570,P,1
1503,16.600,1.097,0.349,0.059,0.000,0.019,0.048,0.000,6.274,0.041,6.147,0.086,8120,15600,,1.00,1,0,4112x2570,P,1
1504,16.705,0.922,0.355,0.058,0.000,0.016,0.055,0.000,6.271,0.041,6.145,0.085,8120,15600,,1.00,1,0,4112x2570,P,1
1505,17.069,1.089,0.412,0.065,0.000,0.029,0.114,0.000,6.277,0.042,6.145,0.090,8120,15600,,1.00,1,0,4112x2570,P,1
1506,16.748,1.977,0.609,0.111,0.000,0.034,0.130,0.000,11.770,2.880,8.809,0.082,8120,15600,,1.00,1,0,4112x2570,P,1
1507,16.560,2.295,0.714,0.131,0.000,0.045,0.122,0.000,6.267,0.038,6.146,0.083,8120,15600,,1.00,1,0,4112x2570,P,1
1508,16.667,2.038,0.707,0.130,0.000,0.041,0.123,0.000,6.264,0.043,6.136,0.085,8120,15600,,1.00,1,0,4112x2570,P,1
1509,16.731,2.440,0.628,0.126,0.000,0.040,0.142,0.000,6.266,0.041,6.140,0.085,8120,15600,,1.00,1,0,4112x2570,P,1
1510,16.696,2.331,0.736,0.129,0.000,0.043,0.146,0.000,6.268,0.042,6.141,0.085,8120,15600,,1.00,1,0,4112x2570,P,1
1511,16.794,2.360,0.702,0.127,0.000,0.043,0.150,0.000,6.262,0.038,6.141,0.083,8120,15600,,1.00,1,0,4112x2570,P,1
1512,16.318,2.494,0.716,0.131,0.000,0.041,0.122,0.000,6.265,0.038,6.145,0.083,8120,15600,,1.00,1,0,4112x2570,P,1
1513,16.480,1.910,0.639,0.125,0.000,0.041,0.113,0.000,11.273,2.582,8.535,0.157,8120,15600,,1.00,1,0,4112x2570,P,1
1514,16.258,1.919,0.602,0.119,0.000,0.034,0.057,0.000,6.268,0.041,6.141,0.086,8120,15600,,1.00,1,0,4112x2570,P,1
1515,16.828,1.024,0.301,0.069,0.000,0.024,0.059,0.000,2.044,0.015,1.969,0.060,8120,15600,,1.00,1,0,4112x2570,P,1
1516,16.491,1.036,0.319,0.078,0.000,0.020,0.059,0.000,2.029,0.013,1.969,0.046,8120,15600,,1.00,1,0,4112x2570,P,1
1517,16.625,0.915,0.308,0.077,0.000,0.022,0.057,0.000,2.102,0.017,2.037,0.047,8120,15600,,1.00,1,0,4112x2570,P,1
1518,16.634,0.969,0.370,0.070,0.000,0.019,0.066,0.000,2.315,0.015,2.254,0.046,8120,15600,,1.00,1,0,4112x2570,P,1
1519,16.614,1.146,0.360,0.060,0.000,0.018,0.045,0.000,2.316,0.016,2.252,0.048,8120,15600,,1.00,1,0,4112x2570,P,1
1520,16.614,0.873,0.299,0.060,0.000,0.019,0.049,0.000,2.314,0.017,2.250,0.048,8120,15600,,1.00,1,0,4112x2570,P,1
1521,16.713,0.863,0.313,0.051,0.000,0.018,0.068,0.000,2.713,0.263,2.401,0.049,8120,15600,,1.00,1,0,4112x2570,P,1
1522,16.716,0.988,0.310,0.057,0.000,0.018,0.066,0.000,2.680,0.018,2.613,0.049,8120,15600,,1.00,1,0,4112x2570,P,1
1523,16.550,0.969,0.336,0.051,0.000,0.016,0.061,0.000,2.683,0.017,2.614,0.051,8120,15600,,1.00,1,0,4112x2570,P,1
1524,16.721,0.858,0.320,0.051,0.000,0.016,0.058,0.000,2.682,0.017,2.612,0.053,8120,15600,,1.00,1,0,4112x2570,P,1
1525,16.623,0.821,0.311,0.061,0.000,0.019,0.052,0.000,3.004,0.021,2.931,0.052,8120,15600,,1.00,1,0,4112x2570,P,1
1526,16.643,0.872,0.324,0.062,0.000,0.017,0.053,0.000,3.442,0.022,3.366,0.054,8120,15600,,1.00,1,0,4112x2570,P,1
1527,16.607,1.129,0.331,0.067,0.000,0.020,0.050,0.000,3.446,0.022,3.365,0.059,8120,15600,,1.00,1,0,4112x2570,P,1
1528,16.628,1.050,0.333,0.064,0.000,0.018,0.053,0.000,3.442,0.022,3.363,0.058,8120,15600,,1.00,1,0,4112x2570,P,1
1529,16.673,1.044,0.311,0.054,0.000,0.018,0.050,0.000,4.116,0.041,4.018,0.057,8120,15600,,1.00,1,0,4112x2570,P,1
1530,16.662,0.894,0.330,0.058,0.000,0.018,0.050,0.000,5.455,0.042,5.355,0.058,8120,15600,,1.00,1,0,4112x2570,P,1
1531,16.637,0.844,0.291,0.052,0.000,0.015,0.054,0.000,6.266,0.041,6.139,0.086,8120,15600,,1.00,1,0,4112x2570,P,1
1532,16.750,0.811,0.308,0.057,0.043,0.018,0.047,0.000,6.265,0.038,6.141,0.085,8120,15600,,1.00,1,0,4112x2570,P,1
1533,16.558,0.862,0.326,0.050,0.000,0.017,0.049,0.000,6.267,0.042,6.139,0.086,8120,15600,,1.00,1,0,4112x2570,P,1
1534,16.713,0.910,0.349,0.048,0.000,0.017,0.064,0.000,6.266,0.041,6.139,0.086,8120,15600,,1.00,1,0,4112x2570,P,1
1535,16.790,0.955,0.453,0.059,0.000,0.019,0.085,0.000,6.265,0.039,6.143,0.083,8120,15600,,1.00,1,0,4112x2570,P,1
1536,16.445,0.966,0.334,0.071,0.000,0.028,0.078,0.000,8.911,0.041,8.742,0.128,8120,15600,,1.00,1,0,4112x2570,P,1
1537,16.379,1.026,0.376,0.072,0.000,0.020,0.054,0.000,2.054,0.014,1.970,0.070,8120,15600,,1.00,1,0,4112x2570,P,1
1538,16.515,0.922,0.359,0.063,0.000,0.018,0.063,0.000,2.031,0.014,1.972,0.046,8120,15600,,1.00,1,0,4112x2570,P,1
1539,16.558,0.944,0.352,0.059,0.000,0.017,0.046,0.000,2.113,0.016,2.053,0.044,8120,15600,,1.00,1,0,4112x2570,P,1
1540,16.513,0.888,0.342,0.054,0.000,0.019,0.072,0.000,2.314,0.017,2.251,0.046,8120,15600,,1.00,1,0,4112x2570,P,1
1541,16.559,0.904,0.359,0.059,0.000,0.018,0.060,0.000,2.317,0.016,2.254,0.047,8120,15600,,1.00,1,0,4112x2570,P,1
1542,16.590,0.851,0.343,0.053,0.000,0.016,0.064,0.000,2.315,0.016,2.250,0.048,8120,15600,,1.00,1,0,4112x2570,P,1
1543,16.659,0.900,0.357,0.050,0.000,0.018,0.058,0.000,2.319,0.017,2.253,0.049,8120,15600,,1.00,1,0,4112x2570,P,1
1544,16.402,1.024,0.330,0.066,0.000,0.024,0.055,0.000,2.682,0.017,2.614,0.051,8120,15600,,1.00,1,0,4112x2570,P,1
1545,16.557,1.046,0.381,0.064,0.000,0.022,0.063,0.000,2.682,0.017,2.615,0.049,8120,15600,,1.00,1,0,4112x2570,P,1
1546,16.418,1.006,0.320,0.059,0.000,0.019,0.055,0.000,2.680,0.018,2.613,0.050,8120,15600,,1.00,1,0,4112x2570,P,1
1547,16.640,1.138,0.326,0.043,0.000,0.014,0.048,0.000,3.305,0.022,3.231,0.053,8120,15600,,1.00,1,0,4112x2570,P,1
1548,8.132,0.874,0.356,0.055,0.000,0.017,0.050,0.000,3.443,0.023,3.366,0.055,8120,15600,,1.00,1,0,4112x2570,P,1
1549,25.094,0.000,0.341,0.042,0.000,0.019,0.055,0.000,4.791,0.042,4.692,0.057,8120,15600,,1.00,1,0,4112x2570,P,1
1550,16.699,1.719,0.313,0.068,0.000,0.017,0.070,0.000,3.443,0.022,3.365,0.057,8120,15600,,1.00,1,0,4112x2570,P,1
1551,16.369,0.956,0.360,0.053,0.000,0.017,0.069,0.000,4.424,0.041,4.326,0.056,8120,15600,drag_start,1.00,1,1,4112x2570,P,1
1552,16.633,1.030,0.356,0.056,0.000,0.016,0.056,0.000,6.119,0.041,6.021,0.057,8120,15600,,1.00,1,1,4112x2570,P,1
1553,16.636,0.913,0.340,0.045,0.000,0.015,0.071,0.000,6.312,0.040,6.187,0.085,8120,15600,,1.00,1,1,4112x2570,P,1
1554,16.639,0.904,0.344,0.046,0.000,0.015,0.042,0.000,6.315,0.042,6.189,0.085,8120,15600,,1.00,1,1,4112x2570,P,1
1555,16.668,0.934,0.323,0.043,0.000,0.015,0.043,0.000,6.329,0.043,6.202,0.084,8120,15600,,1.00,1,1,4112x2570,P,1
1556,16.668,0.819,0.332,0.044,0.000,0.014,0.058,0.000,6.340,0.042,6.213,0.085,8120,15600,,1.00,1,1,4112x2570,P,1
1557,17.038,0.901,0.342,0.048,0.000,0.014,0.115,0.000,6.335,0.043,6.207,0.084,8120,15600,,1.00,1,1,4112x2570,P,1
1558,16.557,1.998,0.689,0.106,0.000,0.035,0.130,0.000,6.324,0.040,6.200,0.084,8120,15600,,1.00,1,1,4112x2570,P,1
1559,16.538,2.129,0.662,0.136,0.000,0.040,0.179,0.000,6.325,0.037,6.203,0.085,8120,15600,,1.00,1,1,4112x2570,P,1
1560,16.227,2.829,0.730,0.138,0.000,0.045,0.143,0.000,6.318,0.038,6.195,0.085,8120,15600,,1.00,1,1,4112x2570,P,1
1561,15.948,2.404,0.659,0.127,0.000,0.045,0.127,0.000,6.319,0.039,6.195,0.085,8120,15600,,1.00,1,1,4112x2570,P,1
1562,16.298,2.168,0.710,0.137,0.000,0.040,0.117,0.000,6.314,0.041,6.188,0.086,8120,15600,,1.00,1,1,4112x2570,P,1
1563,16.480,1.960,0.646,0.121,0.000,0.041,0.135,0.000,6.301,0.040,6.176,0.085,8120,15600,,1.00,1,1,4112x2570,P,1
1564,16.358,2.149,0.714,0.125,0.000,0.038,0.138,0.000,6.284,0.039,6.161,0.083,8120,15600,,1.00,1,1,4112x2570,P,1
1565,16.290,2.299,0.773,0.137,0.000,0.046,0.134,0.000,6.278,0.042,6.151,0.084,8120,15600,,1.00,1,1,4112x2570,P,1
1566,16.641,2.065,0.664,0.130,0.000,0.037,0.154,0.000,6.265,0.041,6.140,0.083,8120,15600,,1.00,1,1,4112x2570,P,1
1567,16.180,2.288,0.735,0.142,0.000,0.047,0.104,0.000,6.269,0.037,6.151,0.081,8120,15600,,1.00,1,1,4112x2570,P,1
1568,16.444,1.675,0.656,0.119,0.000,0.041,0.112,0.000,6.284,0.041,6.157,0.086,8120,15600,,1.00,1,1,4112x2570,P,1
1569,16.371,1.812,0.600,0.120,0.000,0.039,0.116,0.000,6.279,0.042,6.154,0.083,8120,15600,,1.00,1,1,4112x2570,P,1
1570,16.371,1.760,0.620,0.116,0.000,0.040,0.117,0.000,6.282,0.041,6.159,0.082,8120,15600,,1.00,1,1,4112x2570,P,1
1571,16.419,2.058,0.633,0.125,0.000,0.041,0.130,0.000,6.293,0.040,6.169,0.085,8120,15600,,1.00,1,1,4112x2570,P,1
1572,15.882,2.192,0.715,0.136,0.000,0.045,0.062,0.000,6.298,0.041,6.170,0.086,8120,15600,,1.00,1,1,4112x2570,P,1
1573,16.469,0.880,0.326,0.060,0.000,0.020,0.052,0.000,6.302,0.042,6.173,0.087,8120,15600,,1.00,1,1,4112x2570,P,1
1574,16.544,0.892,0.303,0.060,0.000,0.017,0.052,0.000,6.301,0.038,6.173,0.090,8120,15600,,1.00,1,1,4112x2570,P,1
1575,16.571,0.907,0.297,0.062,0.000,0.019,0.060,0.000,6.296,0.038,6.169,0.088,8120,15600,,1.00,1,1,4112x2570,P,1
1576,16.478,0.816,0.305,0.060,0.000,0.018,0.058,0.000,6.291,0.041,6.165,0.085,8120,15600,,1.00,1,1,4112x2570,P,1
1577,16.510,0.843,0.309,0.060,0.000,0.018,0.052,0.000,6.286,0.042,6.160,0.084,8120,15600,,1.00,1,1,4112x2570,P,1
1578,16.500,0.873,0.306,0.062,0.000,0.018,0.071,0.000,6.284,0.041,6.159,0.085,8120,15600,,1.00,1,1,4112x2570,P,1
1579,16.607,0.802,0.300,0.057,0.000,0.017,0.078,0.000,6.300,0.041,6.174,0.085,8120,15600,,1.00,1,1,4112x2570,P,1
1580,16.433,0.837,0.313,0.064,0.000,0.018,0.050,0.000,6.295,0.041,6.168,0.086,8120,15600,,1.00,1,1,4112x2570,P,1
1581,16.546,0.837,0.300,0.058,0.000,0.017,0.057,0.000,6.294,0.041,6.169,0.085,8120,15600,,1.00,1,1,4112x2570,P,1
1582,16.567,0.802,0.313,0.058,0.000,0.016,0.047,0.000,6.297,0.038,6.175,0.084,8120,15600,,1.00,1,1,4112x2570,P,1
1583,16.505,0.778,0.318,0.056,0.000,0.017,0.060,0.000,6.302,0.042,6.176,0.085,8120,15600,,1.00,1,1,4112x2570,P,1
1584,16.571,0.864,0.312,0.063,0.000,0.019,0.058,0.000,6.305,0.037,6.184,0.084,8120,15600,,1.00,1,1,4112x2570,P,1
1585,16.541,0.809,0.325,0.062,0.000,0.019,0.058,0.000,6.312,0.042,6.183,0.087,8120,15600,,1.00,1,1,4112x2570,P,1
1586,16.511,0.972,0.317,0.061,0.000,0.019,0.073,0.000,6.316,0.041,6.189,0.086,8120,15600,,1.00,1,1,4112x2570,P,1
1587,16.493,0.993,0.309,0.070,0.000,0.021,0.068,0.000,6.314,0.037,6.192,0.085,8120,15600,,1.00,1,1,4112x2570,P,1
1588,16.405,1.015,0.307,0.072,0.000,0.021,0.060,0.000,6.328,0.042,6.201,0.085,8120,15600,,1.00,1,1,4112x2570,P,1
1589,16.650,0.878,0.295,0.064,0.000,0.017,0.051,0.000,6.322,0.042,6.196,0.085,8120,15600,,1.00,1,1,4112x2570,P,1
1590,16.619,0.805,0.316,0.062,0.000,0.018,0.071,0.000,6.320,0.041,6.192,0.087,8120,15600,,1.00,1,1,4112x2570,P,1
1591,16.596,0.905,0.325,0.065,0.000,0.020,0.093,0.000,6.320,0.042,6.193,0.085,8120,15600,,1.00,1,1,4112x2570,P,1
1592,16.666,0.805,0.306,0.057,0.000,0.018,0.072,0.000,6.325,0.042,6.197,0.085,8120,15600,,1.00,1,1,4112x2570,P,1
1593,16.207,0.835,0.338,0.073,0.000,0.020,0.070,0.000,6.318,0.038,6.199,0.082,8120,15600,drag_snap,1.00,1,0,4112x2570,P,1
1594,16.623,0.823,0.322,0.060,0.000,0.019,0.054,0.000,6.284,0.041,6.156,0.086,8120,15600,,1.00,1,0,4112x2570,P,1
1595,16.692,1.051,0.312,0.074,0.000,0.023,0.071,0.000,6.275,0.043,6.148,0.084,8120,15600,,1.00,1,0,4112x2570,P,1
1596,16.635,0.983,0.310,0.073,0.000,0.021,0.053,0.000,6.280,0.042,6.151,0.086,8120,15600,,1.00,1,0,4112x2570,P,1
1597,16.613,0.913,0.352,0.065,0.000,0.020,0.071,0.000,6.278,0.038,6.154,0.086,8120,15600,,1.00,1,0,4112x2570,P,1
1598,16.704,0.841,0.330,0.052,0.000,0.016,0.053,0.000,6.266,0.042,6.142,0.083,8120,15600,,1.00,1,0,4112x2570,P,1
1599,16.607,1.070,0.344,0.061,0.000,0.017,0.075,0.000,6.273,0.043,6.145,0.085,8120,15600,,1.00,1,0,4112x2570,P,1
1600,16.635,1.150,0.343,0.056,0.000,0.019,0.050,0.000,6.271,0.042,6.144,0.086,8120,15600,,1.00,1,0,4112x2570,P,1
1601,16.682,1.002,0.326,0.047,0.000,0.016,0.061,0.000,6.270,0.038,6.147,0.085,8120,15600,,1.00,1,0,4112x2570,P,1
1602,16.605,0.947,0.353,0.054,0.000,0.016,0.043,0.000,6.273,0.041,6.146,0.085,8120,15600,,1.00,1,0,4112x2570,P,1
1603,16.660,0.917,0.361,0.044,0.000,0.014,0.047,0.000,6.267,0.042,6.139,0.086,8120,15600,,1.00,1,0,4112x2570,P,1
1604,16.647,0.868,0.343,0.045,0.000,0.014,0.043,0.000,6.268,0.043,6.140,0.085,8120,15600,,1.00,1,0,4112x2570,P,1
1605,16.665,0.926,0.358,0.044,0.000,0.015,0.053,0.000,6.272,0.042,6.144,0.085,8120,15600,,1.00,1,0,4112x2570,P,1
1606,16.681,0.898,0.331,0.040,0.000,0.012,0.081,0.000,6.274,0.042,6.148,0.084,8120,15600,,1.00,1,0,4112x2570,P,1
1607,16.731,0.977,0.354,0.047,0.000,0.015,0.053,0.000,6.278,0.041,6.152,0.085,8120,15600,,1.00,1,0,4112x2570,P,1
1608,16.552,1.111,0.359,0.052,0.000,0.015,0.041,0.000,6.270,0.041,6.144,0.085,8120,15600,,1.00,1,0,4112x2570,P,1
1609,17.063,0.895,0.361,0.046,0.000,0.014,0.108,0.000,6.268,0.041,6.142,0.084,8120,15600,,1.00,1,0,4112x2570,P,1
1610,16.817,1.891,0.615,0.092,0.000,0.036,0.139,0.000,6.270,0.043,6.142,0.085,8120,15600,,1.00,1,0,4112x2570,P,1
1611,16.593,1.994,0.661,0.130,0.000,0.038,0.112,0.000,6.266,0.040,6.141,0.084,8120,15600,,1.00,1,0,4112x2570,P,1
1612,16.770,2.023,0.589,0.118,0.000,0.035,0.144,0.000,6.265,0.038,6.143,0.085,8120,15600,,1.00,1,0,4112x2570,P,1
1613,16.643,2.096,0.679,0.120,0.000,0.045,0.120,0.000,6.270,0.040,6.145,0.085,8120,15600,,1.00,1,0,4112x2570,P,1
1614,16.579,2.064,0.617,0.141,0.000,0.040,0.129,0.000,6.265,0.041,6.140,0.084,8120,15600,,1.00,1,0,4112x2570,P,1
1615,16.638,2.396,0.684,0.129,0.000,0.038,0.144,0.000,6.263,0.038,6.141,0.084,8120,15600,,1.00,1,0,4112x2570,P,1
1616,16.833,2.442,0.690,0.129,0.000,0.039,0.197,0.000,6.262,0.040,6.138,0.085,8120,15600,,1.00,1,0,4112x2570,P,1
1617,16.394,2.434,0.693,0.117,0.000,0.039,0.135,0.000,6.271,0.043,6.144,0.084,8120,15600,,1.00,1,0,4112x2570,P,1
1618,16.844,2.321,0.716,0.123,0.000,0.042,0.154,0.000,6.265,0.041,6.140,0.085,8120,15600,,1.00,1,0,4112x2570,P,1
1619,16.462,2.457,0.690,0.121,0.000,0.039,0.141,0.000,6.267,0.038,6.145,0.084,8120,15600,,1.00,1,0,4112x2570,P,1
1620,16.187,2.301,0.708,0.140,0.000,0.044,0.146,0.000,6.270,0.042,6.143,0.085,8120,15600,tshadow_off,1.00,1,0,4112x2570,N,2
1621,16.267,2.438,0.796,0.162,0.000,0.046,0.119,0.000,3.061,0.038,2.937,0.087,8120,15600,,1.00,1,0,4112x2570,N,2
1622,17.053,1.969,0.702,0.139,0.077,0.045,0.144,0.000,3.065,0.043,2.936,0.085,8120,15600,,1.00,1,0,4112x2570,N,2
1623,16.464,2.476,0.718,0.141,0.000,0.045,0.122,0.000,3.067,0.041,2.940,0.087,8120,15600,,1.00,1,0,4112x2570,N,2
1624,16.005,2.664,0.752,0.173,0.000,0.049,0.057,0.000,3.056,0.040,2.932,0.083,8120,15600,,1.00,1,0,4112x2570,N,2
1625,16.694,0.880,0.309,0.074,0.000,0.020,0.055,0.000,3.065,0.037,2.942,0.086,8120,15600,,1.00,1,0,4112x2570,N,2
1626,16.540,1.021,0.343,0.071,0.000,0.019,0.047,0.000,3.056,0.039,2.932,0.084,8120,15600,,1.00,1,0,4112x2570,N,2
1627,16.645,0.865,0.310,0.068,0.000,0.017,0.044,0.000,3.058,0.039,2.934,0.085,8120,15600,,1.00,1,0,4112x2570,N,2
1628,16.754,0.769,0.302,0.061,0.000,0.015,0.060,0.000,3.057,0.041,2.932,0.083,8120,15600,,1.00,1,0,4112x2570,N,2
1629,16.497,1.104,0.351,0.075,0.000,0.022,0.053,0.000,3.062,0.043,2.936,0.083,8120,15600,,1.00,1,0,4112x2570,N,2
1630,16.666,0.933,0.344,0.046,0.000,0.015,0.048,0.000,3.064,0.041,2.939,0.085,8120,15600,,1.00,1,0,4112x2570,N,2
1631,16.465,1.186,0.349,0.057,0.000,0.017,0.114,0.000,3.063,0.042,2.934,0.086,8120,15600,,1.00,1,0,4112x2570,N,2
1632,16.630,1.131,0.369,0.051,0.000,0.016,0.059,0.000,3.072,0.042,2.944,0.085,8120,15600,,1.00,1,0,4112x2570,N,2
1633,16.600,0.859,0.330,0.051,0.000,0.018,0.043,0.000,3.061,0.042,2.934,0.084,8120,15600,,1.00,1,0,4112x2570,N,2
1634,16.714,0.824,0.328,0.052,0.000,0.014,0.049,0.000,3.062,0.041,2.935,0.085,8120,15600,,1.00,1,0,4112x2570,N,2
1635,16.598,0.932,0.337,0.051,0.000,0.015,0.040,0.000,3.069,0.042,2.941,0.086,8120,15600,,1.00,1,0,4112x2570,N,2
1636,16.688,0.858,0.341,0.045,0.000,0.013,0.063,0.000,3.059,0.041,2.933,0.086,8120,15600,,1.00,1,0,4112x2570,N,2
1637,16.644,0.870,0.340,0.044,0.000,0.014,0.049,0.000,3.070,0.043,2.941,0.086,8120,15600,,1.00,1,0,4112x2570,N,2
1638,16.721,0.836,0.306,0.040,0.000,0.012,0.065,0.000,3.068,0.041,2.943,0.085,8120,15600,,1.00,1,0,4112x2570,N,2
1639,17.136,0.840,0.343,0.040,0.000,0.012,0.099,0.000,3.063,0.042,2.936,0.085,8120,15600,,1.00,1,0,4112x2570,N,2
1640,16.718,1.868,0.558,0.095,0.000,0.031,0.132,0.000,3.061,0.041,2.936,0.084,8120,15600,,1.00,1,0,4112x2570,N,2
1641,16.682,1.978,0.713,0.126,0.000,0.040,0.128,0.000,3.059,0.042,2.931,0.086,8120,15600,,1.00,1,0,4112x2570,N,2
1642,16.691,2.590,0.674,0.139,0.000,0.043,0.133,0.000,3.059,0.042,2.931,0.086,8120,15600,,1.00,1,0,4112x2570,N,2
1643,16.592,2.263,0.719,0.122,0.000,0.038,0.110,0.000,3.063,0.041,2.935,0.087,8120,15600,,1.00,1,0,4112x2570,N,2
1644,16.285,2.268,0.624,0.121,0.000,0.040,0.090,0.000,3.058,0.041,2.932,0.085,8120,15600,,1.00,1,0,4112x2570,N,2
1645,16.445,1.251,0.425,0.086,0.000,0.025,0.076,0.000,3.058,0.042,2.931,0.085,8120,15600,,1.00,1,0,4112x2570,N,2
1646,16.645,0.943,0.339,0.077,0.000,0.027,0.058,0.000,3.068,0.037,2.946,0.084,8120,15600,,1.00,1,0,4112x2570,N,2
1647,16.504,1.082,0.328,0.069,0.000,0.025,0.050,0.000,3.067,0.043,2.937,0.086,8120,15600,,1.00,1,0,4112x2570,N,2
1648,16.809,0.822,0.302,0.064,0.000,0.018,0.059,0.000,3.067,0.043,2.939,0.086,8120,15600,,1.00,1,0,4112x2570,N,2
1649,16.529,1.078,0.330,0.075,0.000,0.022,0.048,0.000,3.060,0.040,2.936,0.084,8120,15600,,1.00,1,0,4112x2570,N,2
1650,16.754,0.966,0.325,0.051,0.000,0.015,0.059,0.000,3.065,0.041,2.939,0.085,8120,15600,,1.00,1,0,4112x2570,N,2
1651,16.586,0.817,0.310,0.063,0.000,0.019,0.046,0.000,3.062,0.042,2.936,0.084,8120,15600,,1.00,1,0,4112x2570,N,2
1652,16.676,0.739,0.314,0.057,0.000,0.018,0.058,0.000,3.058,0.038,2.934,0.086,8120,15600,,1.00,1,0,4112x2570,N,2
1653,16.571,0.931,0.350,0.065,0.000,0.020,0.058,0.000,3.065,0.043,2.938,0.085,8120,15600,,1.00,1,0,4112x2570,N,2
1654,16.714,0.786,0.301,0.052,0.000,0.015,0.055,0.000,3.067,0.042,2.939,0.086,8120,15600,,1.00,1,0,4112x2570,N,2
1655,16.745,0.764,0.290,0.054,0.000,0.015,0.051,0.000,3.058,0.041,2.930,0.086,8120,15600,,1.00,1,0,4112x2570,N,2
1656,16.648,0.887,0.353,0.072,0.000,0.020,0.070,0.000,3.060,0.041,2.935,0.084,8120,15600,,1.00,1,0,4112x2570,N,2
1657,16.565,1.140,0.357,0.071,0.000,0.020,0.061,0.000,3.058,0.041,2.932,0.086,8120,15600,,1.00,1,0,4112x2570,N,2
1658,16.630,1.145,0.341,0.046,0.000,0.015,0.049,0.000,3.061,0.042,2.934,0.085,8120,15600,,1.00,1,0,4112x2570,N,2
1659,16.764,0.924,0.331,0.053,0.000,0.013,0.053,0.000,3.061,0.041,2.937,0.083,8120,15600,,1.00,1,0,4112x2570,N,2
1660,16.527,0.965,0.350,0.055,0.000,0.017,0.045,0.000,3.064,0.042,2.937,0.084,8120,15600,,1.00,1,0,4112x2570,N,2
1661,16.641,0.850,0.325,0.043,0.000,0.014,0.038,0.000,3.067,0.043,2.938,0.086,8120,15600,,1.00,1,0,4112x2570,N,2
1662,16.760,0.830,0.354,0.047,0.000,0.014,0.061,0.000,3.065,0.038,2.942,0.085,8120,15600,,1.00,1,0,4112x2570,N,2
1663,16.576,1.100,0.347,0.057,0.000,0.020,0.043,0.000,3.063,0.042,2.936,0.085,8120,15600,,1.00,1,0,4112x2570,N,2
1664,16.623,0.802,0.332,0.041,0.000,0.013,0.044,0.000,3.071,0.042,2.944,0.085,8120,15600,,1.00,1,0,4112x2570,N,2
1665,16.674,0.786,0.378,0.044,0.000,0.014,0.041,0.000,3.062,0.041,2.935,0.086,8120,15600,,1.00,1,0,4112x2570,N,2
1666,16.666,0.773,0.356,0.046,0.000,0.013,0.039,0.000,3.060,0.038,2.938,0.084,8120,15600,,1.00,1,0,4112x2570,N,2
1667,16.614,0.758,0.371,0.042,0.000,0.013,0.041,0.000,3.064,0.038,2.941,0.085,8120,15600,,1.00,1,0,4112x2570,N,2
1668,17.262,0.789,0.335,0.040,0.000,0.011,0.104,0.000,3.071,0.043,2.941,0.087,8120,15600,,1.00,1,0,4112x2570,N,2
1669,16.869,1.969,0.635,0.102,0.000,0.035,0.178,0.000,3.061,0.040,2.936,0.085,8120,15600,,1.00,1,0,4112x2570,N,2
1670,16.736,2.642,0.652,0.149,0.000,0.044,0.180,0.000,3.062,0.041,2.935,0.086,8120,15600,,1.00,1,0,4112x2570,N,2
1671,16.350,2.305,0.708,0.123,0.000,0.041,0.130,0.000,3.064,0.039,2.939,0.086,8120,15600,,1.00,1,0,4112x2570,N,2
1672,16.771,2.605,0.695,0.175,0.000,0.043,0.159,0.000,3.061,0.042,2.932,0.087,8120,15600,,1.00,1,0,4112x2570,N,2
1673,16.551,2.323,0.804,0.122,0.000,0.047,0.116,0.000,3.061,0.040,2.934,0.086,8120,15600,,1.00,1,0,4112x2570,N,2
1674,16.775,2.657,0.701,0.177,0.000,0.043,0.203,0.000,3.064,0.041,2.938,0.085,8120,15600,,1.00,1,0,4112x2570,N,2
1675,16.801,2.654,0.674,0.155,0.000,0.067,0.188,0.000,3.054,0.037,2.933,0.084,8120,15600,,1.00,1,0,4112x2570,N,2
1676,16.120,2.639,0.665,0.181,0.000,0.041,0.134,0.000,3.062,0.038,2.939,0.085,8120,15600,,1.00,1,0,4112x2570,N,2
1677,16.327,0.795,0.363,0.066,0.000,0.021,0.155,0.000,3.065,0.042,2.937,0.086,8120,15600,,1.00,1,0,4112x2570,N,2
1678,16.534,0.859,0.305,0.056,0.000,0.015,0.049,0.000,3.059,0.041,2.934,0.084,8120,15600,,1.00,1,0,4112x2570,N,2
1679,16.585,0.956,0.302,0.057,0.000,0.017,0.049,0.000,3.063,0.042,2.936,0.084,8120,15600,,1.00,1,0,4112x2570,N,2
1680,16.880,0.820,0.306,0.057,0.000,0.016,0.076,0.000,3.066,0.042,2.938,0.087,8120,15600,,1.00,1,0,4112x2570,N,2
1681,16.444,1.087,0.347,0.072,0.000,0.022,0.048,0.000,3.057,0.041,2.932,0.084,8120,15600,,1.00,1,0,4112x2570,N,2
1682,16.678,1.074,0.341,0.062,0.000,0.017,0.073,0.000,3.062,0.042,2.934,0.085,8120,15600,,1.00,1,0,4112x2570,N,2
1683,16.629,0.964,0.380,0.063,0.000,0.020,0.047,0.000,3.062,0.041,2.937,0.084,8120,15600,,1.00,1,0,4112x2570,N,2
1684,16.649,0.884,0.348,0.059,0.000,0.017,0.046,0.000,3.059,0.042,2.933,0.084,8120,15600,,1.00,1,0,4112x2570,N,2
1685,16.741,0.809,0.339,0.047,0.000,0.015,0.058,0.000,3.063,0.042,2.935,0.085,8120,15600,,1.00,1,0,4112x2570,N,2
1686,16.609,1.055,0.336,0.060,0.000,0.024,0.069,0.000,3.068,0.043,2.939,0.086,8120,15600,,1.00,1,0,4112x2570,N,2
1687,16.911,1.062,0.331,0.051,0.000,0.018,0.076,0.000,3.066,0.043,2.938,0.085,8120,15600,,1.00,1,0,4112x2570,N,2
1688,16.521,1.013,0.360,0.078,0.000,0.023,0.061,0.000,3.062,0.039,2.938,0.085,8120,15600,,1.00,1,0,4112x2570,N,2
1689,16.485,1.067,0.356,0.078,0.000,0.021,0.056,0.000,3.060,0.042,2.933,0.085,8120,15600,,1.00,1,0,4112x2570,N,2
1690,16.644,0.865,0.369,0.053,0.000,0.016,0.051,0.000,3.062,0.042,2.934,0.086,8120,15600,,1.00,1,0,4112x2570,N,2
1691,16.784,0.799,0.337,0.052,0.000,0.016,0.070,0.000,3.056,0.041,2.930,0.085,8120,15600,,1.00,1,0,4112x2570,N,2
1692,16.704,1.085,0.333,0.075,0.000,0.022,0.060,0.000,3.067,0.041,2.941,0.085,8120,15600,,1.00,1,0,4112x2570,N,2
1693,16.982,1.013,0.316,0.074,0.000,0.021,0.146,0.000,3.066,0.042,2.939,0.085,8120,15600,,1.00,1,0,4112x2570,N,2
1694,16.607,1.858,0.637,0.117,0.000,0.042,0.115,0.000,3.060,0.040,2.937,0.084,8120,15600,,1.00,1,0,4112x2570,N,2
1695,16.673,1.996,0.590,0.114,0.000,0.034,0.117,0.000,3.059,0.041,2.933,0.086,8120,15600,,1.00,1,0,4112x2570,N,2
1696,16.948,2.462,0.721,0.126,0.000,0.042,0.169,0.000,3.064,0.042,2.936,0.086,8120,15600,,1.00,1,0,4112x2570,N,2
1697,16.421,2.368,0.656,0.125,0.000,0.035,0.150,0.000,3.060,0.041,2.934,0.085,8120,15600,,1.00,1,0,4112x2570,N,2
1698,16.714,1.955,0.591,0.126,0.000,0.035,0.147,0.000,3.063,0.041,2.936,0.086,8120,15600,,1.00,1,0,4112x2570,N,2
1699,16.399,2.496,0.683,0.128,0.000,0.042,0.119,0.000,3.058,0.041,2.933,0.085,8120,15600,,1.00,1,0,4112x2570,N,2
1700,16.371,1.872,0.562,0.119,0.000,0.037,0.071,0.000,3.062,0.042,2.934,0.086,8120,15600,,1.00,1,0,4112x2570,N,2
1701,16.544,1.139,0.358,0.091,0.000,0.025,0.057,0.000,3.073,0.042,2.947,0.084,8120,15600,,1.00,1,0,4112x2570,N,2
1702,16.630,1.110,0.368,0.072,0.000,0.022,0.051,0.000,3.065,0.041,2.938,0.085,8120,15600,,1.00,1,0,4112x2570,N,2
1703,8.174,1.058,0.334,0.068,0.000,0.017,0.046,0.000,3.064,0.042,2.938,0.083,8120,15600,,1.00,1,0,4112x2570,N,2
1704,25.428,0.000,0.336,0.047,0.000,0.014,0.097,0.000,3.067,0.042,2.942,0.083,8120,15600,,1.00,1,0,4112x2570,N,2
1705,16.400,3.285,0.767,0.082,0.000,0.059,0.070,0.000,3.057,0.038,2.934,0.084,8120,15600,,1.00,1,0,4112x2570,N,2
1706,16.556,0.994,0.323,0.081,0.000,0.025,0.056,0.000,3.061,0.042,2.934,0.085,8120,15600,,1.00,1,0,4112x2570,N,2
1707,16.683,0.910,0.374,0.068,0.000,0.022,0.069,0.000,3.059,0.042,2.933,0.084,8120,15600,,1.00,1,0,4112x2570,N,2
1708,16.550,1.106,0.333,0.074,0.000,0.023,0.049,0.000,3.062,0.042,2.935,0.085,8120,15600,,1.00,1,0,4112x2570,N,2
1709,16.676,1.073,0.328,0.064,0.000,0.018,0.058,0.000,3.066,0.041,2.938,0.086,8120,15600,,1.00,1,0,4112x2570,N,2
1710,16.632,1.107,0.330,0.061,0.000,0.018,0.065,0.000,3.059,0.042,2.933,0.084,8120,15600,,1.00,1,0,4112x2570,N,2
1711,16.677,0.975,0.323,0.058,0.000,0.017,0.063,0.000,3.056,0.038,2.934,0.085,8120,15600,,1.00,1,0,4112x2570,N,2
1712,16.659,0.898,0.316,0.058,0.000,0.018,0.066,0.000,3.058,0.043,2.929,0.086,8120,15600,,1.00,1,0,4112x2570,N,2
1713,16.725,0.911,0.311,0.060,0.000,0.018,0.072,0.000,3.065,0.042,2.937,0.086,8120,15600,,1.00,1,0,4112x2570,N,2
1714,16.664,0.788,0.305,0.062,0.000,0.017,0.070,0.000,3.071,0.041,2.945,0.084,8120,15600,,1.00,1,0,4112x2570,N,2
1715,16.691,0.750,0.309,0.067,0.000,0.018,0.127,0.000,3.059,0.042,2.931,0.085,8120,15600,,1.00,1,0,4112x2570,N,2
1716,16.681,1.148,0.375,0.092,0.000,0.025,0.099,0.000,3.061,0.041,2.935,0.084,8120,15600,,1.00,1,0,4112x2570,N,2
1717,16.604,1.029,0.315,0.074,0.000,0.024,0.065,0.000,3.061,0.041,2.935,0.086,8120,15600,,1.00,1,0,4112x2570,N,2
1718,16.749,1.027,0.365,0.070,0.000,0.020,0.070,0.000,3.061,0.042,2.934,0.084,8120,15600,,1.00,1,0,4112x2570,N,2
1719,16.521,1.128,0.355,0.079,0.000,0.021,0.059,0.000,3.063,0.040,2.937,0.086,8120,15600,,1.00,1,0,4112x2570,N,2
1720,16.682,1.108,0.389,0.067,0.000,0.020,0.066,0.000,3.061,0.041,2.936,0.084,8120,15600,,1.00,1,0,4112x2570,N,2
1721,16.593,0.913,0.327,0.061,0.000,0.020,0.059,0.000,3.056,0.043,2.929,0.085,8120,15600,,1.00,1,0,4112x2570,N,2
1722,16.573,1.029,0.357,0.059,0.000,0.019,0.050,0.000,3.062,0.042,2.936,0.084,8120,15600,,1.00,1,0,4112x2570,N,2
1723,16.736,0.863,0.361,0.054,0.000,0.018,0.060,0.000,3.063,0.041,2.933,0.089,8120,15600,,1.00,1,0,4112x2570,N,2
1724,16.523,1.105,0.391,0.067,0.000,0.021,0.041,0.000,3.070,0.042,2.941,0.086,8120,15600,,1.00,1,0,4112x2570,N,2
1725,16.717,0.827,0.337,0.047,0.000,0.016,0.056,0.000,3.062,0.042,2.934,0.086,8120,15600,,1.00,1,0,4112x2570,N,2
1726,16.662,1.085,0.345,0.059,0.000,0.018,0.050,0.000,3.068,0.041,2.942,0.085,8120,15600,,1.00,1,0,4112x2570,N,2
1727,16.620,0.826,0.330,0.056,0.000,0.018,0.059,0.000,3.059,0.041,2.934,0.083,8120,15600,,1.00,1,0,4112x2570,N,2
1728,16.722,0.915,0.348,0.058,0.000,0.014,0.054,0.000,3.058,0.042,2.930,0.086,8120,15600,,1.00,1,0,4112x2570,N,2
1729,16.562,0.956,0.309,0.053,0.000,0.018,0.048,0.000,3.064,0.042,2.936,0.086,8120,15600,,1.00,1,0,4112x2570,N,2
1730,16.802,0.721,0.296,0.044,0.000,0.014,0.058,0.000,3.060,0.041,2.935,0.084,8120,15600,,1.00,1,0,4112x2570,N,2
1731,16.546,1.012,0.311,0.058,0.000,0.018,0.048,0.000,3.060,0.041,2.934,0.085,8120,15600,,1.00,1,0,4112x2570,N,2
1732,16.644,0.994,0.305,0.044,0.000,0.017,0.057,0.000,3.065,0.042,2.937,0.085,8120,15600,,1.00,1,0,4112x2570,N,2
1733,16.626,1.077,0.332,0.051,0.000,0.017,0.048,0.000,3.067,0.042,2.940,0.085,8120,15600,,1.00,1,0,4112x2570,N,2
1734,16.744,0.798,0.343,0.046,0.000,0.015,0.051,0.000,3.054,0.041,2.929,0.084,8120,15600,,1.00,1,0,4112x2570,N,2
1735,16.539,0.967,0.344,0.053,0.000,0.016,0.041,0.000,3.070,0.039,2.945,0.086,8120,15600,,1.00,1,0,4112x2570,N,2
1736,16.666,0.867,0.364,0.039,0.000,0.013,0.044,0.000,3.065,0.042,2.938,0.085,8120,15600,,1.00,1,0,4112x2570,N,2
1737,16.692,0.931,0.344,0.046,0.000,0.015,0.064,0.000,3.066,0.042,2.938,0.086,8120,15600,,1.00,1,0,4112x2570,N,2
1738,16.607,0.833,0.389,0.043,0.000,0.014,0.074,0.000,3.059,0.043,2.930,0.086,8120,15600,,1.00,1,0,4112x2570,N,2
1739,16.637,0.802,0.345,0.036,0.000,0.012,0.047,0.000,3.063,0.041,2.935,0.087,8120,15600,,1.00,1,0,4112x2570,N,2
1740,16.636,0.833,0.317,0.041,0.000,0.014,0.045,0.000,3.061,0.043,2.934,0.084,8120,15600,,1.00,1,0,4112x2570,N,2
1741,16.651,0.823,0.317,0.040,0.000,0.013,0.051,0.000,3.061,0.042,2.934,0.086,8120,15600,,1.00,1,0,4112x2570,N,2
1742,16.679,0.797,0.365,0.039,0.000,0.012,0.044,0.000,3.071,0.043,2.942,0.086,8120,15600,,1.00,1,0,4112x2570,N,2
1743,17.236,1.091,0.353,0.051,0.000,0.015,0.132,0.000,3.059,0.042,2.931,0.086,8120,15600,,1.00,1,0,4112x2570,N,2
1744,16.793,1.800,0.573,0.094,0.000,0.031,0.139,0.000,3.060,0.038,2.936,0.086,8120,15600,,1.00,1,0,4112x2570,N,2
1745,16.790,2.325,0.678,0.129,0.000,0.041,0.147,0.000,3.060,0.038,2.936,0.086,8120,15600,,1.00,1,0,4112x2570,N,2
1746,16.821,2.918,0.755,0.134,0.000,0.046,0.214,0.000,3.060,0.041,2.934,0.085,8120,15600,,1.00,1,0,4112x2570,N,2
1747,16.031,2.678,0.719,0.164,0.000,0.047,0.100,0.000,3.064,0.039,2.939,0.086,8120,15600,,1.00,1,0,4112x2570,N,2
1748,16.806,1.766,0.592,0.111,0.000,0.031,0.114,0.000,3.063,0.042,2.935,0.086,8120,15600,,1.00,1,0,4112x2570,N,2
1749,16.733,2.257,0.613,0.120,0.000,0.038,0.145,0.000,3.060,0.038,2.937,0.086,8120,15600,,1.00,1,0,4112x2570,N,2
1750,16.727,2.791,0.712,0.127,0.000,0.057,0.176,0.000,3.059,0.041,2.933,0.086,8120,15600,,1.00,1,0,4112x2570,N,2
1751,16.622,2.758,0.749,0.135,0.000,0.050,0.187,0.000,3.059,0.042,2.929,0.087,8120,15600,,1.00,1,0,4112x2570,N,2
1752,16.431,2.347,0.681,0.115,0.000,0.038,0.123,0.000,3.061,0.041,2.934,0.086,8120,15600,,1.00,1,0,4112x2570,N,2
1753,16.807,2.222,0.633,0.124,0.000,0.037,0.199,0.000,3.065,0.042,2.936,0.086,8120,15600,,1.00,1,0,4112x2570,N,2
1754,16.384,2.258,0.678,0.112,0.000,0.037,0.143,0.000,3.059,0.041,2.931,0.086,8120,15600,,1.00,1,0,4112x2570,N,2
1755,16.209,2.232,0.762,0.137,0.000,0.045,0.148,0.000,3.057,0.041,2.931,0.085,8120,15600,tshadow_sdf,1.00,1,0,4112x2570,S,0
1756,43.163,2.259,0.693,0.102,0.000,0.032,0.197,0.000,40.670,0.042,40.560,0.069,8120,15600,,1.00,1,0,4112x2570,S,0
1757,17.787,5.983,0.565,0.121,0.000,0.036,0.115,0.000,16.096,0.010,16.044,0.042,8120,15600,,1.00,1,0,4112x2570,S,0
1758,21.979,1.637,0.591,0.114,0.000,0.035,0.108,0.000,16.381,0.010,16.331,0.040,8120,15600,,1.00,1,0,4112x2570,S,0
1759,18.437,1.830,0.615,0.115,0.000,0.036,0.154,0.000,16.461,0.010,16.411,0.040,8120,15600,,1.00,1,0,4112x2570,S,0
1760,19.115,2.394,0.694,0.121,0.000,0.039,0.130,0.000,16.897,0.010,16.849,0.038,8120,15600,,1.00,1,0,4112x2570,S,0
1761,20.148,2.277,0.658,0.126,0.000,0.039,0.148,0.000,17.434,0.010,17.384,0.040,8120,15600,,1.00,1,0,4112x2570,S,0
1762,19.488,2.308,0.650,0.118,0.000,0.037,0.055,0.000,18.219,0.013,18.163,0.044,8120,15600,,1.00,1,0,4112x2570,S,0
1763,20.471,1.473,0.311,0.062,0.000,0.017,0.108,0.000,18.732,0.011,18.679,0.042,8120,15600,,1.00,1,0,4112x2570,S,0
1764,21.229,1.092,0.372,0.073,0.000,0.021,0.057,0.000,19.781,0.012,19.726,0.043,8120,15600,,1.00,1,0,4112x2570,S,0
1765,21.360,1.159,0.346,0.067,0.000,0.017,0.070,0.000,20.355,0.011,20.301,0.042,8120,15600,,1.00,1,0,4112x2570,S,0
1766,23.811,1.312,0.382,0.080,0.000,0.023,0.066,0.000,21.879,0.012,21.824,0.043,8120,15600,,1.00,1,0,4112x2570,S,0
1767,24.849,2.213,0.419,0.078,0.000,0.022,0.075,0.000,22.545,0.013,22.490,0.043,8120,15600,,1.00,1,0,4112x2570,S,0
1768,24.099,1.308,0.459,0.087,0.000,0.022,0.170,0.000,22.171,0.013,22.118,0.041,8120,15600,,1.00,1,0,4112x2570,S,0
1769,26.306,2.520,0.450,0.084,0.000,0.024,0.105,0.000,24.442,0.013,24.385,0.044,8120,15600,,1.00,1,0,4112x2570,S,0
1770,28.551,1.213,0.467,0.088,0.000,0.023,0.095,0.000,26.177,0.013,26.118,0.046,8120,15600,,1.00,1,0,4112x2570,S,0
1771,29.090,2.817,0.433,0.092,0.000,0.025,0.099,0.000,26.398,0.015,26.330,0.053,8120,15600,,1.00,1,0,4112x2570,S,0
1772,30.311,2.793,0.443,0.099,0.000,0.027,0.101,0.000,27.755,0.016,27.650,0.089,8120,15600,,1.00,1,0,4112x2570,S,0
1773,35.379,3.157,0.839,0.199,0.000,0.069,0.286,0.000,32.209,0.018,32.031,0.160,8120,15600,,1.00,1,0,4112x2570,S,0
1774,38.615,3.125,0.950,0.218,0.000,0.101,0.305,0.000,34.214,0.019,34.025,0.171,8120,15600,,1.00,1,0,4112x2570,S,0
1775,38.798,3.379,0.927,0.187,0.000,0.082,0.112,0.000,35.721,0.019,35.542,0.160,8120,15600,,1.00,1,0,4112x2570,S,0
1776,41.657,2.737,0.517,0.156,0.000,0.036,0.128,0.000,39.144,0.021,38.949,0.173,8120,15600,,1.00,1,0,4112x2570,S,0
1777,42.809,4.009,0.528,0.119,0.000,0.029,0.100,0.000,40.083,0.021,39.982,0.080,8120,15600,,1.00,1,0,4112x2570,S,0
1778,41.494,2.758,0.489,0.105,0.000,0.027,0.077,0.000,39.010,0.025,38.913,0.072,8120,15600,,1.00,1,0,4112x2570,S,0
1779,39.477,3.373,0.415,0.097,0.000,0.033,0.049,0.000,38.210,0.021,38.132,0.057,8120,15600,,1.00,1,0,4112x2570,S,0
1780,38.746,1.669,0.354,0.069,0.000,0.018,0.058,0.000,36.736,0.017,36.668,0.052,8120,15600,,1.00,1,0,4112x2570,S,0
1781,37.253,2.413,0.337,0.068,0.000,0.016,0.090,0.000,35.023,0.020,34.951,0.053,8120,15600,,1.00,1,0,4112x2570,S,0
1782,34.794,2.020,0.408,0.083,0.000,0.021,0.063,0.000,33.465,0.017,33.398,0.050,8120,15600,,1.00,1,0,4112x2570,S,0
1783,34.579,2.002,0.348,0.086,0.000,0.021,0.067,0.000,32.405,0.016,32.339,0.050,8120,15600,,1.00,1,0,4112x2570,S,0
1784,32.269,1.916,0.320,0.075,0.000,0.020,0.062,0.000,30.077,0.017,30.012,0.047,8120,15600,,1.00,1,0,4112x2570,S,0
1785,32.497,1.664,0.338,0.075,0.000,0.018,0.114,0.000,30.081,0.017,30.016,0.047,8120,15600,,1.00,1,0,4112x2570,S,0
1786,30.721,3.131,0.373,0.071,0.000,0.021,0.141,0.000,28.289,0.018,28.222,0.049,8120,15600,,1.00,1,0,4112x2570,S,0
1787,30.350,4.078,0.583,0.118,0.000,0.034,0.204,0.000,27.595,0.020,27.526,0.049,8120,15600,,1.00,1,0,4112x2570,S,0
1788,29.302,4.130,0.647,0.129,0.000,0.040,0.077,0.000,27.635,0.017,27.569,0.049,8120,15600,,1.00,1,0,4112x2570,S,0
1789,29.908,0.703,0.330,0.066,0.000,0.018,0.062,0.000,28.229,0.015,28.169,0.045,8120,15600,,1.00,1,0,4112x2570,S,0
1790,28.484,1.553,0.307,0.070,0.000,0.019,0.060,0.000,27.453,0.015,27.393,0.046,8120,15600,drag_start,1.00,1,1,4112x2570,S,0
1791,29.042,2.025,0.361,0.081,0.000,0.019,0.068,0.000,27.474,0.015,27.411,0.048,8120,15600,,1.00,1,1,4112x2570,S,0
1792,29.483,1.995,0.350,0.075,0.000,0.022,0.064,0.000,27.435,0.015,27.376,0.044,8120,15600,,1.00,1,1,4112x2570,S,0
1793,29.138,1.005,0.357,0.081,0.000,0.018,0.062,0.000,27.220,0.014,27.162,0.044,8120,15600,,1.00,1,1,4112x2570,S,0
1794,28.833,1.852,0.351,0.079,0.000,0.021,0.071,0.000,27.235,0.015,27.174,0.046,8120,15600,,1.00,1,1,4112x2570,S,0
1795,28.449,1.704,0.312,0.079,0.000,0.020,0.054,0.000,27.230,0.015,27.170,0.046,8120,15600,,1.00,1,1,4112x2570,S,0
1796,28.748,1.828,0.332,0.073,0.000,0.017,0.059,0.000,27.496,0.015,27.436,0.045,8120,15600,,1.00,1,1,4112x2570,S,0
1797,29.159,1.072,0.326,0.079,0.000,0.024,0.083,0.000,27.865,0.015,27.805,0.045,8120,15600,,1.00,1,1,4112x2570,S,0
1798,28.754,1.916,0.308,0.067,0.000,0.018,0.054,0.000,27.869,0.015,27.809,0.045,8120,15600,,1.00,1,1,4112x2570,S,0
1799,29.657,1.585,0.314,0.066,0.000,0.016,0.086,0.000,28.176,0.015,28.115,0.046,8120,15600,,1.00,1,1,4112x2570,S,0
1800,29.772,1.802,0.316,0.077,0.000,0.021,0.065,0.000,28.532,0.016,28.470,0.046,8120,15600,,1.00,1,1,4112x2570,S,0
1801,31.464,1.089,0.334,0.080,0.000,0.020,0.059,0.000,29.351,0.016,29.292,0.043,8120,15600,,1.00,1,1,4112x2570,S,0
1802,29.805,1.793,0.317,0.076,0.000,0.020,0.063,0.000,28.151,0.015,28.087,0.049,8120,15600,,1.00,1,1,4112x2570,S,0
1803,31.253,2.036,0.350,0.077,0.000,0.020,0.065,0.000,29.328,0.015,29.264,0.048,8120,15600,,1.00,1,1,4112x2570,S,0
1804,31.323,2.041,0.342,0.081,0.000,0.023,0.067,0.000,30.152,0.017,30.084,0.051,8120,15600,,1.00,1,1,4112x2570,S,0
1805,32.413,2.063,0.345,0.081,0.000,0.022,0.056,0.000,30.616,0.016,30.551,0.049,8120,15600,,1.00,1,1,4112x2570,S,0
1806,32.320,2.044,0.345,0.069,0.000,0.021,0.060,0.000,31.022,0.017,30.956,0.049,8120,15600,,1.00,1,1,4112x2570,S,0
1807,33.569,2.071,0.360,0.074,0.000,0.020,0.060,0.000,31.861,0.016,31.795,0.051,8120,15600,,1.00,1,1,4112x2570,S,0
1808,33.431,1.961,0.371,0.072,0.000,0.018,0.060,0.000,31.846,0.016,31.781,0.049,8120,15600,,1.00,1,1,4112x2570,S,0
1809,33.268,1.826,0.344,0.066,0.000,0.017,0.049,0.000,31.858,0.016,31.791,0.051,8120,15600,,1.00,1,1,4112x2570,S,0
1810,33.320,1.885,0.345,0.063,0.000,0.018,0.058,0.000,31.917,0.016,31.851,0.050,8120,15600,,1.00,1,1,4112x2570,S,0
1811,33.357,1.915,0.336,0.064,0.000,0.017,0.059,0.000,31.874,0.017,31.806,0.051,8120,15600,,1.00,1,1,4112x2570,S,0
1812,33.393,1.860,0.355,0.069,0.000,0.018,0.100,0.000,31.855,0.016,31.789,0.050,8120,15600,,1.00,1,1,4112x2570,S,0
1813,33.569,2.094,0.367,0.081,0.000,0.024,0.057,0.000,31.855,0.016,31.787,0.051,8120,15600,,1.00,1,1,4112x2570,S,0
1814,34.084,1.913,0.368,0.065,0.000,0.017,0.125,0.000,31.435,0.016,31.368,0.051,8120,15600,,1.00,1,1,4112x2570,S,0
1815,33.028,3.486,0.734,0.110,0.000,0.037,0.206,0.000,30.527,0.017,30.459,0.050,8120,15600,,1.00,1,1,4112x2570,S,0
1816,30.403,4.718,0.615,0.120,0.000,0.034,0.114,0.000,28.504,0.018,28.439,0.047,8120,15600,,1.00,1,1,4112x2570,S,0
1817,33.493,3.317,0.599,0.132,0.000,0.035,0.137,0.000,30.521,0.017,30.456,0.048,8120,15600,,1.00,1,1,4112x2570,S,0
1818,29.667,4.217,0.594,0.131,0.000,0.035,0.126,0.000,27.958,0.015,27.894,0.048,8120,15600,,1.00,1,1,4112x2570,S,0
1819,30.574,3.835,0.620,0.127,0.000,0.042,0.116,0.000,28.737,0.016,28.670,0.051,8120,15600,,1.00,1,1,4112x2570,S,0
1820,30.847,2.108,0.707,0.129,0.000,0.039,0.198,0.000,28.369,0.016,28.305,0.048,8120,15600,,1.00,1,1,4112x2570,S,0
1821,30.507,4.661,0.638,0.124,0.000,0.038,0.149,0.000,28.235,0.017,28.169,0.050,8120,15600,,1.00,1,1,4112x2570,S,0
1822,29.371,4.507,0.617,0.119,0.000,0.038,0.161,0.000,26.632,0.015,26.569,0.047,8120,15600,,1.00,1,1,4112x2570,S,0
1823,27.961,4.457,0.628,0.123,0.000,0.037,0.138,0.000,26.306,0.015,26.243,0.048,8120,15600,,1.00,1,1,4112x2570,S,0
1824,30.000,4.127,0.665,0.127,0.000,0.040,0.156,0.000,27.228,0.015,27.163,0.050,8120,15600,,1.00,1,1,4112x2570,S,0
1825,30.265,2.754,0.662,0.127,0.000,0.039,0.340,0.000,27.160,0.015,27.100,0.045,8120,15600,,1.00,1,1,4112x2570,S,0
1826,28.176,4.249,0.645,0.127,0.000,0.039,0.055,0.000,27.437,0.015,27.376,0.046,8120,15600,,1.00,1,1,4112x2570,S,0
1827,29.797,1.773,0.309,0.076,0.000,0.018,0.076,0.000,28.384,0.015,28.323,0.046,8120,15600,,1.00,1,1,4112x2570,S,0
1828,30.047,2.012,0.356,0.077,0.000,0.022,0.053,0.000,28.260,0.015,28.199,0.046,8120,15600,,1.00,1,1,4112x2570,S,0
1829,30.753,1.724,0.295,0.073,0.000,0.018,0.061,0.000,28.600,0.015,28.538,0.046,8120,15600,,1.00,1,1,4112x2570,S,0
1830,31.311,0.975,0.311,0.070,0.000,0.017,0.067,0.000,29.267,0.017,29.201,0.049,8120,15600,,1.00,1,1,4112x2570,S,0
1831,32.132,1.825,0.312,0.077,0.000,0.020,0.078,0.000,31.008,0.019,30.943,0.046,8120,15600,,1.00,1,1,4112x2570,S,0
1832,34.220,1.640,0.305,0.068,0.000,0.019,0.057,0.000,32.674,0.016,32.609,0.049,8120,15600,,1.00,1,1,4112x2570,S,0
1833,35.465,1.798,0.316,0.075,0.000,0.019,0.065,0.000,34.228,0.019,34.152,0.056,8120,15600,,1.00,1,1,4112x2570,S,0
1834,36.667,1.797,0.340,0.071,0.000,0.019,0.062,0.000,35.562,0.020,35.487,0.054,8120,15600,,1.00,1,1,4112x2570,S,0
1835,38.685,2.604,0.336,0.072,0.000,0.020,0.060,0.000,37.398,0.020,37.333,0.045,8120,15600,,1.00,1,1,4112x2570,S,0
1836,39.860,1.607,0.320,0.065,0.000,0.018,0.073,0.000,38.364,0.017,38.296,0.051,8120,15600,,1.00,1,1,4112x2570,S,0
1837,41.339,1.965,0.349,0.070,0.000,0.020,0.053,0.000,39.667,0.020,39.593,0.054,8120,15600,,1.00,1,1,4112x2570,S,0
1838,39.800,2.662,0.332,0.067,0.000,0.016,0.060,0.000,38.295,0.020,38.223,0.052,8120,15600,,1.00,1,1,4112x2570,S,0
1839,40.229,1.962,0.351,0.075,0.000,0.020,0.058,0.000,39.010,0.020,38.935,0.056,8120,15600,,1.00,1,1,4112x2570,S,0
1840,39.891,2.793,0.367,0.070,0.000,0.019,0.070,0.000,38.292,0.020,38.220,0.052,8120,15600,,1.00,1,1,4112x2570,S,0
1841,38.952,1.819,0.374,0.069,0.000,0.019,0.068,0.000,36.926,0.016,36.857,0.052,8120,15600,,1.00,1,1,4112x2570,S,0
1842,37.961,1.994,0.323,0.080,0.000,0.021,0.064,0.000,36.083,0.020,36.010,0.053,8120,15600,,1.00,1,1,4112x2570,S,0
1843,36.433,2.709,0.359,0.069,0.000,0.022,0.061,0.000,34.558,0.017,34.493,0.048,8120,15600,,1.00,1,1,4112x2570,S,0
1844,34.481,1.843,0.342,0.062,0.000,0.018,0.055,0.000,33.505,0.016,33.440,0.048,8120,15600,,1.00,1,1,4112x2570,S,0
1845,34.257,1.647,0.328,0.058,0.000,0.015,0.063,0.000,33.018,0.016,32.954,0.049,8120,15600,,1.00,1,1,4112x2570,S,0
1846,33.214,1.934,0.368,0.082,0.000,0.023,0.087,0.000,31.904,0.016,31.840,0.047,8120,15600,,1.00,1,1,4112x2570,S,0
1847,33.194,1.786,0.340,0.063,0.000,0.017,0.060,0.000,31.474,0.016,31.411,0.047,8120,15600,,1.00,1,1,4112x2570,S,0
1848,32.502,2.039,0.360,0.071,0.000,0.016,0.113,0.000,30.991,0.017,30.926,0.048,8120,15600,downscale,0.50,1,1,2056x1285,S,0
1849,12.447,1.508,0.308,0.059,0.000,0.017,0.052,0.000,8.197,0.015,8.134,0.048,8120,15600,,0.50,1,1,2056x1285,S,0
1850,31.832,0.961,0.333,0.069,0.000,0.018,0.048,0.000,7.249,0.015,7.212,0.022,8120,15600,,0.50,1,1,2056x1285,S,0
1851,8.217,1.785,0.331,0.063,0.000,0.018,0.070,0.000,6.306,0.016,6.271,0.019,8120,15600,,0.50,1,1,2056x1285,S,0
1852,24.998,0.000,0.375,0.063,0.000,0.018,0.043,0.000,8.164,0.016,8.129,0.019,8120,15600,,0.50,1,1,2056x1285,S,0
1853,16.646,1.664,0.333,0.059,0.000,0.016,0.050,0.000,6.217,0.014,6.183,0.021,8120,15600,,0.50,1,1,2056x1285,S,0
1854,16.600,0.935,0.358,0.057,0.000,0.018,0.059,0.000,6.919,0.016,6.884,0.019,8120,15600,,0.50,1,1,2056x1285,S,0
1855,16.753,0.791,0.348,0.053,0.000,0.015,0.080,0.000,6.226,0.014,6.193,0.020,8120,15600,,0.50,1,1,2056x1285,S,0
1856,16.654,0.844,0.306,0.069,0.000,0.020,0.059,0.000,6.228,0.013,6.195,0.020,8120,15600,,0.50,1,1,2056x1285,S,0
1857,16.666,0.758,0.294,0.054,0.000,0.017,0.070,0.000,6.221,0.014,6.188,0.020,8120,15600,,0.50,1,1,2056x1285,S,0
1858,16.490,0.783,0.325,0.054,0.000,0.015,0.046,0.000,5.531,0.013,5.499,0.020,8120,15600,,0.50,1,1,2056x1285,S,0
1859,16.655,0.737,0.286,0.052,0.000,0.015,0.065,0.000,5.568,0.013,5.537,0.018,8120,15600,,0.50,1,1,2056x1285,S,0
1860,16.422,1.119,0.343,0.065,0.000,0.020,0.047,0.000,5.540,0.012,5.510,0.018,8120,15600,,0.50,1,1,2056x1285,S,0
1861,16.746,0.843,0.313,0.050,0.000,0.014,0.070,0.000,5.202,0.012,5.171,0.019,8120,15600,,0.50,1,1,2056x1285,S,0
1862,16.508,1.006,0.309,0.078,0.000,0.024,0.074,0.000,5.026,0.012,4.995,0.019,8120,15600,,0.50,1,1,2056x1285,S,0
1863,16.343,1.133,0.318,0.075,0.000,0.022,0.076,0.000,4.999,0.012,4.969,0.018,8120,15600,,0.50,1,1,2056x1285,S,0
1864,16.480,1.056,0.329,0.069,0.000,0.022,0.066,0.000,5.023,0.012,4.994,0.017,8120,15600,,0.50,1,1,2056x1285,S,0
1865,16.442,1.088,0.335,0.067,0.000,0.022,0.052,0.000,4.764,0.012,4.734,0.017,8120,15600,,0.50,1,1,2056x1285,S,0
1866,16.526,1.090,0.321,0.064,0.000,0.019,0.050,0.000,4.769,0.011,4.741,0.017,8120,15600,,0.50,1,1,2056x1285,S,0
1867,16.621,0.840,0.311,0.060,0.000,0.019,0.059,0.000,4.708,0.011,4.680,0.017,8120,15600,,0.50,1,1,2056x1285,S,0
1868,16.502,0.965,0.323,0.066,0.000,0.018,0.059,0.000,4.492,0.011,4.465,0.016,8120,15600,,0.50,1,1,2056x1285,S,0
1869,16.510,1.017,0.315,0.064,0.000,0.020,0.088,0.000,4.484,0.011,4.457,0.016,8120,15600,,0.50,1,1,2056x1285,S,0
1870,16.556,0.977,0.362,0.062,0.000,0.019,0.055,0.000,4.477,0.011,4.450,0.017,8120,15600,,0.50,1,1,2056x1285,S,0
1871,16.415,0.943,0.347,0.062,0.000,0.019,0.054,0.000,4.420,0.011,4.391,0.017,8120,15600,,0.50,1,1,2056x1285,S,0
1872,16.587,0.781,0.318,0.061,0.000,0.015,0.057,0.000,4.369,0.011,4.342,0.017,8120,15600,,0.50,1,1,2056x1285,S,0
1873,16.566,0.848,0.343,0.051,0.000,0.016,0.047,0.000,4.180,0.010,4.153,0.016,8120,15600,,0.50,1,1,2056x1285,S,0
1874,16.601,1.176,0.351,0.057,0.000,0.018,0.061,0.000,4.175,0.011,4.148,0.016,8120,15600,,0.50,1,1,2056x1285,S,0
1875,16.573,0.971,0.342,0.053,0.000,0.017,0.066,0.000,4.180,0.010,4.153,0.017,8120,15600,,0.50,1,1,2056x1285,S,0
1876,16.564,0.876,0.328,0.047,0.000,0.019,0.070,0.000,4.160,0.010,4.134,0.016,8120,15600,,0.50,1,1,2056x1285,S,0
1877,16.461,0.980,0.365,0.073,0.000,0.021,0.051,0.000,4.167,0.011,4.141,0.015,8120,15600,,0.50,1,1,2056x1285,S,0
1878,16.566,0.899,0.337,0.055,0.000,0.016,0.054,0.000,4.175,0.011,4.148,0.016,8120,15600,,0.50,1,1,2056x1285,S,0
1879,16.540,1.034,0.349,0.050,0.000,0.018,0.046,0.000,4.168,0.011,4.140,0.016,8120,15600,,0.50,1,1,2056x1285,S,0
1880,16.564,0.973,0.371,0.046,0.000,0.016,0.048,0.000,4.176,0.011,4.149,0.016,8120,15600,,0.50,1,1,2056x1285,S,0
1881,16.524,1.048,0.355,0.054,0.000,0.017,0.062,0.000,4.172,0.011,4.146,0.015,8120,15600,,0.50,1,1,2056x1285,S,0
1882,16.561,0.936,0.338,0.046,0.000,0.017,0.061,0.000,4.168,0.010,4.142,0.016,8120,15600,,0.50,1,1,2056x1285,S,0
1883,16.550,0.905,0.340,0.047,0.000,0.015,0.057,0.000,4.164,0.011,4.138,0.016,8120,15600,,0.50,1,1,2056x1285,S,0
1884,16.620,0.993,0.342,0.044,0.000,0.014,0.049,0.000,4.419,0.011,4.392,0.016,8120,15600,,0.50,1,1,2056x1285,S,0
1885,16.644,1.123,0.356,0.056,0.000,0.017,0.052,0.000,4.486,0.012,4.458,0.016,8120,15600,,0.50,1,1,2056x1285,S,0
1886,16.656,0.883,0.329,0.047,0.000,0.014,0.052,0.000,4.467,0.011,4.439,0.017,8120,15600,,0.50,1,1,2056x1285,S,0
1887,17.006,0.953,0.350,0.047,0.000,0.014,0.145,0.000,4.768,0.011,4.741,0.016,8120,15600,,0.50,1,1,2056x1285,S,0
1888,16.773,1.750,0.575,0.095,0.000,0.033,0.098,0.000,4.761,0.011,4.734,0.016,8120,15600,,0.50,1,1,2056x1285,S,0
1889,16.570,1.742,0.633,0.100,0.000,0.033,0.107,0.000,5.001,0.012,4.972,0.018,8120,15600,,0.50,1,1,2056x1285,S,0
1890,16.892,1.934,0.601,0.104,0.000,0.031,0.137,0.000,5.020,0.012,4.991,0.018,8120,15600,,0.50,1,1,2056x1285,S,0
1891,16.776,2.807,0.742,0.122,0.000,0.040,0.175,0.000,5.179,0.012,5.150,0.016,8120,15600,,0.50,1,1,2056x1285,S,0
1892,16.601,2.744,0.673,0.116,0.000,0.042,0.201,0.000,5.546,0.012,5.516,0.017,8120,15600,,0.50,1,1,2056x1285,S,0
1893,16.574,2.942,0.692,0.123,0.000,0.038,0.174,0.000,5.551,0.013,5.520,0.018,8120,15600,,0.50,1,1,2056x1285,S,0
1894,16.792,2.614,0.654,0.142,0.000,0.037,0.179,0.000,6.224,0.014,6.192,0.018,8120,15600,,0.50,1,1,2056x1285,S,0
1895,16.304,2.353,0.631,0.114,0.000,0.035,0.113,0.000,6.217,0.013,6.185,0.019,8120,15600,,0.50,1,1,2056x1285,S,0
1896,16.834,2.000,0.733,0.111,0.000,0.040,0.137,0.000,6.866,0.016,6.832,0.019,8120,15600,,0.50,1,1,2056x1285,S,0
1897,16.586,2.421,0.692,0.123,0.000,0.039,0.126,0.000,7.228,0.015,7.189,0.023,8120,15600,,0.50,1,1,2056x1285,S,0
1898,16.607,2.309,0.668,0.126,0.000,0.041,0.160,0.000,8.336,0.017,8.296,0.023,8120,15600,,0.50,1,1,2056x1285,S,0
1899,16.547,2.382,0.650,0.123,0.000,0.036,0.140,0.000,8.657,0.017,8.612,0.028,8120,15600,,0.50,1,1,2056x1285,S,0
1900,16.639,2.255,0.682,0.113,0.000,0.033,0.126,0.000,9.963,0.022,9.912,0.029,8120,15600,,0.50,1,1,2056x1285,S,0
1901,16.124,2.130,0.658,0.136,0.000,0.036,0.192,0.000,12.977,0.022,12.926,0.029,8120,15600,drag_snap;upscale,1.00,1,0,4112x2570,S,0
1902,60.710,2.491,0.734,0.130,0.000,0.039,0.196,0.000,50.216,0.021,50.145,0.050,8120,15600,,1.00,1,0,4112x2570,S,0
1903,38.075,6.718,0.592,0.124,0.000,0.035,0.137,0.000,35.497,0.021,35.428,0.049,8120,15600,,1.00,1,0,4112x2570,S,0
1904,32.425,4.238,0.364,0.071,0.000,0.023,0.087,0.000,30.437,0.017,30.372,0.047,8120,15600,,1.00,1,0,4112x2570,S,0
1905,27.566,1.803,0.321,0.070,0.000,0.019,0.067,0.000,26.380,0.015,26.320,0.045,8120,15600,,1.00,1,0,4112x2570,S,0
1906,24.563,0.962,0.311,0.079,0.000,0.019,0.080,0.000,23.043,0.013,22.986,0.044,8120,15600,,1.00,1,0,4112x2570,S,0
1907,23.315,2.034,0.363,0.075,0.000,0.020,0.066,0.000,21.341,0.012,21.287,0.043,8120,15600,,1.00,1,0,4112x2570,S,0
1908,22.249,0.903,0.346,0.064,0.000,0.018,0.074,0.000,20.174,0.011,20.124,0.040,8120,15600,,1.00,1,0,4112x2570,S,0
1909,21.122,0.911,0.340,0.067,0.000,0.017,0.081,0.000,19.360,0.013,19.301,0.046,8120,15600,,1.00,1,0,4112x2570,S,0
1910,21.095,2.073,0.402,0.079,0.000,0.023,0.057,0.000,19.499,0.011,19.445,0.043,8120,15600,,1.00,1,0,4112x2570,S,0
1911,21.221,0.971,0.381,0.075,0.000,0.020,0.060,0.000,19.724,0.011,19.673,0.040,8120,15600,,1.00,1,0,4112x2570,S,0
1912,22.266,0.997,0.342,0.078,0.000,0.021,0.053,0.000,20.092,0.012,20.036,0.044,8120,15600,,1.00,1,0,4112x2570,S,0
1913,20.845,1.873,0.365,0.070,0.000,0.018,0.056,0.000,19.347,0.011,19.294,0.042,8120,15600,,1.00,1,0,4112x2570,S,0
1914,22.009,0.785,0.302,0.063,0.000,0.016,0.054,0.000,19.923,0.011,19.870,0.043,8120,15600,,1.00,1,0,4112x2570,S,0
1915,22.302,1.012,0.324,0.073,0.000,0.020,0.063,0.000,20.405,0.012,20.348,0.045,8120,15600,,1.00,1,0,4112x2570,S,0
1916,22.307,1.084,0.312,0.075,0.000,0.018,0.079,0.000,20.689,0.012,20.633,0.044,8120,15600,,1.00,1,0,4112x2570,S,0
1917,21.906,1.819,0.341,0.064,0.000,0.017,0.052,0.000,20.623,0.012,20.571,0.040,8120,15600,,1.00,1,0,4112x2570,S,0
1918,23.229,0.905,0.292,0.070,0.000,0.017,0.049,0.000,21.323,0.012,21.271,0.040,8120,15600,,1.00,1,0,4112x2570,S,0
1919,23.031,1.813,0.332,0.064,0.000,0.017,0.075,0.000,21.666,0.012,21.611,0.043,8120,15600,,1.00,1,0,4112x2570,S,0
1920,23.282,0.883,0.324,0.062,0.042,0.017,0.069,0.000,22.081,0.012,22.027,0.042,8120,15600,,1.00,1,0,4112x2570,S,0
1921,24.299,0.836,0.293,0.061,0.000,0.015,0.068,0.000,23.018,0.013,22.960,0.044,8120,15600,,1.00,1,0,4112x2570,S,0
1922,24.418,1.959,0.327,0.076,0.000,0.019,0.098,0.000,22.806,0.012,22.751,0.043,8120,15600,,1.00,1,0,4112x2570,S,0
1923,25.688,1.096,0.367,0.071,0.000,0.022,0.066,0.000,23.834,0.013,23.778,0.043,8120,15600,,1.00,1,0,4112x2570,S,0
1924,26.583,2.017,0.311,0.064,0.000,0.019,0.057,0.000,24.571,0.013,24.513,0.045,8120,15600,,1.00,1,0,4112x2570,S,0
1925,26.533,0.790,0.367,0.062,0.000,0.016,0.052,0.000,24.893,0.015,24.831,0.048,8120,15600,,1.00,1,0,4112x2570,S,0
1926,27.487,1.704,0.344,0.062,0.000,0.017,0.059,0.000,25.974,0.013,25.914,0.046,8120,15600,,1.00,1,0,4112x2570,S,0
1927,27.509,1.791,0.325,0.066,0.000,0.019,0.055,0.000,26.013,0.015,25.952,0.046,8120,15600,,1.00,1,0,4112x2570,S,0
1928,28.968,0.885,0.355,0.065,0.000,0.014,0.054,0.000,27.205,0.015,27.142,0.048,8120,15600,,1.00,1,0,4112x2570,S,0
1929,29.749,1.739,0.343,0.067,0.000,0.014,0.053,0.000,28.055,0.013,27.995,0.047,8120,15600,,1.00,1,0,4112x2570,S,0
1930,30.811,1.699,0.333,0.060,0.000,0.016,0.050,0.000,29.299,0.015,29.236,0.048,8120,15600,,1.00,1,0,4112x2570,S,0
1931,31.090,1.810,0.332,0.062,0.000,0.016,0.086,0.000,29.337,0.015,29.272,0.051,8120,15600,,1.00,1,0,4112x2570,S,0
1932,32.011,1.710,0.341,0.062,0.000,0.016,0.048,0.000,30.063,0.017,29.997,0.049,8120,15600,,1.00,1,0,4112x2570,S,0
1933,32.455,1.006,0.382,0.062,0.000,0.017,0.055,0.000,31.033,0.017,30.965,0.051,8120,15600,,1.00,1,0,4112x2570,S,0
1934,32.986,1.664,0.366,0.055,0.000,0.014,0.060,0.000,31.916,0.016,31.849,0.051,8120,15600,,1.00,1,0,4112x2570,S,0
1935,34.090,1.641,0.341,0.058,0.000,0.016,0.056,0.000,32.413,0.016,32.346,0.051,8120,15600,,1.00,1,0,4112x2570,S,0
1936,34.320,1.800,0.345,0.064,0.000,0.017,0.047,0.000,32.455,0.016,32.389,0.050,8120,15600,,1.00,1,0,4112x2570,S,0
1937,34.200,1.651,0.338,0.060,0.000,0.016,0.097,0.000,32.127,0.017,32.062,0.049,8120,15600,,1.00,1,0,4112x2570,S,0
1938,33.888,2.500,0.326,0.074,0.000,0.020,0.058,0.000,32.715,0.016,32.650,0.049,8120,15600,,1.00,1,0,4112x2570,S,0
1939,34.192,1.657,0.294,0.065,0.000,0.016,0.052,0.000,32.409,0.016,32.345,0.048,8120,15600,,1.00,1,0,4112x2570,S,0
1940,33.415,2.018,0.359,0.080,0.000,0.019,0.048,0.000,31.920,0.017,31.853,0.050,8120,15600,,1.00,1,0,4112x2570,S,0
1941,33.174,1.653,0.394,0.064,0.000,0.017,0.052,0.000,31.853,0.016,31.787,0.049,8120,15600,,1.00,1,0,4112x2570,S,0
1942,33.194,1.758,0.348,0.068,0.000,0.019,0.052,0.000,31.892,0.016,31.825,0.050,8120,15600,,1.00,1,0,4112x2570,S,0
1943,32.984,1.708,0.334,0.062,0.000,0.018,0.056,0.000,31.420,0.016,31.355,0.049,8120,15600,,1.00,1,0,4112x2570,S,0
1944,32.053,1.742,0.342,0.067,0.000,0.017,0.065,0.000,31.005,0.016,30.939,0.049,8120,15600,,1.00,1,0,4112x2570,S,0
1945,32.138,1.896,0.334,0.063,0.000,0.016,0.056,0.000,30.543,0.016,30.478,0.049,8120,15600,,1.00,1,0,4112x2570,S,0
1946,32.152,0.792,0.319,0.053,0.000,0.017,0.058,0.000,30.534,0.017,30.470,0.048,8120,15600,,1.00,1,0,4112x2570,S,0
1947,30.719,1.642,0.333,0.062,0.000,0.016,0.061,0.000,29.629,0.016,29.558,0.055,8120,15600,,1.00,1,0,4112x2570,S,0
1948,31.717,1.450,0.307,0.060,0.000,0.016,0.066,0.000,29.814,0.016,29.750,0.048,8120,15600,,1.00,1,0,4112x2570,S,0
1949,30.997,1.858,0.346,0.070,0.000,0.018,0.064,0.000,29.611,0.016,29.548,0.047,8120,15600,,1.00,1,0,4112x2570,S,0
1950,32.207,1.875,0.341,0.069,0.000,0.019,0.095,0.000,30.167,0.015,30.106,0.046,8120,15600,,1.00,1,0,4112x2570,S,0
1951,31.332,2.060,0.354,0.072,0.000,0.018,0.058,0.000,29.699,0.015,29.639,0.044,8120,15600,,1.00,1,0,4112x2570,S,0
1952,31.188,2.003,0.354,0.063,0.000,0.016,0.057,0.000,29.429,0.014,29.368,0.047,8120,15600,,1.00,1,0,4112x2570,S,0
1953,31.744,1.570,0.295,0.066,0.000,0.018,0.056,0.000,29.611,0.016,29.548,0.046,8120,15600,,1.00,1,0,4112x2570,S,0
1954,30.986,1.797,0.325,0.068,0.000,0.020,0.061,0.000,29.661,0.017,29.595,0.049,8120,15600,,1.00,1,0,4112x2570,S,0
1955,31.107,1.903,0.342,0.071,0.000,0.017,0.064,0.000,29.616,0.016,29.551,0.049,8120,15600,,1.00,1,0,4112x2570,S,0
1956,31.444,1.095,0.379,0.064,0.000,0.018,0.075,0.000,30.099,0.016,30.035,0.047,8120,15600,,1.00,1,0,4112x2570,S,0
1957,32.153,1.762,0.340,0.068,0.000,0.020,0.063,0.000,30.068,0.016,30.008,0.044,8120,15600,,1.00,1,0,4112x2570,S,0
1958,31.922,1.759,0.313,0.069,0.000,0.020,0.054,0.000,30.276,0.017,30.210,0.049,8120,15600,,1.00,1,0,4112x2570,S,0
1959,32.341,1.980,0.363,0.077,0.000,0.018,0.062,0.000,30.465,0.016,30.404,0.046,8120,15600,,1.00,1,0,4112x2570,S,0
1960,31.942,1.667,0.325,0.067,0.000,0.018,0.065,0.000,30.136,0.015,30.075,0.046,8120,15600,,1.00,1,0,4112x2570,S,0
1961,31.884,1.604,0.342,0.060,0.000,0.022,0.053,0.000,30.137,0.015,30.078,0.045,8120,15600,,1.00,1,0,4112x2570,S,0
1962,31.980,1.600,0.350,0.063,0.000,0.016,0.060,0.000,30.068,0.015,30.008,0.045,8120,15600,,1.00,1,0,4112x2570,S,0
1963,31.286,2.034,0.371,0.081,0.000,0.023,0.080,0.000,29.907,0.015,29.842,0.050,8120,15600,,1.00,1,0,4112x2570,S,0
1964,31.148,1.959,0.373,0.074,0.000,0.023,0.051,0.000,29.637,0.016,29.574,0.047,8120,15600,,1.00,1,0,4112x2570,S,0
1965,31.604,1.427,0.287,0.060,0.000,0.015,0.050,0.000,29.604,0.017,29.537,0.050,8120,15600,,1.00,1,0,4112x2570,S,0
1966,31.760,1.388,0.332,0.056,0.000,0.015,0.068,0.000,29.644,0.017,29.577,0.050,8120,15600,,1.00,1,0,4112x2570,S,0
1967,31.416,1.102,0.348,0.068,0.000,0.018,0.053,0.000,29.651,0.017,29.585,0.049,8120,15600,,1.00,1,0,4112x2570,S,0
1968,30.940,1.731,0.345,0.066,0.000,0.020,0.064,0.000,29.270,0.016,29.207,0.046,8120,15600,,1.00,1,0,4112x2570,S,0
1969,30.875,1.804,0.345,0.075,0.000,0.021,0.066,0.000,29.569,0.017,29.506,0.046,8120,15600,,1.00,1,0,4112x2570,S,0
1970,30.583,1.601,0.349,0.057,0.000,0.016,0.048,0.000,29.378,0.015,29.316,0.047,8120,15600,,1.00,1,0,4112x2570,S,0
1971,30.742,1.529,0.299,0.063,0.000,0.016,0.059,0.000,29.392,0.015,29.329,0.048,8120,15600,tshadow_pcf,1.00,1,0,4112x2570,P,1
1972,3.768,1.846,0.343,0.087,0.000,0.025,0.045,0.000,2.323,0.015,2.256,0.052,8120,15600,,1.00,1,0,4112x2570,P,1
1973,28.165,0.000,0.299,0.044,0.000,0.012,0.061,0.000,2.318,0.014,2.253,0.050,8120,15600,,1.00,1,0,4112x2570,P,1
1974,8.236,1.672,0.311,0.071,0.000,0.023,0.072,0.000,2.034,0.014,1.973,0.048,8120,15600,,1.00,1,0,4112x2570,P,1
1975,25.133,0.000,0.352,0.052,0.000,0.016,0.093,0.000,2.321,0.015,2.256,0.050,8120,15600,,1.00,1,0,4112x2570,P,1
1976,16.593,1.802,0.364,0.080,0.000,0.025,0.085,0.000,2.034,0.013,1.973,0.047,8120,15600,,1.00,1,0,4112x2570,P,1
1977,16.682,0.931,0.345,0.073,0.000,0.020,0.059,0.000,2.033,0.013,1.972,0.047,8120,15600,,1.00,1,0,4112x2570,P,1
1978,16.592,1.046,0.347,0.072,0.000,0.021,0.052,0.000,2.033,0.014,1.974,0.045,8120,15600,,1.00,1,0,4112x2570,P,1
1979,16.620,0.791,0.337,0.066,0.000,0.019,0.049,0.000,1.820,0.012,1.763,0.045,8120,15600,,1.00,1,0,4112x2570,P,1
1980,16.625,0.856,0.305,0.061,0.000,0.018,0.051,0.000,1.823,0.013,1.764,0.046,8120,15600,,1.00,1,0,4112x2570,P,1
1981,16.736,0.796,0.322,0.059,0.000,0.019,0.048,0.000,1.820,0.012,1.763,0.044,8120,15600,,1.00,1,0,4112x2570,P,1
1982,16.508,0.840,0.322,0.068,0.000,0.022,0.062,0.000,1.677,0.012,1.620,0.044,8120,15600,,1.00,1,0,4112x2570,P,1
1983,16.577,1.051,0.327,0.084,0.000,0.027,0.057,0.000,1.645,0.012,1.591,0.043,8120,15600,,1.00,1,0,4112x2570,P,1
1984,16.432,1.005,0.333,0.075,0.000,0.024,0.062,0.000,1.644,0.012,1.590,0.043,8120,15600,,1.00,1,0,4112x2570,P,1
1985,16.454,1.008,0.347,0.071,0.000,0.021,0.057,0.000,1.645,0.012,1.592,0.041,8120,15600,,1.00,1,0,4112x2570,P,1
1986,16.562,0.928,0.364,0.061,0.000,0.020,0.053,0.000,1.565,0.012,1.512,0.042,8120,15600,,1.00,1,0,4112x2570,P,1
1987,16.617,0.966,0.320,0.074,0.000,0.022,0.066,0.000,1.567,0.011,1.514,0.042,8120,15600,,1.00,1,0,4112x2570,P,1
1988,16.555,0.874,0.323,0.085,0.000,0.025,0.066,0.000,1.476,0.011,1.421,0.043,8120,15600,,1.00,1,0,4112x2570,P,1
1989,16.350,1.065,0.342,0.087,0.000,0.025,0.049,0.000,1.473,0.011,1.422,0.041,8120,15600,,1.00,1,0,4112x2570,P,1
1990,16.616,1.065,0.349,0.072,0.000,0.021,0.056,0.000,1.472,0.011,1.421,0.041,8120,15600,,1.00,1,0,4112x2570,P,1
1991,16.432,0.866,0.358,0.067,0.000,0.021,0.072,0.000,1.474,0.011,1.421,0.042,8120,15600,,1.00,1,0,4112x2570,P,1
1992,16.516,0.944,0.343,0.072,0.000,0.022,0.052,0.000,1.477,0.011,1.422,0.044,8120,15600,,1.00,1,0,4112x2570,P,1
1993,16.685,0.770,0.292,0.064,0.000,0.018,0.055,0.000,1.376,0.010,1.325,0.041,8120,15600,,1.00,1,0,4112x2570,P,1
1994,16.395,0.901,0.349,0.075,0.000,0.022,0.050,0.000,1.375,0.010,1.324,0.040,8120,15600,,1.00,1,0,4112x2570,P,1
1995,16.581,0.795,0.320,0.076,0.000,0.022,0.080,0.000,1.377,0.010,1.325,0.041,8120,15600,,1.00,1,0,4112x2570,P,1
1996,16.499,0.814,0.317,0.064,0.000,0.020,0.048,0.000,1.377,0.010,1.325,0.042,8120,15600,,1.00,1,0,4112x2570,P,1
1997,16.663,0.786,0.322,0.065,0.000,0.021,0.067,0.000,1.377,0.011,1.326,0.041,8120,15600,,1.00,1,0,4112x2570,P,1
1998,16.461,1.029,0.325,0.076,0.000,0.026,0.061,0.000,1.377,0.010,1.325,0.041,8120,15600,,1.00,1,0,4112x2570,P,1
1999,16.472,0.875,0.314,0.070,0.000,0.021,0.056,0.000,1.379,0.011,1.329,0.039,8120,15600,,1.00,1,0,4112x2570,P,1
2000,16.481,1.102,0.333,0.071,0.000,0.022,0.062,0.000,1.472,0.011,1.420,0.041,8120,15600,,1.00,1,0,4112x2570,P,1
2001,16.616,0.920,0.354,0.058,0.000,0.016,0.053,0.000,1.474,0.011,1.423,0.040,8120,15600,,1.00,1,0,4112x2570,P,1
2002,16.628,0.879,0.346,0.060,0.000,0.019,0.057,0.000,1.493,0.011,1.441,0.040,8120,15600,,1.00,1,0,4112x2570,P,1
2003,16.442,1.029,0.338,0.062,0.000,0.020,0.067,0.000,4.157,1.339,2.775,0.043,8120,15600,,1.00,1,0,4112x2570,P,1
2004,16.578,0.845,0.318,0.062,0.000,0.024,0.056,0.000,1.644,0.012,1.591,0.041,8120,15600,,1.00,1,0,4112x2570,P,1
2005,16.616,0.838,0.330,0.069,0.000,0.019,0.054,0.000,1.643,0.012,1.589,0.042,8120,15600,,1.00,1,0,4112x2570,P,1
2006,16.548,0.869,0.343,0.052,0.000,0.016,0.064,0.000,1.700,0.012,1.646,0.041,8120,15600,,1.00,1,0,4112x2570,P,1
2007,16.477,0.801,0.351,0.061,0.000,0.016,0.046,0.000,1.818,0.012,1.763,0.043,8120,15600,,1.00,1,0,4112x2570,P,1
2008,16.560,0.785,0.337,0.054,0.000,0.016,0.064,0.000,1.820,0.012,1.765,0.043,8120,15600,,1.00,1,0,4112x2570,P,1
2009,16.631,0.791,0.347,0.054,0.000,0.021,0.064,0.000,2.030,0.013,1.973,0.044,8120,15600,,1.00,1,0,4112x2570,P,1
2010,16.492,0.804,0.311,0.057,0.000,0.016,0.043,0.000,2.111,0.017,2.050,0.045,8120,15600,,1.00,1,0,4112x2570,P,1
2011,16.533,0.716,0.319,0.051,0.000,0.016,0.054,0.000,2.316,0.017,2.253,0.046,8120,15600,,1.00,1,0,4112x2570,P,1
2012,16.661,0.841,0.298,0.056,0.000,0.016,0.046,0.000,2.686,0.017,2.617,0.052,8120,15600,,1.00,1,0,4112x2570,P,1
2013,16.688,0.723,0.290,0.046,0.000,0.013,0.055,0.000,2.688,0.017,2.619,0.052,8120,15600,,1.00,1,0,4112x2570,P,1
2014,16.377,0.937,0.360,0.054,0.000,0.017,0.059,0.000,3.447,0.022,3.368,0.057,8120,15600,drag_start,1.00,1,1,4112x2570,P,1
2015,16.681,0.860,0.343,0.051,0.000,0.015,0.048,0.000,3.468,0.021,3.389,0.058,8120,15600,,1.00,1,1,4112x2570,P,1
2016,16.549,1.077,0.345,0.058,0.000,0.019,0.052,0.000,3.469,0.022,3.390,0.057,8120,15600,,1.00,1,1,4112x2570,P,1
2017,16.737,0.883,0.333,0.039,0.000,0.014,0.052,0.000,6.197,0.038,6.101,0.058,8120,15600,,1.00,1,1,4112x2570,P,1
2018,16.612,0.871,0.352,0.045,0.000,0.014,0.048,0.000,6.319,0.043,6.190,0.086,8120,15600,,1.00,1,1,4112x2570,P,1
2019,16.694,0.839,0.358,0.044,0.000,0.014,0.073,0.000,6.327,0.040,6.202,0.085,8120,15600,,1.00,1,1,4112x2570,P,1
2020,16.638,0.947,0.345,0.051,0.000,0.019,0.052,0.000,6.328,0.037,6.205,0.086,8120,15600,,1.00,1,1,4112x2570,P,1
2021,16.590,0.935,0.352,0.045,0.000,0.014,0.104,0.000,6.329,0.041,6.203,0.085,8120,15600,,1.00,1,1,4112x2570,P,1
2022,16.545,0.996,0.374,0.052,0.000,0.017,0.063,0.000,6.330,0.042,6.205,0.084,8120,15600,,1.00,1,1,4112x2570,P,1
2023,16.489,0.933,0.364,0.051,0.000,0.016,0.057,0.000,6.324,0.041,6.201,0.083,8120,15600,,1.00,1,1,4112x2570,P,1
2024,16.509,0.846,0.350,0.042,0.000,0.014,0.055,0.000,6.335,0.043,6.206,0.086,8120,15600,,1.00,1,1,4112x2570,P,1
2025,16.577,0.954,0.354,0.047,0.000,0.015,0.063,0.000,6.330,0.043,6.202,0.086,8120,15600,,1.00,1,1,4112x2570,P,1
2026,16.549,0.939,0.348,0.049,0.000,0.016,0.045,0.000,6.324,0.041,6.197,0.085,8120,15600,,1.00,1,1,4112x2570,P,1
2027,17.234,0.856,0.331,0.048,0.000,0.015,0.129,0.000,6.325,0.043,6.199,0.083,8120,15600,,1.00,1,1,4112x2570,P,1
2028,16.346,1.794,0.602,0.117,0.000,0.036,0.152,0.000,6.327,0.042,6.200,0.085,8120,15600,,1.00,1,1,4112x2570,P,1
2029,16.362,1.949,0.633,0.127,0.000,0.037,0.139,0.000,6.323,0.043,6.196,0.085,8120,15600,,1.00,1,1,4112x2570,P,1
2030,16.359,1.956,0.616,0.124,0.000,0.039,0.141,0.000,6.319,0.041,6.191,0.086,8120,15600,,1.00,1,1,4112x2570,P,1
2031,16.619,2.221,0.675,0.127,0.000,0.039,0.156,0.000,6.317,0.040,6.192,0.085,8120,15600,,1.00,1,1,4112x2570,P,1
2032,16.173,2.218,0.703,0.122,0.000,0.042,0.135,0.000,6.328,0.040,6.201,0.086,8120,15600,,1.00,1,1,4112x2570,P,1
2033,15.795,2.248,0.694,0.140,0.000,0.043,0.055,0.000,6.317,0.039,6.195,0.084,8120,15600,,1.00,1,1,4112x2570,P,1
2034,16.474,0.857,0.297,0.067,0.000,0.019,0.065,0.000,6.320,0.038,6.195,0.086,8120,15600,,1.00,1,1,4112x2570,P,1
2035,16.612,0.883,0.310,0.060,0.000,0.017,0.054,0.000,6.323,0.038,6.202,0.084,8120,15600,,1.00,1,1,4112x2570,P,1
2036,16.890,0.892,0.340,0.065,0.000,0.021,0.102,0.000,6.334,0.041,6.207,0.086,8120,15600,,1.00,1,1,4112x2570,P,1
2037,16.398,1.664,0.607,0.123,0.000,0.038,0.111,0.000,6.341,0.039,6.218,0.085,8120,15600,,1.00,1,1,4112x2570,P,1
2038,16.654,1.768,0.690,0.136,0.000,0.044,0.148,0.000,6.338,0.043,6.211,0.084,8120,15600,,1.00,1,1,4112x2570,P,1
2039,16.314,1.987,0.653,0.123,0.000,0.037,0.169,0.000,6.338,0.041,6.209,0.088,8120,15600,,1.00,1,1,4112x2570,P,1
2040,16.438,2.156,0.634,0.117,0.000,0.048,0.152,0.000,6.337,0.039,6.212,0.087,8120,15600,,1.00,1,1,4112x2570,P,1
2041,16.034,2.197,0.753,0.156,0.000,0.042,0.131,0.000,6.325,0.037,6.201,0.086,8120,15600,,1.00,1,1,4112x2570,P,1
2042,16.358,2.237,0.654,0.119,0.000,0.049,0.119,0.000,6.329,0.038,6.206,0.085,8120,15600,,1.00,1,1,4112x2570,P,1
2043,16.342,2.432,0.707,0.125,0.000,0.042,0.143,0.000,6.319,0.038,6.195,0.087,8120,15600,,1.00,1,1,4112x2570,P,1
2044,16.281,2.418,0.709,0.137,0.000,0.044,0.136,0.000,6.321,0.038,6.198,0.084,8120,15600,,1.00,1,1,4112x2570,P,1
2045,16.290,2.287,0.734,0.134,0.000,0.044,0.163,0.000,6.327,0.041,6.200,0.086,8120,15600,,1.00,1,1,4112x2570,P,1
2046,16.344,2.342,0.696,0.124,0.000,0.041,0.124,0.000,6.314,0.041,6.188,0.086,8120,15600,,1.00,1,1,4112x2570,P,1
2047,15.987,2.247,0.720,0.139,0.000,0.044,0.067,0.000,6.314,0.038,6.191,0.085,8120,15600,,1.00,1,1,4112x2570,P,1
2048,16.417,0.967,0.319,0.074,0.000,0.022,0.057,0.000,6.305,0.038,6.183,0.085,8120,15600,,1.00,1,1,4112x2570,P,1
2049,16.455,0.974,0.314,0.074,0.000,0.021,0.082,0.000,6.301,0.041,6.174,0.085,8120,15600,,1.00,1,1,4112x2570,P,1
2050,16.459,1.013,0.314,0.071,0.000,0.022,0.084,0.000,6.297,0.041,6.170,0.085,8120,15600,,1.00,1,1,4112x2570,P,1
2051,16.517,1.028,0.325,0.073,0.000,0.023,0.065,0.000,6.289,0.041,6.164,0.084,8120,15600,,1.00,1,1,4112x2570,P,1
2052,16.421,1.039,0.307,0.074,0.000,0.022,0.077,0.000,6.290,0.042,6.162,0.086,8120,15600,,1.00,1,1,4112x2570,P,1
2053,16.537,0.954,0.327,0.072,0.000,0.022,0.087,0.000,6.285,0.042,6.156,0.087,8120,15600,,1.00,1,1,4112x2570,P,1
2054,16.513,0.999,0.329,0.076,0.000,0.023,0.063,0.000,6.281,0.041,6.155,0.084,8120,15600,,1.00,1,1,4112x2570,P,1
2055,16.454,1.080,0.351,0.080,0.000,0.025,0.069,0.000,6.277,0.041,6.152,0.084,8120,15600,,1.00,1,1,4112x2570,P,1
2056,16.435,0.918,0.319,0.067,0.000,0.019,0.052,0.000,6.287,0.043,6.158,0.086,8120,15600,,1.00,1,1,4112x2570,P,1
2057,16.768,0.975,0.306,0.069,0.000,0.018,0.063,0.000,6.285,0.043,6.158,0.084,8120,15600,,1.00,1,1,4112x2570,P,1
2058,16.622,1.134,0.334,0.070,0.000,0.021,0.064,0.000,6.280,0.038,6.158,0.083,8120,15600,,1.00,1,1,4112x2570,P,1
2059,16.585,1.086,0.374,0.078,0.000,0.024,0.054,0.000,6.282,0.043,6.155,0.084,8120,15600,,1.00,1,1,4112x2570,P,1
2060,16.699,0.920,0.368,0.068,0.000,0.020,0.049,0.000,6.287,0.038,6.164,0.085,8120,15600,,1.00,1,1,4112x2570,P,1
2061,16.703,0.977,0.325,0.061,0.000,0.016,0.073,0.000,6.292,0.042,6.165,0.084,8120,15600,,1.00,1,1,4112x2570,P,1
2062,16.613,0.877,0.311,0.066,0.000,0.020,0.055,0.000,6.290,0.039,6.165,0.086,8120,15600,,1.00,1,1,4112x2570,P,1
2063,16.717,0.867,0.300,0.067,0.000,0.022,0.068,0.000,6.288,0.038,6.165,0.085,8120,15600,,1.00,1,1,4112x2570,P,1
2064,16.611,1.009,0.332,0.074,0.000,0.023,0.096,0.000,6.288,0.041,6.161,0.086,8120,15600,,1.00,1,1,4112x2570,P,1
2065,16.651,1.014,0.321,0.069,0.000,0.021,0.075,0.000,6.289,0.039,6.164,0.086,8120,15600,,1.00,1,1,4112x2570,P,1
2066,16.609,0.892,0.310,0.060,0.000,0.021,0.078,0.000,6.286,0.042,6.159,0.085,8120,15600,,1.00,1,1,4112x2570,P,1
2067,16.706,1.004,0.320,0.068,0.000,0.021,0.057,0.000,6.293,0.042,6.165,0.085,8120,15600,,1.00,1,1,4112x2570,P,1
2068,16.571,0.819,0.312,0.065,0.000,0.018,0.057,0.000,6.286,0.041,6.160,0.086,8120,15600,,1.00,1,1,4112x2570,P,1
2069,16.652,0.777,0.306,0.055,0.000,0.018,0.078,0.000,6.293,0.042,6.166,0.085,8120,15600,,1.00,1,1,4112x2570,P,1
2070,16.684,0.926,0.317,0.068,0.000,0.019,0.078,0.000,6.291,0.042,6.164,0.085,8120,15600,,1.00,1,1,4112x2570,P,1
2071,16.652,0.785,0.347,0.061,0.000,0.018,0.058,0.000,6.291,0.038,6.171,0.082,8120,15600,,1.00,1,1,4112x2570,P,1
2072,16.609,0.879,0.317,0.063,0.000,0.022,0.067,0.000,6.291,0.039,6.165,0.087,8120,15600,,1.00,1,1,4112x2570,P,1
2073,16.705,1.014,0.310,0.072,0.000,0.022,0.063,0.000,6.288,0.042,6.161,0.084,8120,15600,,1.00,1,1,4112x2570,P,1
2074,16.535,1.141,0.322,0.068,0.000,0.022,0.046,0.000,6.286,0.041,6.160,0.085,8120,15600,,1.00,1,1,4112x2570,P,1
2075,16.716,0.921,0.334,0.053,0.000,0.016,0.072,0.000,6.294,0.040,6.168,0.085,8120,15600,,1.00,1,1,4112x2570,P,1
2076,16.636,0.917,0.348,0.053,0.000,0.016,0.049,0.000,6.291,0.040,6.167,0.084,8120,15600,,1.00,1,1,4112x2570,P,1
2077,16.698,1.109,0.326,0.049,0.000,0.017,0.051,0.000,6.298,0.042,6.171,0.085,8120,15600,,1.00,1,1,4112x2570,P,1
2078,16.603,0.874,0.362,0.058,0.000,0.018,0.045,0.000,6.283,0.042,6.158,0.083,8120,15600,,1.00,1,1,4112x2570,P,1
2079,16.703,0.823,0.330,0.050,0.000,0.015,0.055,0.000,6.285,0.042,6.158,0.085,8120,15600,,1.00,1,1,4112x2570,P,1
2080,16.644,1.087,0.333,0.052,0.000,0.018,0.061,0.000,6.290,0.040,6.166,0.084,8120,15600,,1.00,1,1,4112x2570,P,1
2081,16.520,1.015,0.343,0.051,0.000,0.017,0.135,0.000,6.283,0.038,6.162,0.084,8120,15600,,1.00,1,1,4112x2570,P,1
2082,16.611,0.805,0.334,0.046,0.000,0.015,0.052,0.000,6.284,0.038,6.161,0.085,8120,15600,,1.00,1,1,4112x2570,P,1
2083,16.646,0.895,0.314,0.043,0.000,0.016,0.049,0.000,6.285,0.041,6.160,0.084,8120,15600,,1.00,1,1,4112x2570,P,1
2084,16.652,0.926,0.320,0.048,0.000,0.015,0.044,0.000,6.291,0.041,6.165,0.086,8120,15600,,1.00,1,1,4112x2570,P,1
2085,16.528,1.015,0.341,0.052,0.000,0.016,0.060,0.000,6.282,0.037,6.160,0.086,8120,15600,,1.00,1,1,4112x2570,P,1
2086,16.710,0.772,0.326,0.056,0.000,0.017,0.052,0.000,6.287,0.041,6.160,0.086,8120,15600,,1.00,1,1,4112x2570,P,1
2087,16.472,0.929,0.339,0.063,0.000,0.019,0.054,0.000,6.285,0.042,6.159,0.084,8120,15600,,1.00,1,1,4112x2570,P,1
2088,16.364,1.088,0.362,0.066,0.000,0.019,0.048,0.000,6.286,0.043,6.159,0.084,8120,15600,drag_snap,1.00,1,0,4112x2570,P,1
2089,16.765,0.890,0.360,0.046,0.000,0.016,0.054,0.000,6.269,0.039,6.147,0.083,8120,15600,,1.00,1,0,4112x2570,P,1
2090,17.030,1.089,0.338,0.067,0.000,0.018,0.101,0.000,6.275,0.042,6.149,0.084,8120,15600,,1.00,1,0,4112x2570,P,1
2091,16.859,1.736,0.620,0.103,0.000,0.037,0.138,0.000,6.271,0.041,6.145,0.084,8120,15600,,1.00,1,0,4112x2570,P,1
2092,16.460,2.338,0.653,0.125,0.000,0.040,0.120,0.000,6.266,0.041,6.141,0.084,8120,15600,,1.00,1,0,4112x2570,P,1
2093,16.632,1.915,0.605,0.121,0.000,0.037,0.106,0.000,6.276,0.042,6.149,0.085,8120,15600,,1.00,1,0,4112x2570,P,1
2094,16.707,2.012,0.639,0.124,0.000,0.037,0.135,0.000,6.274,0.042,6.147,0.085,8120,15600,,1.00,1,0,4112x2570,P,1
2095,16.573,1.927,0.614,0.113,0.000,0.038,0.133,0.000,6.268,0.037,6.146,0.085,8120,15600,,1.00,1,0,4112x2570,P,1
2096,16.950,2.294,0.618,0.121,0.000,0.040,0.177,0.000,6.268,0.042,6.142,0.084,8120,15600,,1.00,1,0,4112x2570,P,1
2097,16.563,2.914,0.683,0.135,0.000,0.041,0.176,0.000,6.266,0.038,6.144,0.084,8120,15600,,1.00,1,0,4112x2570,P,1
2098,16.755,2.620,0.696,0.126,0.000,0.042,0.217,0.000,6.268,0.041,6.142,0.085,8120,15600,,1.00,1,0,4112x2570,P,1
2099,16.360,2.461,0.678,0.118,0.000,0.039,0.152,0.000,0.127,0.042,0.000,0.085,8120,15600,,1.00,1,0,4112x2570,P,1
2100,16.756,2.695,0.694,0.132,0.000,0.044,0.206,0.000,6.273,0.042,6.147,0.084,8120,15600,,1.00,1,0,4112x2570,P,1
2101,16.459,2.331,0.682,0.127,0.000,0.039,0.152,0.000,6.267,0.038,6.144,0.085,8120,15600,,1.00,1,0,4112x2570,P,1
2102,16.765,2.468,0.702,0.128,0.000,0.043,0.176,0.000,6.269,0.041,6.143,0.085,8120,15600,,1.00,1,0,4112x2570,P,1
2103,16.581,2.398,0.685,0.127,0.000,0.045,0.139,0.000,6.266,0.038,6.145,0.083,8120,15600,,1.00,1,0,4112x2570,P,1
2104,16.617,2.421,0.717,0.126,0.000,0.046,0.154,0.000,6.261,0.041,6.139,0.081,8120,15600,,1.00,1,0,4112x2570,P,1
2105,16.469,2.530,0.706,0.127,0.000,0.044,0.147,0.000,6.271,0.042,6.144,0.084,8120,15600,,1.00,1,0,4112x2570,P,1
2106,16.885,2.516,0.726,0.131,0.000,0.041,0.161,0.000,6.266,0.041,6.139,0.086,8120,15600,,1.00,1,0,4112x2570,P,1
2107,15.811,2.547,0.711,0.128,0.000,0.046,0.056,0.000,6.268,0.039,6.142,0.087,8120,15600,,1.00,1,0,4112x2570,P,1
2108,16.915,0.993,0.313,0.062,0.000,0.019,0.087,0.000,6.266,0.039,6.141,0.086,8120,15600,,1.00,1,0,4112x2570,P,1
2109,16.526,0.964,0.304,0.078,0.000,0.025,0.069,0.000,6.263,0.041,6.139,0.084,8120,15600,,1.00,1,0,4112x2570,P,1
2110,16.517,1.052,0.335,0.082,0.000,0.024,0.061,0.000,6.267,0.038,6.146,0.083,8120,15600,,1.00,1,0,4112x2570,P,1
2111,16.632,1.055,0.313,0.072,0.000,0.021,0.065,0.000,6.266,0.041,6.144,0.081,8120,15600,,1.00,1,0,4112x2570,P,1
2112,16.618,1.075,0.320,0.069,0.000,0.021,0.055,0.000,6.267,0.042,6.140,0.086,8120,15600,,1.00,1,0,4112x2570,P,1
2113,16.664,1.058,0.334,0.060,0.000,0.017,0.051,0.000,6.268,0.041,6.141,0.086,8120,15600,,1.00,1,0,4112x2570,P,1
2114,16.631,0.969,0.315,0.063,0.000,0.018,0.055,0.000,6.270,0.042,6.142,0.086,8120,15600,,1.00,1,0,4112x2570,P,1
2115,16.666,0.959,0.292,0.058,0.000,0.020,0.068,0.000,6.263,0.041,6.138,0.085,8120,15600,,1.00,1,0,4112x2570,P,1
2116,16.748,0.912,0.296,0.061,0.000,0.019,0.118,0.000,6.271,0.041,6.146,0.084,8120,15600,,1.00,1,0,4112x2570,P,1
2117,16.612,1.035,0.319,0.075,0.000,0.020,0.054,0.000,6.270,0.038,6.146,0.086,8120,15600,,1.00,1,0,4112x2570,P,1
2118,16.660,1.004,0.298,0.065,0.043,0.018,0.054,0.000,6.267,0.038,6.145,0.085,8120,15600,,1.00,1,0,4112x2570,P,1
2119,16.630,0.940,0.347,0.071,0.000,0.020,0.080,0.000,6.269,0.042,6.139,0.087,8120,15600,,1.00,1,0,4112x2570,P,1
2120,16.629,1.065,0.368,0.064,0.000,0.021,0.040,0.000,6.270,0.040,6.146,0.084,8120,15600,,1.00,1,0,4112x2570,P,1
2121,16.381,0.940,0.359,0.060,0.000,0.018,0.056,0.000,6.278,0.042,6.152,0.084,8120,15600,drag_start,1.00,1,1,4112x2570,P,1
2122,16.595,1.056,0.367,0.058,0.000,0.018,0.059,0.000,6.288,0.042,6.161,0.085,8120,15600,,1.00,1,1,4112x2570,P,1
2123,16.636,0.928,0.336,0.051,0.000,0.016,0.053,0.000,6.291,0.042,6.164,0.085,8120,15600,,1.00,1,1,4112x2570,P,1
2124,16.718,1.131,0.361,0.060,0.000,0.018,0.060,0.000,6.291,0.042,6.163,0.086,8120,15600,,1.00,1,1,4112x2570,P,1
2125,16.512,0.972,0.368,0.050,0.000,0.015,0.044,0.000,6.284,0.038,6.160,0.086,8120,15600,,1.00,1,1,4112x2570,P,1
2126,16.691,0.926,0.351,0.051,0.000,0.015,0.051,0.000,6.288,0.043,6.160,0.085,8120,15600,,1.00,1,1,4112x2570,P,1
2127,16.508,0.857,0.338,0.050,0.000,0.017,0.065,0.000,6.282,0.041,6.157,0.084,8120,15600,,1.00,1,1,4112x2570,P,1
2128,16.514,0.924,0.331,0.053,0.000,0.017,0.051,0.000,6.280,0.041,6.153,0.086,8120,15600,,1.00,1,1,4112x2570,P,1
2129,16.565,0.956,0.347,0.058,0.000,0.016,0.052,0.000,6.287,0.039,6.162,0.086,8120,15600,,1.00,1,1,4112x2570,P,1
2130,16.525,1.028,0.346,0.055,0.000,0.017,0.054,0.000,6.284,0.042,6.156,0.086,8120,15600,,1.00,1,1,4112x2570,P,1
2131,16.502,0.980,0.327,0.058,0.000,0.018,0.042,0.000,6.280,0.042,6.153,0.085,8120,15600,,1.00,1,1,4112x2570,P,1
2132,16.610,0.911,0.320,0.050,0.000,0.014,0.062,0.000,6.275,0.041,6.150,0.085,8120,15600,,1.00,1,1,4112x2570,P,1
2133,16.939,0.973,0.339,0.048,0.000,0.017,0.110,0.000,6.279,0.038,6.155,0.086,8120,15600,,1.00,1,1,4112x2570,P,1
2134,16.651,1.866,0.652,0.107,0.000,0.038,0.131,0.000,6.306,0.041,6.179,0.085,8120,15600,,1.00,1,1,4112x2570,P,1
2135,16.424,2.190,0.575,0.121,0.000,0.049,0.160,0.000,6.347,0.037,6.224,0.085,8120,15600,,1.00,1,1,4112x2570,P,1
2136,16.150,2.502,0.700,0.126,0.000,0.040,0.137,0.000,6.362,0.038,6.235,0.089,8120,15600,,1.00,1,1,4112x2570,P,1
2137,15.943,2.082,0.695,0.127,0.000,0.040,0.071,0.000,12.778,4.431,8.274,0.073,8120,15600,,1.00,1,1,4112x2570,P,1
2138,16.483,1.044,0.318,0.086,0.000,0.023,0.053,0.000,2.061,0.014,1.999,0.048,8120,15600,,1.00,1,1,4112x2570,P,1
2139,16.487,1.057,0.387,0.072,0.000,0.019,0.050,0.000,2.059,0.014,2.000,0.045,8120,15600,,1.00,1,1,4112x2570,P,1
2140,16.964,1.093,0.363,0.064,0.000,0.017,0.099,0.000,2.140,0.015,2.079,0.045,8120,15600,,1.00,1,1,4112x2570,P,1
2141,16.124,1.742,0.578,0.107,0.000,0.035,0.087,0.000,2.344,0.015,2.284,0.046,8120,15600,,1.00,1,1,4112x2570,P,1
2142,16.944,1.073,0.354,0.063,0.003,0.017,0.099,0.000,2.348,0.017,2.283,0.048,8120,15600,,1.00,1,1,4112x2570,P,1
2143,16.476,2.056,0.761,0.129,0.000,0.050,0.138,0.000,2.344,0.015,2.282,0.047,8120,15600,,1.00,1,1,4112x2570,P,1
2144,16.352,1.896,0.703,0.151,0.000,0.045,0.136,0.000,2.345,0.015,2.282,0.048,8120,15600,,1.00,1,1,4112x2570,P,1
2145,16.431,2.197,0.706,0.160,0.000,0.053,0.111,0.000,2.712,0.017,2.646,0.048,8120,15600,,1.00,1,1,4112x2570,P,1
2146,16.391,2.017,0.657,0.141,0.000,0.034,0.126,0.000,2.715,0.018,2.646,0.051,8120,15600,,1.00,1,1,4112x2570,P,1
2147,16.528,2.318,0.856,0.157,0.000,0.050,0.144,0.000,2.717,0.018,2.648,0.052,8120,15600,,1.00,1,1,4112x2570,P,1
2148,16.134,2.192,0.716,0.132,0.000,0.042,0.109,0.000,3.174,0.022,3.098,0.054,8120,15600,,1.00,1,1,4112x2570,P,1
2149,16.476,1.757,0.615,0.114,0.000,0.039,0.105,0.000,3.493,0.022,3.414,0.057,8120,15600,,1.00,1,1,4112x2570,P,1
2150,16.524,1.876,0.602,0.108,0.000,0.038,0.126,0.000,3.492,0.021,3.412,0.059,8120,15600,,1.00,1,1,4112x2570,P,1
2151,16.405,2.007,0.632,0.106,0.000,0.034,0.124,0.000,3.497,0.021,3.416,0.059,8120,15600,,1.00,1,1,4112x2570,P,1
2152,16.360,2.539,0.699,0.127,0.000,0.043,0.122,0.000,4.285,0.038,4.190,0.058,8120,15600,,1.00,1,1,4112x2570,P,1
2153,16.524,2.004,0.620,0.119,0.000,0.036,0.130,0.000,5.949,0.038,5.855,0.056,8120,15600,,1.00,1,1,4112x2570,P,1
2154,16.325,2.456,0.672,0.122,0.000,0.038,0.132,0.000,6.349,0.038,6.236,0.076,8120,15600,,1.00,1,1,4112x2570,P,1
2155,16.402,2.067,0.627,0.117,0.000,0.036,0.137,0.000,6.355,0.042,6.229,0.085,8120,15600,,1.00,1,1,4112x2570,P,1
2156,16.188,2.376,0.777,0.135,0.000,0.043,0.113,0.000,6.362,0.038,6.240,0.084,8120,15600,,1.00,1,1,4112x2570,P,1
2157,16.448,1.993,0.615,0.118,0.000,0.037,0.100,0.000,6.360,0.041,6.236,0.082,8120,15600,,1.00,1,1,4112x2570,P,1
2158,16.516,1.720,0.588,0.108,0.000,0.035,0.146,0.000,6.362,0.042,6.235,0.086,8120,15600,,1.00,1,1,4112x2570,P,1
2159,16.459,1.980,0.622,0.117,0.000,0.035,0.139,0.000,6.360,0.042,6.231,0.086,8120,15600,,1.00,1,1,4112x2570,P,1
2160,16.444,1.700,0.660,0.110,0.000,0.041,0.201,0.000,6.358,0.043,6.231,0.084,8120,15600,,1.00,1,1,4112x2570,P,1
2161,16.402,2.218,0.643,0.121,0.000,0.037,0.129,0.000,6.358,0.041,6.232,0.085,8120,15600,,1.00,1,1,4112x2570,P,1
2162,16.311,2.227,0.742,0.125,0.000,0.071,0.129,0.000,6.357,0.041,6.232,0.085,8120,15600,,1.00,1,1,4112x2570,P,1
2163,16.309,2.340,0.689,0.122,0.000,0.042,0.119,0.000,6.357,0.038,6.234,0.085,8120,15600,,1.00,1,1,4112x2570,P,1
2164,16.459,1.987,0.657,0.125,0.000,0.042,0.117,0.000,6.358,0.043,6.230,0.085,8120,15600,,1.00,1,1,4112x2570,P,1
2165,16.109,1.916,0.603,0.106,0.000,0.038,0.096,0.000,6.366,0.042,6.237,0.087,8120,15600,,1.00,1,1,4112x2570,P,1
2166,16.285,1.019,0.373,0.087,0.000,0.026,0.066,0.000,6.358,0.043,6.231,0.084,8120,15600,,1.00,1,1,4112x2570,P,1
2167,16.472,1.013,0.303,0.065,0.000,0.019,0.062,0.000,6.363,0.041,6.237,0.085,8120,15600,,1.00,1,1,4112x2570,P,1
2168,16.521,1.034,0.325,0.078,0.000,0.022,0.064,0.000,6.356,0.038,6.231,0.087,8120,15600,,1.00,1,1,4112x2570,P,1
2169,16.658,0.929,0.298,0.068,0.000,0.022,0.064,0.000,6.358,0.041,6.231,0.086,8120,15600,,1.00,1,1,4112x2570,P,1
2170,16.413,1.151,0.373,0.085,0.000,0.022,0.066,0.000,6.352,0.036,6.232,0.084,8120,15600,,1.00,1,1,4112x2570,P,1
2171,16.597,1.185,0.353,0.076,0.000,0.022,0.153,0.000,6.355,0.039,6.232,0.085,8120,15600,,1.00,1,1,4112x2570,P,1
2172,16.353,1.010,0.361,0.070,0.000,0.022,0.078,0.000,6.358,0.042,6.232,0.084,8120,15600,,1.00,1,1,4112x2570,P,1
2173,16.510,1.021,0.326,0.066,0.000,0.022,0.055,0.000,6.357,0.041,6.232,0.084,8120,15600,,1.00,1,1,4112x2570,P,1
2174,16.614,0.981,0.327,0.068,0.000,0.020,0.065,0.000,6.364,0.043,6.230,0.091,8120,15600,,1.00,1,1,4112x2570,P,1
2175,16.485,1.166,0.346,0.080,0.000,0.024,0.063,0.000,6.357,0.038,6.235,0.084,8120,15600,,1.00,1,1,4112x2570,P,1
2176,16.515,1.129,0.341,0.071,0.000,0.022,0.061,0.000,6.355,0.041,6.227,0.087,8120,15600,,1.00,1,1,4112x2570,P,1
2177,16.658,1.002,0.315,0.073,0.000,0.022,0.063,0.000,6.355,0.039,6.231,0.084,8120,15600,,1.00,1,1,4112x2570,P,1
2178,16.661,1.022,0.317,0.079,0.000,0.023,0.062,0.000,6.352,0.041,6.228,0.082,8120,15600,,1.00,1,1,4112x2570,P,1
2179,16.607,1.040,0.318,0.081,0.000,0.025,0.054,0.000,6.361,0.041,6.234,0.086,8120,15600,,1.00,1,1,4112x2570,P,1
2180,16.696,1.018,0.337,0.075,0.000,0.021,0.065,0.000,6.359,0.042,6.232,0.084,8120,15600,,1.00,1,1,4112x2570,P,1
2181,16.644,1.148,0.369,0.070,0.000,0.021,0.056,0.000,6.351,0.041,6.225,0.085,8120,15600,,1.00,1,1,4112x2570,P,1
2182,16.560,0.928,0.340,0.060,0.000,0.018,0.069,0.000,6.360,0.039,6.236,0.084,8120,15600,,1.00,1,1,4112x2570,P,1
2183,16.660,1.174,0.352,0.064,0.000,0.019,0.056,0.000,6.360,0.042,6.234,0.085,8120,15600,,1.00,1,1,4112x2570,P,1
2184,16.630,1.141,0.349,0.070,0.000,0.022,0.056,0.000,6.360,0.042,6.233,0.086,8120,15600,,1.00,1,1,4112x2570,P,1
2185,16.546,0.941,0.352,0.059,0.000,0.020,0.046,0.000,6.357,0.044,6.228,0.086,8120,15600,,1.00,1,1,4112x2570,P,1
2186,16.744,0.912,0.332,0.049,0.000,0.015,0.061,0.000,6.368,0.043,6.240,0.086,8120,15600,,1.00,1,1,4112x2570,P,1
2187,16.659,0.975,0.338,0.064,0.000,0.019,0.076,0.000,6.360,0.042,6.233,0.085,8120,15600,,1.00,1,1,4112x2570,P,1
2188,16.591,1.112,0.347,0.067,0.000,0.020,0.044,0.000,6.364,0.042,6.237,0.085,8120,15600,,1.00,1,1,4112x2570,P,1
2189,16.590,0.899,0.340,0.048,0.000,0.014,0.047,0.000,6.363,0.042,6.235,0.086,8120,15600,,1.00,1,1,4112x2570,P,1
2190,16.858,0.866,0.303,0.049,0.000,0.015,0.084,0.000,6.356,0.042,6.228,0.086,8120,15600,,1.00,1,1,4112x2570,P,1
2191,16.643,1.133,0.364,0.071,0.000,0.026,0.061,0.000,6.363,0.039,6.241,0.083,8120,15600,,1.00,1,1,4112x2570,P,1
2192,16.600,1.123,0.384,0.073,0.000,0.021,0.059,0.000,6.364,0.042,6.237,0.085,8120,15600,,1.00,1,1,4112x2570,P,1
2193,16.565,1.105,0.344,0.053,0.000,0.017,0.056,0.000,6.359,0.042,6.232,0.085,8120,15600,,1.00,1,1,4112x2570,P,1
2194,16.650,1.139,0.333,0.054,0.000,0.017,0.052,0.000,6.363,0.038,6.238,0.087,8120,15600,,1.00,1,1,4112x2570,P,1
2195,16.596,0.959,0.338,0.050,0.000,0.015,0.042,0.000,6.360,0.043,6.233,0.084,8120,15600,,1.00,1,1,4112x2570,P,1
2196,16.623,0.796,0.304,0.051,0.000,0.015,0.073,0.000,6.364,0.042,6.237,0.085,8120,15600,,1.00,1,1,4112x2570,P,1
2197,17.060,1.062,0.353,0.056,0.000,0.018,0.160,0.000,6.362,0.042,6.233,0.087,8120,15600,,1.00,1,1,4112x2570,P,1
2198,16.297,1.949,0.615,0.101,0.000,0.033,0.131,0.000,6.357,0.039,6.233,0.085,8120,15600,,1.00,1,1,4112x2570,P,1
2199,16.586,2.076,0.609,0.117,0.000,0.036,0.129,0.000,6.354,0.042,6.227,0.085,8120,15600,,1.00,1,1,4112x2570,P,1
2200,16.436,2.118,0.677,0.120,0.000,0.037,0.163,0.000,6.353,0.040,6.228,0.085,8120,15600,,1.00,1,1,4112x2570,P,1
2201,16.214,2.222,0.627,0.120,0.000,0.036,0.123,0.000,6.353,0.040,6.228,0.085,8120,15600,,1.00,1,1,4112x2570,P,1
2202,16.397,2.341,0.632,0.118,0.000,0.034,0.140,0.000,6.355,0.042,6.227,0.086,8120,15600,,1.00,1,1,4112x2570,P,1
2203,16.350,2.309,0.696,0.137,0.000,0.039,0.131,0.000,6.359,0.039,6.234,0.087,8120,15600,,1.00,1,1,4112x2570,P,1
2204,16.419,2.486,0.681,0.126,0.000,0.038,0.133,0.000,6.363,0.041,6.235,0.086,8120,15600,,1.00,1,1,4112x2570,P,1
2205,16.660,2.262,0.693,0.134,0.000,0.041,0.161,0.000,6.357,0.040,6.232,0.085,8120,15600,,1.00,1,1,4112x2570,P,1
2206,16.256,2.884,0.763,0.135,0.000,0.043,0.165,0.000,6.363,0.043,6.235,0.085,8120,15600,,1.00,1,1,4112x2570,P,1
2207,16.132,2.602,0.675,0.119,0.000,0.037,0.122,0.000,6.361,0.038,6.238,0.086,8120,15600,,1.00,1,1,4112x2570,P,1
2208,16.470,2.122,0.646,0.113,0.000,0.036,0.135,0.000,6.358,0.043,6.230,0.085,8120,15600,,1.00,1,1,4112x2570,P,1
2209,16.359,2.544,0.693,0.125,0.000,0.042,0.109,0.000,6.357,0.042,6.232,0.083,8120,15600,,1.00,1,1,4112x2570,P,1
2210,16.428,1.943,0.617,0.119,0.000,0.035,0.116,0.000,6.351,0.042,6.223,0.086,8120,15600,,1.00,1,1,4112x2570,P,1
2211,16.649,2.320,0.686,0.129,0.000,0.036,0.163,0.000,6.352,0.041,6.224,0.087,8120,15600,,1.00,1,1,4112x2570,P,1
2212,16.238,2.243,0.732,0.122,0.000,0.037,0.149,0.000,6.349,0.038,6.226,0.085,8120,15600,,1.00,1,1,4112x2570,P,1
2213,16.511,2.425,0.686,0.125,0.000,0.038,0.153,0.000,6.359,0.042,6.232,0.086,8120,15600,,1.00,1,1,4112x2570,P,1
2214,16.069,2.259,0.639,0.114,0.000,0.036,0.129,0.000,6.347,0.039,6.223,0.085,8120,15600,,1.00,1,1,4112x2570,P,1
2215,16.282,2.339,0.744,0.121,0.000,0.040,0.100,0.000,6.347,0.042,6.219,0.086,8120,15600,,1.00,1,1,4112x2570,P,1
2216,16.433,1.817,0.588,0.110,0.000,0.034,0.122,0.000,6.347,0.042,6.220,0.085,8120,15600,,1.00,1,1,4112x2570,P,1
2217,16.111,1.890,0.583,0.102,0.000,0.034,0.065,0.000,6.351,0.038,6.228,0.085,8120,15600,,1.00,1,1,4112x2570,P,1
2218,16.348,0.997,0.320,0.063,0.000,0.019,0.069,0.000,6.350,0.041,6.224,0.084,8120,15600,,1.00,1,1,4112x2570,P,1
2219,16.523,0.881,0.306,0.054,0.000,0.015,0.056,0.000,6.357,0.039,6.233,0.085,8120,15600,,1.00,1,1,4112x2570,P,1
2220,16.753,1.020,0.314,0.061,0.000,0.019,0.071,0.000,6.351,0.041,6.223,0.087,8120,15600,,1.00,1,1,4112x2570,P,1
2221,16.363,0.983,0.329,0.074,0.000,0.023,0.056,0.000,6.351,0.041,6.227,0.083,8120,15600,,1.00,1,1,4112x2570,P,1
2222,16.375,1.125,0.345,0.074,0.000,0.020,0.048,0.000,6.357,0.043,6.229,0.084,8120,15600,,1.00,1,1,4112x2570,P,1
2223,16.557,1.000,0.345,0.060,0.000,0.015,0.049,0.000,6.349,0.039,6.225,0.085,8120,15600,,1.00,1,1,4112x2570,P,1
2224,16.602,1.159,0.364,0.062,0.000,0.019,0.059,0.000,6.356,0.038,6.234,0.084,8120,15600,,1.00,1,1,4112x2570,P,1
2225,16.453,1.111,0.382,0.066,0.000,0.019,0.053,0.000,6.359,0.038,6.236,0.086,8120,15600,,1.00,1,1,4112x2570,P,1
2226,16.590,1.021,0.358,0.054,0.000,0.015,0.050,0.000,6.353,0.038,6.230,0.085,8120,15600,,1.00,1,1,4112x2570,P,1
2227,16.501,1.161,0.364,0.062,0.000,0.022,0.047,0.000,6.359,0.042,6.233,0.084,8120,15600,,1.00,1,1,4112x2570,P,1
2228,16.618,0.925,0.301,0.054,0.000,0.016,0.061,0.000,6.357,0.041,6.230,0.085,8120,15600,,1.00,1,1,4112x2570,P,1
2229,16.561,1.012,0.336,0.069,0.000,0.021,0.065,0.000,6.356,0.043,6.227,0.086,8120,15600,,1.00,1,1,4112x2570,P,1
2230,16.361,1.142,0.346,0.079,0.000,0.025,0.052,0.000,6.350,0.038,6.227,0.085,8120,15600,,1.00,1,1,4112x2570,P,1
2231,16.533,1.016,0.327,0.060,0.000,0.018,0.052,0.000,6.353,0.038,6.228,0.087,8120,15600,,1.00,1,1,4112x2570,P,1
2232,16.508,1.062,0.346,0.059,0.000,0.018,0.047,0.000,6.353,0.042,6.226,0.085,8120,15600,,1.00,1,1,4112x2570,P,1
2233,16.574,0.953,0.321,0.050,0.000,0.015,0.050,0.000,6.356,0.038,6.231,0.086,8120,15600,,1.00,1,1,4112x2570,P,1
2234,16.549,0.969,0.333,0.055,0.000,0.015,0.058,0.000,6.363,0.041,6.237,0.084,8120,15600,,1.00,1,1,4112x2570,P,1
2235,16.577,0.954,0.300,0.053,0.000,0.016,0.058,0.000,6.354,0.041,6.229,0.084,8120,15600,,1.00,1,1,4112x2570,P,1
2236,16.559,1.099,0.340,0.076,0.000,0.022,0.055,0.000,6.361,0.042,6.234,0.085,8120,15600,,1.00,1,1,4112x2570,P,1
2237,16.468,0.903,0.305,0.055,0.000,0.017,0.061,0.000,6.361,0.041,6.235,0.085,8120,15600,,1.00,1,1,4112x2570,P,1
2238,16.504,0.995,0.319,0.065,0.000,0.020,0.052,0.000,6.358,0.038,6.237,0.083,8120,15600,,1.00,1,1,4112x2570,P,1
2239,16.628,0.945,0.325,0.060,0.000,0.019,0.079,0.000,6.364,0.042,6.236,0.085,8120,15600,,1.00,1,1,4112x2570,P,1
2240,16.422,1.165,0.398,0.064,0.000,0.021,0.063,0.000,6.352,0.041,6.226,0.085,8120,15600,,1.00,1,1,4112x2570,P,1
2241,16.568,0.910,0.360,0.055,0.000,0.018,0.054,0.000,6.355,0.042,6.227,0.086,8120,15600,,1.00,1,1,4112x2570,P,1
2242,16.550,1.036,0.324,0.052,0.000,0.015,0.050,0.000,6.341,0.042,6.216,0.084,8120,15600,,1.00,1,1,4112x2570,P,1
2243,16.493,1.057,0.349,0.073,0.000,0.020,0.051,0.000,6.336,0.042,6.209,0.085,8120,15600,,1.00,1,1,4112x2570,P,1
2244,16.509,1.008,0.345,0.059,0.000,0.017,0.067,0.000,6.342,0.043,6.214,0.086,8120,15600,,1.00,1,1,4112x2570,P,1
2245,16.594,1.084,0.358,0.059,0.000,0.024,0.067,0.000,6.334,0.041,6.208,0.085,8120,15600,,1.00,1,1,4112x2570,P,1
2246,16.482,0.986,0.336,0.051,0.000,0.017,0.053,0.000,6.334,0.041,6.207,0.086,8120,15600,,1.00,1,1,4112x2570,P,1
2247,16.528,1.047,0.353,0.057,0.000,0.021,0.044,0.000,6.338,0.038,6.215,0.085,8120,15600,,1.00,1,1,4112x2570,P,1
2248,16.629,0.946,0.334,0.049,0.000,0.016,0.055,0.000,6.338,0.041,6.213,0.085,8120,15600,,1.00,1,1,4112x2570,P,1
2249,16.449,1.069,0.357,0.045,0.000,0.015,0.054,0.000,6.336,0.042,6.210,0.084,8120,15600,,1.00,1,1,4112x2570,P,1
2250,16.614,0.953,0.338,0.040,0.000,0.014,0.045,0.000,6.340,0.042,6.211,0.086,8120,15600,,1.00,1,1,4112x2570,P,1
2251,16.638,1.022,0.334,0.046,0.000,0.015,0.050,0.000,6.331,0.042,6.203,0.085,8120,15600,,1.00,1,1,4112x2570,P,1
2252,16.585,0.866,0.305,0.056,0.000,0.016,0.079,0.000,6.328,0.042,6.200,0.086,8120,15600,,1.00,1,1,4112x2570,P,1
2253,16.587,0.847,0.300,0.057,0.000,0.018,0.068,0.000,6.326,0.043,6.200,0.083,8120,15600,,1.00,1,1,4112x2570,P,1
2254,16.495,0.903,0.322,0.066,0.000,0.019,0.061,0.000,6.320,0.042,6.192,0.087,8120,15600,,1.00,1,1,4112x2570,P,1
2255,16.432,1.137,0.383,0.068,0.000,0.020,0.064,0.000,6.322,0.043,6.195,0.084,8120,15600,,1.00,1,1,4112x2570,P,1
2256,16.521,1.054,0.327,0.062,0.000,0.020,0.053,0.000,6.317,0.042,6.190,0.085,8120,15600,,1.00,1,1,4112x2570,P,1
2257,16.583,0.973,0.335,0.052,0.000,0.017,0.058,0.000,6.316,0.042,6.189,0.085,8120,15600,,1.00,1,1,4112x2570,P,1
2258,16.511,1.077,0.353,0.053,0.000,0.018,0.046,0.000,6.311,0.042,6.183,0.086,8120,15600,,1.00,1,1,4112x2570,P,1
2259,17.185,1.006,0.355,0.054,0.000,0.018,0.116,0.000,6.310,0.039,6.185,0.086,8120,15600,,1.00,1,1,4112x2570,P,1
2260,16.416,1.909,0.610,0.100,0.000,0.036,0.150,0.000,6.312,0.041,6.182,0.089,8120,15600,,1.00,1,1,4112x2570,P,1
2261,16.623,2.062,0.623,0.117,0.000,0.036,0.128,0.000,6.306,0.041,6.180,0.085,8120,15600,,1.00,1,1,4112x2570,P,1
2262,16.757,2.137,0.667,0.118,0.000,0.036,0.189,0.000,6.299,0.041,6.173,0.085,8120,15600,,1.00,1,1,4112x2570,P,1
2263,16.546,2.833,0.661,0.122,0.000,0.037,0.138,0.000,6.311,0.042,6.184,0.085,8120,15600,,1.00,1,1,4112x2570,P,1
2264,16.515,2.498,0.649,0.113,0.000,0.035,0.122,0.000,6.306,0.042,6.179,0.085,8120,15600,,1.00,1,1,4112x2570,P,1
2265,16.742,2.422,0.752,0.114,0.000,0.037,0.131,0.000,6.302,0.042,6.175,0.085,8120,15600,,1.00,1,1,4112x2570,P,1
2266,16.567,2.724,0.707,0.103,0.000,0.033,0.125,0.000,6.307,0.037,6.184,0.086,8120,15600,,1.00,1,1,4112x2570,P,1
2267,16.569,2.122,0.681,0.109,0.000,0.036,0.110,0.000,6.305,0.041,6.179,0.085,8120,15600,,1.00,1,1,4112x2570,P,1
2268,16.808,2.232,0.652,0.103,0.000,0.033,0.147,0.000,6.313,0.042,6.186,0.085,8120,15600,,1.00,1,1,4112x2570,P,1
2269,16.361,2.811,0.687,0.126,0.000,0.041,0.137,0.000,6.308,0.038,6.186,0.085,8120,15600,,1.00,1,1,4112x2570,P,1
2270,16.172,0.904,0.332,0.064,0.000,0.019,0.054,0.000,6.306,0.041,6.180,0.084,8120,15600,,1.00,1,1,4112x2570,P,1
2271,16.689,0.959,0.308,0.060,0.000,0.017,0.086,0.000,6.313,0.042,6.187,0.084,8120,15600,,1.00,1,1,4112x2570,P,1
2272,16.656,0.847,0.306,0.062,0.000,0.020,0.060,0.000,9.578,0.041,9.412,0.125,8120,15600,,1.00,1,1,4112x2570,P,1
2273,16.638,0.799,0.302,0.064,0.000,0.017,0.067,0.000,2.101,0.014,1.985,0.101,8120,15600,,1.00,1,1,4112x2570,P,1
2274,16.611,1.044,0.325,0.068,0.000,0.019,0.057,0.000,2.044,0.014,1.985,0.046,8120,15600,,1.00,1,1,4112x2570,P,1
2275,16.670,0.929,0.317,0.069,0.000,0.021,0.070,0.000,2.132,0.016,2.070,0.045,8120,15600,,1.00,1,1,4112x2570,P,1
2276,16.671,1.024,0.322,0.085,0.000,0.024,0.166,0.000,2.333,0.016,2.269,0.048,8120,15600,,1.00,1,1,4112x2570,P,1
2277,16.369,1.000,0.352,0.086,0.000,0.026,0.056,0.000,2.336,0.016,2.270,0.050,8120,15600,,1.00,1,1,4112x2570,P,1
2278,16.357,1.009,0.320,0.073,0.000,0.022,0.071,0.000,2.334,0.016,2.270,0.049,8120,15600,drag_snap,1.00,1,0,4112x2570,P,1
2279,16.612,1.073,0.325,0.072,0.000,0.021,0.053,0.000,2.317,0.016,2.253,0.048,8120,15600,,1.00,1,0,4112x2570,P,1
2280,16.627,1.066,0.314,0.068,0.000,0.019,0.052,0.000,2.683,0.017,2.615,0.051,8120,15600,,1.00,1,0,4112x2570,P,1
2281,16.818,0.891,0.360,0.060,0.000,0.017,0.076,0.000,2.683,0.017,2.614,0.052,8120,15600,,1.00,1,0,4112x2570,P,1
2282,16.553,0.889,0.316,0.075,0.000,0.021,0.058,0.000,2.681,0.017,2.611,0.053,8120,15600,,1.00,1,0,4112x2570,P,1
2283,16.730,0.876,0.313,0.067,0.000,0.023,0.066,0.000,3.264,0.022,3.191,0.051,8120,15600,,1.00,1,0,4112x2570,P,1
2284,16.602,1.062,0.317,0.075,0.000,0.023,0.064,0.000,3.442,0.022,3.363,0.057,8120,15600,,1.00,1,0,4112x2570,P,1
2285,16.632,1.049,0.339,0.079,0.000,0.023,0.057,0.000,3.441,0.022,3.362,0.057,8120,15600,,1.00,1,0,4112x2570,P,1
2286,16.664,1.021,0.343,0.066,0.000,0.021,0.063,0.000,3.442,0.022,3.364,0.057,8120,15600,,1.00,1,0,4112x2570,P,1
2287,16.714,0.970,0.332,0.056,0.000,0.017,0.053,0.000,4.426,0.037,4.332,0.056,8120,15600,,1.00,1,0,4112x2570,P,1
2288,16.659,1.004,0.313,0.072,0.000,0.020,0.069,0.000,6.054,0.042,5.954,0.058,8120,15600,,1.00,1,0,4112x2570,P,1
2289,16.741,1.001,0.304,0.070,0.000,0.021,0.088,0.000,6.265,0.043,6.139,0.083,8120,15600,,1.00,1,0,4112x2570,P,1
2290,16.451,1.052,0.325,0.082,0.000,0.021,0.075,0.000,6.262,0.041,6.136,0.085,8120,15600,,1.00,1,0,4112x2570,P,1
2291,16.590,1.143,0.330,0.071,0.000,0.019,0.075,0.000,6.268,0.042,6.141,0.085,8120,15600,,1.00,1,0,4112x2570,P,1
2292,16.626,0.968,0.342,0.056,0.000,0.019,0.057,0.000,6.271,0.042,6.145,0.084,8120,15600,,1.00,1,0,4112x2570,P,1
2293,16.781,1.029,0.340,0.059,0.000,0.019,0.077,0.000,6.266,0.043,6.139,0.084,8120,15600,,1.00,1,0,4112x2570,P,1
2294,16.662,0.893,0.309,0.067,0.000,0.021,0.075,0.000,6.268,0.038,6.145,0.085,8120,15600,,1.00,1,0,4112x2570,P,1
2295,16.441,0.924,0.304,0.070,0.000,0.022,0.051,0.000,6.264,0.042,6.140,0.083,8120,15600,,1.00,1,0,4112x2570,P,1
2296,16.524,0.934,0.337,0.073,0.000,0.022,0.067,0.000,6.261,0.038,6.140,0.083,8120,15600,,1.00,1,0,4112x2570,P,1
2297,16.408,0.994,0.317,0.072,0.000,0.023,0.065,0.000,6.260,0.042,6.135,0.083,8120,15600,,1.00,1,0,4112x2570,P,1
2298,16.557,0.936,0.320,0.071,0.000,0.021,0.065,0.000,6.260,0.039,6.138,0.083,8120,15600,,1.00,1,0,4112x2570,P,1
2299,16.536,1.117,0.318,0.077,0.000,0.025,0.070,0.000,6.263,0.042,6.136,0.086,8120,15600,,1.00,1,0,4112x2570,P,1
2300,16.385,1.120,0.355,0.068,0.000,0.022,0.067,0.000,6.263,0.041,6.137,0.085,8120,15600,,1.00,1,0,4112x2570,P,1
2301,16.416,0.970,0.319,0.065,0.000,0.019,0.061,0.000,6.265,0.039,6.142,0.084,8120,15600,,1.00,1,0,4112x2570,P,1
2302,16.575,0.884,0.313,0.070,0.000,0.020,0.067,0.000,6.267,0.042,6.141,0.083,8120,15600,,1.00,1,0,4112x2570,P,1
2303,16.399,1.091,0.367,0.079,0.000,0.024,0.051,0.000,6.267,0.041,6.141,0.084,8120,15600,,1.00,1,0,4112x2570,P,1
2304,16.525,1.118,0.331,0.065,0.000,0.021,0.057,0.000,6.267,0.042,6.140,0.085,8120,15600,,1.00,1,0,4112x2570,P,1
2305,8.487,0.898,0.334,0.056,0.000,0.016,0.057,0.000,6.263,0.040,6.138,0.085,8120,15600,,1.00,1,0,4112x2570,P,1
2306,24.749,0.000,0.346,0.060,0.000,0.018,0.058,0.000,6.264,0.042,6.137,0.085,8120,15600,,1.00,1,0,4112x2570,P,1
2307,16.661,1.723,0.329,0.074,0.000,0.023,0.067,0.000,6.264,0.042,6.138,0.083,8120,15600,,1.00,1,0,4112x2570,P,1
2308,8.651,0.964,0.311,0.074,0.037,0.024,0.057,0.000,6.267,0.041,6.141,0.085,8120,15600,,1.00,1,0,4112x2570,P,1
2309,24.612,0.000,0.329,0.061,0.000,0.016,0.066,0.000,6.265,0.041,6.141,0.084,8120,15600,,1.00,1,0,4112x2570,P,1
2310,16.608,2.010,0.353,0.081,0.000,0.024,0.062,0.000,6.266,0.043,6.140,0.084,8120,15600,,1.00,1,0,4112x2570,P,1
2311,16.546,1.078,0.353,0.063,0.000,0.021,0.052,0.000,6.269,0.043,6.141,0.085,8120,15600,,1.00,1,0,4112x2570,P,1
2312,16.694,0.894,0.338,0.056,0.000,0.016,0.055,0.000,6.258,0.041,6.131,0.086,8120,15600,,1.00,1,0,4112x2570,P,1
2313,16.599,1.108,0.347,0.054,0.000,0.019,0.052,0.000,6.273,0.042,6.144,0.087,8120,15600,,1.00,1,0,4112x2570,P,1
2314,16.650,0.928,0.348,0.055,0.000,0.019,0.048,0.000,6.269,0.043,6.141,0.085,8120,15600,,1.00,1,0,4112x2570,P,1
2315,17.187,1.123,0.352,0.049,0.000,0.016,0.104,0.000,6.270,0.043,6.141,0.086,8120,15600,,1.00,1,0,4112x2570,P,1
2316,16.722,1.905,0.594,0.100,0.000,0.037,0.150,0.000,6.267,0.042,6.141,0.084,8120,15600,,1.00,1,0,4112x2570,P,1
2317,16.731,2.300,0.611,0.122,0.000,0.040,0.138,0.000,6.262,0.040,6.137,0.085,8120,15600,,1.00,1,0,4112x2570,P,1
2318,16.387,2.497,0.690,0.117,0.000,0.038,0.109,0.000,6.265,0.042,6.138,0.085,8120,15600,,1.00,1,0,4112x2570,P,1
2319,16.248,2.128,0.679,0.122,0.000,0.041,0.133,0.000,6.264,0.042,6.136,0.086,8120,15600,,1.00,1,0,4112x2570,P,1
2320,15.910,1.068,0.391,0.071,0.000,0.021,0.050,0.000,6.263,0.043,6.136,0.084,8120,15600,,1.00,1,0,4112x2570,P,1
2321,16.529,0.947,0.356,0.062,0.000,0.017,0.046,0.000,6.267,0.042,6.140,0.086,8120,15600,,1.00,1,0,4112x2570,P,1
2322,16.628,0.783,0.323,0.058,0.000,0.017,0.120,0.000,6.275,0.042,6.147,0.086,8120,15600,,1.00,1,0,4112x2570,P,1
2323,16.504,0.881,0.328,0.062,0.000,0.018,0.050,0.000,6.264,0.042,6.135,0.087,8120,15600,,1.00,1,0,4112x2570,P,1
2324,16.528,0.993,0.369,0.067,0.000,0.016,0.078,0.000,6.270,0.042,6.141,0.087,8120,15600,,1.00,1,0,4112x2570,P,1
2325,16.710,0.847,0.297,0.048,0.000,0.015,0.050,0.000,6.267,0.041,6.141,0.085,8120,15600,,1.00,1,0,4112x2570,P,1
2326,16.682,1.125,0.339,0.061,0.000,0.024,0.056,0.000,6.261,0.038,6.137,0.086,8120,15600,,1.00,1,0,4112x2570,P,1
2327,16.540,1.073,0.349,0.066,0.000,0.019,0.046,0.000,6.261,0.038,6.138,0.085,8120,15600,,1.00,1,0,4112x2570,P,1
2328,16.731,0.896,0.366,0.047,0.000,0.015,0.050,0.000,6.269,0.042,6.140,0.086,8120,15600,,1.00,1,0,4112x2570,P,1
2329,16.648,1.046,0.341,0.051,0.000,0.015,0.053,0.000,6.269,0.042,6.140,0.087,8120,15600,,1.00,1,0,4112x2570,P,1
2330,16.750,0.877,0.370,0.045,0.000,0.014,0.063,0.000,6.265,0.042,6.140,0.083,8120,15600,,1.00,1,0,4112x2570,P,1
2331,16.578,1.085,0.340,0.060,0.000,0.019,0.066,0.000,6.272,0.042,6.146,0.084,8120,15600,,1.00,1,0,4112x2570,P,1
2332,16.671,0.850,0.339,0.050,0.000,0.015,0.072,0.000,6.267,0.041,6.141,0.086,8120,15600,,1.00,1,0,4112x2570,P,1
2333,16.664,0.935,0.346,0.059,0.000,0.017,0.057,0.000,6.266,0.041,6.140,0.085,8120,15600,,1.00,1,0,4112x2570,P,1
2334,16.599,0.839,0.345,0.044,0.000,0.018,0.062,0.000,6.263,0.042,6.136,0.085,8120,15600,,1.00,1,0,4112x2570,P,1
2335,16.737,0.892,0.339,0.048,0.000,0.016,0.065,0.000,6.260,0.038,6.137,0.084,8120,15600,,1.00,1,0,4112x2570,P,1
2336,16.571,0.807,0.344,0.059,0.000,0.016,0.059,0.000,6.268,0.038,6.143,0.086,8120,15600,,1.00,1,0,4112x2570,P,1
2337,16.605,0.827,0.331,0.053,0.000,0.015,0.055,0.000,6.267,0.041,6.139,0.087,8120,15600,,1.00,1,0,4112x2570,P,1
2338,17.196,0.809,0.355,0.047,0.000,0.014,0.117,0.000,6.268,0.041,6.141,0.087,8120,15600,,1.00,1,0,4112x2570,P,1
2339,16.711,1.883,0.599,0.098,0.000,0.036,0.122,0.000,6.278,0.043,6.149,0.085,8120,15600,,1.00,1,0,4112x2570,P,1
2340,16.697,1.957,0.667,0.113,0.000,0.037,0.136,0.000,6.272,0.042,6.142,0.087,8120,15600,,1.00,1,0,4112x2570,P,1
2341,16.640,2.381,0.681,0.137,0.000,0.041,0.136,0.000,6.264,0.040,6.138,0.086,8120,15600,,1.00,1,0,4112x2570,P,1
2342,16.821,2.416,0.707,0.127,0.000,0.040,0.159,0.000,6.264,0.041,6.137,0.085,8120,15600,,1.00,1,0,4112x2570,P,1
2343,16.442,2.422,0.718,0.126,0.000,0.044,0.130,0.000,6.272,0.040,6.146,0.085,8120,15600,,1.00,1,0,4112x2570,P,1
2344,16.918,2.124,0.737,0.132,0.000,0.043,0.165,0.000,6.269,0.042,6.142,0.085,8120,15600,,1.00,1,0,4112x2570,P,1
2345,16.360,2.529,0.700,0.133,0.000,0.046,0.129,0.000,6.264,0.038,6.142,0.085,8120,15600,,1.00,1,0,4112x2570,P,1
2346,16.075,2.434,0.776,0.134,0.000,0.044,0.065,0.000,6.266,0.040,6.140,0.086,8120,15600,,1.00,1,0,4112x2570,P,1
2347,16.645,0.832,0.370,0.072,0.000,0.017,0.051,0.000,6.264,0.042,6.136,0.086,8120,15600,,1.00,1,0,4112x2570,P,1
2348,16.614,1.115,0.382,0.069,0.000,0.019,0.052,0.000,6.275,0.042,6.147,0.086,8120,15600,,1.00,1,0,4112x2570,P,1
2349,16.712,0.811,0.313,0.062,0.000,0.018,0.073,0.000,6.271,0.042,6.142,0.087,8120,15600,,1.00,1,0,4112x2570,P,1
2350,16.504,0.865,0.342,0.067,0.000,0.020,0.047,0.000,6.264,0.042,6.136,0.086,8120,15600,,1.00,1,0,4112x2570,P,1
2351,16.695,0.773,0.328,0.054,0.000,0.015,0.055,0.000,6.265,0.038,6.141,0.086,8120,15600,,1.00,1,0,4112x2570,P,1
2352,16.599,1.032,0.336,0.070,0.000,0.020,0.059,0.000,6.263,0.037,6.140,0.086,8120,15600,,1.00,1,0,4112x2570,P,1
2353,16.706,0.804,0.351,0.052,0.000,0.014,0.056,0.000,6.265,0.042,6.137,0.086,8120,15600,,1.00,1,0,4112x2570,P,1
2354,16.682,1.080,0.327,0.068,0.000,0.019,0.061,0.000,6.268,0.042,6.143,0.084,8120,15600,,1.00,1,0,4112x2570,P,1
2355,16.680,0.860,0.293,0.055,0.000,0.016,0.048,0.000,6.262,0.042,6.135,0.085,8120,15600,,1.00,1,0,4112x2570,P,1
2356,16.580,1.080,0.331,0.064,0.000,0.019,0.071,0.000,6.264,0.042,6.137,0.086,8120,15600,,1.00,1,0,4112x2570,P,1
2357,16.709,0.840,0.319,0.064,0.000,0.019,0.074,0.000,6.267,0.042,6.140,0.084,8120,15600,,1.00,1,0,4112x2570,P,1
2358,16.617,0.819,0.313,0.053,0.000,0.015,0.053,0.000,6.265,0.042,6.140,0.083,8120,15600,,1.00,1,0,4112x2570,P,1
2359,16.606,1.000,0.299,0.061,0.000,0.017,0.046,0.000,6.267,0.042,6.141,0.084,8120,15600,,1.00,1,0,4112x2570,P,1
2360,16.725,0.855,0.369,0.057,0.000,0.018,0.053,0.000,6.269,0.042,6.141,0.085,8120,15600,,1.00,1,0,4112x2570,P,1
2361,16.653,1.059,0.341,0.057,0.000,0.018,0.047,0.000,6.269,0.041,6.144,0.084,8120,15600,,1.00,1,0,4112x2570,P,1
2362,16.638,0.873,0.342,0.047,0.000,0.014,0.062,0.000,6.263,0.041,6.137,0.085,8120,15600,,1.00,1,0,4112x2570,P,1
2363,16.603,0.939,0.345,0.070,0.000,0.021,0.049,0.000,6.268,0.038,6.144,0.086,8120,15600,,1.00,1,0,4112x2570,P,1
2364,16.676,0.860,0.317,0.050,0.000,0.016,0.043,0.000,6.269,0.044,6.140,0.086,8120,15600,,1.00,1,0,4112x2570,P,1
2365,16.593,0.840,0.362,0.049,0.000,0.015,0.046,0.000,6.270,0.042,6.142,0.086,8120,15600,,1.00,1,0,4112x2570,P,1
2366,16.700,0.816,0.332,0.045,0.000,0.014,0.045,0.000,6.265,0.042,6.138,0.086,8120,15600,,1.00,1,0,4112x2570,P,1
2367,16.670,0.812,0.340,0.045,0.000,0.014,0.047,0.000,6.268,0.042,6.141,0.084,8120,15600,,1.00,1,0,4112x2570,P,1
2368,16.672,0.884,0.364,0.047,0.000,0.015,0.040,0.000,6.260,0.041,6.134,0.085,8120,15600,,1.00,1,0,4112x2570,P,1
2369,16.640,0.810,0.351,0.045,0.000,0.015,0.044,0.000,6.277,0.044,6.148,0.085,8120,15600,,1.00,1,0,4112x2570,P,1
2370,16.695,0.831,0.357,0.042,0.000,0.013,0.051,0.000,6.272,0.042,6.146,0.085,8120,15600,,1.00,1,0,4112x2570,P,1
2371,16.612,0.949,0.329,0.051,0.000,0.016,0.040,0.000,6.266,0.038,6.143,0.085,8120,15600,,1.00,1,0,4112x2570,P,1
2372,17.094,0.851,0.329,0.041,0.000,0.014,0.112,0.000,6.265,0.041,6.139,0.085,8120,15600,,1.00,1,0,4112x2570,P,1
2373,16.760,2.088,0.728,0.106,0.000,0.038,0.119,0.000,6.264,0.042,6.137,0.085,8120,15600,,1.00,1,0,4112x2570,P,1
2374,16.160,1.944,0.652,0.117,0.000,0.040,0.056,0.000,6.265,0.042,6.137,0.085,8120,15600,,1.00,1,0,4112x2570,P,1
2375,24.999,0.768,0.308,0.061,0.000,0.018,0.049,0.000,6.268,0.037,6.144,0.087,8120,15600,,1.00,1,0,4112x2570,P,1
2376,16.694,0.732,0.311,0.061,0.000,0.018,0.062,0.000,6.268,0.041,6.143,0.084,8120,15600,,1.00,1,0,4112x2570,P,1
2377,24.904,0.764,0.313,0.061,0.000,0.017,0.058,0.000,6.268,0.042,6.141,0.085,8120,15600,,1.00,1,0,4112x2570,P,1
2378,16.612,1.448,0.316,0.060,0.000,0.017,0.055,0.000,6.261,0.037,6.137,0.086,8120,15600,,1.00,1,0,4112x2570,P,1
2379,16.660,0.717,0.302,0.056,0.000,0.015,0.059,0.000,6.270,0.041,6.142,0.086,8120,15600,,1.00,1,0,4112x2570,P,1
2380,16.712,0.715,0.319,0.056,0.000,0.017,0.061,0.000,6.261,0.042,6.137,0.082,8120,15600,,1.00,1,0,4112x2570,P,1
2381,16.678,0.778,0.312,0.059,0.000,0.017,0.063,0.000,6.262,0.038,6.141,0.084,8120,15600,,1.00,1,0,4112x2570,P,1
2382,16.659,0.740,0.326,0.058,0.000,0.019,0.058,0.000,6.272,0.042,6.146,0.084,8120,15600,,1.00,1,0,4112x2570,P,1
2383,16.607,1.125,0.350,0.067,0.000,0.020,0.064,0.000,6.267,0.038,6.145,0.084,8120,15600,,1.00,1,0,4112x2570,P,1
2384,16.697,1.131,0.331,0.055,0.000,0.019,0.165,0.000,6.265,0.041,6.138,0.086,8120,15600,,1.00,1,0,4112x2570,P,1
2385,16.640,0.912,0.334,0.054,0.000,0.016,0.064,0.000,6.271,0.040,6.145,0.086,8120,15600,,1.00,1,0,4112x2570,P,1
2386,16.541,1.062,0.347,0.062,0.000,0.019,0.049,0.000,6.265,0.042,6.138,0.085,8120,15600,,1.00,1,0,4112x2570,P,1
2387,16.694,0.808,0.359,0.049,0.000,0.015,0.051,0.000,6.269,0.043,6.141,0.085,8120,15600,,1.00,1,0,4112x2570,P,1
2388,16.623,0.955,0.348,0.057,0.000,0.017,0.044,0.000,6.266,0.041,6.140,0.085,8120,15600,,1.00,1,0,4112x2570,P,1
2389,16.659,0.731,0.365,0.046,0.000,0.014,0.057,0.000,6.265,0.038,6.144,0.084,8120,15600,,1.00,1,0,4112x2570,P,1
2390,16.631,0.803,0.339,0.046,0.000,0.014,0.047,0.000,6.262,0.042,6.135,0.085,8120,15600,,1.00,1,0,4112x2570,P,1
2391,16.669,0.811,0.333,0.041,0.000,0.011,0.052,0.000,6.264,0.041,6.139,0.084,8120,15600,,1.00,1,0,4112x2570,P,1
2392,16.622,0.979,0.347,0.046,0.000,0.015,0.042,0.000,6.266,0.041,6.141,0.085,8120,15600,,1.00,1,0,4112x2570,P,1
2393,16.638,0.765,0.327,0.045,0.000,0.014,0.052,0.000,6.266,0.041,6.139,0.085,8120,15600,,1.00,1,0,4112x2570,P,1
2394,16.778,0.924,0.361,0.053,0.000,0.017,0.058,0.000,6.267,0.042,6.140,0.085,8120,15600,,1.00,1,0,4112x2570,P,1
2395,16.591,0.775,0.333,0.053,0.000,0.017,0.065,0.000,6.263,0.043,6.136,0.085,8120,15600,,1.00,1,0,4112x2570,P,1
2396,16.628,0.817,0.346,0.056,0.000,0.015,0.058,0.000,6.266,0.043,6.140,0.083,8120,15600,,1.00,1,0,4112x2570,P,1
2397,16.434,0.772,0.307,0.056,0.000,0.017,0.070,0.000,6.263,0.042,6.136,0.085,8120,15600,tshadow_off,1.00,1,0,4112x2570,N,2
2398,16.554,0.845,0.379,0.060,0.000,0.018,0.069,0.000,3.061,0.041,2.937,0.084,8120,15600,,1.00,1,0,4112x2570,N,2
2399,16.652,1.060,0.355,0.059,0.000,0.017,0.054,0.000,3.063,0.042,2.937,0.084,8120,15600,,1.00,1,0,4112x2570,N,2
2400,17.114,1.477,0.621,0.103,0.000,0.035,0.108,0.000,3.058,0.042,2.931,0.085,8120,15600,,1.00,1,0,4112x2570,N,2
2401,16.659,1.898,0.680,0.131,0.000,0.040,0.121,0.000,3.060,0.041,2.934,0.085,8120,15600,,1.00,1,0,4112x2570,N,2
2402,17.028,1.974,0.612,0.123,0.000,0.039,0.143,0.000,3.062,0.042,2.935,0.086,8120,15600,,1.00,1,0,4112x2570,N,2
2403,16.526,2.941,0.787,0.149,0.000,0.050,0.156,0.000,3.057,0.042,2.930,0.085,8120,15600,,1.00,1,0,4112x2570,N,2
2404,16.414,2.499,0.680,0.140,0.000,0.043,0.159,0.000,3.126,0.042,2.999,0.085,8120,15600,,1.00,1,0,4112x2570,N,2
2405,16.761,2.106,0.697,0.130,0.000,0.044,0.134,0.000,3.058,0.040,2.932,0.086,8120,15600,,1.00,1,0,4112x2570,N,2
2406,16.554,2.276,0.732,0.132,0.000,0.042,0.153,0.000,3.058,0.038,2.934,0.085,8120,15600,,1.00,1,0,4112x2570,N,2
2407,15.900,2.172,0.677,0.116,0.000,0.038,0.075,0.000,3.061,0.042,2.933,0.086,8120,15600,,1.00,1,0,4112x2570,N,2
2408,16.482,0.759,0.310,0.062,0.000,0.019,0.083,0.000,3.064,0.042,2.937,0.085,8120,15600,,1.00,1,0,4112x2570,N,2
2409,16.665,0.942,0.329,0.072,0.000,0.022,0.056,0.000,3.060,0.041,2.932,0.087,8120,15600,,1.00,1,0,4112x2570,N,2
2410,16.652,0.845,0.295,0.069,0.000,0.019,0.056,0.000,3.063,0.037,2.940,0.086,8120,15600,,1.00,1,0,4112x2570,N,2
2411,16.605,1.003,0.325,0.076,0.000,0.022,0.057,0.000,3.067,0.042,2.940,0.085,8120,15600,,1.00,1,0,4112x2570,N,2
2412,16.600,1.039,0.343,0.073,0.000,0.020,0.056,0.000,3.066,0.042,2.938,0.086,8120,15600,,1.00,1,0,4112x2570,N,2
2413,16.605,1.059,0.335,0.066,0.000,0.019,0.049,0.000,3.056,0.043,2.931,0.082,8120,15600,,1.00,1,0,4112x2570,N,2
2414,16.750,0.799,0.289,0.062,0.000,0.016,0.057,0.000,3.064,0.038,2.938,0.088,8120,15600,,1.00,1,0,4112x2570,N,2
2415,16.578,1.131,0.364,0.076,0.000,0.022,0.046,0.000,3.060,0.042,2.932,0.086,8120,15600,,1.00,1,0,4112x2570,N,2
2416,16.780,0.815,0.297,0.072,0.000,0.019,0.061,0.000,3.058,0.042,2.931,0.085,8120,15600,,1.00,1,0,4112x2570,N,2
2417,16.549,0.974,0.309,0.064,0.000,0.019,0.058,0.000,3.061,0.042,2.933,0.086,8120,15600,,1.00,1,0,4112x2570,N,2
2418,16.644,0.921,0.312,0.062,0.000,0.019,0.063,0.000,3.061,0.043,2.935,0.083,8120,15600,,1.00,1,0,4112x2570,N,2
2419,16.665,0.853,0.336,0.070,0.000,0.022,0.050,0.000,3.062,0.040,2.938,0.084,8120,15600,,1.00,1,0,4112x2570,N,2
2420,16.649,0.900,0.367,0.058,0.000,0.017,0.067,0.000,3.065,0.041,2.938,0.086,8120,15600,,1.00,1,0,4112x2570,N,2
2421,16.675,0.977,0.346,0.053,0.000,0.017,0.071,0.000,3.061,0.042,2.934,0.085,8120,15600,,1.00,1,0,4112x2570,N,2
2422,16.583,1.062,0.363,0.064,0.000,0.021,0.051,0.000,3.061,0.041,2.934,0.085,8120,15600,,1.00,1,0,4112x2570,N,2
2423,16.717,0.823,0.325,0.052,0.000,0.018,0.054,0.000,3.062,0.042,2.934,0.086,8120,15600,,1.00,1,0,4112x2570,N,2
2424,16.820,0.877,0.339,0.051,0.000,0.015,0.075,0.000,3.058,0.041,2.933,0.084,8120,15600,,1.00,1,0,4112x2570,N,2
2425,16.460,0.741,0.305,0.055,0.000,0.018,0.046,0.000,3.061,0.043,2.931,0.087,8120,15600,,1.00,1,0,4112x2570,N,2
2426,16.690,0.713,0.328,0.051,0.000,0.016,0.066,0.000,3.068,0.041,2.943,0.084,8120,15600,,1.00,1,0,4112x2570,N,2
2427,16.614,0.837,0.311,0.052,0.000,0.016,0.047,0.000,3.067,0.041,2.939,0.086,8120,15600,,1.00,1,0,4112x2570,N,2
2428,16.607,0.780,0.331,0.047,0.000,0.014,0.047,0.000,3.063,0.043,2.936,0.084,8120,15600,,1.00,1,0,4112x2570,N,2
2429,16.691,0.783,0.312,0.045,0.000,0.014,0.042,0.000,3.064,0.042,2.937,0.085,8120,15600,,1.00,1,0,4112x2570,N,2
2430,16.692,0.832,0.361,0.048,0.000,0.015,0.053,0.000,3.068,0.041,2.941,0.086,8120,15600,,1.00,1,0,4112x2570,N,2
2431,16.616,1.065,0.335,0.065,0.000,0.020,0.045,0.000,3.059,0.038,2.937,0.085,8120,15600,,1.00,1,0,4112x2570,N,2
2432,16.658,1.150,0.350,0.049,0.000,0.016,0.050,0.000,3.062,0.042,2.934,0.086,8120,15600,,1.00,1,0,4112x2570,N,2
2433,16.724,1.111,0.326,0.041,0.000,0.014,0.131,0.000,3.063,0.042,2.936,0.085,8120,15600,,1.00,1,0,4112x2570,N,2
2434,16.541,0.817,0.359,0.045,0.000,0.014,0.049,0.000,3.060,0.042,2.932,0.086,8120,15600,,1.00,1,0,4112x2570,N,2
2435,16.691,1.129,0.376,0.049,0.000,0.015,0.052,0.000,3.062,0.043,2.934,0.085,8120,15600,,1.00,1,0,4112x2570,N,2
2436,16.632,0.767,0.378,0.045,0.000,0.013,0.044,0.000,3.064,0.043,2.937,0.085,8120,15600,,1.00,1,0,4112x2570,N,2
2437,16.642,0.940,0.378,0.051,0.000,0.017,0.039,0.000,3.063,0.042,2.937,0.085,8120,15600,,1.00,1,0,4112x2570,N,2
2438,16.692,0.790,0.334,0.041,0.000,0.013,0.055,0.000,3.069,0.043,2.941,0.086,8120,15600,,1.00,1,0,4112x2570,N,2
2439,16.570,0.818,0.347,0.047,0.000,0.015,0.045,0.000,3.060,0.042,2.933,0.085,8120,15600,,1.00,1,0,4112x2570,N,2
2440,16.729,0.953,0.336,0.046,0.000,0.015,0.042,0.000,3.057,0.042,2.930,0.085,8120,15600,,1.00,1,0,4112x2570,N,2
2441,17.199,0.939,0.365,0.046,0.000,0.015,0.135,0.000,3.068,0.043,2.940,0.085,8120,15600,,1.00,1,0,4112x2570,N,2
2442,16.673,1.880,0.589,0.100,0.000,0.035,0.113,0.000,3.062,0.038,2.939,0.085,8120,15600,,1.00,1,0,4112x2570,N,2
2443,16.867,1.955,0.607,0.117,0.000,0.035,0.174,0.000,3.065,0.039,2.940,0.086,8120,15600,,1.00,1,0,4112x2570,N,2
2444,16.678,2.237,0.697,0.127,0.000,0.042,0.141,0.000,3.066,0.041,2.940,0.085,8120,15600,,1.00,1,0,4112x2570,N,2
2445,16.179,2.534,0.697,0.135,0.000,0.045,0.105,0.000,3.059,0.042,2.933,0.084,8120,15600,,1.00,1,0,4112x2570,N,2
2446,17.079,2.124,0.653,0.152,0.000,0.050,0.230,0.000,3.063,0.041,2.937,0.084,8120,15600,,1.00,1,0,4112x2570,N,2
2447,16.522,2.609,0.694,0.160,0.000,0.042,0.145,0.000,3.060,0.038,2.939,0.084,8120,15600,,1.00,1,0,4112x2570,N,2
2448,16.674,2.875,0.781,0.138,0.000,0.043,0.173,0.000,3.062,0.041,2.935,0.086,8120,15600,,1.00,1,0,4112x2570,N,2
2449,16.086,1.918,0.634,0.115,0.000,0.037,0.066,0.000,3.065,0.040,2.938,0.087,8120,15600,,1.00,1,0,4112x2570,N,2
2450,16.550,1.140,0.357,0.080,0.000,0.023,0.070,0.000,3.059,0.037,2.937,0.084,8120,15600,,1.00,1,0,4112x2570,N,2
2451,16.577,1.100,0.351,0.072,0.000,0.020,0.057,0.000,3.059,0.038,2.935,0.086,8120,15600,,1.00,1,0,4112x2570,N,2
2452,16.679,0.910,0.344,0.065,0.000,0.017,0.053,0.000,3.056,0.037,2.933,0.085,8120,15600,,1.00,1,0,4112x2570,N,2
2453,17.119,1.145,0.348,0.067,0.000,0.021,0.107,0.000,3.063,0.038,2.939,0.086,8120,15600,,1.00,1,0,4112x2570,N,2
2454,16.250,1.809,0.583,0.104,0.000,0.032,0.065,0.000,3.061,0.041,2.934,0.086,8120,15600,,1.00,1,0,4112x2570,N,2
2455,17.040,0.898,0.353,0.069,0.000,0.020,0.111,0.000,3.062,0.043,2.936,0.084,8120,15600,,1.00,1,0,4112x2570,N,2
2456,16.749,1.967,0.604,0.108,0.000,0.035,0.130,0.000,3.060,0.040,2.934,0.086,8120,15600,,1.00,1,0,4112x2570,N,2
2457,16.828,2.253,0.684,0.130,0.000,0.039,0.212,0.000,3.070,0.041,2.942,0.086,8120,15600,,1.00,1,0,4112x2570,N,2
2458,16.425,2.147,0.711,0.127,0.000,0.037,0.139,0.000,3.064,0.039,2.938,0.087,8120,15600,,1.00,1,0,4112x2570,N,2
2459,16.757,2.603,0.718,0.174,0.000,0.041,0.166,0.000,3.054,0.039,2.929,0.086,8120,15600,,1.00,1,0,4112x2570,N,2
2460,16.704,2.263,0.661,0.119,0.000,0.038,0.290,0.000,3.054,0.040,2.930,0.085,8120,15600,,1.00,1,0,4112x2570,N,2
2461,16.402,2.325,0.733,0.136,0.000,0.044,0.125,0.000,3.062,0.041,2.937,0.085,8120,15600,,1.00,1,0,4112x2570,N,2
2462,16.635,2.052,0.671,0.125,0.000,0.039,0.124,0.000,3.060,0.042,2.934,0.085,8120,15600,,1.00,1,0,4112x2570,N,2
2463,16.486,2.345,0.669,0.126,0.000,0.045,0.108,0.000,3.058,0.041,2.931,0.087,8120,15600,,1.00,1,0,4112x2570,N,2
2464,16.742,2.080,0.671,0.129,0.000,0.039,0.132,0.000,3.060,0.038,2.936,0.086,8120,15600,,1.00,1,0,4112x2570,N,2
2465,16.899,2.253,0.643,0.131,0.000,0.043,0.174,0.000,3.063,0.042,2.935,0.086,8120,15600,,1.00,1,0,4112x2570,N,2
2466,16.380,2.334,0.644,0.122,0.000,0.037,0.128,0.000,3.063,0.038,2.939,0.086,8120,15600,,1.00,1,0,4112x2570,N,2
2467,16.606,2.576,0.686,0.152,0.000,0.043,0.123,0.000,3.059,0.041,2.931,0.087,8120,15600,,1.00,1,0,4112x2570,N,2
2468,16.132,1.975,0.620,0.110,0.000,0.036,0.064,0.000,3.059,0.042,2.930,0.087,8120,15600,,1.00,1,0,4112x2570,N,2
2469,16.730,0.859,0.320,0.073,0.000,0.021,0.062,0.000,3.070,0.041,2.941,0.087,8120,15600,,1.00,1,0,4112x2570,N,2
2470,16.500,1.117,0.353,0.086,0.000,0.024,0.048,0.000,3.059,0.042,2.932,0.086,8120,15600,,1.00,1,0,4112x2570,N,2
2471,16.691,0.855,0.321,0.069,0.000,0.019,0.057,0.000,3.065,0.039,2.943,0.083,8120,15600,,1.00,1,0,4112x2570,N,2
2472,16.570,1.015,0.326,0.070,0.000,0.020,0.048,0.000,3.056,0.041,2.931,0.084,8120,15600,,1.00,1,0,4112x2570,N,2
2473,16.666,0.879,0.327,0.065,0.000,0.019,0.081,0.000,3.058,0.042,2.932,0.084,8120,15600,,1.00,1,0,4112x2570,N,2
2474,16.706,1.129,0.367,0.057,0.000,0.022,0.053,0.000,3.061,0.042,2.934,0.085,8120,15600,,1.00,1,0,4112x2570,N,2
2475,16.587,0.980,0.308,0.060,0.000,0.019,0.048,0.000,3.066,0.039,2.943,0.085,8120,15600,,1.00,1,0,4112x2570,N,2
2476,16.746,1.028,0.351,0.064,0.000,0.019,0.077,0.000,3.057,0.042,2.930,0.085,8120,15600,,1.00,1,0,4112x2570,N,2
2477,16.605,1.009,0.325,0.061,0.000,0.018,0.054,0.000,3.057,0.041,2.931,0.085,8120,15600,,1.00,1,0,4112x2570,N,2
2478,16.680,0.796,0.328,0.066,0.000,0.018,0.098,0.000,3.059,0.038,2.937,0.084,8120,15600,,1.00,1,0,4112x2570,N,2
2479,16.693,0.864,0.300,0.064,0.000,0.020,0.047,0.000,3.060,0.042,2.933,0.085,8120,15600,,1.00,1,0,4112x2570,N,2
2480,16.610,0.951,0.316,0.062,0.000,0.021,0.049,0.000,3.064,0.042,2.937,0.085,8120,15600,,1.00,1,0,4112x2570,N,2
2481,16.734,0.947,0.308,0.057,0.000,0.017,0.052,0.000,3.067,0.042,2.940,0.085,8120,15600,,1.00,1,0,4112x2570,N,2
2482,16.536,1.042,0.339,0.059,0.000,0.017,0.062,0.000,3.059,0.042,2.934,0.083,8120,15600,,1.00,1,0,4112x2570,N,2
2483,16.624,0.875,0.375,0.054,0.000,0.016,0.070,0.000,3.068,0.042,2.941,0.085,8120,15600,,1.00,1,0,4112x2570,N,2
2484,16.711,1.089,0.370,0.058,0.000,0.020,0.053,0.000,3.062,0.041,2.934,0.086,8120,15600,,1.00,1,0,4112x2570,N,2
2485,16.611,0.997,0.334,0.058,0.000,0.017,0.043,0.000,3.063,0.041,2.936,0.086,8120,15600,,1.00,1,0,4112x2570,N,2
2486,16.696,0.833,0.335,0.046,0.000,0.016,0.047,0.000,3.058,0.042,2.932,0.084,8120,15600,,1.00,1,0,4112x2570,N,2
2487,16.599,1.120,0.363,0.057,0.000,0.019,0.044,0.000,3.063,0.038,2.939,0.085,8120,15600,,1.00,1,0,4112x2570,N,2
2488,16.624,0.823,0.354,0.045,0.000,0.013,0.047,0.000,3.063,0.040,2.939,0.084,8120,15600,,1.00,1,0,4112x2570,N,2
2489,16.748,0.904,0.375,0.048,0.000,0.013,0.089,0.000,3.072,0.042,2.945,0.085,8120,15600,,1.00,1,0,4112x2570,N,2
2490,16.592,0.935,0.348,0.055,0.000,0.015,0.041,0.000,3.065,0.038,2.942,0.085,8120,15600,,1.00,1,0,4112x2570,N,2
2491,16.633,1.106,0.352,0.055,0.000,0.021,0.047,0.000,3.064,0.041,2.938,0.085,8120,15600,,1.00,1,0,4112x2570,N,2
2492,16.809,0.842,0.338,0.041,0.000,0.014,0.103,0.000,3.066,0.042,2.939,0.085,8120,15600,,1.00,1,0,4112x2570,N,2
2493,16.510,0.936,0.345,0.051,0.000,0.017,0.042,0.000,3.062,0.037,2.940,0.084,8120,15600,,1.00,1,0,4112x2570,N,2
2494,17.061,0.876,0.370,0.047,0.000,0.014,0.094,0.000,3.062,0.039,2.938,0.084,8120,15600,,1.00,1,0,4112x2570,N,2
2495,16.906,1.799,0.611,0.101,0.000,0.034,0.142,0.000,3.063,0.039,2.938,0.086,8120,15600,,1.00,1,0,4112x2570,N,2
2496,16.646,1.942,0.605,0.122,0.000,0.038,0.139,0.000,3.061,0.042,2.934,0.085,8120,15600,,1.00,1,0,4112x2570,N,2
2497,16.883,2.404,0.725,0.130,0.000,0.042,0.191,0.000,3.061,0.040,2.933,0.088,8120,15600,,1.00,1,0,4112x2570,N,2
2498,16.325,2.391,0.664,0.126,0.000,0.038,0.142,0.000,3.061,0.040,2.936,0.086,8120,15600,,1.00,1,0,4112x2570,N,2
2499,16.853,2.300,0.749,0.132,0.000,0.040,0.146,0.000,3.057,0.040,2.931,0.085,8120,15600,,1.00,1,0,4112x2570,N,2
2500,16.581,2.509,0.673,0.127,0.000,0.039,0.169,0.000,3.061,0.042,2.934,0.085,8120,15600,,1.00,1,0,4112x2570,N,2
2501,16.045,2.193,0.643,0.112,0.000,0.037,0.088,0.000,3.059,0.040,2.932,0.086,8120,15600,,1.00,1,0,4112x2570,N,2
2502,16.522,0.836,0.320,0.066,0.000,0.019,0.050,0.000,3.064,0.037,2.941,0.086,8120,15600,,1.00,1,0,4112x2570,N,2
2503,16.619,0.872,0.353,0.069,0.000,0.019,0.047,0.000,3.060,0.043,2.933,0.084,8120,15600,,1.00,1,0,4112x2570,N,2
2504,16.640,1.117,0.353,0.057,0.000,0.017,0.042,0.000,3.059,0.042,2.932,0.085,8120,15600,,1.00,1,0,4112x2570,N,2
2505,17.232,1.098,0.361,0.054,0.000,0.016,0.139,0.000,3.061,0.041,2.935,0.085,8120,15600,,1.00,1,0,4112x2570,N,2
2506,17.095,2.116,0.652,0.106,0.000,0.036,0.224,0.000,3.056,0.041,2.930,0.085,8120,15600,,1.00,1,0,4112x2570,N,2
2507,16.227,2.370,0.663,0.124,0.000,0.038,0.131,0.000,3.059,0.041,2.932,0.086,8120,15600,,1.00,1,0,4112x2570,N,2
2508,16.811,2.248,0.718,0.116,0.000,0.038,0.167,0.000,3.061,0.043,2.933,0.085,8120,15600,,1.00,1,0,4112x2570,N,2
2509,16.592,2.606,0.664,0.146,0.000,0.042,0.170,0.000,3.061,0.042,2.935,0.084,8120,15600,,1.00,1,0,4112x2570,N,2
2510,16.457,2.212,0.657,0.109,0.000,0.038,0.146,0.000,3.057,0.038,2.933,0.086,8120,15600,,1.00,1,0,4112x2570,N,2
2511,16.765,2.425,0.709,0.126,0.000,0.048,0.171,0.000,3.062,0.042,2.933,0.087,8120,15600,,1.00,1,0,4112x2570,N,2
2512,16.525,2.195,0.690,0.112,0.000,0.038,0.123,0.000,3.064,0.037,2.941,0.086,8120,15600,,1.00,1,0,4112x2570,N,2
2513,16.792,2.266,0.635,0.122,0.000,0.041,0.157,0.000,3.061,0.041,2.934,0.086,8120,15600,,1.00,1,0,4112x2570,N,2
2514,16.069,2.277,0.666,0.117,0.000,0.040,0.060,0.000,3.060,0.040,2.934,0.086,8120,15600,,1.00,1,0,4112x2570,N,2
2515,16.780,1.547,0.580,0.111,0.000,0.036,0.092,0.000,3.058,0.042,2.931,0.085,8120,15600,,1.00,1,0,4112x2570,N,2
2516,16.863,1.722,0.569,0.093,0.000,0.030,0.117,0.000,3.058,0.042,2.933,0.084,8120,15600,,1.00,1,0,4112x2570,N,2
2517,16.086,1.971,0.656,0.122,0.000,0.040,0.126,0.000,3.059,0.042,2.934,0.084,8120,15600,tshadow_sdf,1.00,1,0,4112x2570,S,0
2518,43.352,2.203,0.674,0.109,0.000,0.036,0.131,0.000,40.754,0.042,40.656,0.056,8120,15600,,1.00,1,0,4112x2570,S,0
2519,18.694,4.372,0.682,0.129,0.000,0.037,0.120,0.000,16.106,0.011,16.054,0.041,8120,15600,,1.00,1,0,4112x2570,S,0
2520,21.324,2.059,0.653,0.125,0.000,0.036,0.143,0.000,16.446,0.011,16.395,0.040,8120,15600,,1.00,1,0,4112x2570,S,0
2521,18.614,4.300,0.602,0.121,0.000,0.036,0.130,0.000,16.420,0.010,16.368,0.041,8120,15600,,1.00,1,0,4112x2570,S,0
2522,18.852,2.223,0.673,0.119,0.000,0.039,0.113,0.000,16.321,0.011,16.268,0.042,8120,15600,,1.00,1,0,4112x2570,S,0
2523,19.058,2.156,0.651,0.118,0.000,0.038,0.167,0.000,16.217,0.010,16.164,0.042,8120,15600,,1.00,1,0,4112x2570,S,0
2524,18.466,2.752,0.664,0.127,0.000,0.038,0.149,0.000,16.124,0.010,16.070,0.043,8120,15600,,1.00,1,0,4112x2570,S,0
2525,24.200,2.753,0.638,0.115,0.000,0.037,0.079,0.000,17.987,0.011,17.933,0.043,8120,15600,,1.00,1,0,4112x2570,S,0
2526,19.468,1.658,0.352,0.068,0.000,0.018,0.065,0.000,17.572,0.011,17.520,0.040,8120,15600,,1.00,1,0,4112x2570,S,0
2527,21.064,0.855,0.314,0.070,0.000,0.018,0.093,0.000,18.840,0.010,18.788,0.042,8120,15600,,1.00,1,0,4112x2570,S,0
2528,20.355,1.157,0.397,0.076,0.000,0.020,0.098,0.000,17.868,0.011,17.816,0.041,8120,15600,,1.00,1,0,4112x2570,S,0
2529,22.740,1.217,0.450,0.083,0.000,0.022,0.074,0.000,20.527,0.012,20.471,0.044,8120,15600,,1.00,1,0,4112x2570,S,0
2530,22.035,2.636,0.447,0.086,0.000,0.022,0.137,0.000,19.773,0.012,19.719,0.042,8120,15600,,1.00,1,0,4112x2570,S,0
2531,23.805,1.176,0.447,0.075,0.000,0.021,0.078,0.000,21.717,0.011,21.663,0.042,8120,15600,,1.00,1,0,4112x2570,S,0
2532,24.955,1.182,0.457,0.073,0.000,0.018,0.090,0.000,22.653,0.013,22.593,0.047,8120,15600,,1.00,1,0,4112x2570,S,0
2533,25.280,2.248,0.413,0.069,0.000,0.018,0.127,0.000,22.301,0.012,22.244,0.046,8120,15600,,1.00,1,0,4112x2570,S,0
2534,26.681,1.732,0.659,0.136,0.000,0.044,0.151,0.000,24.041,0.023,23.964,0.054,8120,15600,,1.00,1,0,4112x2570,S,0
2535,26.559,3.543,0.760,0.148,0.000,0.061,0.140,0.000,23.957,0.013,23.860,0.084,8120,15600,,1.00,1,0,4112x2570,S,0
2536,30.024,3.675,0.737,0.149,0.000,0.057,0.248,0.000,26.460,0.015,26.351,0.095,8120,15600,,1.00,1,0,4112x2570,S,0
2537,30.806,2.011,1.006,0.216,0.000,0.086,0.195,0.000,27.676,0.018,27.558,0.101,8120,15600,,1.00,1,0,4112x2570,S,0
2538,34.532,4.902,1.116,0.247,0.000,0.089,0.208,0.000,31.001,0.018,30.880,0.103,8120,15600,,1.00,1,0,4112x2570,S,0
2539,38.631,3.864,1.008,0.217,0.000,0.093,0.325,0.000,33.225,0.019,33.028,0.178,8120,15600,,1.00,1,0,4112x2570,S,0
2540,38.386,5.262,1.081,0.234,0.000,0.097,0.135,0.000,34.606,0.019,34.491,0.097,8120,15600,,1.00,1,0,4112x2570,S,0
2541,36.879,2.754,0.518,0.131,0.000,0.030,0.105,0.000,34.198,0.021,34.038,0.138,8120,15600,,1.00,1,0,4112x2570,S,0
2542,39.365,2.919,0.544,0.141,0.000,0.033,0.099,0.000,37.120,0.021,36.935,0.165,8120,15600,,1.00,1,0,4112x2570,S,0
2543,39.361,3.913,0.539,0.140,0.000,0.037,0.080,0.000,36.535,0.022,36.349,0.164,8120,15600,,1.00,1,0,4112x2570,S,0
2544,37.510,2.374,0.471,0.122,0.000,0.029,0.062,0.000,35.665,0.020,35.592,0.054,8120,15600,,1.00,1,0,4112x2570,S,0
2545,36.836,2.003,0.336,0.083,0.000,0.021,0.051,0.000,35.520,0.020,35.445,0.056,8120,15600,,1.00,1,0,4112x2570,S,0
2546,36.683,1.669,0.343,0.079,0.000,0.022,0.081,0.000,34.392,0.020,34.318,0.054,8120,15600,,1.00,1,0,4112x2570,S,0
2547,34.387,2.835,0.368,0.091,0.000,0.022,0.069,0.000,32.482,0.017,32.416,0.049,8120,15600,,1.00,1,0,4112x2570,S,0
2548,34.315,1.975,0.349,0.076,0.000,0.019,0.116,0.000,31.845,0.016,31.781,0.048,8120,15600,,1.00,1,0,4112x2570,S,0
2549,33.454,3.916,0.617,0.127,0.000,0.037,0.135,0.000,30.636,0.018,30.570,0.048,8120,15600,,1.00,1,0,4112x2570,S,0
2550,31.241,3.995,0.604,0.118,0.000,0.035,0.067,0.000,29.240,0.017,29.174,0.049,8120,15600,,1.00,1,0,4112x2570,S,0
2551,32.108,1.766,0.306,0.075,0.000,0.020,0.096,0.000,30.499,0.016,30.433,0.050,8120,15600,,1.00,1,0,4112x2570,S,0
2552,31.812,1.563,0.344,0.064,0.000,0.018,0.091,0.000,29.614,0.016,29.546,0.051,8120,15600,,1.00,1,0,4112x2570,S,0
2553,33.785,1.095,0.364,0.083,0.000,0.034,0.078,0.000,31.751,0.017,31.684,0.049,8120,15600,,1.00,1,0,4112x2570,S,0
2554,30.895,1.632,0.360,0.076,0.000,0.020,0.059,0.000,28.772,0.016,28.706,0.050,8120,15600,,1.00,1,0,4112x2570,S,0
2555,29.518,1.637,0.305,0.067,0.000,0.022,0.060,0.000,28.001,0.017,27.934,0.050,8120,15600,,1.00,1,0,4112x2570,S,0
2556,30.916,1.737,0.315,0.067,0.000,0.017,0.061,0.000,28.946,0.016,28.882,0.048,8120,15600,,1.00,1,0,4112x2570,S,0
2557,33.117,1.646,0.356,0.073,0.000,0.018,0.051,0.000,31.656,0.014,31.595,0.047,8120,15600,,1.00,1,0,4112x2570,S,0
2558,29.392,1.442,0.320,0.065,0.000,0.016,0.063,0.000,28.213,0.015,28.152,0.047,8120,15600,,1.00,1,0,4112x2570,S,0
2559,30.802,1.680,0.350,0.075,0.000,0.018,0.068,0.000,28.660,0.015,28.597,0.048,8120,15600,,1.00,1,0,4112x2570,S,0
2560,28.448,1.544,0.339,0.070,0.000,0.019,0.061,0.000,27.283,0.015,27.222,0.046,8120,15600,,1.00,1,0,4112x2570,S,0
2561,32.472,1.040,0.326,0.072,0.000,0.018,0.065,0.000,31.058,0.014,30.995,0.048,8120,15600,,1.00,1,0,4112x2570,S,0
2562,29.472,1.439,0.308,0.067,0.000,0.016,0.061,0.000,27.904,0.017,27.841,0.047,8120,15600,,1.00,1,0,4112x2570,S,0
2563,29.794,1.772,0.310,0.066,0.000,0.019,0.058,0.000,28.614,0.015,28.554,0.046,8120,15600,,1.00,1,0,4112x2570,S,0
2564,29.987,1.862,0.341,0.077,0.000,0.019,0.075,0.000,28.628,0.015,28.566,0.047,8120,15600,,1.00,1,0,4112x2570,S,0
2565,33.223,1.717,0.327,0.065,0.000,0.017,0.055,0.000,32.022,0.015,31.962,0.046,8120,15600,,1.00,1,0,4112x2570,S,0
2566,30.907,1.627,0.369,0.066,0.000,0.017,0.063,0.000,28.723,0.014,28.661,0.048,8120,15600,,1.00,1,0,4112x2570,S,0
2567,29.199,1.087,0.359,0.075,0.000,0.019,0.061,0.000,27.887,0.015,27.821,0.052,8120,15600,,1.00,1,0,4112x2570,S,0
2568,29.989,1.964,0.348,0.073,0.000,0.020,0.059,0.000,28.762,0.016,28.697,0.049,8120,15600,,1.00,1,0,4112x2570,S,0
2569,30.876,1.643,0.373,0.063,0.000,0.017,0.067,0.000,29.055,0.015,28.994,0.047,8120,15600,,1.00,1,0,4112x2570,S,0
2570,30.881,1.707,0.351,0.072,0.000,0.019,0.060,0.000,29.019,0.015,28.956,0.048,8120,15600,,1.00,1,0,4112x2570,S,0
2571,30.842,1.607,0.355,0.060,0.000,0.017,0.148,0.000,29.024,0.014,28.963,0.047,8120,15600,,1.00,1,0,4112x2570,S,0
2572,29.557,1.596,0.354,0.064,0.000,0.019,0.055,0.000,28.206,0.015,28.142,0.049,8120,15600,,1.00,1,0,4112x2570,S,0
2573,29.882,0.764,0.338,0.064,0.000,0.016,0.054,0.000,28.452,0.016,28.385,0.051,8120,15600,,1.00,1,0,4112x2570,S,0
2574,29.655,1.585,0.346,0.060,0.000,0.018,0.057,0.000,28.521,0.017,28.456,0.048,8120,15600,,1.00,1,0,4112x2570,S,0
2575,29.671,1.662,0.356,0.063,0.000,0.018,0.048,0.000,28.619,0.015,28.557,0.048,8120,15600,,1.00,1,0,4112x2570,S,0
2576,29.605,1.588,0.338,0.063,0.000,0.016,0.060,0.000,28.251,0.015,28.189,0.047,8120,15600,,1.00,1,0,4112x2570,S,0
2577,29.943,0.735,0.368,0.061,0.000,0.017,0.084,0.000,27.922,0.015,27.861,0.047,8120,15600,,1.00,1,0,4112x2570,S,0
2578,30.157,1.994,0.369,0.076,0.000,0.022,0.061,0.000,27.838,0.017,27.771,0.050,8120,15600,,1.00,1,0,4112x2570,S,0
2579,27.850,2.044,0.367,0.071,0.000,0.020,0.057,0.000,26.182,0.016,26.120,0.045,8120,15600,,1.00,1,0,4112x2570,S,0
2580,28.831,1.974,0.340,0.067,0.000,0.018,0.052,0.000,27.208,0.015,27.146,0.047,8120,15600,,1.00,1,0,4112x2570,S,0
2581,28.782,0.755,0.374,0.062,0.000,0.017,0.060,0.000,27.220,0.015,27.156,0.049,8120,15600,,1.00,1,0,4112x2570,S,0
2582,29.527,1.575,0.352,0.062,0.000,0.017,0.050,0.000,27.445,0.015,27.385,0.046,8120,15600,,1.00,1,0,4112x2570,S,0
2583,28.534,1.584,0.358,0.066,0.000,0.018,0.056,0.000,26.944,0.014,26.879,0.050,8120,15600,,1.00,1,0,4112x2570,S,0
2584,29.575,1.494,0.309,0.066,0.000,0.018,0.070,0.000,27.234,0.015,27.165,0.054,8120,15600,,1.00,1,0,4112x2570,S,0
2585,28.998,0.963,0.314,0.068,0.000,0.020,0.053,0.000,26.997,0.016,26.927,0.055,8120,15600,,1.00,1,0,4112x2570,S,0
2586,30.666,1.491,0.321,0.062,0.000,0.017,0.066,0.000,28.733,0.017,28.667,0.049,8120,15600,,1.00,1,0,4112x2570,S,0
2587,31.773,1.422,0.320,0.065,0.000,0.019,0.068,0.000,29.781,0.015,29.720,0.046,8120,15600,,1.00,1,0,4112x2570,S,0
2588,31.912,1.744,0.323,0.073,0.000,0.021,0.056,0.000,30.122,0.015,30.059,0.048,8120,15600,,1.00,1,0,4112x2570,S,0
2589,32.745,1.395,0.303,0.064,0.000,0.017,0.049,0.000,31.041,0.016,30.976,0.049,8120,15600,,1.00,1,0,4112x2570,S,0
2590,33.881,1.404,0.304,0.064,0.000,0.017,0.075,0.000,32.402,0.017,32.336,0.050,8120,15600,,1.00,1,0,4112x2570,S,0
2591,35.111,1.393,0.309,0.058,0.000,0.017,0.056,0.000,33.482,0.016,33.415,0.050,8120,15600,,1.00,1,0,4112x2570,S,0
2592,35.274,1.564,0.311,0.067,0.000,0.017,0.094,0.000,34.031,0.017,33.967,0.048,8120,15600,,1.00,1,0,4112x2570,S,0
2593,36.163,1.414,0.308,0.065,0.000,0.018,0.054,0.000,34.842,0.019,34.774,0.049,8120,15600,,1.00,1,0,4112x2570,S,0
2594,38.471,1.394,0.320,0.072,0.000,0.018,0.068,0.000,36.960,0.021,36.884,0.055,8120,15600,,1.00,1,0,4112x2570,S,0
2595,39.468,2.363,0.305,0.065,0.000,0.017,0.061,0.000,37.578,0.020,37.505,0.053,8120,15600,,1.00,1,0,4112x2570,S,0
2596,39.106,1.922,0.347,0.081,0.000,0.021,0.065,0.000,37.622,0.016,37.557,0.048,8120,15600,,1.00,1,0,4112x2570,S,0
2597,39.181,2.034,0.326,0.075,0.001,0.022,0.063,0.000,37.628,0.019,37.554,0.055,8120,15600,,1.00,1,0,4112x2570,S,0
2598,37.799,2.906,0.364,0.074,0.000,0.020,0.055,0.000,36.245,0.020,36.172,0.052,8120,15600,,1.00,1,0,4112x2570,S,0
2599,36.874,1.988,0.371,0.071,0.000,0.020,0.067,0.000,35.585,0.016,35.522,0.047,8120,15600,,1.00,1,0,4112x2570,S,0
2600,36.625,1.769,0.400,0.070,0.000,0.019,0.051,0.000,35.502,0.020,35.429,0.054,8120,15600,tshadow_pcf,1.00,1,0,4112x2570,P,1
2601,4.759,1.614,0.324,0.070,0.000,0.017,0.044,0.000,3.339,0.020,3.260,0.059,8120,15600,,1.00,1,0,4112x2570,P,1
2602,33.496,0.771,0.350,0.052,0.000,0.014,0.082,0.000,2.680,0.017,2.610,0.053,8120,15600,,1.00,1,0,4112x2570,P,1
2603,8.189,1.969,0.362,0.082,0.000,0.023,0.049,0.000,2.316,0.015,2.251,0.050,8120,15600,,1.00,1,0,4112x2570,P,1
2604,25.379,0.000,0.331,0.048,0.000,0.014,0.102,0.000,2.313,0.015,2.250,0.048,8120,15600,,1.00,1,0,4112x2570,P,1
2605,16.316,3.324,0.657,0.119,0.000,0.049,0.058,0.000,2.064,0.015,2.002,0.046,8120,15600,,1.00,1,0,4112x2570,P,1
2606,17.066,0.768,0.369,0.072,0.000,0.021,0.147,0.000,2.029,0.014,1.971,0.044,8120,15600,,1.00,1,0,4112x2570,P,1
2607,16.537,1.829,0.824,0.163,0.000,0.055,0.100,0.000,2.028,0.013,1.969,0.045,8120,15600,,1.00,1,0,4112x2570,P,1
2608,16.349,1.715,0.802,0.132,0.000,0.055,0.109,0.000,2.029,0.014,1.970,0.045,8120,15600,,1.00,1,0,4112x2570,P,1
2609,17.064,1.718,0.698,0.148,0.000,0.056,0.202,0.000,1.821,0.013,1.762,0.046,8120,15600,,1.00,1,0,4112x2570,P,1
2610,16.745,2.341,0.746,0.131,0.000,0.044,0.163,0.000,1.815,0.012,1.760,0.043,8120,15600,,1.00,1,0,4112x2570,P,1
2611,16.565,2.803,0.745,0.146,0.000,0.049,0.171,0.000,1.814,0.012,1.760,0.042,8120,15600,,1.00,1,0,4112x2570,P,1
2612,16.652,2.532,0.714,0.132,0.000,0.046,0.238,0.000,1.641,0.012,1.588,0.041,8120,15600,,1.00,1,0,4112x2570,P,1
2613,16.313,2.533,0.781,0.149,0.000,0.048,0.146,0.000,1.639,0.011,1.587,0.040,8120,15600,,1.00,1,0,4112x2570,P,1
2614,16.517,2.319,0.769,0.146,0.000,0.048,0.117,0.000,1.643,0.012,1.587,0.044,8120,15600,,1.00,1,0,4112x2570,P,1
2615,16.646,1.878,0.764,0.120,0.000,0.046,0.105,0.000,1.566,0.011,1.511,0.044,8120,15600,,1.00,1,0,4112x2570,P,1
2616,16.584,1.852,0.734,0.132,0.000,0.043,0.109,0.000,1.561,0.011,1.508,0.042,8120,15600,,1.00,1,0,4112x2570,P,1
2617,16.926,1.705,0.771,0.131,0.000,0.044,0.116,0.000,1.481,0.011,1.428,0.042,8120,15600,,1.00,1,0,4112x2570,P,1
2618,15.997,2.034,0.727,0.132,0.000,0.044,0.054,0.000,1.469,0.011,1.417,0.041,8120,15600,,1.00,1,0,4112x2570,P,1
2619,16.552,0.773,0.341,0.066,0.000,0.019,0.052,0.000,1.470,0.011,1.418,0.041,8120,15600,,1.00,1,0,4112x2570,P,1
2620,16.650,0.735,0.335,0.051,0.000,0.016,0.046,0.000,1.472,0.011,1.420,0.041,8120,15600,,1.00,1,0,4112x2570,P,1
2621,16.635,0.710,0.296,0.050,0.000,0.016,0.043,0.000,1.375,0.010,1.324,0.041,8120,15600,,1.00,1,0,4112x2570,P,1
2622,16.708,0.738,0.299,0.058,0.000,0.016,0.052,0.000,1.375,0.011,1.324,0.040,8120,15600,,1.00,1,0,4112x2570,P,1
2623,16.570,1.115,0.349,0.066,0.000,0.021,0.040,0.000,1.376,0.011,1.324,0.040,8120,15600,,1.00,1,0,4112x2570,P,1
2624,16.767,0.844,0.338,0.059,0.000,0.016,0.061,0.000,1.373,0.011,1.322,0.040,8120,15600,,1.00,1,0,4112x2570,P,1
2625,16.600,0.973,0.368,0.076,0.000,0.022,0.105,0.000,1.374,0.012,1.322,0.040,8120,15600,,1.00,1,0,4112x2570,P,1
2626,16.694,0.786,0.356,0.059,0.000,0.018,0.062,0.000,1.377,0.011,1.325,0.041,8120,15600,,1.00,1,0,4112x2570,P,1
2627,16.566,1.119,0.344,0.070,0.000,0.021,0.048,0.000,1.376,0.010,1.324,0.042,8120,15600,,1.00,1,0,4112x2570,P,1
2628,16.674,0.927,0.361,0.053,0.000,0.014,0.058,0.000,1.376,0.011,1.324,0.042,8120,15600,,1.00,1,0,4112x2570,P,1
2629,16.630,0.796,0.346,0.047,0.000,0.019,0.039,0.000,1.472,0.011,1.420,0.042,8120,15600,,1.00,1,0,4112x2570,P,1
2630,16.672,0.749,0.361,0.050,0.000,0.012,0.052,0.000,1.475,0.012,1.421,0.043,8120,15600,,1.00,1,0,4112x2570,P,1
2631,16.730,0.796,0.345,0.048,0.000,0.015,0.068,0.000,1.472,0.011,1.419,0.042,8120,15600,,1.00,1,0,4112x2570,P,1
2632,16.583,0.914,0.367,0.052,0.000,0.017,0.057,0.000,1.561,0.011,1.509,0.041,8120,15600,,1.00,1,0,4112x2570,P,1
2633,17.050,0.793,0.361,0.049,0.000,0.015,0.104,0.000,1.564,0.011,1.511,0.041,8120,15600,,1.00,1,0,4112x2570,P,1
2634,16.767,1.704,0.729,0.112,0.000,0.049,0.103,0.000,1.640,0.011,1.588,0.041,8120,15600,,1.00,1,0,4112x2570,P,1
2635,16.724,1.944,0.888,0.143,0.000,0.048,0.131,0.000,1.639,0.012,1.586,0.042,8120,15600,,1.00,1,0,4112x2570,P,1
2636,16.891,2.206,0.814,0.139,0.000,0.045,0.172,0.000,1.816,0.012,1.761,0.043,8120,15600,,1.00,1,0,4112x2570,P,1
2637,16.365,2.464,0.812,0.139,0.000,0.047,0.138,0.000,1.817,0.013,1.761,0.043,8120,15600,,1.00,1,0,4112x2570,P,1
2638,16.681,2.327,0.810,0.131,0.000,0.042,0.099,0.000,2.026,0.013,1.968,0.044,8120,15600,,1.00,1,0,4112x2570,P,1
2639,16.102,1.877,0.704,0.154,0.000,0.053,0.065,0.000,2.031,0.013,1.971,0.047,8120,15600,,1.00,1,0,4112x2570,P,1
2640,16.685,0.691,0.313,0.068,0.000,0.019,0.058,0.000,2.318,0.015,2.251,0.052,8120,15600,,1.00,1,0,4112x2570,P,1
2641,16.682,0.939,0.313,0.077,0.000,0.023,0.071,0.000,2.484,0.018,2.416,0.049,8120,15600,,1.00,1,0,4112x2570,P,1
2642,16.633,1.011,0.335,0.076,0.000,0.023,0.068,0.000,2.680,0.018,2.612,0.050,8120,15600,,1.00,1,0,4112x2570,P,1
2643,16.501,1.094,0.334,0.085,0.000,0.024,0.058,0.000,2.994,0.022,2.922,0.050,8120,15600,,1.00,1,0,4112x2570,P,1
2644,16.876,1.057,0.322,0.067,0.000,0.020,0.168,0.000,3.439,0.022,3.361,0.056,8120,15600,,1.00,1,0,4112x2570,P,1
2645,16.460,0.981,0.349,0.071,0.000,0.023,0.061,0.000,3.444,0.022,3.364,0.058,8120,15600,,1.00,1,0,4112x2570,P,1
2646,16.728,1.134,0.350,0.060,0.000,0.018,0.062,0.000,5.132,0.041,5.032,0.059,8120,15600,,1.00,1,0,4112x2570,P,1
2647,16.569,1.016,0.317,0.079,0.000,0.024,0.065,0.000,6.268,0.037,6.147,0.084,8120,15600,,1.00,1,0,4112x2570,P,1
2648,16.408,0.933,0.312,0.067,0.000,0.017,0.059,0.000,6.262,0.042,6.135,0.085,8120,15600,tshadow_off,1.00,1,0,4112x2570,N,2
2649,16.693,1.017,0.348,0.067,0.000,0.020,0.051,0.000,3.061,0.041,2.935,0.085,8120,15600,,1.00,1,0,4112x2570,N,2
2650,16.616,0.846,0.314,0.068,0.000,0.020,0.061,0.000,3.060,0.042,2.934,0.084,8120,15600,,1.00,1,0,4112x2570,N,2
2651,16.584,1.075,0.327,0.066,0.000,0.021,0.064,0.000,3.058,0.043,2.931,0.084,8120,15600,,1.00,1,0,4112x2570,N,2
2652,16.652,0.921,0.358,0.057,0.000,0.017,0.054,0.000,3.061,0.043,2.935,0.084,8120,15600,,1.00,1,0,4112x2570,N,2
2653,16.592,1.005,0.353,0.059,0.000,0.020,0.046,0.000,3.058,0.038,2.934,0.086,8120,15600,,1.00,1,0,4112x2570,N,2
2654,16.705,1.165,0.344,0.057,0.000,0.015,0.065,0.000,3.062,0.040,2.937,0.085,8120,15600,,1.00,1,0,4112x2570,N,2
2655,16.642,0.902,0.395,0.047,0.000,0.016,0.086,0.000,3.066,0.042,2.939,0.085,8120,15600,,1.00,1,0,4112x2570,N,2
2656,16.570,1.134,0.363,0.056,0.000,0.017,0.047,0.000,3.060,0.042,2.933,0.085,8120,15600,,1.00,1,0,4112x2570,N,2
2657,16.438,0.886,0.348,0.050,0.000,0.016,0.048,0.000,3.063,0.038,2.941,0.084,8120,15600,,1.00,1,0,4112x2570,N,2
2658,16.698,0.800,0.361,0.048,0.000,0.012,0.054,0.000,3.065,0.041,2.939,0.085,8120,15600,,1.00,1,0,4112x2570,N,2
2659,16.694,0.862,0.338,0.046,0.000,0.016,0.063,0.000,3.064,0.042,2.937,0.084,8120,15600,,1.00,1,0,4112x2570,N,2
2660,16.659,0.759,0.381,0.049,0.000,0.015,0.083,0.000,3.061,0.038,2.939,0.084,8120,15600,,1.00,1,0,4112x2570,N,2
2661,16.663,0.995,0.353,0.043,0.000,0.015,0.067,0.000,3.065,0.037,2.942,0.086,8120,15600,,1.00,1,0,4112x2570,N,2
2662,16.540,0.957,0.358,0.054,0.000,0.018,0.039,0.000,3.061,0.043,2.935,0.084,8120,15600,,1.00,1,0,4112x2570,N,2
2663,17.257,0.956,0.342,0.054,0.000,0.017,0.114,0.000,3.068,0.043,2.940,0.085,8120,15600,,1.00,1,0,4112x2570,N,2
2664,16.898,1.965,0.599,0.103,0.000,0.035,0.163,0.000,3.061,0.042,2.934,0.085,8120,15600,,1.00,1,0,4112x2570,N,2
2665,16.431,2.759,0.681,0.164,0.000,0.065,0.124,0.000,3.066,0.042,2.938,0.086,8120,15600,,1.00,1,0,4112x2570,N,2
2666,16.868,2.333,0.764,0.126,0.000,0.038,0.144,0.000,3.064,0.041,2.937,0.086,8120,15600,,1.00,1,0,4112x2570,N,2
2667,16.569,2.477,0.679,0.137,0.000,0.044,0.151,0.000,3.063,0.041,2.936,0.086,8120,15600,,1.00,1,0,4112x2570,N,2
2668,16.418,2.354,0.735,0.139,0.000,0.047,0.129,0.000,3.065,0.042,2.938,0.085,8120,15600,,1.00,1,0,4112x2570,N,2
2669,16.514,1.836,0.627,0.126,0.000,0.042,0.103,0.000,3.062,0.043,2.935,0.085,8120,15600,,1.00,1,0,4112x2570,N,2
2670,16.266,1.604,0.610,0.118,0.000,0.038,0.074,0.000,3.060,0.042,2.933,0.085,8120,15600,,1.00,1,0,4112x2570,N,2
2671,16.616,0.751,0.335,0.060,0.000,0.021,0.061,0.000,3.064,0.041,2.936,0.087,8120,15600,,1.00,1,0,4112x2570,N,2
2672,16.631,0.779,0.306,0.060,0.000,0.018,0.067,0.000,3.064,0.041,2.939,0.083,8120,15600,,1.00,1,0,4112x2570,N,2
2673,16.585,0.808,0.302,0.060,0.000,0.017,0.050,0.000,3.062,0.043,2.934,0.085,8120,15600,,1.00,1,0,4112x2570,N,2
2674,16.674,0.789,0.349,0.052,0.000,0.015,0.062,0.000,3.060,0.041,2.933,0.086,8120,15600,,1.00,1,0,4112x2570,N,2
2675,16.625,0.858,0.356,0.058,0.000,0.017,0.054,0.000,3.061,0.042,2.934,0.085,8120,15600,,1.00,1,0,4112x2570,N,2
2676,16.889,1.074,0.329,0.056,0.000,0.015,0.093,0.000,3.058,0.038,2.936,0.085,8120,15600,,1.00,1,0,4112x2570,N,2
2677,16.614,0.999,0.352,0.058,0.000,0.017,0.088,0.000,3.061,0.041,2.937,0.083,8120,15600,,1.00,1,0,4112x2570,N,2
2678,16.603,1.003,0.327,0.067,0.000,0.021,0.058,0.000,3.062,0.042,2.934,0.085,8120,15600,,1.00,1,0,4112x2570,N,2
2679,16.585,1.096,0.349,0.067,0.000,0.020,0.089,0.000,3.059,0.042,2.932,0.085,8120,15600,,1.00,1,0,4112x2570,N,2
2680,16.630,0.993,0.373,0.063,0.000,0.018,0.049,0.000,3.056,0.040,2.931,0.085,8120,15600,,1.00,1,0,4112x2570,N,2
2681,16.694,1.051,0.358,0.055,0.000,0.022,0.049,0.000,3.063,0.042,2.936,0.085,8120,15600,,1.00,1,0,4112x2570,N,2
2682,16.590,0.914,0.339,0.063,0.000,0.018,0.055,0.000,3.060,0.042,2.935,0.083,8120,15600,,1.00,1,0,4112x2570,N,2
2683,16.783,1.015,0.352,0.073,0.000,0.022,0.059,0.000,3.055,0.041,2.931,0.082,8120,15600,,1.00,1,0,4112x2570,N,2
2684,16.582,1.046,0.355,0.066,0.000,0.020,0.054,0.000,3.060,0.042,2.933,0.085,8120,15600,,1.00,1,0,4112x2570,N,2
2685,16.589,0.872,0.362,0.059,0.000,0.020,0.052,0.000,3.056,0.042,2.932,0.082,8120,15600,,1.00,1,0,4112x2570,N,2
2686,16.752,0.901,0.338,0.057,0.000,0.015,0.064,0.000,3.061,0.042,2.933,0.085,8120,15600,,1.00,1,0,4112x2570,N,2
2687,16.740,1.115,0.336,0.073,0.000,0.022,0.078,0.000,3.059,0.038,2.934,0.086,8120,15600,,1.00,1,0,4112x2570,N,2
2688,17.012,0.957,0.318,0.071,0.000,0.023,0.113,0.000,3.060,0.037,2.936,0.086,8120,15600,,1.00,1,0,4112x2570,N,2
2689,16.735,1.803,0.627,0.116,0.000,0.042,0.145,0.000,3.069,0.039,2.943,0.087,8120,15600,,1.00,1,0,4112x2570,N,2
2690,16.631,2.396,0.618,0.124,0.000,0.041,0.160,0.000,3.056,0.043,2.929,0.084,8120,15600,,1.00,1,0,4112x2570,N,2
2691,16.513,2.481,0.695,0.140,0.000,0.041,0.119,0.000,3.062,0.042,2.935,0.086,8120,15600,,1.00,1,0,4112x2570,N,2
2692,16.480,2.264,0.700,0.128,0.000,0.039,0.111,0.000,3.059,0.043,2.932,0.085,8120,15600,,1.00,1,0,4112x2570,N,2
2693,16.419,1.247,0.369,0.081,0.000,0.025,0.062,0.000,3.061,0.042,2.934,0.085,8120,15600,,1.00,1,0,4112x2570,N,2
2694,16.502,1.071,0.353,0.075,0.000,0.022,0.057,0.000,3.061,0.043,2.933,0.085,8120,15600,,1.00,1,0,4112x2570,N,2
2695,17.110,0.857,0.356,0.064,0.000,0.017,0.116,0.000,3.062,0.042,2.933,0.087,8120,15600,,1.00,1,0,4112x2570,N,2
2696,16.522,1.675,0.577,0.092,0.000,0.036,0.097,0.000,3.062,0.042,2.934,0.085,8120,15600,,1.00,1,0,4112x2570,N,2
2697,16.300,1.791,0.595,0.111,0.000,0.035,0.122,0.000,3.061,0.040,2.937,0.084,8120,15600,tshadow_sdf,1.00,1,0,4112x2570,S,0
2698,42.850,1.926,0.586,0.097,0.000,0.031,0.079,0.000,40.810,0.040,40.710,0.060,8120,15600,,1.00,1,0,4112x2570,S,0
2699,17.529,1.770,0.369,0.090,0.000,0.023,0.070,0.000,16.112,0.011,16.061,0.040,8120,15600,,1.00,1,0,4112x2570,S,0
2700,22.297,1.062,0.330,0.089,0.000,0.026,0.052,0.000,16.109,0.011,16.059,0.039,8120,15600,,1.00,1,0,4112x2570,S,0
2701,17.497,1.919,0.303,0.062,0.000,0.018,0.054,0.000,16.121,0.010,16.067,0.043,8120,15600,,1.00,1,0,4112x2570,S,0
2702,17.610,0.864,0.355,0.075,0.000,0.019,0.059,0.000,16.117,0.010,16.065,0.042,8120,15600,,1.00,1,0,4112x2570,S,0
2703,17.564,1.092,0.328,0.068,0.000,0.016,0.059,0.000,16.092,0.010,16.041,0.041,8120,15600,,1.00,1,0,4112x2570,S,0
2704,17.584,0.971,0.313,0.079,0.000,0.020,0.067,0.000,16.101,0.010,16.051,0.040,8120,15600,,1.00,1,0,4112x2570,S,0
2705,17.747,1.046,0.318,0.085,0.000,0.022,0.089,0.000,16.098,0.010,16.047,0.042,8120,15600,,1.00,1,0,4112x2570,S,0
2706,17.745,0.987,0.343,0.071,0.000,0.021,0.067,0.000,16.107,0.010,16.058,0.040,8120,15600,,1.00,1,0,4112x2570,S,0
2707,17.636,0.862,0.323,0.073,0.000,0.019,0.064,0.000,16.087,0.010,16.038,0.040,8120,15600,,1.00,1,0,4112x2570,S,0
2708,17.663,1.010,0.363,0.073,0.000,0.019,0.067,0.000,16.093,0.010,16.042,0.041,8120,15600,,1.00,1,0,4112x2570,S,0
2709,17.902,1.092,0.385,0.083,0.000,0.021,0.063,0.000,16.104,0.010,16.053,0.041,8120,15600,,1.00,1,0,4112x2570,S,0
2710,24.036,1.121,0.356,0.069,0.000,0.022,0.076,0.000,16.102,0.010,16.049,0.043,8120,15600,,1.00,1,0,4112x2570,S,0
2711,17.516,1.893,0.387,0.068,0.000,0.020,0.056,0.000,16.103,0.011,16.050,0.042,8120,15600,,1.00,1,0,4112x2570,S,0
2712,17.643,0.892,0.343,0.059,0.000,0.018,0.059,0.000,16.251,0.010,16.200,0.042,8120,15600,,1.00,1,0,4112x2570,S,0
2713,17.720,1.064,0.359,0.066,0.000,0.021,0.048,0.000,16.166,0.010,16.115,0.041,8120,15600,,1.00,1,0,4112x2570,S,0
2714,17.746,1.091,0.367,0.058,0.000,0.018,0.049,0.000,16.204,0.010,16.152,0.042,8120,15600,,1.00,1,0,4112x2570,S,0
2715,17.606,0.882,0.337,0.056,0.000,0.018,0.056,0.000,16.528,0.010,16.472,0.045,8120,15600,,1.00,1,0,4112x2570,S,0
2716,17.878,1.143,0.371,0.065,0.000,0.019,0.052,0.000,16.476,0.010,16.424,0.042,8120,15600,,1.00,1,0,4112x2570,S,0
2717,17.589,0.956,0.349,0.060,0.000,0.016,0.045,0.000,16.575,0.010,16.523,0.043,8120,15600,,1.00,1,0,4112x2570,S,0
2718,18.587,0.791,0.369,0.051,0.000,0.014,0.052,0.000,16.718,0.010,16.665,0.043,8120,15600,,1.00,1,0,4112x2570,S,0
2719,18.587,0.824,0.327,0.047,0.000,0.016,0.060,0.000,16.951,0.011,16.900,0.040,8120,15600,,1.00,1,0,4112x2570,S,0
2720,22.270,0.719,0.345,0.058,0.000,0.015,0.095,0.000,16.954,0.011,16.898,0.045,8120,15600,,1.00,1,0,4112x2570,S,0
2721,19.233,1.418,0.302,0.051,0.000,0.014,0.057,0.000,17.068,0.011,17.015,0.043,8120,15600,,1.00,1,0,4112x2570,S,0
2722,18.749,0.974,0.307,0.063,0.000,0.017,0.075,0.000,17.111,0.010,17.059,0.042,8120,15600,,1.00,1,0,4112x2570,S,0
2723,18.731,1.012,0.348,0.068,0.000,0.019,0.063,0.000,17.605,0.010,17.552,0.043,8120,15600,,1.00,1,0,4112x2570,S,0
2724,19.997,1.095,0.348,0.057,0.000,0.022,0.049,0.000,18.050,0.010,17.995,0.044,8120,15600,,1.00,1,0,4112x2570,S,0
2725,19.766,0.761,0.372,0.049,0.000,0.013,0.059,0.000,18.609,0.011,18.553,0.045,8120,15600,,1.00,1,0,4112x2570,S,0
2726,20.030,1.111,0.346,0.061,0.000,0.016,0.049,0.000,18.785,0.011,18.729,0.045,8120,15600,,1.00,1,0,4112x2570,S,0
2727,20.726,1.774,0.353,0.061,0.000,0.016,0.051,0.000,19.363,0.011,19.308,0.043,8120,15600,,1.00,1,0,4112x2570,S,0
2728,20.955,0.905,0.338,0.053,0.000,0.015,0.053,0.000,19.931,0.011,19.877,0.043,8120,15600,,1.00,1,0,4112x2570,S,0
2729,21.931,0.767,0.368,0.054,0.000,0.015,0.048,0.000,20.708,0.012,20.653,0.043,8120,15600,,1.00,1,0,4112x2570,S,0
2730,23.217,0.844,0.364,0.050,0.000,0.015,0.091,0.000,21.167,0.012,21.111,0.044,8120,15600,,1.00,1,0,4112x2570,S,0
2731,23.996,1.660,0.324,0.059,0.000,0.016,0.098,0.000,21.944,0.012,21.891,0.042,8120,15600,,1.00,1,0,4112x2570,S,0
2732,24.290,0.839,0.354,0.063,0.000,0.020,0.048,0.000,23.024,0.013,22.965,0.046,8120,15600,,1.00,1,0,4112x2570,S,0
2733,25.119,1.649,0.344,0.063,0.000,0.016,0.043,0.000,23.335,0.013,23.275,0.047,8120,15600,,1.00,1,0,4112x2570,S,0
2734,26.462,0.803,0.324,0.052,0.000,0.014,0.049,0.000,24.753,0.015,24.694,0.043,8120,15600,,1.00,1,0,4112x2570,S,0
2735,27.390,1.579,0.345,0.070,0.000,0.019,0.055,0.000,25.693,0.013,25.636,0.043,8120,15600,,1.00,1,0,4112x2570,S,0
2736,27.810,0.887,0.366,0.066,0.000,0.017,0.107,0.000,0.059,0.015,0.000,0.044,8120,15600,,1.00,1,0,4112x2570,S,0
2737,30.830,1.611,0.350,0.061,0.000,0.017,0.102,0.000,28.829,0.016,28.767,0.046,8120,15600,,1.00,1,0,4112x2570,S,0
2738,32.281,1.937,0.355,0.066,0.000,0.017,0.071,0.000,30.286,0.015,30.225,0.047,8120,15600,,1.00,1,0,4112x2570,S,0
2739,34.165,1.618,0.343,0.074,0.000,0.021,0.072,0.000,32.943,0.017,32.876,0.050,8120,15600,,1.00,1,0,4112x2570,S,0
2740,36.450,1.702,0.355,0.062,0.000,0.017,0.069,0.000,34.496,0.016,34.429,0.050,8120,15600,,1.00,1,0,4112x2570,S,0
2741,39.094,1.638,0.305,0.071,0.000,0.018,0.113,0.000,36.961,0.020,36.887,0.054,8120,15600,,1.00,1,0,4112x2570,S,0
2742,40.398,5.572,0.596,0.116,0.000,0.035,0.116,0.000,37.627,0.023,37.547,0.056,8120,15600,,1.00,1,0,4112x2570,S,0
2743,37.596,3.516,0.581,0.123,0.000,0.036,0.064,0.000,36.468,0.017,36.397,0.054,8120,15600,,1.00,1,0,4112x2570,S,0
2744,41.513,2.019,0.355,0.079,0.000,0.022,0.101,0.000,39.641,0.019,39.567,0.054,8120,15600,,1.00,1,0,4112x2570,S,0
2745,39.914,2.787,0.343,0.072,0.000,0.020,0.090,0.000,38.979,0.020,38.904,0.056,8120,15600,,1.00,1,0,4112x2570,S,0
2746,41.175,1.783,0.353,0.073,0.000,0.022,0.072,0.000,39.628,0.020,39.553,0.055,8120,15600,,1.00,1,0,4112x2570,S,0
2747,40.467,2.161,0.316,0.060,0.000,0.017,0.071,0.000,39.389,0.021,39.314,0.054,8120,15600,,1.00,1,0,4112x2570,S,0
2748,41.107,1.692,0.357,0.076,0.000,0.018,0.083,0.000,39.623,0.016,39.552,0.054,8120,15600,,1.00,1,0,4112x2570,S,0
2749,40.698,2.421,0.350,0.062,0.000,0.018,0.062,0.000,38.671,0.021,38.597,0.053,8120,15600,,1.00,1,0,4112x2570,S,0
2750,38.862,1.823,0.335,0.070,0.000,0.019,0.048,0.000,37.190,0.016,37.121,0.052,8120,15600,,1.00,1,0,4112x2570,S,0
2751,38.541,1.480,0.308,0.060,0.000,0.015,0.060,0.000,36.862,0.020,36.790,0.053,8120,15600,,1.00,1,0,4112x2570,S,0
2752,36.197,2.428,0.347,0.066,0.000,0.017,0.076,0.000,35.040,0.016,34.974,0.050,8120,15600,,1.00,1,0,4112x2570,S,0
2753,35.745,2.014,0.374,0.077,0.000,0.023,0.054,0.000,33.982,0.016,33.917,0.049,8120,15600,,1.00,1,0,4112x2570,S,0
2754,34.122,1.593,0.357,0.064,0.000,0.016,0.050,0.000,32.945,0.016,32.879,0.050,8120,15600,,1.00,1,0,4112x2570,S,0
2755,33.009,1.570,0.343,0.055,0.000,0.015,0.064,0.000,31.854,0.017,31.787,0.050,8120,15600,,1.00,1,0,4112x2570,S,0
2756,33.149,1.622,0.335,0.066,0.000,0.018,0.057,0.000,31.856,0.016,31.790,0.050,8120,15600,,1.00,1,0,4112x2570,S,0
2757,33.421,1.958,0.349,0.074,0.000,0.020,0.054,0.000,31.216,0.015,31.152,0.050,8120,15600,,1.00,1,0,4112x2570,S,0
2758,31.903,1.618,0.357,0.066,0.000,0.020,0.058,0.000,30.168,0.015,30.104,0.049,8120,15600,,1.00,1,0,4112x2570,S,0
2759,31.274,2.089,0.372,0.076,0.000,0.021,0.051,0.000,29.364,0.015,29.302,0.048,8120,15600,,1.00,1,0,4112x2570,S,0
2760,30.748,1.569,0.334,0.064,0.000,0.016,0.065,0.000,29.021,0.015,28.961,0.045,8120,15600,,1.00,1,0,4112x2570,S,0
2761,29.512,1.444,0.302,0.071,0.000,0.019,0.057,0.000,28.541,0.015,28.478,0.049,8120,15600,,1.00,1,0,4112x2570,S,0
2762,29.318,1.054,0.508,0.078,0.000,0.018,0.058,0.000,27.973,0.015,27.907,0.051,8120,15600,,1.00,1,0,4112x2570,S,0
2763,29.817,1.741,0.356,0.070,0.000,0.017,0.067,0.000,27.942,0.016,27.878,0.048,8120,15600,,1.00,1,0,4112x2570,S,0
2764,29.554,1.578,0.350,0.068,0.000,0.018,0.054,0.000,27.858,0.014,27.795,0.048,8120,15600,,1.00,1,0,4112x2570,S,0
2765,29.791,1.698,0.337,0.074,0.000,0.018,0.056,0.000,27.860,0.014,27.800,0.045,8120,15600,,1.00,1,0,4112x2570,S,0
2766,29.621,1.632,0.347,0.070,0.000,0.018,0.052,0.000,27.452,0.015,27.391,0.046,8120,15600,,1.00,1,0,4112x2570,S,0
2767,29.120,1.101,0.351,0.068,0.000,0.023,0.128,0.000,27.202,0.015,27.144,0.043,8120,15600,,1.00,1,0,4112x2570,S,0
2768,28.523,1.609,0.335,0.070,0.000,0.020,0.092,0.000,27.194,0.014,27.135,0.045,8120,15600,,1.00,1,0,4112x2570,S,0
2769,28.469,1.674,0.359,0.078,0.000,0.023,0.054,0.000,27.221,0.014,27.161,0.045,8120,15600,,1.00,1,0,4112x2570,S,0
2770,28.879,1.926,0.343,0.077,0.000,0.019,0.084,0.000,27.445,0.015,27.383,0.047,8120,15600,,1.00,1,0,4112x2570,S,0
2771,18.359,1.438,0.363,0.070,0.000,0.025,0.108,0.000,27.439,0.015,27.379,0.045,8120,15600,,1.00,1,0,4112x2570,S,0
2772,29.075,1.037,0.352,0.079,0.000,0.027,0.089,0.000,27.834,0.015,27.773,0.047,8120,15600,,1.00,1,0,4112x2570,S,0
2773,29.947,1.804,0.328,0.070,0.000,0.020,0.065,0.000,27.839,0.015,27.780,0.044,8120,15600,,1.00,1,0,4112x2570,S,0
2774,28.911,1.977,0.337,0.089,0.000,0.019,0.062,0.000,27.232,0.017,27.170,0.045,8120,15600,,1.00,1,0,4112x2570,S,0
2775,29.215,0.916,0.332,0.246,0.000,0.019,0.113,0.000,28.103,0.016,28.039,0.047,8120,15600,mode_uhd,2.00,2,0,8224x5140,S,0
2776,141.842,1.768,0.331,0.086,0.000,0.021,0.066,0.000,116.276,0.016,116.207,0.053,8120,15600,,2.00,2,0,8224x5140,S,0
2777,128.099,3.672,0.361,0.087,0.000,0.021,0.065,0.000,0.069,0.016,0.000,0.053,8120,15600,,2.00,2,0,8224x5140,S,0
2778,129.157,3.685,0.365,0.080,0.000,0.022,0.079,0.000,125.868,0.016,125.799,0.052,8120,15600,,2.00,2,0,8224x5140,S,0
2779,122.280,3.531,0.363,0.078,0.000,0.024,0.103,0.000,119.002,0.018,118.931,0.053,8120,15600,,2.00,2,0,8224x5140,S,0
2780,120.676,3.800,0.402,0.085,0.000,0.026,0.070,0.000,118.250,0.018,118.180,0.052,8120,15600,,2.00,2,0,8224x5140,S,0
2781,119.344,3.652,0.349,0.078,0.000,0.026,0.062,0.000,116.533,0.015,116.465,0.054,8120,15600,,2.00,2,0,8224x5140,S,0
2782,118.516,3.573,0.356,0.083,0.000,0.023,0.218,0.000,115.003,0.015,114.939,0.049,8120,15600,,2.00,2,0,8224x5140,S,0
2783,115.788,7.178,0.627,0.122,0.000,0.039,0.102,0.000,113.730,0.015,113.667,0.049,8120,15600,,2.00,2,0,8224x5140,S,0
2784,135.439,3.222,0.349,0.083,0.000,0.024,0.103,0.000,133.141,0.016,133.072,0.053,8120,15600,,2.00,2,0,8224x5140,S,0
2785,163.142,3.929,0.441,0.092,0.000,0.032,0.075,0.000,160.169,0.016,160.096,0.057,8120,15600,,2.00,2,0,8224x5140,S,0
2786,160.349,3.501,0.363,0.085,0.000,0.024,0.070,0.000,157.996,0.020,157.920,0.056,8120,15600,,2.00,2,0,8224x5140,S,0
2787,140.393,3.649,0.367,0.086,0.000,0.025,0.064,0.000,138.145,0.019,138.070,0.055,8120,15600,,2.00,2,0,8224x5140,S,0
2788,125.802,3.772,0.350,0.077,0.000,0.026,0.074,0.000,123.295,0.017,123.226,0.052,8120,15600,,2.00,2,0,8224x5140,S,0
2789,120.019,3.651,0.334,0.077,0.000,0.021,0.085,0.000,116.884,0.017,116.816,0.051,8120,15600,,2.00,2,0,8224x5140,S,0
2790,115.585,3.740,0.373,0.082,0.000,0.024,0.066,0.000,113.454,0.015,113.384,0.056,8120,15600,,2.00,2,0,8224x5140,S,0
2791,118.608,3.533,0.344,0.082,0.000,0.023,0.067,0.000,116.041,0.015,115.976,0.050,8120,15600,,2.00,2,0,8224x5140,S,0
2792,121.315,3.635,0.361,0.085,0.000,0.022,0.064,0.000,118.837,0.015,118.767,0.055,8120,15600,,2.00,2,0,8224x5140,S,0
2793,120.136,3.751,0.366,0.080,0.000,0.023,0.061,0.000,117.690,0.015,117.621,0.055,8120,15600,,2.00,2,0,8224x5140,S,0
2794,117.825,3.730,0.329,0.088,0.000,0.023,0.054,0.000,114.999,0.017,114.929,0.053,8120,15600,,2.00,2,0,8224x5140,S,0
2795,113.908,3.304,0.345,0.066,0.000,0.017,0.064,0.000,111.414,0.016,111.340,0.058,8120,15600,,2.00,2,0,8224x5140,S,0
2796,112.859,3.689,0.351,0.077,0.000,0.021,0.060,0.000,109.726,0.015,109.665,0.046,8120,15600,,2.00,2,0,8224x5140,S,0
2797,109.318,3.099,0.315,0.073,0.000,0.019,0.065,0.000,106.756,0.017,106.690,0.049,8120,15600,,2.00,2,0,8224x5140,S,0
2798,111.839,3.357,0.355,0.086,0.000,0.025,0.083,0.000,110.041,0.015,109.975,0.051,8120,15600,tshadow_pcf,2.00,2,0,8224x5140,P,1
2799,11.464,3.708,0.413,0.100,0.000,0.027,0.062,0.000,8.786,0.017,8.709,0.060,8120,15600,,2.00,2,0,8224x5140,P,1
2800,11.762,0.742,0.378,0.058,0.000,0.017,0.056,0.000,9.039,0.015,8.962,0.061,8120,15600,,2.00,2,0,8224x5140,P,1
2801,17.606,0.000,0.307,0.064,0.000,0.017,0.066,0.000,8.678,0.014,8.606,0.058,8120,15600,,2.00,2,0,8224x5140,P,1
2802,11.766,1.789,0.343,0.085,0.000,0.025,0.063,0.000,8.649,0.015,8.578,0.056,8120,15600,,2.00,2,0,8224x5140,P,1
2803,21.119,0.000,0.346,0.073,0.000,0.016,0.064,0.000,8.632,0.015,8.557,0.060,8120,15600,,2.00,2,0,8224x5140,P,1
2804,16.635,1.690,0.340,0.071,0.000,0.021,0.065,0.000,7.643,0.014,7.567,0.063,8120,15600,,2.00,2,0,8224x5140,P,1
2805,16.588,1.086,0.325,0.066,0.000,0.020,0.050,0.000,9.298,0.018,9.221,0.059,8120,15600,,2.00,2,0,8224x5140,P,1
2806,16.696,0.850,0.343,0.063,0.000,0.016,0.052,0.000,7.931,0.016,7.855,0.060,8120,15600,,2.00,2,0,8224x5140,P,1
2807,16.637,0.966,0.305,0.059,0.000,0.023,0.058,0.000,8.166,0.015,8.091,0.059,8120,15600,,2.00,2,0,8224x5140,P,1
2808,16.758,0.972,0.303,0.058,0.000,0.016,0.066,0.000,7.927,0.017,7.851,0.059,8120,15600,,2.00,2,0,8224x5140,P,1
2809,16.611,1.006,0.333,0.081,0.000,0.024,0.077,0.000,8.407,0.017,8.332,0.057,8120,15600,,2.00,2,0,8224x5140,P,1
2810,16.638,1.092,0.370,0.066,0.000,0.024,0.056,0.000,7.930,0.017,7.855,0.058,8120,15600,,2.00,2,0,8224x5140,P,1
2811,16.689,0.976,0.304,0.065,0.000,0.018,0.051,0.000,7.930,0.015,7.857,0.058,8120,15600,,2.00,2,0,8224x5140,P,1
2812,16.713,0.819,0.318,0.063,0.000,0.018,0.064,0.000,8.167,0.015,8.097,0.054,8120,15600,,2.00,2,0,8224x5140,P,1
2813,16.518,1.104,0.365,0.084,0.000,0.023,0.057,0.000,7.932,0.016,7.855,0.061,8120,15600,,2.00,2,0,8224x5140,P,1
2814,16.682,1.137,0.363,0.069,0.000,0.018,0.110,0.000,8.172,0.017,8.095,0.061,8120,15600,,2.00,2,0,8224x5140,P,1
2815,16.608,1.027,0.373,0.061,0.000,0.018,0.055,0.000,7.935,0.015,7.859,0.061,8120,15600,,2.00,2,0,8224x5140,P,1
2816,16.618,0.890,0.371,0.054,0.000,0.014,0.052,0.000,8.171,0.017,8.093,0.061,8120,15600,,2.00,2,0,8224x5140,P,1
2817,16.637,0.822,0.350,0.057,0.000,0.015,0.068,0.000,8.167,0.017,8.089,0.061,8120,15600,,2.00,2,0,8224x5140,P,1
2818,16.696,0.956,0.371,0.054,0.000,0.018,0.054,0.000,7.938,0.017,7.859,0.063,8120,15600,,2.00,2,0,8224x5140,P,1
2819,16.620,0.981,0.356,0.059,0.000,0.017,0.058,0.000,8.169,0.015,8.092,0.061,8120,15600,,2.00,2,0,8224x5140,P,1
2820,16.691,0.899,0.351,0.050,0.000,0.016,0.049,0.000,8.168,0.015,8.092,0.061,8120,15600,,2.00,2,0,8224x5140,P,1
2821,16.599,0.911,0.346,0.052,0.000,0.018,0.042,0.000,7.928,0.015,7.853,0.060,8120,15600,,2.00,2,0,8224x5140,P,1
2822,16.667,0.832,0.353,0.052,0.000,0.015,0.061,0.000,8.408,0.017,8.331,0.061,8120,15600,,2.00,2,0,8224x5140,P,1
2823,16.656,0.829,0.382,0.046,0.000,0.015,0.048,0.000,7.932,0.016,7.853,0.062,8120,15600,,2.00,2,0,8224x5140,P,1
2824,16.648,0.891,0.354,0.044,0.000,0.016,0.049,0.000,8.171,0.017,8.094,0.061,8120,15600,,2.00,2,0,8224x5140,P,1
2825,16.646,0.722,0.351,0.046,0.000,0.012,0.051,0.000,8.169,0.015,8.092,0.061,8120,15600,,2.00,2,0,8224x5140,P,1
2826,17.301,1.265,0.620,0.091,0.000,0.034,0.119,0.000,8.170,0.017,8.092,0.061,8120,15600,,2.00,2,0,8224x5140,P,1
2827,16.947,1.998,0.672,0.108,0.000,0.036,0.153,0.000,8.169,0.015,8.092,0.061,8120,15600,,2.00,2,0,8224x5140,P,1
2828,16.322,2.399,0.672,0.111,0.000,0.035,0.135,0.000,8.170,0.019,8.092,0.059,8120,15600,,2.00,2,0,8224x5140,P,1
2829,16.748,2.239,0.704,0.111,0.000,0.034,0.154,0.000,7.931,0.015,7.856,0.060,8120,15600,,2.00,2,0,8224x5140,P,1
2830,16.473,2.687,0.730,0.135,0.000,0.042,0.128,0.000,7.932,0.015,7.857,0.060,8120,15600,,2.00,2,0,8224x5140,P,1
2831,16.837,2.321,0.715,0.121,0.000,0.038,0.182,0.000,7.932,0.015,7.857,0.060,8120,15600,,2.00,2,0,8224x5140,P,1
2832,16.562,2.579,0.672,0.120,0.000,0.038,0.196,0.000,7.929,0.015,7.853,0.061,8120,15600,,2.00,2,0,8224x5140,P,1
2833,16.652,2.238,0.718,0.117,0.000,0.038,0.134,0.000,7.936,0.015,7.861,0.060,8120,15600,,2.00,2,0,8224x5140,P,1
2834,16.783,2.564,0.644,0.117,0.000,0.035,0.177,0.000,7.696,0.014,7.622,0.060,8120,15600,,2.00,2,0,8224x5140,P,1
2835,16.387,2.887,0.662,0.127,0.000,0.041,0.133,0.000,7.711,0.014,7.636,0.060,8120,15600,,2.00,2,0,8224x5140,P,1
2836,16.051,2.570,0.703,0.123,0.000,0.041,0.058,0.000,8.165,0.015,8.094,0.057,8120,15600,,2.00,2,0,8224x5140,P,1
2837,16.625,0.709,0.318,0.062,0.000,0.018,0.054,0.000,7.691,0.015,7.614,0.061,8120,15600,,2.00,2,0,8224x5140,P,1
2838,16.657,0.703,0.298,0.054,0.000,0.014,0.049,0.000,7.929,0.016,7.852,0.061,8120,15600,,2.00,2,0,8224x5140,P,1
2839,16.590,0.792,0.312,0.065,0.000,0.017,0.046,0.000,7.931,0.016,7.854,0.060,8120,15600,,2.00,2,0,8224x5140,P,1
2840,16.688,0.688,0.329,0.048,0.000,0.013,0.051,0.000,7.930,0.016,7.853,0.062,8120,15600,,2.00,2,0,8224x5140,P,1
2841,16.654,0.844,0.383,0.059,0.000,0.017,0.051,0.000,8.171,0.017,8.094,0.059,8120,15600,,2.00,2,0,8224x5140,P,1
2842,16.659,0.798,0.335,0.055,0.000,0.015,0.061,0.000,7.933,0.015,7.856,0.063,8120,15600,,2.00,2,0,8224x5140,P,1
2843,16.673,0.819,0.356,0.056,0.000,0.015,0.042,0.000,8.167,0.015,8.091,0.061,8120,15600,,2.00,2,0,8224x5140,P,1
2844,16.615,0.787,0.343,0.058,0.000,0.016,0.040,0.000,8.167,0.015,8.091,0.061,8120,15600,,2.00,2,0,8224x5140,P,1
2845,16.744,0.749,0.370,0.050,0.000,0.016,0.089,0.000,8.165,0.016,8.094,0.055,8120,15600,,2.00,2,0,8224x5140,P,1
2846,16.640,0.777,0.372,0.064,0.000,0.017,0.054,0.000,8.168,0.015,8.092,0.061,8120,15600,,2.00,2,0,8224x5140,P,1
2847,16.560,0.968,0.384,0.059,0.000,0.018,0.042,0.000,8.411,0.015,8.335,0.060,8120,15600,,2.00,2,0,8224x5140,P,1
2848,16.709,0.798,0.365,0.053,0.000,0.013,0.047,0.000,8.173,0.017,8.095,0.061,8120,15600,,2.00,2,0,8224x5140,P,1
2849,16.605,1.022,0.340,0.053,0.000,0.018,0.043,0.000,8.171,0.017,8.094,0.060,8120,15600,,2.00,2,0,8224x5140,P,1
2850,16.692,0.748,0.361,0.048,0.000,0.013,0.061,0.000,8.407,0.017,8.331,0.060,8120,15600,,2.00,2,0,8224x5140,P,1
2851,16.656,0.855,0.352,0.050,0.000,0.015,0.051,0.000,8.405,0.017,8.328,0.061,8120,15600,,2.00,2,0,8224x5140,P,1
2852,17.054,0.809,0.374,0.050,0.000,0.016,0.111,0.000,8.651,0.016,8.575,0.060,8120,15600,,2.00,2,0,8224x5140,P,1
2853,16.796,1.815,0.572,0.098,0.000,0.035,0.108,0.000,8.405,0.015,8.331,0.060,8120,15600,,2.00,2,0,8224x5140,P,1
2854,16.769,1.817,0.594,0.125,0.000,0.037,0.171,0.000,8.170,0.015,8.096,0.059,8120,15600,,2.00,2,0,8224x5140,P,1
2855,16.637,2.720,0.687,0.123,0.000,0.038,0.193,0.000,8.405,0.015,8.331,0.059,8120,15600,,2.00,2,0,8224x5140,P,1
2856,16.551,2.426,0.761,0.119,0.000,0.036,0.118,0.000,8.169,0.015,8.093,0.060,8120,15600,,2.00,2,0,8224x5140,P,1
2857,16.880,2.236,0.634,0.113,0.000,0.033,0.171,0.000,8.170,0.015,8.094,0.061,8120,15600,,2.00,2,0,8224x5140,P,1
2858,16.551,2.742,0.681,0.116,0.000,0.038,0.124,0.000,8.405,0.015,8.329,0.061,8120,15600,,2.00,2,0,8224x5140,P,1
2859,16.821,2.423,0.663,0.129,0.000,0.038,0.200,0.000,8.167,0.015,8.092,0.060,8120,15600,,2.00,2,0,8224x5140,P,1
2860,16.128,3.268,0.686,0.132,0.000,0.042,0.135,0.000,8.405,0.015,8.331,0.060,8120,15600,,2.00,2,0,8224x5140,P,1
2861,16.039,2.384,0.655,0.125,0.000,0.037,0.055,0.000,8.170,0.015,8.095,0.060,8120,15600,,2.00,2,0,8224x5140,P,1
2862,16.691,0.729,0.300,0.067,0.000,0.017,0.057,0.000,8.163,0.015,8.093,0.055,8120,15600,,2.00,2,0,8224x5140,P,1
2863,16.641,0.782,0.321,0.074,0.000,0.019,0.064,0.000,8.406,0.015,8.331,0.060,8120,15600,,2.00,2,0,8224x5140,P,1
2864,16.606,0.923,0.328,0.071,0.000,0.020,0.054,0.000,8.164,0.015,8.089,0.060,8120,15600,,2.00,2,0,8224x5140,P,1
2865,16.627,0.959,0.345,0.068,0.000,0.018,0.049,0.000,8.172,0.017,8.095,0.061,8120,15600,,2.00,2,0,8224x5140,P,1
2866,16.597,0.803,0.322,0.059,0.000,0.015,0.047,0.000,8.654,0.015,8.579,0.060,8120,15600,,2.00,2,0,8224x5140,P,1
2867,16.787,0.781,0.327,0.052,0.000,0.015,0.052,0.000,8.411,0.016,8.334,0.061,8120,15600,,2.00,2,0,8224x5140,P,1
2868,16.549,0.854,0.303,0.062,0.000,0.016,0.044,0.000,8.413,0.023,8.330,0.060,8120,15600,,2.00,2,0,8224x5140,P,1
2869,16.697,0.770,0.314,0.056,0.000,0.017,0.068,0.000,8.650,0.015,8.577,0.058,8120,15600,,2.00,2,0,8224x5140,P,1
2870,16.741,0.836,0.296,0.063,0.000,0.018,0.087,0.000,8.410,0.017,8.335,0.058,8120,15600,,2.00,2,0,8224x5140,P,1
2871,16.645,0.766,0.315,0.060,0.000,0.017,0.079,0.000,8.653,0.017,8.576,0.060,8120,15600,,2.00,2,0,8224x5140,P,1
2872,16.605,0.757,0.318,0.058,0.000,0.018,0.057,0.000,8.650,0.015,8.580,0.055,8120,15600,,2.00,2,0,8224x5140,P,1
2873,16.629,1.132,0.347,0.072,0.000,0.020,0.052,0.000,8.850,0.015,8.773,0.061,8120,15600,,2.00,2,0,8224x5140,P,1
2874,16.618,0.902,0.351,0.055,0.000,0.017,0.055,0.000,8.659,0.016,8.580,0.063,8120,15600,,2.00,2,0,8224x5140,P,1
2875,16.656,1.071,0.346,0.066,0.000,0.018,0.048,0.000,8.656,0.017,8.578,0.061,8120,15600,,2.00,2,0,8224x5140,P,1
2876,16.608,0.948,0.356,0.046,0.000,0.016,0.051,0.000,8.843,0.015,8.766,0.062,8120,15600,,2.00,2,0,8224x5140,P,1
2877,16.825,0.795,0.297,0.056,0.000,0.017,0.107,0.000,8.832,0.017,8.754,0.061,8120,15600,,2.00,2,0,8224x5140,P,1
2878,16.539,1.138,0.370,0.064,0.000,0.020,0.049,0.000,8.851,0.015,8.772,0.064,8120,15600,,2.00,2,0,8224x5140,P,1
2879,16.705,0.806,0.336,0.054,0.000,0.017,0.057,0.000,9.586,0.018,9.511,0.058,8120,15600,,2.00,2,0,8224x5140,P,1
2880,16.663,0.851,0.331,0.055,0.000,0.015,0.079,0.000,10.786,0.018,10.703,0.065,8120,15600,,2.00,2,0,8224x5140,P,1
2881,16.597,0.905,0.335,0.055,0.000,0.017,0.051,0.000,10.790,0.022,10.699,0.069,8120,15600,,2.00,2,0,8224x5140,P,1
2882,16.685,1.106,0.378,0.044,0.000,0.014,0.059,0.000,11.217,0.022,11.126,0.069,8120,15600,,2.00,2,0,8224x5140,P,1
2883,16.627,0.901,0.332,0.048,0.000,0.016,0.060,0.000,13.582,0.022,13.490,0.070,8120,15600,,2.00,2,0,8224x5140,P,1
2884,16.664,0.786,0.373,0.043,0.000,0.015,0.064,0.000,13.937,0.020,13.851,0.066,8120,15600,,2.00,2,0,8224x5140,P,1
2885,16.729,0.816,0.347,0.049,0.000,0.016,0.068,0.000,13.641,0.020,13.556,0.065,8120,15600,,2.00,2,0,8224x5140,P,1
2886,16.538,0.859,0.355,0.055,0.000,0.018,0.053,0.000,13.644,0.020,13.555,0.069,8120,15600,,2.00,2,0,8224x5140,P,1
2887,17.077,0.873,0.339,0.059,0.000,0.017,0.107,0.000,13.643,0.021,13.558,0.065,8120,15600,,2.00,2,0,8224x5140,P,1
2888,16.381,1.711,0.663,0.103,0.000,0.038,0.062,0.000,13.943,0.022,13.856,0.065,8120,15600,,2.00,2,0,8224x5140,P,1
2889,16.494,0.957,0.309,0.068,0.000,0.019,0.048,0.000,12.906,0.019,12.818,0.068,8120,15600,,2.00,2,0,8224x5140,P,1
2890,16.644,0.758,0.322,0.056,0.000,0.016,0.050,0.000,13.268,0.022,13.178,0.068,8120,15600,,2.00,2,0,8224x5140,P,1
2891,16.687,0.773,0.315,0.059,0.000,0.016,0.055,0.000,13.264,0.022,13.174,0.069,8120,15600,,2.00,2,0,8224x5140,P,1
2892,16.682,0.733,0.285,0.046,0.000,0.013,0.051,0.000,13.640,0.022,13.555,0.064,8120,15600,,2.00,2,0,8224x5140,P,1
2893,16.570,0.852,0.340,0.056,0.000,0.017,0.050,0.000,13.642,0.020,13.555,0.067,8120,15600,,2.00,2,0,8224x5140,P,1
2894,16.650,0.789,0.360,0.049,0.000,0.014,0.075,0.000,12.906,0.020,12.819,0.067,8120,15600,,2.00,2,0,8224x5140,P,1
2895,16.675,0.883,0.359,0.059,0.000,0.018,0.045,0.000,12.912,0.022,12.822,0.068,8120,15600,,2.00,2,0,8224x5140,P,1
2896,16.718,0.788,0.318,0.045,0.000,0.015,0.057,0.000,12.911,0.022,12.824,0.065,8120,15600,,2.00,2,0,8224x5140,P,1
2897,16.566,0.852,0.357,0.064,0.000,0.018,0.052,0.000,12.914,0.022,12.824,0.069,8120,15600,,2.00,2,0,8224x5140,P,1
2898,16.652,0.798,0.337,0.050,0.000,0.015,0.067,0.000,12.908,0.022,12.821,0.065,8120,15600,,2.00,2,0,8224x5140,P,1
2899,16.709,0.779,0.371,0.046,0.000,0.016,0.046,0.000,13.262,0.022,13.178,0.063,8120,15600,,2.00,2,0,8224x5140,P,1
2900,16.604,0.807,0.378,0.052,0.000,0.016,0.050,0.000,13.268,0.022,13.177,0.068,8120,15600,,2.00,2,0,8224x5140,P,1
2901,16.683,0.775,0.382,0.049,0.000,0.015,0.050,0.000,13.273,0.022,13.181,0.070,8120,15600,,2.00,2,0,8224x5140,P,1
2902,16.758,0.835,0.350,0.049,0.000,0.015,0.061,0.000,13.087,0.022,12.996,0.068,8120,15600,,2.00,2,0,8224x5140,P,1
2903,16.552,1.053,0.344,0.070,0.000,0.019,0.052,0.000,13.262,0.022,13.175,0.065,8120,15600,,2.00,2,0,8224x5140,P,1
2904,16.689,0.779,0.296,0.060,0.000,0.015,0.049,0.000,13.266,0.020,13.179,0.067,8120,15600,,2.00,2,0,8224x5140,P,1
2905,16.704,1.109,0.382,0.065,0.000,0.019,0.095,0.000,13.256,0.022,13.169,0.065,8120,15600,,2.00,2,0,8224x5140,P,1
2906,16.622,1.003,0.357,0.079,0.000,0.021,0.055,0.000,13.263,0.022,13.173,0.068,8120,15600,,2.00,2,0,8224x5140,P,1
2907,16.771,0.890,0.309,0.063,0.000,0.018,0.064,0.000,13.641,0.022,13.553,0.066,8120,15600,,2.00,2,0,8224x5140,P,1
2908,16.540,0.975,0.329,0.072,0.000,0.022,0.080,0.000,13.262,0.020,13.175,0.067,8120,15600,,2.00,2,0,8224x5140,P,1
2909,16.528,0.951,0.380,0.074,0.000,0.022,0.054,0.000,13.263,0.022,13.173,0.069,8120,15600,,2.00,2,0,8224x5140,P,1
2910,16.687,0.867,0.345,0.053,0.000,0.016,0.056,0.000,13.260,0.021,13.170,0.068,8120,15600,,2.00,2,0,8224x5140,P,1
2911,16.742,0.809,0.339,0.044,0.000,0.014,0.056,0.000,13.264,0.022,13.176,0.066,8120,15600,,2.00,2,0,8224x5140,P,1
2912,16.588,0.916,0.343,0.063,0.000,0.019,0.058,0.000,13.261,0.022,13.172,0.067,8120,15600,,2.00,2,0,8224x5140,P,1
2913,16.683,0.845,0.311,0.062,0.000,0.017,0.054,0.000,13.274,0.021,13.186,0.068,8120,15600,,2.00,2,0,8224x5140,P,1
2914,16.588,0.853,0.375,0.067,0.000,0.018,0.045,0.000,13.269,0.022,13.178,0.069,8120,15600,,2.00,2,0,8224x5140,P,1
2915,16.743,0.815,0.356,0.054,0.000,0.017,0.052,0.000,13.272,0.021,13.182,0.069,8120,15600,,2.00,2,0,8224x5140,P,1
2916,16.584,0.923,0.362,0.053,0.000,0.030,0.052,0.000,13.261,0.022,13.169,0.070,8120,15600,,2.00,2,0,8224x5140,P,1
2917,19.728,0.841,0.340,0.057,0.000,0.015,0.051,0.000,21.051,4.242,16.743,0.065,8120,15600,,2.00,2,0,8224x5140,P,1
2918,15.182,0.755,0.340,0.061,0.000,0.014,0.056,0.000,12.906,0.020,12.816,0.070,8120,15600,,2.00,2,0,8224x5140,P,1
2919,15.449,1.116,0.346,0.058,0.000,0.018,0.044,0.000,12.554,0.020,12.464,0.070,8120,15600,,2.00,2,0,8224x5140,P,1
2920,16.275,0.785,0.342,0.052,0.000,0.014,0.055,0.000,11.210,0.020,11.123,0.067,8120,15600,,2.00,2,0,8224x5140,P,1
2921,16.677,0.821,0.372,0.050,0.000,0.018,0.057,0.000,10.880,0.022,10.791,0.067,8120,15600,,2.00,2,0,8224x5140,P,1
2922,16.686,0.790,0.302,0.065,0.000,0.019,0.057,0.000,10.779,0.017,10.696,0.065,8120,15600,,2.00,2,0,8224x5140,P,1
2923,16.580,0.875,0.341,0.071,0.000,0.019,0.053,0.000,10.789,0.017,10.709,0.062,8120,15600,,2.00,2,0,8224x5140,P,1
2924,16.617,0.800,0.341,0.060,0.000,0.015,0.055,0.000,13.482,0.017,13.401,0.064,8120,15600,,2.00,2,0,8224x5140,P,1
2925,16.615,0.789,0.338,0.052,0.000,0.015,0.045,0.000,9.301,0.017,9.225,0.059,8120,15600,,2.00,2,0,8224x5140,P,1
2926,16.758,0.789,0.385,0.051,0.000,0.015,0.073,0.000,8.829,0.016,8.750,0.062,8120,15600,,2.00,2,0,8224x5140,P,1
2927,16.559,0.823,0.330,0.062,0.000,0.017,0.045,0.000,8.844,0.017,8.765,0.062,8120,15600,,2.00,2,0,8224x5140,P,1
2928,16.626,0.706,0.328,0.052,0.000,0.015,0.042,0.000,8.651,0.016,8.575,0.060,8120,15600,,2.00,2,0,8224x5140,P,1
2929,16.693,0.779,0.326,0.054,0.000,0.018,0.043,0.000,8.652,0.017,8.579,0.056,8120,15600,,2.00,2,0,8224x5140,P,1
2930,16.723,0.764,0.334,0.052,0.000,0.017,0.049,0.000,8.169,0.015,8.095,0.058,8120,15600,,2.00,2,0,8224x5140,P,1
2931,16.585,0.693,0.295,0.050,0.000,0.015,0.067,0.000,7.931,0.016,7.855,0.061,8120,15600,,2.00,2,0,8224x5140,P,1
2932,16.755,0.793,0.323,0.060,0.000,0.017,0.065,0.000,0.077,0.016,0.000,0.061,8120,15600,,2.00,2,0,8224x5140,P,1
2933,16.556,1.035,0.343,0.073,0.000,0.022,0.048,0.000,7.598,0.014,7.528,0.056,8120,15600,,2.00,2,0,8224x5140,P,1
2934,16.679,0.885,0.336,0.061,0.000,0.018,0.069,0.000,7.587,0.013,7.517,0.057,8120,15600,,2.00,2,0,8224x5140,P,1
2935,16.640,0.862,0.312,0.052,0.000,0.017,0.056,0.000,7.593,0.014,7.519,0.060,8120,15600,,2.00,2,0,8224x5140,P,1
2936,16.644,0.757,0.339,0.056,0.000,0.018,0.053,0.000,7.587,0.014,7.513,0.060,8120,15600,,2.00,2,0,8224x5140,P,1
2937,16.659,0.798,0.299,0.053,0.000,0.017,0.052,0.000,7.582,0.014,7.508,0.060,8120,15600,,2.00,2,0,8224x5140,P,1
2938,16.733,0.879,0.323,0.056,0.000,0.017,0.072,0.000,7.587,0.014,7.514,0.060,8120,15600,,2.00,2,0,8224x5140,P,1
2939,16.589,1.032,0.314,0.066,0.000,0.022,0.055,0.000,7.669,0.014,7.529,0.127,8120,15600,,2.00,2,0,8224x5140,P,1
2940,16.730,1.086,0.341,0.060,0.000,0.017,0.074,0.000,7.589,0.014,7.515,0.060,8120,15600,,2.00,2,0,8224x5140,P,1
2941,16.566,1.011,0.318,0.075,0.000,0.022,0.055,0.000,7.688,0.017,7.616,0.056,8120,15600,,2.00,2,0,8224x5140,P,1
2942,16.664,0.841,0.316,0.061,0.000,0.018,0.055,0.000,7.692,0.017,7.618,0.057,8120,15600,,2.00,2,0,8224x5140,P,1
2943,16.604,1.014,0.315,0.067,0.000,0.019,0.060,0.000,7.931,0.017,7.855,0.059,8120,15600,,2.00,2,0,8224x5140,P,1
2944,16.733,0.821,0.316,0.062,0.000,0.018,0.061,0.000,8.171,0.015,8.095,0.061,8120,15600,,2.00,2,0,8224x5140,P,1
2945,16.695,1.072,0.342,0.076,0.000,0.019,0.053,0.000,8.172,0.016,8.096,0.060,8120,15600,,2.00,2,0,8224x5140,P,1
2946,16.618,0.818,0.314,0.062,0.000,0.018,0.098,0.000,8.407,0.015,8.333,0.059,8120,15600,,2.00,2,0,8224x5140,P,1
2947,16.596,0.978,0.316,0.067,0.000,0.020,0.054,0.000,8.652,0.017,8.575,0.060,8120,15600,,2.00,2,0,8224x5140,P,1
2948,16.657,0.875,0.308,0.066,0.000,0.020,0.057,0.000,8.840,0.017,8.764,0.060,8120,15600,,2.00,2,0,8224x5140,P,1
2949,16.584,0.854,0.335,0.069,0.000,0.021,0.054,0.000,8.842,0.016,8.764,0.062,8120,15600,,2.00,2,0,8224x5140,P,1
2950,16.696,1.143,0.346,0.054,0.000,0.018,0.049,0.000,8.835,0.017,8.757,0.061,8120,15600,,2.00,2,0,8224x5140,P,1
2951,16.462,0.837,0.348,0.060,0.000,0.018,0.048,0.000,8.836,0.015,8.760,0.061,8120,15600,,2.00,2,0,8224x5140,P,1
2952,16.642,0.848,0.342,0.057,0.000,0.015,0.066,0.000,9.141,0.018,9.061,0.063,8120,15600,,2.00,2,0,8224x5140,P,1
2953,16.429,0.911,0.350,0.063,0.000,0.020,0.057,0.000,9.596,0.018,9.516,0.062,8120,15600,,2.00,2,0,8224x5140,P,1
2954,16.485,0.925,0.349,0.058,0.000,0.018,0.057,0.000,9.602,0.018,9.521,0.063,8120,15600,,2.00,2,0,8224x5140,P,1
2955,16.520,0.856,0.347,0.048,0.000,0.017,0.047,0.000,10.321,0.018,10.242,0.062,8120,15600,,2.00,2,0,8224x5140,P,1
2956,16.678,0.841,0.333,0.051,0.000,0.017,0.062,0.000,10.757,0.017,10.677,0.062,8120,15600,,2.00,2,0,8224x5140,P,1
2957,16.485,0.869,0.371,0.066,0.000,0.019,0.055,0.000,10.786,0.017,10.703,0.066,8120,15600,,2.00,2,0,8224x5140,P,1
2958,16.527,0.906,0.353,0.067,0.000,0.017,0.063,0.000,10.783,0.018,10.698,0.068,8120,15600,,2.00,2,0,8224x5140,P,1
2959,16.475,1.064,0.348,0.064,0.000,0.019,0.055,0.000,10.877,0.022,10.787,0.068,8120,15600,,2.00,2,0,8224x5140,P,1
2960,16.441,0.834,0.340,0.055,0.000,0.017,0.059,0.000,11.554,0.022,11.467,0.066,8120,15600,,2.00,2,0,8224x5140,P,1
2961,16.431,0.920,0.327,0.055,0.000,0.016,0.050,0.000,12.908,0.022,12.819,0.067,8120,15600,,2.00,2,0,8224x5140,P,1
2962,16.516,0.857,0.330,0.054,0.000,0.017,0.054,0.000,13.944,0.022,13.856,0.066,8120,15600,,2.00,2,0,8224x5140,P,1
2963,16.561,0.766,0.313,0.054,0.000,0.016,0.089,0.000,13.262,0.020,13.177,0.065,8120,15600,,2.00,2,0,8224x5140,P,1
2964,16.389,0.857,0.348,0.070,0.000,0.019,0.057,0.000,13.642,0.022,13.554,0.065,8120,15600,,2.00,2,0,8224x5140,P,1
2965,16.631,0.798,0.334,0.071,0.000,0.020,0.049,0.000,13.258,0.020,13.171,0.067,8120,15600,,2.00,2,0,8224x5140,P,1
2966,16.554,0.784,0.342,0.065,0.000,0.019,0.088,0.000,13.643,0.022,13.555,0.067,8120,15600,,2.00,2,0,8224x5140,P,1
2967,16.445,0.935,0.352,0.065,0.000,0.021,0.063,0.000,13.267,0.020,13.179,0.069,8120,15600,,2.00,2,0,8224x5140,P,1
2968,16.588,0.779,0.355,0.056,0.000,0.017,0.052,0.000,13.267,0.022,13.178,0.068,8120,15600,,2.00,2,0,8224x5140,P,1
2969,16.519,0.788,0.335,0.051,0.000,0.016,0.069,0.000,13.646,0.024,13.556,0.065,8120,15600,,2.00,2,0,8224x5140,P,1
2970,17.458,0.775,0.344,0.052,0.000,0.016,0.056,0.000,15.074,0.019,14.991,0.064,8120,15600,,2.00,2,0,8224x5140,P,1
2971,17.804,1.059,0.374,0.066,0.000,0.018,0.050,0.000,15.067,0.019,14.984,0.064,8120,15600,,2.00,2,0,8224x5140,P,1
2972,17.555,0.881,0.358,0.062,0.000,0.017,0.059,0.000,15.067,0.020,14.984,0.063,8120,15600,,2.00,2,0,8224x5140,P,1
2973,18.529,0.740,0.346,0.054,0.000,0.016,0.060,0.000,16.124,0.020,16.041,0.064,8120,15600,,2.00,2,0,8224x5140,P,1
2974,18.673,0.857,0.358,0.058,0.000,0.016,0.058,0.000,16.128,0.020,16.043,0.065,8120,15600,,2.00,2,0,8224x5140,P,1
2975,18.729,0.913,0.345,0.058,0.000,0.018,0.060,0.000,16.132,0.020,16.047,0.065,8120,15600,,2.00,2,0,8224x5140,P,1
2976,20.965,0.863,0.334,0.062,0.000,0.017,0.060,0.000,17.721,0.037,17.603,0.082,8120,15600,,2.00,2,0,8224x5140,P,1
2977,19.340,1.167,0.390,0.075,0.000,0.021,0.053,0.000,15.655,0.039,15.526,0.090,8120,15600,,2.00,2,0,8224x5140,P,1
2978,18.352,1.692,0.347,0.065,0.000,0.015,0.046,0.000,16.147,0.022,16.043,0.082,8120,15600,,2.00,2,0,8224x5140,P,1
2979,19.746,0.831,0.341,0.061,0.000,0.016,0.052,0.000,17.251,0.020,17.169,0.063,8120,15600,,2.00,2,0,8224x5140,P,1
2980,18.626,0.798,0.351,0.060,0.000,0.017,0.081,0.000,16.123,0.020,16.040,0.063,8120,15600,,2.00,2,0,8224x5140,P,1
2981,18.863,0.981,0.338,0.070,0.000,0.023,0.060,0.000,16.131,0.020,16.049,0.062,8120,15600,,2.00,2,0,8224x5140,P,1
2982,20.046,1.101,0.324,0.066,0.000,0.018,0.054,0.000,17.716,0.036,17.597,0.083,8120,15600,,2.00,2,0,8224x5140,P,1
2983,20.315,1.082,0.321,0.066,0.000,0.018,0.056,0.000,17.725,0.037,17.598,0.090,8120,15600,,2.00,2,0,8224x5140,P,1
2984,20.432,1.573,0.325,0.069,0.000,0.019,0.055,0.000,17.544,0.037,17.435,0.071,8120,15600,,2.00,2,0,8224x5140,P,1
2985,18.728,0.940,0.350,0.064,0.000,0.019,0.049,0.000,16.127,0.019,16.044,0.064,8120,15600,,2.00,2,0,8224x5140,P,1
2986,19.717,0.767,0.301,0.058,0.000,0.015,0.062,0.000,17.260,0.020,17.177,0.063,8120,15600,,2.00,2,0,8224x5140,P,1
2987,20.065,1.116,0.351,0.073,0.000,0.020,0.074,0.000,17.710,0.036,17.592,0.082,8120,15600,,2.00,2,0,8224x5140,P,1
2988,20.840,0.791,0.299,0.061,0.000,0.017,0.055,0.000,17.723,0.037,17.596,0.090,8120,15600,,2.00,2,0,8224x5140,P,1
2989,18.135,1.467,0.303,0.064,0.000,0.017,0.051,0.000,15.119,0.037,15.009,0.073,8120,15600,,2.00,2,0,8224x5140,P,1
2990,19.757,0.703,0.322,0.066,0.000,0.018,0.067,0.000,17.261,0.020,17.179,0.062,8120,15600,,2.00,2,0,8224x5140,P,1
2991,19.982,1.017,0.320,0.073,0.000,0.022,0.072,0.000,17.259,0.020,17.174,0.065,8120,15600,,2.00,2,0,8224x5140,P,1
2992,22.269,1.022,0.324,0.072,0.000,0.020,0.064,0.000,19.656,0.041,19.534,0.081,8120,15600,,2.00,2,0,8224x5140,P,1
2993,20.878,0.831,0.312,0.069,0.000,0.017,0.052,0.000,17.724,0.037,17.598,0.090,8120,15600,,2.00,2,0,8224x5140,P,1
2994,21.526,1.449,0.331,0.066,0.000,0.017,0.073,0.000,18.578,0.036,18.471,0.071,8120,15600,,2.00,2,0,8224x5140,P,1
2995,22.064,0.850,0.325,0.065,0.000,0.018,0.050,0.000,19.388,0.019,19.291,0.077,8120,15600,,2.00,2,0,8224x5140,P,1
2996,21.989,0.772,0.324,0.066,0.000,0.017,0.054,0.000,19.657,0.037,19.535,0.086,8120,15600,,2.00,2,0,8224x5140,P,1
2997,21.679,1.582,0.339,0.071,0.000,0.024,0.053,0.000,19.659,0.037,19.533,0.090,8120,15600,,2.00,2,0,8224x5140,P,1
2998,21.128,1.088,0.336,0.064,0.000,0.017,0.064,0.000,18.986,0.020,18.874,0.092,8120,15600,,2.00,2,0,8224x5140,P,1
2999,22.008,0.805,0.322,0.060,0.000,0.015,0.052,0.000,19.653,0.036,19.527,0.090,8120,15600,,2.00,2,0,8224x5140,P,1
3000,20.742,1.784,0.381,0.068,0.000,0.019,0.050,0.000,18.556,0.038,18.446,0.072,8120,15600,,2.00,2,0,8224x5140,P,1
3001,19.741,0.803,0.333,0.058,0.000,0.016,0.061,0.000,17.258,0.020,17.176,0.063,8120,15600,,2.00,2,0,8224x5140,P,1
3002,19.932,0.889,0.358,0.064,0.000,0.017,0.062,0.000,17.562,0.020,17.460,0.081,8120,15600,,2.00,2,0,8224x5140,P,1
3003,22.385,1.114,0.361,0.074,0.000,0.019,0.058,0.000,17.727,0.037,17.601,0.089,8120,15600,,2.00,2,0,8224x5140,P,1
3004,18.223,1.570,0.331,0.064,0.000,0.017,0.052,0.000,15.083,0.022,14.988,0.073,8120,15600,,2.00,2,0,8224x5140,P,1
3005,18.691,0.942,0.333,0.065,0.000,0.017,0.051,0.000,16.126,0.021,16.044,0.061,8120,15600,,2.00,2,0,8224x5140,P,1
3006,17.339,0.746,0.292,0.057,0.000,0.015,0.051,0.000,15.065,0.019,14.983,0.063,8120,15600,,2.00,2,0,8224x5140,P,1
3007,17.445,0.756,0.289,0.062,0.000,0.017,0.050,0.000,15.070,0.021,14.985,0.065,8120,15600,,2.00,2,0,8224x5140,P,1
3008,17.372,0.733,0.307,0.055,0.000,0.015,0.080,0.000,15.066,0.020,14.984,0.062,8120,15600,,2.00,2,0,8224x5140,P,1
3009,17.489,0.749,0.386,0.059,0.000,0.018,0.054,0.000,15.075,0.020,14.991,0.064,8120,15600,,2.00,2,0,8224x5140,P,1
3010,16.300,0.788,0.321,0.065,0.000,0.018,0.051,0.000,14.014,0.020,13.930,0.064,8120,15600,,2.00,2,0,8224x5140,P,1
3011,26.252,0.796,0.333,0.058,0.000,0.015,0.063,0.000,15.066,0.019,14.983,0.064,8120,15600,,2.00,2,0,8224x5140,P,1
3012,15.290,1.944,0.372,0.076,0.000,0.024,0.113,0.000,12.910,0.022,12.823,0.065,8120,15600,,2.00,2,0,8224x5140,P,1
3013,17.810,0.000,0.345,0.054,0.000,0.016,0.051,0.000,14.393,0.019,14.311,0.062,8120,15600,,2.00,2,0,8224x5140,P,1
3014,16.455,1.645,0.377,0.070,0.000,0.019,0.054,0.000,12.911,0.022,12.824,0.065,8120,15600,,2.00,2,0,8224x5140,P,1
3015,14.118,0.849,0.339,0.058,0.000,0.016,0.057,0.000,11.543,0.022,11.457,0.064,8120,15600,,2.00,2,0,8224x5140,P,1
3016,18.979,0.000,0.314,0.057,0.000,0.015,0.050,0.000,12.659,0.020,12.574,0.065,8120,15600,,2.00,2,0,8224x5140,P,1
3017,16.553,1.598,0.350,0.066,0.000,0.020,0.056,0.000,12.910,0.022,12.826,0.062,8120,15600,,2.00,2,0,8224x5140,P,1
3018,16.485,0.724,0.319,0.061,0.000,0.020,0.056,0.000,10.872,0.022,10.785,0.065,8120,15600,,2.00,2,0,8224x5140,P,1
3019,16.606,0.739,0.300,0.060,0.000,0.017,0.086,0.000,11.545,0.022,11.457,0.067,8120,15600,,2.00,2,0,8224x5140,P,1
3020,16.490,0.755,0.336,0.059,0.000,0.016,0.064,0.000,11.541,0.022,11.456,0.064,8120,15600,,2.00,2,0,8224x5140,P,1
3021,16.593,1.086,0.357,0.059,0.000,0.018,0.070,0.000,10.765,0.017,10.683,0.065,8120,15600,,2.00,2,0,8224x5140,P,1
3022,16.542,0.905,0.342,0.061,0.000,0.018,0.070,0.000,10.874,0.022,10.788,0.065,8120,15600,,2.00,2,0,8224x5140,P,1
3023,16.507,0.911,0.351,0.055,0.000,0.017,0.062,0.000,10.784,0.018,10.702,0.064,8120,15600,,2.00,2,0,8224x5140,P,1
3024,16.528,0.762,0.385,0.058,0.000,0.017,0.055,0.000,10.773,0.018,10.691,0.064,8120,15600,,2.00,2,0,8224x5140,P,1
3025,16.702,0.782,0.327,0.050,0.000,0.016,0.053,0.000,10.781,0.018,10.695,0.068,8120,15600,,2.00,2,0,8224x5140,P,1
3026,16.390,0.850,0.357,0.064,0.000,0.018,0.059,0.000,10.585,0.017,10.502,0.066,8120,15600,drag_start,2.00,2,1,8224x5140,P,1
3027,16.645,0.904,0.352,0.054,0.000,0.016,0.052,0.000,10.826,0.017,10.747,0.062,8120,15600,,2.00,2,1,8224x5140,P,1
3028,16.605,0.860,0.345,0.050,0.000,0.015,0.064,0.000,10.083,0.018,10.003,0.063,8120,15600,,2.00,2,1,8224x5140,P,1
3029,16.655,0.887,0.363,0.055,0.000,0.015,0.055,0.000,10.629,0.017,10.553,0.059,8120,15600,,2.00,2,1,8224x5140,P,1
3030,17.148,0.874,0.343,0.044,0.000,0.015,0.116,0.000,10.095,0.017,10.021,0.057,8120,15600,,2.00,2,1,8224x5140,P,1
3031,16.569,1.679,0.630,0.108,0.000,0.041,0.103,0.000,10.102,0.017,10.023,0.061,8120,15600,,2.00,2,1,8224x5140,P,1
3032,16.644,1.803,0.555,0.112,0.000,0.031,0.113,0.000,9.675,0.017,9.594,0.063,8120,15600,,2.00,2,1,8224x5140,P,1
3033,16.651,1.909,0.666,0.124,0.000,0.037,0.129,0.000,9.677,0.018,9.596,0.063,8120,15600,,2.00,2,1,8224x5140,P,1
3034,16.202,2.330,0.648,0.124,0.000,0.043,0.058,0.000,9.221,0.017,9.142,0.062,8120,15600,,2.00,2,1,8224x5140,P,1
3035,16.648,0.848,0.308,0.067,0.000,0.019,0.059,0.000,9.217,0.017,9.144,0.056,8120,15600,,2.00,2,1,8224x5140,P,1
3036,16.628,0.972,0.344,0.068,0.000,0.020,0.064,0.000,9.683,0.017,9.602,0.063,8120,15600,,2.00,2,1,8224x5140,P,1
3037,16.592,0.930,0.340,0.066,0.000,0.020,0.052,0.000,8.938,0.016,8.859,0.063,8120,15600,,2.00,2,1,8224x5140,P,1
3038,16.723,0.991,0.303,0.064,0.000,0.018,0.066,0.000,9.680,0.018,9.601,0.061,8120,15600,,2.00,2,1,8224x5140,P,1
3039,16.568,0.975,0.302,0.070,0.000,0.020,0.067,0.000,8.935,0.015,8.861,0.059,8120,15600,,2.00,2,1,8224x5140,P,1
3040,16.336,1.023,0.329,0.080,0.000,0.025,0.061,0.000,9.224,0.018,9.147,0.060,8120,15600,,2.00,2,1,8224x5140,P,1
3041,16.474,1.013,0.313,0.068,0.000,0.019,0.052,0.000,9.216,0.017,9.137,0.062,8120,15600,,2.00,2,1,8224x5140,P,1
3042,16.575,0.949,0.341,0.065,0.000,0.018,0.074,0.000,9.213,0.018,9.136,0.059,8120,15600,,2.00,2,1,8224x5140,P,1
3043,16.554,0.974,0.329,0.074,0.000,0.021,0.075,0.000,9.209,0.018,9.131,0.060,8120,15600,,2.00,2,1,8224x5140,P,1
3044,16.397,0.984,0.324,0.069,0.000,0.019,0.062,0.000,9.659,0.018,9.584,0.058,8120,15600,,2.00,2,1,8224x5140,P,1
3045,16.610,0.841,0.305,0.065,0.000,0.018,0.077,0.000,9.202,0.018,9.124,0.061,8120,15600,,2.00,2,1,8224x5140,P,1
3046,16.552,1.033,0.361,0.068,0.000,0.026,0.066,0.000,9.651,0.017,9.572,0.062,8120,15600,,2.00,2,1,8224x5140,P,1
3047,16.425,1.178,0.395,0.073,0.000,0.022,0.052,0.000,10.090,0.018,10.009,0.062,8120,15600,,2.00,2,1,8224x5140,P,1
3048,16.533,0.936,0.351,0.047,0.000,0.015,0.061,0.000,9.655,0.018,9.575,0.062,8120,15600,,2.00,2,1,8224x5140,P,1
3049,16.556,0.862,0.365,0.052,0.000,0.017,0.072,0.000,10.094,0.018,10.014,0.062,8120,15600,,2.00,2,1,8224x5140,P,1
3050,16.564,1.043,0.361,0.058,0.000,0.017,0.064,0.000,10.100,0.018,10.019,0.063,8120,15600,,2.00,2,1,8224x5140,P,1
3051,16.602,1.018,0.368,0.055,0.000,0.016,0.065,0.000,10.658,0.017,10.576,0.065,8120,15600,,2.00,2,1,8224x5140,P,1
3052,16.508,0.912,0.331,0.050,0.000,0.016,0.053,0.000,10.117,0.018,10.037,0.062,8120,15600,,2.00,2,1,8224x5140,P,1
3053,16.589,0.939,0.316,0.051,0.000,0.014,0.052,0.000,10.120,0.018,10.042,0.061,8120,15600,,2.00,2,1,8224x5140,P,1
3054,16.486,1.036,0.369,0.052,0.000,0.018,0.043,0.000,10.127,0.018,10.047,0.062,8120,15600,,2.00,2,1,8224x5140,P,1
3055,16.587,0.920,0.338,0.048,0.000,0.018,0.049,0.000,10.139,0.018,10.060,0.062,8120,15600,,2.00,2,1,8224x5140,P,1
3056,16.539,0.957,0.338,0.046,0.000,0.016,0.051,0.000,10.689,0.018,10.610,0.061,8120,15600,,2.00,2,1,8224x5140,P,1
3057,16.521,1.191,0.372,0.057,0.000,0.020,0.056,0.000,10.699,0.018,10.619,0.063,8120,15600,,2.00,2,1,8224x5140,P,1
3058,16.527,0.982,0.344,0.052,0.000,0.018,0.048,0.000,10.698,0.018,10.617,0.064,8120,15600,,2.00,2,1,8224x5140,P,1
3059,16.562,0.957,0.346,0.046,0.000,0.017,0.051,0.000,10.704,0.018,10.624,0.063,8120,15600,,2.00,2,1,8224x5140,P,1
3060,16.619,0.916,0.362,0.040,0.000,0.015,0.052,0.000,10.716,0.017,10.636,0.062,8120,15600,,2.00,2,1,8224x5140,P,1
3061,16.621,0.793,0.319,0.048,0.000,0.017,0.079,0.000,10.717,0.017,10.638,0.062,8120,15600,,2.00,2,1,8224x5140,P,1
3062,16.478,1.122,0.382,0.074,0.000,0.023,0.051,0.000,10.957,0.018,10.875,0.064,8120,15600,,2.00,2,1,8224x5140,P,1
3063,16.570,1.135,0.360,0.067,0.000,0.018,0.084,0.000,10.708,0.018,10.622,0.068,8120,15600,,2.00,2,1,8224x5140,P,1
3064,16.533,0.971,0.364,0.052,0.000,0.014,0.050,0.000,10.896,0.017,10.815,0.064,8120,15600,,2.00,2,1,8224x5140,P,1
3065,16.928,0.928,0.356,0.054,0.000,0.016,0.118,0.000,10.898,0.017,10.812,0.068,8120,15600,,2.00,2,1,8224x5140,P,1
3066,16.493,1.861,0.603,0.118,0.000,0.032,0.131,0.000,10.693,0.017,10.609,0.067,8120,15600,,2.00,2,1,8224x5140,P,1
3067,16.609,2.046,0.646,0.123,0.001,0.037,0.143,0.000,11.044,0.017,10.960,0.066,8120,15600,,2.00,2,1,8224x5140,P,1
3068,16.359,2.439,0.729,0.132,0.000,0.040,0.156,0.000,10.706,0.017,10.622,0.067,8120,15600,,2.00,2,1,8224x5140,P,1
3069,16.410,2.337,0.705,0.135,0.000,0.052,0.133,0.000,10.706,0.017,10.626,0.062,8120,15600,,2.00,2,1,8224x5140,P,1
3070,16.189,2.374,0.643,0.122,0.000,0.045,0.112,0.000,10.693,0.018,10.617,0.058,8120,15600,,2.00,2,1,8224x5140,P,1
3071,16.336,1.753,0.560,0.118,0.000,0.036,0.127,0.000,10.696,0.018,10.617,0.062,8120,15600,,2.00,2,1,8224x5140,P,1
3072,16.374,1.824,0.612,0.112,0.000,0.032,0.109,0.000,10.154,0.019,10.072,0.063,8120,15600,,2.00,2,1,8224x5140,P,1
3073,16.384,1.969,0.614,0.111,0.000,0.036,0.127,0.000,10.695,0.018,10.614,0.062,8120,15600,,2.00,2,1,8224x5140,P,1
3074,16.494,2.197,0.654,0.124,0.000,0.042,0.116,0.000,10.144,0.019,10.069,0.057,8120,15600,,2.00,2,1,8224x5140,P,1
3075,16.387,1.877,0.584,0.118,0.000,0.039,0.119,0.000,10.152,0.017,10.071,0.063,8120,15600,,2.00,2,1,8224x5140,P,1
3076,16.435,2.139,0.729,0.134,0.000,0.040,0.124,0.000,10.145,0.017,10.067,0.061,8120,15600,,2.00,2,1,8224x5140,P,1
3077,15.967,2.020,0.621,0.124,0.000,0.038,0.086,0.000,9.796,0.017,9.717,0.062,8120,15600,,2.00,2,1,8224x5140,P,1
3078,16.820,1.154,0.415,0.076,0.000,0.021,0.128,0.000,10.903,0.022,10.815,0.066,8120,15600,,2.00,2,1,8224x5140,P,1
3079,16.425,1.780,0.588,0.112,0.000,0.035,0.123,0.000,10.150,0.018,10.072,0.060,8120,15600,,2.00,2,1,8224x5140,P,1
3080,16.289,1.915,0.580,0.124,0.000,0.039,0.111,0.000,10.692,0.017,10.615,0.060,8120,15600,,2.00,2,1,8224x5140,P,1
3081,16.639,1.785,0.617,0.114,0.000,0.043,0.149,0.000,10.150,0.018,10.071,0.062,8120,15600,,2.00,2,1,8224x5140,P,1
3082,16.288,1.878,0.561,0.118,0.000,0.035,0.100,0.000,10.145,0.017,10.068,0.060,8120,15600,,2.00,2,1,8224x5140,P,1
3083,16.549,2.279,0.690,0.116,0.000,0.048,0.123,0.000,10.694,0.017,10.614,0.063,8120,15600,,2.00,2,1,8224x5140,P,1
3084,16.608,2.503,0.725,0.128,0.000,0.039,0.124,0.000,10.147,0.018,10.071,0.058,8120,15600,,2.00,2,1,8224x5140,P,1
3085,16.404,2.485,0.693,0.122,0.000,0.038,0.123,0.000,10.141,0.017,10.064,0.059,8120,15600,,2.00,2,1,8224x5140,P,1
3086,16.347,2.425,0.696,0.128,0.000,0.039,0.141,0.000,10.690,0.018,10.611,0.061,8120,15600,,2.00,2,1,8224x5140,P,1
3087,16.168,2.213,0.689,0.125,0.000,0.041,0.110,0.000,10.692,0.018,10.612,0.062,8120,15600,,2.00,2,1,8224x5140,P,1
3088,16.412,2.305,0.641,0.125,0.000,0.036,0.138,0.000,10.694,0.018,10.613,0.062,8120,15600,,2.00,2,1,8224x5140,P,1
3089,16.101,1.575,0.659,0.115,0.000,0.041,0.066,0.000,10.693,0.017,10.610,0.065,8120,15600,,2.00,2,1,8224x5140,P,1
3090,16.462,1.071,0.319,0.065,0.000,0.020,0.061,0.000,10.693,0.017,10.612,0.064,8120,15600,,2.00,2,1,8224x5140,P,1
3091,16.425,1.028,0.318,0.069,0.000,0.023,0.055,0.000,10.931,0.017,10.846,0.068,8120,15600,,2.00,2,1,8224x5140,P,1
3092,16.621,1.065,0.306,0.066,0.000,0.018,0.068,0.000,10.917,0.017,10.830,0.069,8120,15600,,2.00,2,1,8224x5140,P,1
3093,16.416,1.160,0.362,0.086,0.000,0.024,0.057,0.000,10.938,0.018,10.851,0.069,8120,15600,,2.00,2,1,8224x5140,P,1
3094,16.516,1.110,0.346,0.078,0.000,0.021,0.063,0.000,10.916,0.017,10.832,0.067,8120,15600,,2.00,2,1,8224x5140,P,1
3095,16.486,0.941,0.318,0.070,0.000,0.021,0.054,0.000,10.918,0.017,10.836,0.065,8120,15600,,2.00,2,1,8224x5140,P,1
3096,16.588,1.015,0.372,0.073,0.000,0.021,0.091,0.000,10.921,0.023,10.832,0.066,8120,15600,,2.00,2,1,8224x5140,P,1
3097,16.346,1.062,0.336,0.087,0.000,0.025,0.053,0.000,10.926,0.018,10.841,0.067,8120,15600,,2.00,2,1,8224x5140,P,1
3098,16.610,0.968,0.316,0.064,0.000,0.018,0.061,0.000,11.024,0.022,10.937,0.065,8120,15600,,2.00,2,1,8224x5140,P,1
3099,16.558,0.999,0.317,0.068,0.000,0.019,0.073,0.000,11.024,0.022,10.938,0.064,8120,15600,,2.00,2,1,8224x5140,P,1
3100,16.520,1.040,0.318,0.077,0.000,0.025,0.078,0.000,11.697,0.022,11.612,0.063,8120,15600,,2.00,2,1,8224x5140,P,1
3101,16.515,1.016,0.414,0.074,0.000,0.022,0.090,0.000,11.698,0.022,11.610,0.066,8120,15600,,2.00,2,1,8224x5140,P,1
3102,16.353,1.320,0.401,0.094,0.000,0.029,0.092,0.000,11.694,0.022,11.607,0.065,8120,15600,,2.00,2,1,8224x5140,P,1
3103,16.544,1.304,0.398,0.084,0.000,0.028,0.084,0.000,12.376,0.022,12.288,0.066,8120,15600,,2.00,2,1,8224x5140,P,1
3104,16.493,1.403,0.407,0.084,0.000,0.024,0.094,0.000,12.376,0.022,12.291,0.064,8120,15600,,2.00,2,1,8224x5140,P,1
3105,16.429,1.592,0.463,0.086,0.000,0.028,0.085,0.000,13.081,0.022,12.993,0.066,8120,15600,,2.00,2,1,8224x5140,P,1
3106,17.486,1.526,0.464,0.092,0.000,0.026,0.106,0.000,14.185,0.022,14.096,0.067,8120,15600,,2.00,2,1,8224x5140,P,1
3107,17.343,1.515,0.489,0.087,0.000,0.026,0.078,0.000,14.191,0.022,14.094,0.074,8120,15600,,2.00,2,1,8224x5140,P,1
3108,19.653,1.447,0.453,0.080,0.000,0.025,0.102,0.000,16.308,0.021,16.211,0.076,8120,15600,,2.00,2,1,8224x5140,P,1
3109,16.346,1.593,0.479,0.095,0.000,0.028,0.092,0.000,13.092,0.022,12.991,0.080,8120,15600,,2.00,2,1,8224x5140,P,1
3110,16.249,1.434,0.460,0.072,0.000,0.022,0.135,0.000,13.092,0.023,12.991,0.079,8120,15600,,2.00,2,1,8224x5140,P,1
3111,16.356,1.633,0.481,0.079,0.000,0.028,0.082,0.000,13.110,0.022,12.995,0.093,8120,15600,,2.00,2,1,8224x5140,P,1
3112,19.892,1.593,0.537,0.084,0.000,0.028,0.084,0.000,16.321,0.020,16.203,0.098,8120,15600,,2.00,2,1,8224x5140,P,1
3113,16.360,1.598,0.456,0.094,0.000,0.025,0.085,0.000,13.086,0.023,12.988,0.076,8120,15600,,2.00,2,1,8224x5140,P,1
3114,25.559,1.548,0.469,0.089,0.000,0.024,0.079,0.000,16.248,0.035,16.145,0.069,8120,15600,,2.00,2,1,8224x5140,P,1
3115,16.221,2.750,0.460,0.091,0.000,0.027,0.057,0.000,14.178,0.022,14.089,0.067,8120,15600,,2.00,2,1,8224x5140,P,1
3116,19.095,1.224,0.389,0.066,0.000,0.018,0.054,0.000,16.301,0.019,16.214,0.068,8120,15600,,2.00,2,1,8224x5140,P,1
3117,17.913,1.114,0.419,0.065,0.000,0.018,0.071,0.000,15.235,0.020,15.149,0.066,8120,15600,,2.00,2,1,8224x5140,P,1
3118,18.852,0.984,0.359,0.055,0.000,0.015,0.055,0.000,16.299,0.020,16.215,0.063,8120,15600,,2.00,2,1,8224x5140,P,1
3119,17.922,1.231,0.373,0.070,0.000,0.019,0.061,0.000,15.235,0.020,15.153,0.062,8120,15600,,2.00,2,1,8224x5140,P,1
3120,18.867,1.076,0.358,0.061,0.000,0.021,0.055,0.000,16.300,0.020,16.214,0.066,8120,15600,,2.00,2,1,8224x5140,P,1
3121,23.583,0.936,0.342,0.059,0.000,0.016,0.142,0.000,14.297,0.037,14.193,0.067,8120,15600,,2.00,2,1,8224x5140,P,1
3122,16.485,2.020,0.354,0.070,0.000,0.020,0.094,0.000,14.182,0.022,14.094,0.066,8120,15600,,2.00,2,1,8224x5140,P,1
3123,17.616,0.993,0.351,0.059,0.000,0.016,0.058,0.000,15.239,0.020,15.154,0.065,8120,15600,,2.00,2,1,8224x5140,P,1
3124,16.575,1.094,0.356,0.058,0.000,0.016,0.048,0.000,14.181,0.020,14.095,0.067,8120,15600,,2.00,2,1,8224x5140,P,1
3125,17.605,0.954,0.355,0.054,0.000,0.015,0.083,0.000,15.230,0.020,15.145,0.065,8120,15600,,2.00,2,1,8224x5140,P,1
3126,16.361,0.882,0.330,0.055,0.000,0.014,0.047,0.000,14.176,0.021,14.089,0.066,8120,15600,,2.00,2,1,8224x5140,P,1
3127,16.985,0.989,0.320,0.053,0.000,0.015,0.108,0.000,14.164,0.020,14.077,0.067,8120,15600,,2.00,2,1,8224x5140,P,1
3128,17.356,1.914,0.675,0.111,0.000,0.037,0.119,0.000,14.163,0.020,14.079,0.064,8120,15600,,2.00,2,1,8224x5140,P,1
3129,16.304,1.913,0.686,0.125,0.000,0.042,0.120,0.000,13.052,0.022,12.964,0.066,8120,15600,,2.00,2,1,8224x5140,P,1
3130,15.392,2.048,0.646,0.133,0.000,0.038,0.140,0.000,11.884,0.018,11.801,0.066,8120,15600,,2.00,2,1,8224x5140,P,1
3131,14.587,2.341,0.699,0.135,0.000,0.045,0.134,0.000,11.577,0.017,11.494,0.065,8120,15600,,2.00,2,1,8224x5140,P,1
3132,16.221,2.243,0.671,0.134,0.000,0.039,0.137,0.000,11.050,0.017,10.967,0.067,8120,15600,,2.00,2,1,8224x5140,P,1
3133,16.312,1.056,0.384,0.076,0.000,0.024,0.102,0.000,13.037,0.022,12.951,0.064,8120,15600,,2.00,2,1,8224x5140,P,1
3134,16.536,1.744,0.587,0.111,0.000,0.035,0.152,0.000,10.988,0.018,10.907,0.063,8120,15600,,2.00,2,1,8224x5140,P,1
3135,15.880,2.021,0.655,0.131,0.000,0.045,0.048,0.000,11.029,0.017,10.947,0.064,8120,15600,,2.00,2,1,8224x5140,P,1
3136,16.911,0.941,0.339,0.069,0.000,0.016,0.124,0.000,10.888,0.017,10.804,0.066,8120,15600,,2.00,2,1,8224x5140,P,1
3137,16.620,1.872,0.624,0.115,0.000,0.038,0.124,0.000,10.988,0.018,10.902,0.068,8120,15600,,2.00,2,1,8224x5140,P,1
3138,16.292,1.977,0.679,0.134,0.000,0.039,0.135,0.000,11.033,0.017,10.952,0.064,8120,15600,,2.00,2,1,8224x5140,P,1
3139,16.036,1.781,0.686,0.134,0.000,0.042,0.116,0.000,10.660,0.017,10.578,0.065,8120,15600,,2.00,2,1,8224x5140,P,1
3140,16.418,0.872,0.322,0.062,0.000,0.018,0.048,0.000,10.652,0.018,10.575,0.060,8120,15600,,2.00,2,1,8224x5140,P,1
3141,16.648,0.897,0.296,0.061,0.000,0.018,0.058,0.000,10.650,0.018,10.574,0.058,8120,15600,,2.00,2,1,8224x5140,P,1
3142,16.512,0.980,0.310,0.066,0.000,0.019,0.155,0.000,10.108,0.017,10.028,0.063,8120,15600,,2.00,2,1,8224x5140,P,1
3143,16.422,0.929,0.373,0.069,0.000,0.020,0.052,0.000,10.100,0.018,10.022,0.060,8120,15600,,2.00,2,1,8224x5140,P,1
3144,16.517,0.970,0.368,0.064,0.000,0.019,0.052,0.000,10.097,0.017,10.019,0.061,8120,15600,,2.00,2,1,8224x5140,P,1
3145,16.613,0.875,0.336,0.057,0.000,0.017,0.060,0.000,10.100,0.018,10.021,0.060,8120,15600,,2.00,2,1,8224x5140,P,1
3146,16.415,1.046,0.358,0.054,0.000,0.017,0.047,0.000,10.097,0.017,10.017,0.062,8120,15600,drag_snap,2.00,2,0,8224x5140,P,1
3147,16.686,0.873,0.325,0.051,0.000,0.015,0.057,0.000,9.597,0.017,9.520,0.059,8120,15600,,2.00,2,0,8224x5140,P,1
3148,16.639,1.055,0.334,0.056,0.000,0.016,0.054,0.000,9.606,0.017,9.525,0.064,8120,15600,,2.00,2,0,8224x5140,P,1
3149,16.662,0.959,0.344,0.050,0.000,0.014,0.056,0.000,10.042,0.018,9.962,0.063,8120,15600,,2.00,2,0,8224x5140,P,1
3150,16.612,1.109,0.348,0.059,0.000,0.015,0.043,0.000,9.601,0.018,9.522,0.061,8120,15600,,2.00,2,0,8224x5140,P,1
3151,16.663,0.909,0.364,0.048,0.000,0.016,0.050,0.000,9.140,0.018,9.059,0.063,8120,15600,,2.00,2,0,8224x5140,P,1
3152,16.723,0.868,0.368,0.044,0.000,0.015,0.057,0.000,9.597,0.018,9.519,0.060,8120,15600,,2.00,2,0,8224x5140,P,1
3153,16.647,0.866,0.343,0.069,0.000,0.019,0.070,0.000,9.142,0.018,9.062,0.063,8120,15600,,2.00,2,0,8224x5140,P,1
3154,16.617,0.962,0.309,0.069,0.000,0.021,0.057,0.000,9.141,0.018,9.062,0.061,8120,15600,,2.00,2,0,8224x5140,P,1
3155,16.591,1.093,0.346,0.063,0.000,0.018,0.053,0.000,9.594,0.018,9.515,0.061,8120,15600,,2.00,2,0,8224x5140,P,1
3156,16.608,1.078,0.384,0.053,0.000,0.017,0.049,0.000,9.136,0.017,9.058,0.061,8120,15600,,2.00,2,0,8224x5140,P,1
3157,16.698,0.899,0.314,0.049,0.000,0.015,0.080,0.000,9.594,0.017,9.517,0.060,8120,15600,,2.00,2,0,8224x5140,P,1
3158,16.674,0.972,0.335,0.062,0.000,0.019,0.059,0.000,9.141,0.018,9.062,0.061,8120,15600,,2.00,2,0,8224x5140,P,1
3159,16.518,0.834,0.295,0.056,0.000,0.017,0.060,0.000,9.595,0.018,9.517,0.059,8120,15600,,2.00,2,0,8224x5140,P,1
3160,16.442,0.915,0.307,0.060,0.000,0.018,0.059,0.000,9.595,0.017,9.517,0.060,8120,15600,,2.00,2,0,8224x5140,P,1
3161,16.547,1.140,0.339,0.063,0.000,0.021,0.061,0.000,9.138,0.017,9.061,0.059,8120,15600,,2.00,2,0,8224x5140,P,1
3162,16.527,0.876,0.313,0.059,0.000,0.017,0.054,0.000,10.038,0.017,9.961,0.060,8120,15600,,2.00,2,0,8224x5140,P,1
3163,16.512,0.934,0.334,0.063,0.000,0.018,0.108,0.000,9.142,0.018,9.064,0.060,8120,15600,,2.00,2,0,8224x5140,P,1
3164,16.528,1.074,0.354,0.074,0.000,0.025,0.055,0.000,9.602,0.017,9.522,0.062,8120,15600,,2.00,2,0,8224x5140,P,1
3165,16.483,1.029,0.344,0.062,0.000,0.018,0.050,0.000,9.597,0.018,9.520,0.060,8120,15600,,2.00,2,0,8224x5140,P,1
3166,16.506,1.005,0.334,0.057,0.000,0.017,0.054,0.000,9.595,0.018,9.515,0.062,8120,15600,,2.00,2,0,8224x5140,P,1
3167,16.517,0.950,0.331,0.050,0.000,0.021,0.050,0.000,10.035,0.018,9.955,0.062,8120,15600,,2.00,2,0,8224x5140,P,1
3168,16.479,1.071,0.368,0.051,0.000,0.015,0.046,0.000,10.037,0.018,9.959,0.061,8120,15600,,2.00,2,0,8224x5140,P,1
3169,16.630,0.979,0.361,0.058,0.000,0.016,0.071,0.000,10.582,0.018,10.502,0.062,8120,15600,,2.00,2,0,8224x5140,P,1
3170,16.503,0.923,0.350,0.050,0.000,0.014,0.052,0.000,10.039,0.019,9.958,0.061,8120,15600,,2.00,2,0,8224x5140,P,1
3171,16.566,0.991,0.362,0.060,0.000,0.019,0.056,0.000,10.579,0.018,10.500,0.061,8120,15600,,2.00,2,0,8224x5140,P,1
3172,16.505,0.880,0.313,0.055,0.000,0.019,0.054,0.000,10.582,0.018,10.503,0.061,8120,15600,,2.00,2,0,8224x5140,P,1
3173,16.520,1.110,0.344,0.067,0.000,0.019,0.064,0.000,10.581,0.017,10.500,0.063,8120,15600,,2.00,2,0,8224x5140,P,1
3174,16.485,0.937,0.364,0.051,0.000,0.016,0.074,0.000,10.585,0.018,10.503,0.064,8120,15600,,2.00,2,0,8224x5140,P,1
3175,16.478,1.049,0.372,0.060,0.046,0.021,0.051,0.000,10.763,0.018,10.680,0.066,8120,15600,,2.00,2,0,8224x5140,P,1
3176,16.543,0.964,0.298,0.058,0.000,0.016,0.055,0.000,10.760,0.017,10.675,0.067,8120,15600,,2.00,2,0,8224x5140,P,1
3177,16.552,0.884,0.352,0.050,0.000,0.020,0.057,0.000,10.766,0.018,10.680,0.068,8120,15600,,2.00,2,0,8224x5140,P,1
3178,16.504,1.108,0.341,0.057,0.000,0.019,0.056,0.000,10.783,0.018,10.697,0.068,8120,15600,,2.00,2,0,8224x5140,P,1
3179,16.526,1.037,0.349,0.064,0.000,0.015,0.081,0.000,10.767,0.017,10.683,0.067,8120,15600,,2.00,2,0,8224x5140,P,1
3180,16.530,0.962,0.337,0.053,0.000,0.017,0.060,0.000,10.760,0.018,10.673,0.069,8120,15600,,2.00,2,0,8224x5140,P,1
3181,16.514,0.930,0.309,0.051,0.000,0.022,0.049,0.000,10.780,0.018,10.695,0.067,8120,15600,,2.00,2,0,8224x5140,P,1
3182,16.569,0.877,0.310,0.053,0.000,0.015,0.051,0.000,10.768,0.017,10.682,0.068,8120,15600,,2.00,2,0,8224x5140,P,1
3183,16.467,1.044,0.357,0.060,0.000,0.022,0.045,0.000,10.772,0.018,10.685,0.069,8120,15600,,2.00,2,0,8224x5140,P,1
3184,16.584,0.923,0.340,0.048,0.000,0.016,0.040,0.000,10.766,0.018,10.678,0.070,8120,15600,,2.00,2,0,8224x5140,P,1
3185,16.777,0.874,0.341,0.049,0.000,0.015,0.053,0.000,10.743,0.018,10.659,0.066,8120,15600,,2.00,2,0,8224x5140,P,1
3186,16.656,0.900,0.347,0.051,0.000,0.016,0.053,0.000,10.778,0.017,10.693,0.068,8120,15600,,2.00,2,0,8224x5140,P,1
3187,16.717,0.869,0.355,0.050,0.000,0.014,0.074,0.000,10.785,0.018,10.699,0.069,8120,15600,,2.00,2,0,8224x5140,P,1
3188,16.259,0.967,0.342,0.056,0.000,0.017,0.046,0.000,10.796,0.017,10.707,0.071,8120,15600,,2.00,2,0,8224x5140,P,1
3189,33.839,0.855,0.310,0.048,0.000,0.014,0.131,0.000,10.766,0.017,10.669,0.080,8120,15600,,2.00,2,0,8224x5140,P,1
3190,12.486,3.445,0.424,0.077,0.000,0.024,0.068,0.000,10.921,0.018,10.838,0.065,8120,15600,,2.00,2,0,8224x5140,P,1
3191,16.396,0.803,0.331,0.061,0.000,0.016,0.048,0.000,12.751,0.022,12.664,0.065,8120,15600,,2.00,2,0,8224x5140,P,1
3192,10.629,0.774,0.335,0.071,0.000,0.021,0.048,0.000,11.603,0.017,11.532,0.054,8120,15600,,2.00,2,0,8224x5140,P,1
3193,11.076,0.000,0.327,0.077,0.000,0.021,0.059,0.000,10.154,0.019,10.071,0.063,8120,15600,,2.00,2,0,8224x5140,P,1
3194,22.688,0.976,0.302,0.076,0.000,0.019,0.050,0.000,12.927,0.020,12.852,0.055,8120,15600,,2.00,2,0,8224x5140,P,1
3195,10.393,1.573,0.336,0.068,0.000,0.023,0.056,0.000,11.363,0.021,11.286,0.057,8120,15600,,2.00,2,0,8224x5140,P,1
3196,25.047,0.000,0.324,0.069,0.000,0.018,0.064,0.000,12.906,0.020,12.818,0.068,8120,15600,,2.00,2,0,8224x5140,P,1
3197,19.518,1.717,0.308,0.068,0.000,0.019,0.069,0.000,12.142,0.017,12.066,0.058,8120,15600,,2.00,2,0,8224x5140,P,1
3198,14.117,1.102,0.337,0.079,0.000,0.026,0.049,0.000,10.667,0.443,10.166,0.058,8120,15600,,2.00,2,0,8224x5140,P,1
3199,16.458,0.962,0.319,0.074,0.000,0.022,0.082,0.000,10.402,0.018,10.333,0.051,8120,15600,,2.00,2,0,8224x5140,P,1
3200,16.824,1.109,0.375,0.085,0.000,0.022,0.060,0.000,10.031,0.018,9.959,0.054,8120,15600,,2.00,2,0,8224x5140,P,1
3201,16.535,0.960,0.312,0.077,0.000,0.023,0.068,0.000,9.546,0.018,9.470,0.058,8120,15600,,2.00,2,0,8224x5140,P,1
3202,16.673,0.968,0.338,0.080,0.000,0.021,0.134,0.000,9.559,0.018,9.483,0.058,8120,15600,,2.00,2,0,8224x5140,P,1
3203,16.598,1.032,0.363,0.080,0.000,0.028,0.085,0.000,9.179,0.019,9.103,0.057,8120,15600,,2.00,2,0,8224x5140,P,1
3204,16.927,1.093,0.396,0.079,0.000,0.027,0.087,0.000,8.798,0.018,8.726,0.054,8120,15600,,2.00,2,0,8224x5140,P,1
3205,15.310,1.085,0.380,0.091,0.000,0.026,0.061,0.000,8.739,0.018,8.665,0.056,8120,15600,,2.00,2,0,8224x5140,P,1
3206,16.758,0.930,0.353,0.070,0.000,0.020,0.061,0.000,8.737,0.019,8.660,0.058,8120,15600,,2.00,2,0,8224x5140,P,1
3207,16.528,1.111,0.351,0.070,0.000,0.022,0.053,0.000,8.654,0.015,8.582,0.057,8120,15600,,2.00,2,0,8224x5140,P,1
3208,15.506,0.780,0.345,0.060,0.000,0.020,0.070,0.000,8.648,0.016,8.576,0.057,8120,15600,,2.00,2,0,8224x5140,P,1
3209,15.099,1.147,0.369,0.077,0.000,0.024,0.068,0.000,8.646,0.015,8.576,0.054,8120,15600,,2.00,2,0,8224x5140,P,1
3210,15.515,0.999,0.381,0.069,0.000,0.019,0.050,0.000,8.646,0.015,8.575,0.055,8120,15600,,2.00,2,0,8224x5140,P,1
3211,15.575,0.804,0.323,0.062,0.000,0.019,0.058,0.000,8.648,0.015,8.579,0.054,8120,15600,,2.00,2,0,8224x5140,P,1
3212,15.414,0.819,0.360,0.072,0.000,0.024,0.058,0.000,8.648,0.015,8.580,0.053,8120,15600,,2.00,2,0,8224x5140,P,1
3213,15.667,0.970,0.340,0.074,0.000,0.023,0.073,0.000,8.649,0.015,8.580,0.054,8120,15600,,2.00,2,0,8224x5140,P,1
3214,16.173,1.041,0.365,0.070,0.000,0.023,0.065,0.000,8.648,0.015,8.579,0.054,8120,15600,,2.00,2,0,8224x5140,P,1
3215,16.288,0.876,0.346,0.062,0.000,0.021,0.093,0.000,8.646,0.016,8.576,0.055,8120,15600,,2.00,2,0,8224x5140,P,1
3216,16.519,1.021,0.331,0.072,0.000,0.022,0.056,0.000,8.652,0.015,8.578,0.058,8120,15600,,2.00,2,0,8224x5140,P,1
3217,15.567,1.073,0.383,0.083,0.000,0.026,0.066,0.000,8.651,0.015,8.581,0.055,8120,15600,,2.00,2,0,8224x5140,P,1
3218,16.570,1.018,0.349,0.070,0.000,0.022,0.101,0.000,8.653,0.015,8.582,0.056,8120,15600,,2.00,2,0,8224x5140,P,1
3219,16.535,0.892,0.333,0.066,0.000,0.020,0.054,0.000,8.650,0.015,8.579,0.055,8120,15600,,2.00,2,0,8224x5140,P,1
3220,16.733,0.834,0.349,0.068,0.000,0.019,0.068,0.000,8.655,0.016,8.580,0.059,8120,15600,,2.00,2,0,8224x5140,P,1
3221,16.391,0.984,0.307,0.075,0.000,0.022,0.060,0.000,8.654,0.015,8.582,0.057,8120,15600,,2.00,2,0,8224x5140,P,1
3222,16.636,1.076,0.351,0.074,0.000,0.026,0.065,0.000,8.651,0.016,8.576,0.059,8120,15600,,2.00,2,0,8224x5140,P,1
3223,16.878,1.062,0.319,0.069,0.000,0.025,0.071,0.000,8.649,0.015,8.578,0.056,8120,15600,,2.00,2,0,8224x5140,P,1
3224,16.553,1.301,0.443,0.081,0.000,0.024,0.072,0.000,8.657,0.015,8.581,0.060,8120,15600,,2.00,2,0,8224x5140,P,1
3225,16.818,1.195,0.408,0.082,0.000,0.024,0.085,0.000,8.654,0.015,8.580,0.059,8120,15600,,2.00,2,0,8224x5140,P,1
3226,16.371,1.513,0.453,0.098,0.000,0.028,0.089,0.000,8.653,0.015,8.577,0.061,8120,15600,,2.00,2,0,8224x5140,P,1
3227,16.840,1.274,0.459,0.086,0.000,0.026,0.090,0.000,8.664,0.016,8.579,0.070,8120,15600,,2.00,2,0,8224x5140,P,1
3228,17.656,1.543,0.461,0.112,0.000,0.033,0.162,0.000,13.151,0.018,13.071,0.063,8120,15600,,2.00,2,0,8224x5140,P,1
3229,15.643,1.388,0.470,0.095,0.000,0.025,0.187,0.000,10.433,0.022,10.343,0.067,8120,15600,,2.00,2,0,8224x5140,P,1
3230,16.856,1.298,0.497,0.085,0.000,0.026,0.115,0.000,11.163,0.022,11.047,0.094,8120,15600,,2.00,2,0,8224x5140,P,1
3231,16.415,1.552,0.452,0.107,0.000,0.034,0.078,0.000,10.082,0.020,9.964,0.099,8120,15600,,2.00,2,0,8224x5140,P,1
3232,18.386,1.530,0.484,0.100,0.000,0.031,0.266,0.000,10.109,0.020,9.976,0.113,8120,15600,,2.00,2,0,8224x5140,P,1
3233,15.960,1.838,0.832,0.226,0.000,0.067,0.253,0.000,10.109,0.020,9.960,0.129,8120,15600,,2.00,2,0,8224x5140,P,1
3234,16.842,1.793,0.849,0.229,0.000,0.075,0.214,0.000,12.005,0.024,11.856,0.125,8120,15600,,2.00,2,0,8224x5140,P,1
3235,16.852,1.797,0.913,0.217,0.000,0.077,0.164,0.000,11.889,0.024,11.736,0.129,8120,15600,,2.00,2,0,8224x5140,P,1
3236,17.982,1.694,1.001,0.243,0.000,0.093,0.190,0.000,12.990,0.025,12.837,0.128,8120,15600,,2.00,2,0,8224x5140,P,1
3237,18.823,1.753,1.067,0.218,0.000,0.093,0.220,0.000,12.981,0.025,12.828,0.127,8120,15600,,2.00,2,0,8224x5140,P,1
3238,18.005,1.932,1.079,0.161,0.001,0.212,0.198,0.000,13.449,0.024,13.321,0.104,8120,15600,,2.00,2,0,8224x5140,P,1
3239,17.873,1.552,0.518,0.130,0.000,0.034,0.140,0.000,13.451,0.026,13.325,0.100,8120,15600,,2.00,2,0,8224x5140,P,1
3240,16.579,2.765,0.515,0.118,0.000,0.032,0.112,0.000,13.371,0.025,13.239,0.106,8120,15600,,2.00,2,0,8224x5140,P,1
3241,19.971,1.172,0.495,0.114,0.000,0.032,0.132,0.000,15.535,0.020,15.404,0.112,8120,15600,,2.00,2,0,8224x5140,P,1
3242,16.764,1.584,0.599,0.147,0.000,0.041,0.117,0.000,13.388,0.027,13.245,0.115,8120,15600,,2.00,2,0,8224x5140,P,1
3243,16.609,1.609,0.542,0.132,0.000,0.035,0.139,0.000,12.836,0.023,12.698,0.116,8120,15600,,2.00,2,0,8224x5140,P,1
3244,17.398,1.349,0.553,0.114,0.000,0.031,0.090,0.000,13.905,0.017,13.774,0.114,8120,15600,,2.00,2,0,8224x5140,P,1
3245,16.507,1.495,0.540,0.133,0.000,0.032,0.085,0.000,13.234,0.026,13.148,0.060,8120,15600,,2.00,2,0,8224x5140,P,1
3246,16.391,1.591,0.469,0.113,0.000,0.030,0.077,0.000,14.123,0.017,14.046,0.060,8120,15600,,2.00,2,0,8224x5140,P,1
3247,17.536,1.559,0.460,0.097,0.000,0.025,0.089,0.000,14.469,0.020,14.380,0.070,8120,15600,,2.00,2,0,8224x5140,P,1
3248,18.597,1.324,0.506,0.107,0.000,0.030,0.088,0.000,15.439,0.020,15.343,0.077,8120,15600,,2.00,2,0,8224x5140,P,1
3249,17.759,1.557,0.501,0.120,0.000,0.035,0.099,0.000,13.984,0.039,13.851,0.094,8120,15600,,2.00,2,0,8224x5140,P,1
3250,19.050,1.616,0.498,0.136,0.000,0.035,0.134,0.000,13.747,0.039,13.594,0.114,8120,15600,,2.00,2,0,8224x5140,P,1
3251,18.769,1.559,0.526,0.140,0.000,0.036,0.090,0.000,15.570,0.023,15.454,0.092,8120,15600,,2.00,2,0,8224x5140,P,1
3252,16.110,2.539,0.567,0.145,0.000,0.047,0.073,0.000,14.492,0.020,14.412,0.060,8120,15600,,2.00,2,0,8224x5140,P,1
3253,14.724,1.279,0.432,0.085,0.000,0.027,0.073,0.000,13.335,0.021,13.253,0.060,8120,15600,,2.00,2,0,8224x5140,P,1
3254,17.065,1.293,0.413,0.083,0.000,0.026,0.084,0.000,15.569,0.020,15.488,0.061,8120,15600,,2.00,2,0,8224x5140,P,1
3255,15.495,0.988,0.343,0.075,0.000,0.020,0.061,0.000,14.436,0.019,14.354,0.063,8120,15600,,2.00,2,0,8224x5140,P,1
3256,15.505,0.973,0.363,0.085,0.000,0.023,0.059,0.000,14.470,0.019,14.392,0.058,8120,15600,,2.00,2,0,8224x5140,P,1
3257,16.695,1.180,0.380,0.083,0.000,0.025,0.064,0.000,15.514,0.020,15.435,0.059,8120,15600,,2.00,2,0,8224x5140,P,1
3258,15.287,0.808,0.334,0.082,0.000,0.024,0.052,0.000,14.462,0.020,14.383,0.059,8120,15600,,2.00,2,0,8224x5140,P,1
3259,16.444,0.897,0.355,0.080,0.000,0.023,0.064,0.000,15.581,0.020,15.497,0.064,8120,15600,,2.00,2,0,8224x5140,P,1
3260,16.544,1.063,0.325,0.072,0.000,0.025,0.056,0.000,14.548,0.020,14.465,0.064,8120,15600,,2.00,2,0,8224x5140,P,1
3261,16.768,1.145,0.334,0.074,0.000,0.022,0.062,0.000,14.666,0.020,14.583,0.062,8120,15600,,2.00,2,0,8224x5140,P,1
3262,15.450,0.930,0.345,0.077,0.000,0.024,0.054,0.000,14.609,0.021,14.525,0.064,8120,15600,,2.00,2,0,8224x5140,P,1
3263,18.557,0.774,0.364,0.065,0.000,0.018,0.065,0.000,15.594,0.020,15.509,0.064,8120,15600,,2.00,2,0,8224x5140,P,1
3264,27.653,0.888,0.317,0.076,0.000,0.021,0.060,0.000,14.266,0.037,14.165,0.064,8120,15600,,2.00,2,0,8224x5140,P,1
3265,15.290,1.855,0.355,0.082,0.000,0.022,0.057,0.000,12.911,0.022,12.824,0.065,8120,15600,,2.00,2,0,8224x5140,P,1
3266,16.571,0.848,0.354,0.077,0.000,0.022,0.067,0.000,13.733,0.017,13.651,0.066,8120,15600,,2.00,2,0,8224x5140,P,1
3267,16.685,1.104,0.344,0.062,0.000,0.020,0.059,0.000,14.014,0.020,13.930,0.064,8120,15600,,2.00,2,0,8224x5140,P,1
3268,16.479,0.834,0.337,0.076,0.000,0.020,0.066,0.000,14.022,0.020,13.937,0.065,8120,15600,,2.00,2,0,8224x5140,P,1
3269,16.528,1.034,0.318,0.083,0.000,0.021,0.058,0.000,14.012,0.020,13.927,0.065,8120,15600,,2.00,2,0,8224x5140,P,1
3270,16.539,0.973,0.328,0.075,0.000,0.019,0.067,0.000,14.012,0.020,13.927,0.065,8120,15600,,2.00,2,0,8224x5140,P,1
3271,16.622,1.090,0.315,0.075,0.000,0.019,0.051,0.000,14.010,0.020,13.925,0.065,8120,15600,,2.00,2,0,8224x5140,P,1
3272,16.399,0.854,0.331,0.060,0.000,0.018,0.054,0.000,14.013,0.020,13.930,0.062,8120,15600,,2.00,2,0,8224x5140,P,1
3273,16.578,1.044,0.326,0.064,0.000,0.018,0.054,0.000,14.013,0.020,13.929,0.064,8120,15600,,2.00,2,0,8224x5140,P,1
3274,16.414,0.870,0.323,0.065,0.000,0.017,0.053,0.000,14.011,0.019,13.927,0.064,8120,15600,,2.00,2,0,8224x5140,P,1
3275,16.396,0.930,0.301,0.066,0.000,0.019,0.046,0.000,14.010,0.020,13.925,0.066,8120,15600,,2.00,2,0,8224x5140,P,1
3276,16.355,0.813,0.336,0.068,0.000,0.018,0.054,0.000,14.011,0.020,13.927,0.064,8120,15600,,2.00,2,0,8224x5140,P,1
3277,16.472,0.914,0.335,0.068,0.000,0.017,0.063,0.000,14.012,0.020,13.927,0.065,8120,15600,,2.00,2,0,8224x5140,P,1
3278,17.505,0.908,0.315,0.061,0.000,0.018,0.062,0.000,15.070,0.020,14.987,0.064,8120,15600,,2.00,2,0,8224x5140,P,1
3279,16.513,0.959,0.332,0.068,0.000,0.017,0.050,0.000,14.010,0.020,13.926,0.065,8120,15600,,2.00,2,0,8224x5140,P,1
3280,17.666,0.934,0.338,0.071,0.000,0.019,0.055,0.000,15.074,0.020,14.992,0.062,8120,15600,,2.00,2,0,8224x5140,P,1
3281,16.670,1.124,0.366,0.073,0.000,0.019,0.048,0.000,14.011,0.020,13.928,0.064,8120,15600,,2.00,2,0,8224x5140,P,1
3282,17.516,0.866,0.351,0.060,0.000,0.015,0.050,0.000,15.071,0.020,14.987,0.063,8120,15600,,2.00,2,0,8224x5140,P,1
3283,16.495,0.926,0.359,0.055,0.000,0.017,0.050,0.000,14.016,0.019,13.931,0.066,8120,15600,,2.00,2,0,8224x5140,P,1
3284,17.832,1.129,0.387,0.063,0.000,0.018,0.056,0.000,15.070,0.019,14.985,0.065,8120,15600,,2.00,2,0,8224x5140,P,1
3285,16.341,0.817,0.361,0.054,0.000,0.015,0.054,0.000,14.016,0.020,13.935,0.062,8120,15600,,2.00,2,0,8224x5140,P,1
3286,16.575,1.081,0.346,0.056,0.000,0.017,0.051,0.000,14.013,0.020,13.928,0.065,8120,15600,,2.00,2,0,8224x5140,P,1
3287,16.335,0.875,0.363,0.052,0.000,0.016,0.047,0.000,14.009,0.020,13.924,0.065,8120,15600,,2.00,2,0,8224x5140,P,1
3288,16.306,0.802,0.350,0.053,0.000,0.014,0.047,0.000,14.009,0.019,13.924,0.065,8120,15600,,2.00,2,0,8224x5140,P,1
3289,16.345,0.882,0.349,0.055,0.000,0.013,0.049,0.000,14.008,0.020,13.924,0.065,8120,15600,,2.00,2,0,8224x5140,P,1
3290,16.335,0.874,0.334,0.052,0.000,0.016,0.042,0.000,14.003,0.020,13.921,0.063,8120,15600,,2.00,2,0,8224x5140,P,1
3291,16.271,0.799,0.341,0.050,0.000,0.015,0.047,0.000,14.015,0.020,13.931,0.064,8120,15600,,2.00,2,0,8224x5140,P,1
3292,16.271,0.812,0.340,0.050,0.000,0.015,0.049,0.000,14.018,0.020,13.934,0.065,8120,15600,,2.00,2,0,8224x5140,P,1
3293,16.294,0.730,0.364,0.048,0.000,0.014,0.062,0.000,14.010,0.020,13.926,0.064,8120,15600,,2.00,2,0,8224x5140,P,1
3294,15.256,0.757,0.404,0.065,0.000,0.018,0.068,0.000,12.907,0.020,12.820,0.066,8120,15600,,2.00,2,0,8224x5140,P,1
3295,16.525,0.986,0.321,0.070,0.000,0.023,0.068,0.000,14.013,0.019,13.929,0.065,8120,15600,,2.00,2,0,8224x5140,P,1
3296,16.318,0.806,0.322,0.066,0.000,0.017,0.054,0.000,14.011,0.020,13.926,0.065,8120,15600,,2.00,2,0,8224x5140,P,1
3297,16.284,0.736,0.305,0.062,0.000,0.015,0.065,0.000,14.008,0.020,13.925,0.064,8120,15600,,2.00,2,0,8224x5140,P,1
3298,17.509,0.863,0.320,0.075,0.000,0.019,0.048,0.000,15.066,0.020,14.986,0.060,8120,15600,,2.00,2,0,8224x5140,P,1
3299,17.397,0.713,0.333,0.063,0.000,0.015,0.065,0.000,15.063,0.020,14.979,0.064,8120,15600,,2.00,2,0,8224x5140,P,1
3300,17.466,0.776,0.300,0.069,0.000,0.018,0.067,0.000,15.083,0.020,14.997,0.066,8120,15600,,2.00,2,0,8224x5140,P,1
3301,17.417,0.786,0.339,0.071,0.000,0.020,0.064,0.000,15.074,0.020,14.990,0.065,8120,15600,,2.00,2,0,8224x5140,P,1
3302,16.423,0.857,0.373,0.064,0.000,0.018,0.051,0.000,14.018,0.019,13.935,0.064,8120,15600,,2.00,2,0,8224x5140,P,1
3303,17.387,0.788,0.373,0.054,0.000,0.015,0.092,0.000,15.075,0.020,14.988,0.066,8120,15600,,2.00,2,0,8224x5140,P,1
3304,16.680,1.128,0.406,0.072,0.000,0.022,0.045,0.000,14.018,0.020,13.932,0.066,8120,15600,,2.00,2,0,8224x5140,P,1
3305,16.469,1.102,0.317,0.057,0.000,0.016,0.047,0.000,14.011,0.020,13.927,0.064,8120,15600,,2.00,2,0,8224x5140,P,1
3306,16.327,0.765,0.381,0.053,0.000,0.015,0.047,0.000,14.010,0.020,13.925,0.066,8120,15600,,2.00,2,0,8224x5140,P,1
3307,16.359,0.824,0.329,0.056,0.000,0.014,0.059,0.000,14.010,0.020,13.925,0.065,8120,15600,,2.00,2,0,8224x5140,P,1
3308,16.418,0.899,0.361,0.054,0.000,0.017,0.058,0.000,14.013,0.020,13.928,0.065,8120,15600,,2.00,2,0,8224x5140,P,1
3309,16.364,0.780,0.353,0.049,0.000,0.014,0.061,0.000,14.013,0.020,13.930,0.063,8120,15600,,2.00,2,0,8224x5140,P,1
3310,16.381,0.850,0.342,0.059,0.000,0.018,0.054,0.000,14.017,0.020,13.932,0.065,8120,15600,,2.00,2,0,8224x5140,P,1
3311,16.277,0.778,0.331,0.056,0.000,0.016,0.055,0.000,14.011,0.020,13.926,0.065,8120,15600,,2.00,2,0,8224x5140,P,1
3312,16.481,0.928,0.341,0.066,0.000,0.018,0.048,0.000,14.011,0.019,13.927,0.065,8120,15600,,2.00,2,0,8224x5140,P,1
3313,15.246,0.882,0.376,0.053,0.000,0.017,0.049,0.000,12.899,0.019,12.814,0.065,8120,15600,,2.00,2,0,8224x5140,P,1
3314,15.586,0.823,0.362,0.054,0.000,0.014,0.064,0.000,12.901,0.020,12.814,0.066,8120,15600,,2.00,2,0,8224x5140,P,1
3315,16.667,0.739,0.328,0.045,0.000,0.015,0.070,0.000,12.904,0.020,12.818,0.066,8120,15600,,2.00,2,0,8224x5140,P,1
3316,16.640,0.947,0.364,0.067,0.000,0.019,0.066,0.000,12.911,0.022,12.824,0.065,8120,15600,,2.00,2,0,8224x5140,P,1
3317,15.861,0.873,0.346,0.056,0.000,0.016,0.047,0.000,11.550,0.022,11.462,0.066,8120,15600,,2.00,2,0,8224x5140,P,1
3318,16.664,1.104,0.330,0.058,0.000,0.016,0.045,0.000,11.546,0.022,11.457,0.067,8120,15600,,2.00,2,0,8224x5140,P,1
3319,16.597,0.849,0.341,0.048,0.000,0.016,0.047,0.000,10.881,0.022,10.794,0.065,8120,15600,,2.00,2,0,8224x5140,P,1
3320,17.257,0.883,0.334,0.050,0.000,0.015,0.111,0.000,10.876,0.023,10.789,0.064,8120,15600,,2.00,2,0,8224x5140,P,1
3321,16.623,1.803,0.598,0.096,0.000,0.037,0.120,0.000,10.923,0.017,10.841,0.066,8120,15600,,2.00,2,0,8224x5140,P,1
3322,16.717,2.007,0.741,0.156,0.000,0.046,0.132,0.000,10.922,0.017,10.840,0.065,8120,15600,,2.00,2,0,8224x5140,P,1
3323,16.885,2.047,0.648,0.125,0.000,0.038,0.200,0.000,10.580,0.018,10.502,0.060,8120,15600,,2.00,2,0,8224x5140,P,1
3324,16.559,2.849,0.741,0.137,0.000,0.044,0.179,0.000,10.578,0.018,10.501,0.060,8120,15600,,2.00,2,0,8224x5140,P,1
3325,16.704,2.440,0.691,0.128,0.000,0.041,0.149,0.000,10.036,0.017,9.957,0.061,8120,15600,,2.00,2,0,8224x5140,P,1
3326,16.444,2.885,0.729,0.140,0.000,0.041,0.194,0.000,10.034,0.017,9.956,0.061,8120,15600,,2.00,2,0,8224x5140,P,1
3327,17.000,2.643,0.673,0.133,0.000,0.041,0.180,0.000,9.595,0.017,9.517,0.061,8120,15600,,2.00,2,0,8224x5140,P,1
3328,16.167,2.238,0.651,0.127,0.000,0.038,0.140,0.000,9.593,0.017,9.515,0.061,8120,15600,,2.00,2,0,8224x5140,P,1
3329,16.053,2.170,0.740,0.129,0.000,0.044,0.051,0.000,9.137,0.017,9.062,0.058,8120,15600,,2.00,2,0,8224x5140,P,1
3330,16.668,0.721,0.308,0.069,0.000,0.017,0.056,0.000,9.139,0.017,9.063,0.058,8120,15600,,2.00,2,0,8224x5140,P,1
3331,16.560,1.051,0.356,0.072,0.000,0.023,0.052,0.000,9.139,0.018,9.064,0.057,8120,15600,,2.00,2,0,8224x5140,P,1
3332,16.593,0.812,0.365,0.064,0.000,0.019,0.047,0.000,8.846,0.015,8.770,0.061,8120,15600,,2.00,2,0,8224x5140,P,1
3333,16.660,0.874,0.327,0.066,0.000,0.018,0.051,0.000,9.140,0.017,9.061,0.062,8120,15600,,2.00,2,0,8224x5140,P,1
3334,16.735,0.910,0.344,0.061,0.000,0.016,0.060,0.000,8.836,0.016,8.760,0.059,8120,15600,,2.00,2,0,8224x5140,P,1
3335,16.758,0.749,0.309,0.073,0.000,0.019,0.066,0.000,8.842,0.016,8.770,0.056,8120,15600,,2.00,2,0,8224x5140,P,1
3336,16.630,1.025,0.307,0.075,0.000,0.023,0.063,0.000,9.137,0.018,9.061,0.058,8120,15600,,2.00,2,0,8224x5140,P,1
3337,16.609,1.163,0.341,0.080,0.000,0.025,0.092,0.000,8.858,0.015,8.785,0.058,8120,15600,,2.00,2,0,8224x5140,P,1
3338,16.682,1.091,0.394,0.081,0.000,0.026,0.081,0.000,8.851,0.015,8.774,0.061,8120,15600,,2.00,2,0,8224x5140,P,1
3339,16.585,1.012,0.321,0.076,0.000,0.024,0.124,0.000,8.865,0.017,8.782,0.066,8120,15600,,2.00,2,0,8224x5140,P,1
3340,16.599,0.986,0.352,0.073,0.000,0.020,0.059,0.000,8.842,0.015,8.766,0.061,8120,15600,,2.00,2,0,8224x5140,P,1
3341,16.639,0.991,0.344,0.075,0.000,0.022,0.061,0.000,9.141,0.018,9.063,0.060,8120,15600,,2.00,2,0,8224x5140,P,1
3342,16.709,0.853,0.346,0.063,0.000,0.019,0.088,0.000,9.142,0.018,9.060,0.065,8120,15600,,2.00,2,0,8224x5140,P,1
3343,16.587,0.779,0.389,0.054,0.000,0.016,0.086,0.000,9.145,0.018,9.063,0.064,8120,15600,,2.00,2,0,8224x5140,P,1
3344,16.671,1.134,0.371,0.065,0.000,0.024,0.054,0.000,9.146,0.017,9.064,0.064,8120,15600,,2.00,2,0,8224x5140,P,1
3345,16.691,0.852,0.353,0.058,0.000,0.016,0.053,0.000,9.142,0.018,9.062,0.062,8120,15600,,2.00,2,0,8224x5140,P,1
3346,16.562,0.714,0.292,0.058,0.000,0.018,0.056,0.000,9.141,0.018,9.063,0.060,8120,15600,,2.00,2,0,8224x5140,P,1
3347,16.743,0.976,0.337,0.056,0.000,0.017,0.083,0.000,9.143,0.018,9.061,0.065,8120,15600,,2.00,2,0,8224x5140,P,1
3348,16.444,0.863,0.332,0.063,0.000,0.019,0.056,0.000,9.144,0.018,9.066,0.060,8120,15600,,2.00,2,0,8224x5140,P,1
3349,16.438,1.010,0.313,0.073,0.000,0.020,0.053,0.000,9.601,0.018,9.520,0.063,8120,15600,,2.00,2,0,8224x5140,P,1
3350,16.503,0.828,0.346,0.065,0.000,0.019,0.056,0.000,9.144,0.017,9.064,0.063,8120,15600,,2.00,2,0,8224x5140,P,1
3351,16.507,0.977,0.343,0.057,0.000,0.018,0.062,0.000,9.601,0.017,9.519,0.064,8120,15600,,2.00,2,0,8224x5140,P,1
3352,16.573,0.840,0.326,0.057,0.000,0.013,0.053,0.000,9.604,0.018,9.524,0.062,8120,15600,,2.00,2,0,8224x5140,P,1
3353,16.488,0.893,0.340,0.067,0.000,0.018,0.044,0.000,9.600,0.017,9.519,0.063,8120,15600,,2.00,2,0,8224x5140,P,1
3354,16.593,0.816,0.332,0.055,0.000,0.016,0.072,0.000,9.599,0.017,9.518,0.063,8120,15600,,2.00,2,0,8224x5140,P,1
3355,16.510,0.789,0.320,0.054,0.000,0.016,0.054,0.000,10.036,0.017,9.957,0.061,8120,15600,,2.00,2,0,8224x5140,P,1
3356,16.455,0.879,0.322,0.055,0.000,0.018,0.045,0.000,9.600,0.017,9.520,0.062,8120,15600,,2.00,2,0,8224x5140,P,1
3357,16.539,0.746,0.375,0.051,0.000,0.018,0.048,0.000,10.037,0.018,9.957,0.063,8120,15600,,2.00,2,0,8224x5140,P,1
3358,12.984,0.806,0.379,0.056,0.000,0.017,0.072,0.000,10.040,0.018,9.960,0.062,8120,15600,,2.00,2,0,8224x5140,P,1
3359,20.118,0.000,0.362,0.055,0.000,0.016,0.044,0.000,10.039,0.017,9.959,0.063,8120,15600,,2.00,2,0,8224x5140,P,1
3360,16.535,1.576,0.314,0.050,0.000,0.016,0.043,0.000,10.582,0.018,10.501,0.063,8120,15600,,2.00,2,0,8224x5140,P,1
3361,16.540,0.764,0.340,0.065,0.000,0.016,0.047,0.000,10.581,0.017,10.500,0.064,8120,15600,,2.00,2,0,8224x5140,P,1
3362,16.576,0.738,0.336,0.050,0.000,0.016,0.048,0.000,10.579,0.018,10.499,0.063,8120,15600,,2.00,2,0,8224x5140,P,1
3363,16.529,0.762,0.360,0.046,0.000,0.014,0.045,0.000,10.590,0.018,10.509,0.064,8120,15600,,2.00,2,0,8224x5140,P,1
3364,16.646,0.765,0.367,0.045,0.000,0.012,0.042,0.000,10.586,0.018,10.504,0.064,8120,15600,,2.00,2,0,8224x5140,P,1
3365,16.658,0.736,0.361,0.045,0.000,0.012,0.045,0.000,10.752,0.018,10.666,0.068,8120,15600,,2.00,2,0,8224x5140,P,1
3366,16.661,0.732,0.363,0.045,0.000,0.014,0.045,0.000,10.588,0.017,10.502,0.069,8120,15600,,2.00,2,0,8224x5140,P,1
3367,16.810,0.767,0.364,0.042,0.000,0.013,0.069,0.000,10.749,0.017,10.663,0.069,8120,15600,,2.00,2,0,8224x5140,P,1
3368,16.450,1.117,0.336,0.074,0.000,0.020,0.080,0.000,10.582,0.017,10.505,0.059,8120,15600,,2.00,2,0,8224x5140,P,1
3369,16.330,0.980,0.328,0.077,0.000,0.021,0.055,0.000,11.151,0.017,11.080,0.054,8120,15600,,2.00,2,0,8224x5140,P,1
3370,12.230,1.159,0.390,0.087,0.000,0.027,0.069,0.000,11.295,0.018,11.214,0.064,8120,15600,,2.00,2,0,8224x5140,P,1
3371,17.478,0.000,0.398,0.078,0.000,0.025,0.060,0.000,10.030,0.018,9.960,0.053,8120,15600,,2.00,2,0,8224x5140,P,1
3372,16.524,1.698,0.319,0.073,0.000,0.021,0.060,0.000,11.322,0.017,11.245,0.060,8120,15600,,2.00,2,0,8224x5140,P,1
3373,13.840,1.174,0.360,0.085,0.000,0.026,0.062,0.000,11.341,0.018,11.257,0.066,8120,15600,,2.00,2,0,8224x5140,P,1
3374,16.613,0.978,0.316,0.080,0.001,0.024,0.062,0.000,11.334,0.018,11.250,0.067,8120,15600,,2.00,2,0,8224x5140,P,1
3375,13.534,0.962,0.347,0.075,0.000,0.025,0.060,0.000,11.327,0.017,11.245,0.065,8120,15600,,2.00,2,0,8224x5140,P,1
3376,11.373,1.007,0.386,0.073,0.000,0.028,0.056,0.000,11.248,0.017,11.173,0.057,8120,15600,,2.00,2,0,8224x5140,P,1
3377,10.976,0.873,0.339,0.079,0.000,0.026,0.059,0.000,11.235,0.017,11.158,0.059,8120,15600,,2.00,2,0,8224x5140,P,1
3378,13.471,0.000,0.328,0.069,0.000,0.019,0.091,0.000,10.789,0.022,10.703,0.063,8120,15600,,2.00,2,0,8224x5140,P,1
3379,14.175,0.819,0.352,0.072,0.000,0.022,0.071,0.000,12.055,0.022,11.971,0.062,8120,15600,,2.00,2,0,8224x5140,P,1
3380,15.672,1.117,0.368,0.085,0.000,0.038,0.067,0.000,12.843,0.086,12.699,0.059,8120,15600,,2.00,2,0,8224x5140,P,1
3381,15.364,0.844,0.354,0.075,0.000,0.022,0.058,0.000,13.326,0.022,13.248,0.056,8120,15600,,2.00,2,0,8224x5140,P,1
3382,16.323,0.831,0.384,0.067,0.000,0.021,0.062,0.000,12.912,0.022,12.826,0.064,8120,15600,,2.00,2,0,8224x5140,P,1
3383,15.653,1.018,0.354,0.076,0.000,0.025,0.067,0.000,13.045,0.043,12.937,0.065,8120,15600,,2.00,2,0,8224x5140,P,1
3384,16.856,1.071,0.417,0.088,0.000,0.025,0.109,0.000,14.223,0.036,14.120,0.068,8120,15600,,2.00,2,0,8224x5140,P,1
3385,16.704,1.134,0.350,0.087,0.000,0.027,0.053,0.000,14.100,0.039,13.994,0.067,8120,15600,,2.00,2,0,8224x5140,P,1
3386,18.888,0.961,0.323,0.075,0.000,0.020,0.060,0.000,15.664,0.038,15.541,0.086,8120,15600,,2.00,2,0,8224x5140,P,1
3387,19.109,1.122,0.377,0.076,0.000,0.019,0.060,0.000,16.388,0.037,16.273,0.078,8120,15600,,2.00,2,0,8224x5140,P,1
3388,21.215,1.063,0.349,0.084,0.000,0.023,0.059,0.000,18.451,0.036,18.333,0.082,8120,15600,,2.00,2,0,8224x5140,P,1
3389,19.988,2.031,0.361,0.074,0.000,0.021,0.088,0.000,17.698,0.020,17.613,0.066,8120,15600,,2.00,2,0,8224x5140,P,1
3390,21.116,0.966,0.353,0.074,0.000,0.024,0.056,0.000,18.022,0.020,17.927,0.075,8120,15600,,2.00,2,0,8224x5140,P,1
3391,23.480,1.074,0.352,0.074,0.000,0.020,0.058,0.000,20.458,0.038,20.338,0.082,8120,15600,,2.00,2,0,8224x5140,P,1
3392,21.000,1.960,0.356,0.077,0.000,0.023,0.089,0.000,18.763,0.021,18.675,0.067,8120,15600,,2.00,2,0,8224x5140,P,1
3393,19.875,0.888,0.324,0.068,0.000,0.018,0.087,0.000,17.666,0.020,17.587,0.059,8120,15600,,2.00,2,0,8224x5140,P,1
3394,23.596,1.139,0.356,0.083,0.000,0.024,0.057,0.000,20.444,0.037,20.337,0.069,8120,15600,,2.00,2,0,8224x5140,P,1
3395,21.874,1.741,0.328,0.073,0.000,0.019,0.061,0.000,18.938,0.041,18.832,0.065,8120,15600,,2.00,2,0,8224x5140,P,1
3396,20.964,0.907,0.317,0.073,0.000,0.020,0.056,0.000,18.714,0.020,18.639,0.056,8120,15600,,2.00,2,0,8224x5140,P,1
3397,23.424,0.973,0.330,0.073,0.000,0.021,0.102,0.000,20.377,0.037,20.271,0.070,8120,15600,,2.00,2,0,8224x5140,P,1
3398,23.090,1.759,0.316,0.071,0.000,0.019,0.074,0.000,20.391,0.037,20.269,0.085,8120,15600,,2.00,2,0,8224x5140,P,1
3399,22.396,1.131,0.340,0.086,0.000,0.021,0.052,0.000,19.855,0.020,19.749,0.086,8120,15600,,2.00,2,0,8224x5140,P,1
3400,24.569,0.968,0.348,0.078,0.000,0.018,0.060,0.000,22.397,0.037,22.279,0.081,8120,15600,,2.00,2,0,8224x5140,P,1
3401,21.134,2.108,0.368,0.078,0.000,0.022,0.063,0.000,18.757,0.020,18.670,0.067,8120,15600,,2.00,2,0,8224x5140,P,1
3402,22.420,1.130,0.377,0.069,0.000,0.019,0.080,0.000,20.366,0.033,20.261,0.071,8120,15600,,2.00,2,0,8224x5140,P,1
3403,23.491,1.060,0.365,0.080,0.000,0.022,0.050,0.000,20.435,0.037,20.315,0.082,8120,15600,,2.00,2,0,8224x5140,P,1
3404,19.594,1.774,0.352,0.071,0.000,0.018,0.051,0.000,17.800,0.021,17.709,0.069,8120,15600,,2.00,2,0,8224x5140,P,1
3405,19.970,0.979,0.373,0.067,0.000,0.022,0.047,0.000,17.700,0.032,17.584,0.085,8120,15600,,2.00,2,0,8224x5140,P,1
3406,19.920,0.937,0.376,0.065,0.000,0.019,0.057,0.000,18.609,0.037,18.494,0.078,8120,15600,,2.00,2,0,8224x5140,P,1
3407,17.290,1.703,0.356,0.072,0.000,0.025,0.069,0.000,16.720,0.037,16.618,0.065,8120,15600,,2.00,2,0,8224x5140,P,1
3408,17.626,0.849,0.367,0.064,0.000,0.019,0.073,0.000,16.608,0.020,16.527,0.060,8120,15600,,2.00,2,0,8224x5140,P,1
3409,17.546,0.844,0.313,0.056,0.000,0.017,0.054,0.000,16.574,0.019,16.496,0.059,8120,15600,,2.00,2,0,8224x5140,P,1
3410,17.613,0.902,0.348,0.070,0.000,0.020,0.057,0.000,16.600,0.019,16.519,0.062,8120,15600,,2.00,2,0,8224x5140,P,1
3411,18.550,0.890,0.314,0.064,0.000,0.020,0.055,0.000,15.666,0.038,15.546,0.082,8120,15600,,2.00,2,0,8224x5140,P,1
3412,16.740,1.074,0.375,0.077,0.000,0.022,0.060,0.000,14.968,0.021,14.857,0.090,8120,15600,,2.00,2,0,8224x5140,P,1
3413,21.247,1.019,0.360,0.074,0.000,0.024,0.084,0.000,15.159,0.020,15.067,0.072,8120,15600,,2.00,2,0,8224x5140,P,1
3414,16.433,1.838,0.380,0.077,0.000,0.023,0.059,0.000,12.907,0.020,12.820,0.067,8120,15600,,2.00,2,0,8224x5140,P,1
3415,14.475,1.107,0.360,0.078,0.000,0.021,0.050,0.000,12.222,0.022,12.134,0.066,8120,15600,,2.00,2,0,8224x5140,P,1
3416,15.372,0.908,0.347,0.069,0.000,0.023,0.061,0.000,12.654,0.020,12.568,0.066,8120,15600,,2.00,2,0,8224x5140,P,1
3417,22.421,1.094,0.375,0.080,0.000,0.024,0.056,0.000,12.903,0.020,12.817,0.066,8120,15600,,2.00,2,0,8224x5140,P,1
3418,16.710,1.053,0.358,0.076,0.000,0.021,0.052,0.000,11.936,0.020,11.851,0.065,8120,15600,,2.00,2,0,8224x5140,P,1
3419,13.140,0.878,0.356,0.065,0.000,0.020,0.059,0.000,11.619,0.016,11.543,0.059,8120,15600,,2.00,2,0,8224x5140,P,1
3420,14.505,1.126,0.371,0.063,0.000,0.018,0.054,0.000,11.853,0.017,11.773,0.064,8120,15600,,2.00,2,0,8224x5140,P,1
3421,14.229,0.914,0.358,0.071,0.000,0.020,0.052,0.000,12.215,0.020,12.130,0.066,8120,15600,,2.00,2,0,8224x5140,P,1
3422,19.043,0.000,0.334,0.054,0.000,0.018,0.052,0.000,12.219,0.020,12.131,0.068,8120,15600,,2.00,2,0,8224x5140,P,1
3423,17.299,1.721,0.367,0.061,0.000,0.019,0.050,0.000,12.221,0.020,12.134,0.067,8120,15600,,2.00,2,0,8224x5140,P,1
3424,14.066,0.783,0.302,0.058,0.000,0.015,0.055,0.000,11.513,0.016,11.432,0.065,8120,15600,,2.00,2,0,8224x5140,P,1
3425,12.972,0.771,0.343,0.067,0.000,0.022,0.065,0.000,10.818,0.017,10.735,0.066,8120,15600,,2.00,2,0,8224x5140,P,1
3426,26.967,0.000,0.323,0.063,0.000,0.017,0.060,0.000,12.216,0.020,12.132,0.064,8120,15600,,2.00,2,0,8224x5140,P,1
3427,16.372,1.920,0.335,0.081,0.000,0.021,0.048,0.000,10.037,0.018,9.954,0.065,8120,15600,,2.00,2,0,8224x5140,P,1
3428,12.986,0.847,0.338,0.062,0.000,0.022,0.053,0.000,10.035,0.016,9.959,0.060,8120,15600,,2.00,2,0,8224x5140,P,1
3429,13.052,0.886,0.376,0.063,0.000,0.018,0.052,0.000,11.121,0.017,11.042,0.061,8120,15600,,2.00,2,0,8224x5140,P,1
3430,12.934,0.805,0.334,0.059,0.000,0.016,0.049,0.000,10.871,0.020,10.788,0.064,8120,15600,,2.00,2,0,8224x5140,P,1
3431,22.348,0.000,0.332,0.056,0.000,0.014,0.061,0.000,10.443,0.020,10.355,0.068,8120,15600,,2.00,2,0,8224x5140,P,1
3432,17.263,1.653,0.342,0.072,0.000,0.018,0.048,0.000,10.578,0.017,10.499,0.062,8120,15600,,2.00,2,0,8224x5140,P,1
3433,12.978,0.783,0.360,0.059,0.000,0.020,0.056,0.000,10.581,0.017,10.504,0.061,8120,15600,,2.00,2,0,8224x5140,P,1
3434,13.226,0.000,0.347,0.050,0.000,0.015,0.051,0.000,10.478,0.017,10.396,0.065,8120,15600,,2.00,2,0,8224x5140,P,1
3435,23.019,0.804,0.325,0.054,0.000,0.015,0.052,0.000,10.554,0.020,10.467,0.067,8120,15600,,2.00,2,0,8224x5140,P,1
3436,16.064,1.618,0.370,0.064,0.000,0.016,0.046,0.000,10.035,0.017,9.955,0.064,8120,15600,,2.00,2,0,8224x5140,P,1
3437,11.840,0.824,0.349,0.060,0.000,0.016,0.067,0.000,10.034,0.016,9.957,0.061,8120,15600,,2.00,2,0,8224x5140,P,1
3438,13.402,0.000,0.474,0.052,0.000,0.017,0.053,0.000,9.725,0.017,9.645,0.064,8120,15600,,2.00,2,0,8224x5140,P,1
3439,25.466,0.781,0.373,0.053,0.000,0.015,0.049,0.000,11.517,0.020,11.437,0.061,8120,15600,,2.00,2,0,8224x5140,P,1
3440,15.973,1.568,0.337,0.054,0.000,0.017,0.047,0.000,10.322,0.015,10.244,0.064,8120,15600,,2.00,2,0,8224x5140,P,1
3441,12.923,0.785,0.346,0.054,0.000,0.013,0.080,0.000,10.036,0.016,9.958,0.061,8120,15600,,2.00,2,0,8224x5140,P,1
3442,12.097,0.000,0.305,0.057,0.000,0.016,0.045,0.000,9.175,0.016,9.095,0.064,8120,15600,,2.00,2,0,8224x5140,P,1
3443,39.537,0.682,0.294,0.057,0.000,0.015,0.055,0.000,10.445,0.020,10.367,0.058,8120,15600,,2.00,2,0,8224x5140,P,1
3444,12.297,2.505,0.296,0.077,0.000,0.020,0.050,0.000,9.286,0.015,9.206,0.064,8120,15600,,2.00,2,0,8224x5140,P,1
3445,20.968,0.000,0.305,0.054,0.000,0.013,0.071,0.000,10.048,0.020,9.962,0.066,8120,15600,,2.00,2,0,8224x5140,P,1
3446,16.363,1.816,0.310,0.082,0.000,0.020,0.050,0.000,10.037,0.018,9.956,0.063,8120,15600,cel_on,2.00,2,0,8224x5140,P,1
3447,16.780,0.962,0.205,0.078,0.000,0.000,0.044,0.000,2.240,0.018,2.160,0.062,3680,7040,,2.00,2,0,8224x5140,P,1
3448,16.548,0.867,0.201,0.072,0.000,0.000,0.059,0.000,2.001,0.018,1.921,0.062,3680,7040,,2.00,2,0,8224x5140,P,1
3449,16.603,1.068,0.211,0.106,0.000,0.000,0.052,0.000,2.040,0.018,1.960,0.062,3680,7040,,2.00,2,0,8224x5140,P,1
3450,16.709,0.920,0.211,0.090,0.000,0.000,0.042,0.000,0.080,0.018,0.000,0.062,3680,7040,,2.00,2,0,8224x5140,P,1
3451,16.680,0.764,0.208,0.078,0.000,0.000,0.042,0.000,1.931,0.018,1.851,0.062,3680,7040,,2.00,2,0,8224x5140,P,1
3452,16.578,0.854,0.203,0.101,0.000,0.000,0.046,0.000,0.080,0.018,0.000,0.062,3680,7040,,2.00,2,0,8224x5140,P,1
3453,16.680,0.831,0.217,0.097,0.000,0.000,0.041,0.000,1.934,0.018,1.854,0.062,3680,7040,,2.00,2,0,8224x5140,P,1
3454,16.599,1.161,0.273,0.113,0.000,0.000,0.032,0.000,1.878,0.018,1.798,0.062,3680,7040,,2.00,2,0,8224x5140,P,1
3455,16.721,0.919,0.215,0.078,0.000,0.000,0.048,0.000,1.873,0.018,1.793,0.062,3680,7040,,2.00,2,0,8224x5140,P,1
3456,16.654,0.970,0.258,0.085,0.000,0.000,0.038,0.000,1.815,0.018,1.735,0.062,3680,7040,,2.00,2,0,8224x5140,P,1
3457,16.617,0.868,0.236,0.066,0.000,0.000,0.042,0.000,1.819,0.018,1.739,0.062,3680,7040,,2.00,2,0,8224x5140,P,1
3458,16.645,0.799,0.212,0.057,0.000,0.000,0.032,0.000,0.080,0.018,0.000,0.062,3680,7040,,2.00,2,0,8224x5140,P,1
3459,16.669,0.844,0.247,0.065,0.000,0.000,0.038,0.000,1.832,0.018,1.751,0.062,3680,7040,,2.00,2,0,8224x5140,P,1
3460,16.679,0.978,0.230,0.076,0.000,0.000,0.043,0.000,1.818,0.018,1.738,0.062,3680,7040,,2.00,2,0,8224x5140,P,1
3461,16.429,0.868,0.255,0.082,0.000,0.000,0.033,0.000,1.751,0.018,1.670,0.062,3680,7040,,2.00,2,0,8224x5140,P,1
3462,16.657,0.866,0.264,0.087,0.000,0.000,0.049,0.000,1.763,0.018,1.683,0.062,3680,7040,,2.00,2,0,8224x5140,P,1
3463,16.410,0.835,0.248,0.125,0.000,0.000,0.049,0.000,1.754,0.018,1.673,0.062,3680,7040,,2.00,2,0,8224x5140,P,1
3464,16.559,0.881,0.256,0.108,0.000,0.000,0.062,0.000,1.785,0.018,1.705,0.062,3680,7040,,2.00,2,0,8224x5140,P,1
3465,16.508,0.775,0.249,0.096,0.000,0.000,0.034,0.000,0.080,0.018,0.000,0.062,3680,7040,,2.00,2,0,8224x5140,P,1
3466,16.657,0.798,0.239,0.085,0.000,0.000,0.047,0.000,1.769,0.018,1.689,0.062,3680,7040,,2.00,2,0,8224x5140,P,1
3467,16.429,1.137,0.300,0.129,0.000,0.000,0.047,0.000,1.815,0.018,1.735,0.062,3680,7040,,2.00,2,0,8224x5140,P,1
3468,16.582,0.852,0.254,0.103,0.000,0.000,0.056,0.000,1.821,0.018,1.741,0.062,3680,7040,,2.00,2,0,8224x5140,P,1
3469,8.175,0.787,0.256,0.104,0.000,0.000,0.039,0.000,0.080,0.018,0.000,0.062,3680,7040,,2.00,2,0,8224x5140,P,1
3470,24.941,0.000,0.237,0.051,0.000,0.000,0.050,0.000,1.799,0.018,1.719,0.062,3680,7040,,2.00,2,0,8224x5140,P,1
3471,16.586,1.795,0.316,0.150,0.000,0.000,0.045,0.000,1.883,0.018,1.803,0.062,3680,7040,,2.00,2,0,8224x5140,P,1
3472,16.546,0.820,0.236,0.117,0.000,0.000,0.050,0.000,1.816,0.018,1.736,0.062,3680,7040,,2.00,2,0,8224x5140,P,1
3473,16.511,0.755,0.191,0.116,0.000,0.000,0.045,0.000,0.080,0.018,0.000,0.062,3680,7040,,2.00,2,0,8224x5140,P,1
3474,16.616,0.973,0.239,0.126,0.000,0.000,0.045,0.000,1.993,0.018,1.913,0.062,3680,7040,,2.00,2,0,8224x5140,P,1
3475,16.403,0.781,0.209,0.067,0.000,0.000,0.039,0.000,1.991,0.018,1.911,0.062,3680,7040,,2.00,2,0,8224x5140,P,1
3476,16.606,0.850,0.194,0.062,0.000,0.000,0.043,0.000,2.183,0.018,2.103,0.062,3680,7040,,2.00,2,0,8224x5140,P,1
3477,16.465,0.918,0.207,0.074,0.000,0.000,0.040,0.000,0.080,0.018,0.000,0.062,3680,7040,,2.00,2,0,8224x5140,P,1
3478,16.606,0.823,0.202,0.058,0.000,0.000,0.044,0.000,2.765,0.018,2.685,0.062,3680,7040,,2.00,2,0,8224x5140,P,1
3479,16.587,0.848,0.197,0.057,0.000,0.000,0.047,0.000,2.766,0.018,2.685,0.062,3680,7040,,2.00,2,0,8224x5140,P,1
3480,16.454,1.070,0.205,0.059,0.000,0.000,0.052,0.000,0.080,0.018,0.000,0.062,3680,7040,,2.00,2,0,8224x5140,P,1
3481,16.602,0.818,0.189,0.050,0.000,0.000,0.043,0.000,4.513,0.018,4.433,0.062,3680,7040,,2.00,2,0,8224x5140,P,1
3482,16.440,0.977,0.211,0.070,0.000,0.000,0.067,0.000,4.985,0.018,4.905,0.062,3680,7040,,2.00,2,0,8224x5140,P,1
3483,16.538,1.097,0.207,0.059,0.000,0.000,0.061,0.000,0.080,0.018,0.000,0.062,3680,7040,,2.00,2,0,8224x5140,P,1
3484,8.170,0.809,0.182,0.073,0.000,0.000,0.043,0.000,4.986,0.018,4.906,0.062,3680,7040,,2.00,2,0,8224x5140,P,1
3485,24.993,0.000,0.187,0.056,0.000,0.000,0.058,0.000,4.988,0.018,4.908,0.062,3680,7040,,2.00,2,0,8224x5140,P,1
3486,16.415,1.868,0.303,0.160,0.000,0.000,0.063,0.000,2.088,0.018,2.008,0.062,3680,7040,,2.00,2,0,8224x5140,P,1
3487,16.487,0.894,0.242,0.112,0.000,0.000,0.038,0.000,1.994,0.018,1.913,0.062,3680,7040,,2.00,2,0,8224x5140,P,1
3488,16.550,0.825,0.217,0.075,0.000,0.000,0.051,0.000,2.033,0.018,1.953,0.062,3680,7040,,2.00,2,0,8224x5140,P,1
3489,16.568,1.035,0.257,0.105,0.000,0.000,0.035,0.000,1.999,0.018,1.919,0.062,3680,7040,,2.00,2,0,8224x5140,P,1
3490,16.634,0.863,0.204,0.069,0.000,0.000,0.045,0.000,2.093,0.018,2.012,0.062,3680,7040,,2.00,2,0,8224x5140,P,1
3491,16.471,0.754,0.196,0.091,0.000,0.000,0.044,0.000,0.080,0.018,0.000,0.062,3680,7040,,2.00,2,0,8224x5140,P,1
3492,16.540,0.831,0.239,0.074,0.000,0.000,0.045,0.000,0.080,0.018,0.000,0.062,3680,7040,,2.00,2,0,8224x5140,P,1
3493,16.598,0.820,0.208,0.060,0.000,0.000,0.070,0.000,0.080,0.018,0.000,0.062,3680,7040,,2.00,2,0,8224x5140,P,1
3494,16.520,1.033,0.217,0.072,0.000,0.000,0.050,0.000,0.080,0.018,0.000,0.062,3680,7040,,2.00,2,0,8224x5140,P,1
3495,16.457,0.822,0.186,0.064,0.000,0.000,0.039,0.000,2.767,0.018,2.686,0.062,3680,7040,,2.00,2,0,8224x5140,P,1
3496,16.631,0.720,0.193,0.053,0.000,0.000,0.049,0.000,2.768,0.018,2.688,0.062,3680,7040,,2.00,2,0,8224x5140,P,1
3497,16.535,0.714,0.174,0.051,0.000,0.000,0.043,0.000,2.767,0.018,2.687,0.062,3680,7040,,2.00,2,0,8224x5140,P,1
3498,16.598,0.872,0.329,0.058,0.000,0.000,0.047,0.000,3.578,0.018,3.497,0.062,3680,7040,,2.00,2,0,8224x5140,P,1
3499,16.555,1.130,0.213,0.062,0.000,0.000,0.044,0.000,4.485,0.018,4.405,0.062,3680,7040,,2.00,2,0,8224x5140,P,1
3500,16.651,1.018,0.222,0.066,0.000,0.000,0.042,0.000,4.986,0.018,4.906,0.062,3680,7040,,2.00,2,0,8224x5140,P,1
3501,16.734,0.837,0.205,0.053,0.000,0.000,0.059,0.000,4.986,0.018,4.906,0.062,3680,7040,,2.00,2,0,8224x5140,P,1
3502,16.665,0.983,0.238,0.140,0.000,0.001,0.066,0.000,1.954,0.018,1.874,0.062,3680,7040,,2.00,2,0,8224x5140,P,1
3503,16.657,0.726,0.241,0.143,0.000,0.000,0.060,0.000,0.080,0.018,0.000,0.062,3680,7040,,2.00,2,0,8224x5140,P,1
3504,16.501,0.957,0.269,0.148,0.000,0.000,0.052,0.000,1.717,0.018,1.636,0.062,3680,7040,,2.00,2,0,8224x5140,P,1
3505,16.738,0.787,0.238,0.103,0.000,0.000,0.052,0.000,1.704,0.018,1.624,0.062,3680,7040,,2.00,2,0,8224x5140,P,1
3506,16.531,0.836,0.247,0.109,0.000,0.000,0.045,0.000,1.710,0.018,1.630,0.062,3680,7040,,2.00,2,0,8224x5140,P,1
3507,16.698,0.778,0.220,0.094,0.000,0.000,0.040,0.000,1.702,0.018,1.622,0.062,3680,7040,,2.00,2,0,8224x5140,P,1
3508,16.631,0.927,0.240,0.109,0.000,0.000,0.039,0.000,1.732,0.018,1.652,0.062,3680,7040,,2.00,2,0,8224x5140,P,1
3509,16.701,0.768,0.242,0.105,0.000,0.000,0.045,0.000,0.080,0.018,0.000,0.062,3680,7040,,2.00,2,0,8224x5140,P,1
3510,16.807,1.090,0.263,0.152,0.000,0.000,0.048,0.000,1.718,0.018,1.638,0.062,3680,7040,,2.00,2,0,8224x5140,P,1
3511,16.469,0.837,0.242,0.129,0.000,0.000,0.061,0.000,1.729,0.018,1.648,0.062,3680,7040,,2.00,2,0,8224x5140,P,1
3512,16.662,0.992,0.262,0.118,0.000,0.000,0.048,0.000,0.080,0.018,0.000,0.062,3680,7040,,2.00,2,0,8224x5140,P,1
3513,16.647,1.046,0.281,0.141,0.000,0.000,0.052,0.000,1.825,0.018,1.745,0.062,3680,7040,,2.00,2,0,8224x5140,P,1
3514,16.652,0.891,0.261,0.098,0.000,0.000,0.045,0.000,1.751,0.018,1.670,0.062,3680,7040,,2.00,2,0,8224x5140,P,1
3515,16.726,0.910,0.258,0.070,0.000,0.000,0.047,0.000,1.802,0.018,1.722,0.062,3680,7040,,2.00,2,0,8224x5140,P,1
3516,16.607,1.014,0.294,0.083,0.000,0.000,0.055,0.000,1.828,0.018,1.747,0.062,3680,7040,,2.00,2,0,8224x5140,P,1
3517,16.655,0.842,0.245,0.068,0.000,0.000,0.044,0.000,1.814,0.018,1.734,0.062,3680,7040,,2.00,2,0,8224x5140,P,1
3518,16.738,0.740,0.205,0.059,0.000,0.000,0.065,0.000,0.080,0.018,0.000,0.062,3680,7040,,2.00,2,0,8224x5140,P,1
3519,16.371,1.045,0.280,0.143,0.001,0.000,0.059,0.000,1.922,0.018,1.841,0.062,3680,7040,,2.00,2,0,8224x5140,P,1
3520,16.592,0.882,0.220,0.074,0.000,0.000,0.046,0.000,2.012,0.018,1.931,0.062,3680,7040,,2.00,2,0,8224x5140,P,1
3521,16.644,0.852,0.221,0.066,0.000,0.000,0.063,0.000,0.080,0.018,0.000,0.062,3680,7040,,2.00,2,0,8224x5140,P,1
3522,16.641,0.946,0.225,0.056,0.000,0.000,0.047,0.000,2.230,0.018,2.150,0.062,3680,7040,,2.00,2,0,8224x5140,P,1
3523,16.679,0.848,0.226,0.048,0.000,0.000,0.054,0.000,2.539,0.018,2.459,0.062,3680,7040,,2.00,2,0,8224x5140,P,1
3524,16.630,0.887,0.235,0.049,0.000,0.000,0.048,0.000,2.766,0.018,2.685,0.062,3680,7040,,2.00,2,0,8224x5140,P,1
3525,16.646,0.859,0.218,0.044,0.000,0.000,0.043,0.000,0.080,0.018,0.000,0.062,3680,7040,,2.00,2,0,8224x5140,P,1
3526,16.652,0.839,0.195,0.044,0.000,0.000,0.039,0.000,2.769,0.018,2.689,0.062,3680,7040,,2.00,2,0,8224x5140,P,1
3527,17.074,0.817,0.228,0.042,0.000,0.000,0.083,0.000,0.080,0.018,0.000,0.062,3680,7040,,2.00,2,0,8224x5140,P,1
3528,16.843,1.877,0.410,0.102,0.000,0.000,0.124,0.000,4.983,0.018,4.903,0.062,3680,7040,,2.00,2,0,8224x5140,P,1
3529,16.553,2.588,0.437,0.138,0.000,0.000,0.122,0.000,4.988,0.018,4.908,0.062,3680,7040,,2.00,2,0,8224x5140,P,1
3530,16.796,2.760,0.445,0.130,0.000,0.000,0.132,0.000,0.080,0.018,0.000,0.062,3680,7040,,2.00,2,0,8224x5140,P,1
3531,16.566,2.717,0.410,0.125,0.000,0.000,0.122,0.000,4.985,0.018,4.905,0.062,3680,7040,,2.00,2,0,8224x5140,P,1
3532,16.542,3.125,0.433,0.133,0.000,0.000,0.118,0.000,4.989,0.018,4.909,0.062,3680,7040,,2.00,2,0,8224x5140,P,1
3533,16.810,2.791,0.402,0.111,0.000,0.000,0.166,0.000,4.987,0.018,4.907,0.062,3680,7040,,2.00,2,0,8224x5140,P,1
3534,16.430,2.494,0.450,0.119,0.000,0.000,0.127,0.000,4.986,0.018,4.905,0.062,3680,7040,,2.00,2,0,8224x5140,P,1
3535,16.457,2.770,0.428,0.119,0.000,0.000,0.128,0.000,4.987,0.018,4.907,0.062,3680,7040,,2.00,2,0,8224x5140,P,1
3536,16.693,1.985,0.470,0.123,0.000,0.000,0.110,0.000,4.989,0.018,4.908,0.062,3680,7040,,2.00,2,0,8224x5140,P,1
3537,16.597,2.072,0.440,0.134,0.000,0.000,0.110,0.000,4.985,0.018,4.905,0.062,3680,7040,,2.00,2,0,8224x5140,P,1
3538,16.865,2.162,0.466,0.136,0.000,0.000,0.131,0.000,4.986,0.018,4.906,0.062,3680,7040,,2.00,2,0,8224x5140,P,1
3539,16.851,2.806,0.461,0.141,0.000,0.000,0.158,0.000,4.985,0.018,4.904,0.062,3680,7040,,2.00,2,0,8224x5140,P,1
3540,16.257,2.364,0.513,0.149,0.000,0.000,0.118,0.000,4.984,0.018,4.904,0.062,3680,7040,,2.00,2,0,8224x5140,P,1
3541,16.544,2.394,0.466,0.137,0.000,0.000,0.097,0.000,4.985,0.018,4.904,0.062,3680,7040,,2.00,2,0,8224x5140,P,1
3542,16.840,1.931,0.407,0.119,0.000,0.000,0.100,0.000,4.985,0.018,4.905,0.062,3680,7040,,2.00,2,0,8224x5140,P,1
3543,16.108,2.871,0.485,0.136,0.000,0.000,0.048,0.000,4.987,0.018,4.907,0.062,3680,7040,,2.00,2,0,8224x5140,P,1
3544,16.918,0.824,0.208,0.076,0.000,0.000,0.091,0.000,4.986,0.018,4.905,0.062,3680,7040,,2.00,2,0,8224x5140,P,1
3545,17.170,2.031,0.455,0.122,0.000,0.000,0.174,0.000,4.985,0.018,4.905,0.062,3680,7040,,2.00,2,0,8224x5140,P,1
3546,15.784,2.729,0.463,0.140,0.000,0.000,0.052,0.000,4.988,0.018,4.908,0.062,3680,7040,,2.00,2,0,8224x5140,P,1
3547,16.691,0.733,0.193,0.069,0.000,0.000,0.048,0.000,4.990,0.018,4.910,0.062,3680,7040,,2.00,2,0,8224x5140,P,1
3548,16.592,0.967,0.195,0.068,0.000,0.000,0.041,0.000,4.989,0.018,4.908,0.062,3680,7040,,2.00,2,0,8224x5140,P,1
3549,16.664,0.806,0.197,0.063,0.000,0.000,0.045,0.000,4.987,0.018,4.907,0.062,3680,7040,,2.00,2,0,8224x5140,P,1
3550,16.621,0.747,0.185,0.065,0.000,0.000,0.055,0.000,4.985,0.018,4.905,0.062,3680,7040,,2.00,2,0,8224x5140,P,1
3551,16.717,0.725,0.201,0.066,0.000,0.000,0.054,0.000,4.986,0.018,4.906,0.062,3680,7040,,2.00,2,0,8224x5140,P,1
3552,16.605,0.798,0.200,0.068,0.000,0.000,0.048,0.000,4.989,0.018,4.909,0.062,3680,7040,,2.00,2,0,8224x5140,P,1
3553,16.698,0.766,0.203,0.067,0.000,0.000,0.041,0.000,4.986,0.018,4.906,0.062,3680,7040,,2.00,2,0,8224x5140,P,1
3554,16.673,0.721,0.180,0.063,0.000,0.000,0.106,0.000,4.986,0.018,4.905,0.062,3680,7040,,2.00,2,0,8224x5140,P,1
3555,16.617,0.731,0.199,0.064,0.000,0.000,0.052,0.000,4.988,0.018,4.907,0.062,3680,7040,,2.00,2,0,8224x5140,P,1
3556,16.575,1.021,0.210,0.071,0.000,0.000,0.041,0.000,4.985,0.018,4.905,0.062,3680,7040,,2.00,2,0,8224x5140,P,1
3557,16.666,0.722,0.177,0.062,0.000,0.000,0.049,0.000,4.985,0.018,4.905,0.062,3680,7040,,2.00,2,0,8224x5140,P,1
3558,16.709,0.708,0.208,0.062,0.000,0.000,0.039,0.000,4.987,0.018,4.907,0.062,3680,7040,,2.00,2,0,8224x5140,P,1
3559,16.603,0.712,0.177,0.062,0.000,0.000,0.044,0.000,4.985,0.018,4.905,0.062,3680,7040,,2.00,2,0,8224x5140,P,1
3560,16.633,0.816,0.203,0.062,0.000,0.000,0.045,0.000,4.989,0.018,4.908,0.062,3680,7040,,2.00,2,0,8224x5140,P,1
3561,16.720,0.774,0.201,0.060,0.000,0.000,0.051,0.000,4.985,0.018,4.905,0.062,3680,7040,,2.00,2,0,8224x5140,P,1
3562,16.616,0.702,0.185,0.064,0.000,0.000,0.046,0.000,4.989,0.018,4.909,0.062,3680,7040,,2.00,2,0,8224x5140,P,1
3563,16.642,0.966,0.197,0.063,0.000,0.000,0.045,0.000,4.987,0.018,4.907,0.062,3680,7040,,2.00,2,0,8224x5140,P,1
3564,16.670,0.798,0.182,0.062,0.000,0.000,0.090,0.000,4.986,0.018,4.905,0.062,3680,7040,,2.00,2,0,8224x5140,P,1
3565,16.586,0.907,0.203,0.070,0.000,0.000,0.046,0.000,4.986,0.018,4.906,0.062,3680,7040,,2.00,2,0,8224x5140,P,1
3566,16.681,0.769,0.190,0.064,0.000,0.000,0.051,0.000,4.986,0.018,4.906,0.062,3680,7040,,2.00,2,0,8224x5140,P,1
3567,16.744,0.987,0.191,0.065,0.000,0.000,0.050,0.000,4.984,0.018,4.904,0.062,3680,7040,,2.00,2,0,8224x5140,P,1
3568,16.682,0.992,0.191,0.069,0.000,0.000,0.042,0.000,4.986,0.018,4.906,0.062,3680,7040,,2.00,2,0,8224x5140,P,1
3569,16.448,0.980,0.213,0.066,0.000,0.000,0.040,0.000,4.986,0.018,4.906,0.062,3680,7040,,2.00,2,0,8224x5140,P,1
3570,16.854,0.857,0.213,0.060,0.000,0.000,0.058,0.000,4.986,0.018,4.905,0.062,3680,7040,,2.00,2,0,8224x5140,P,1
3571,16.477,0.987,0.189,0.074,0.000,0.000,0.052,0.000,4.985,0.018,4.905,0.062,3680,7040,,2.00,2,0,8224x5140,P,1
3572,16.783,0.964,0.184,0.057,0.000,0.000,0.054,0.000,4.989,0.018,4.909,0.062,3680,7040,,2.00,2,0,8224x5140,P,1
3573,16.553,1.119,0.207,0.068,0.000,0.000,0.045,0.000,4.984,0.018,4.904,0.062,3680,7040,,2.00,2,0,8224x5140,P,1
3574,16.694,0.955,0.201,0.062,0.000,0.000,0.052,0.000,4.986,0.018,4.906,0.062,3680,7040,,2.00,2,0,8224x5140,P,1
3575,16.747,1.134,0.201,0.067,0.000,0.000,0.040,0.000,4.988,0.018,4.908,0.062,3680,7040,,2.00,2,0,8224x5140,P,1
3576,16.538,0.914,0.201,0.050,0.000,0.000,0.047,0.000,4.990,0.018,4.910,0.062,3680,7040,,2.00,2,0,8224x5140,P,1
3577,16.647,0.834,0.216,0.049,0.000,0.000,0.046,0.000,4.987,0.018,4.907,0.062,3680,7040,,2.00,2,0,8224x5140,P,1
3578,16.720,0.888,0.217,0.047,0.000,0.000,0.045,0.000,4.987,0.018,4.906,0.062,3680,7040,,2.00,2,0,8224x5140,P,1
3579,16.600,1.149,0.207,0.056,0.000,0.000,0.043,0.000,4.987,0.018,4.907,0.062,3680,7040,,2.00,2,0,8224x5140,P,1
3580,16.645,0.894,0.190,0.041,0.000,0.000,0.041,0.000,4.988,0.018,4.907,0.062,3680,7040,,2.00,2,0,8224x5140,P,1
3581,16.665,0.843,0.217,0.052,0.000,0.000,0.038,0.000,4.986,0.018,4.906,0.062,3680,7040,,2.00,2,0,8224x5140,P,1
3582,16.820,0.898,0.213,0.050,0.000,0.000,0.046,0.000,4.986,0.018,4.905,0.062,3680,7040,,2.00,2,0,8224x5140,P,1
3583,16.550,0.786,0.205,0.060,0.000,0.000,0.045,0.000,4.987,0.018,4.907,0.062,3680,7040,,2.00,2,0,8224x5140,P,1
3584,16.680,0.753,0.195,0.058,0.000,0.000,0.048,0.000,4.987,0.018,4.906,0.062,3680,7040,,2.00,2,0,8224x5140,P,1
3585,16.946,0.774,0.202,0.070,0.000,0.000,0.130,0.000,4.987,0.018,4.906,0.062,3680,7040,,2.00,2,0,8224x5140,P,1
3586,16.681,1.889,0.441,0.121,0.000,0.000,0.111,0.000,4.987,0.018,4.907,0.062,3680,7040,,2.00,2,0,8224x5140,P,1
3587,16.659,1.815,0.421,0.118,0.000,0.000,0.111,0.000,4.984,0.018,4.904,0.062,3680,7040,,2.00,2,0,8224x5140,P,1
3588,16.857,2.339,0.486,0.152,0.000,0.000,0.105,0.000,4.984,0.018,4.904,0.062,3680,7040,,2.00,2,0,8224x5140,P,1
3589,16.686,2.416,0.458,0.135,0.000,0.000,0.195,0.000,4.985,0.018,4.905,0.062,3680,7040,,2.00,2,0,8224x5140,P,1
3590,16.604,3.377,0.492,0.151,0.000,0.000,0.164,0.000,4.987,0.018,4.907,0.062,3680,7040,,2.00,2,0,8224x5140,P,1
3591,16.423,2.972,0.478,0.152,0.000,0.000,0.105,0.000,4.984,0.018,4.904,0.062,3680,7040,,2.00,2,0,8224x5140,P,1
3592,16.659,2.161,0.461,0.145,0.000,0.000,0.152,0.000,4.988,0.018,4.908,0.062,3680,7040,,2.00,2,0,8224x5140,P,1
3593,16.845,2.765,0.490,0.147,0.000,0.000,0.165,0.000,4.989,0.018,4.909,0.062,3680,7040,,2.00,2,0,8224x5140,P,1
3594,16.466,2.418,0.456,0.138,0.000,0.000,0.133,0.000,4.985,0.018,4.904,0.062,3680,7040,,2.00,2,0,8224x5140,P,1
3595,16.655,2.789,0.525,0.153,0.000,0.000,0.142,0.000,4.986,0.018,4.906,0.062,3680,7040,,2.00,2,0,8224x5140,P,1
3596,16.703,2.594,0.524,0.148,0.000,0.000,0.142,0.000,4.986,0.018,4.906,0.062,3680,7040,,2.00,2,0,8224x5140,P,1
3597,16.502,3.468,0.465,0.137,0.000,0.000,0.135,0.000,4.990,0.018,4.910,0.062,3680,7040,,2.00,2,0,8224x5140,P,1
3598,16.229,3.066,0.479,0.145,0.000,0.000,0.061,0.000,4.986,0.018,4.906,0.062,3680,7040,,2.00,2,0,8224x5140,P,1
3599,16.563,1.005,0.187,0.081,0.000,0.000,0.059,0.000,4.991,0.018,4.910,0.062,3680,7040,,2.00,2,0,8224x5140,P,1
3600,16.732,0.979,0.189,0.071,0.000,0.000,0.072,0.000,4.985,0.018,4.905,0.062,3680,7040,,2.00,2,0,8224x5140,P,1
3601,16.551,1.063,0.213,0.087,0.000,0.000,0.057,0.000,4.987,0.018,4.907,0.062,3680,7040,,2.00,2,0,8224x5140,P,1
3602,16.686,0.987,0.190,0.061,0.000,0.000,0.077,0.000,4.990,0.018,4.910,0.062,3680,7040,,2.00,2,0,8224x5140,P,1
3603,16.541,1.128,0.210,0.081,0.000,0.000,0.067,0.000,4.987,0.018,4.907,0.062,3680,7040,,2.00,2,0,8224x5140,P,1
3604,16.653,1.162,0.220,0.085,0.000,0.000,0.129,0.000,4.984,0.018,4.904,0.062,3680,7040,,2.00,2,0,8224x5140,P,1
3605,16.570,1.003,0.219,0.063,0.000,0.000,0.044,0.000,4.987,0.018,4.907,0.062,3680,7040,,2.00,2,0,8224x5140,P,1
3606,16.700,1.144,0.209,0.076,0.000,0.000,0.051,0.000,4.985,0.018,4.905,0.062,3680,7040,,2.00,2,0,8224x5140,P,1
3607,16.609,1.196,0.220,0.075,0.000,0.000,0.039,0.000,4.983,0.018,4.903,0.062,3680,7040,,2.00,2,0,8224x5140,P,1
3608,16.566,0.946,0.214,0.057,0.000,0.000,0.038,0.000,4.988,0.018,4.907,0.062,3680,7040,,2.00,2,0,8224x5140,P,1
3609,16.789,0.852,0.206,0.048,0.000,0.000,0.048,0.000,4.984,0.018,4.903,0.062,3680,7040,,2.00,2,0,8224x5140,P,1
3610,16.556,1.123,0.221,0.072,0.000,0.000,0.055,0.000,0.080,0.018,0.000,0.062,3680,7040,,2.00,2,0,8224x5140,P,1
3611,16.725,0.829,0.216,0.050,0.000,0.000,0.051,0.000,4.987,0.018,4.906,0.062,3680,7040,,2.00,2,0,8224x5140,P,1
3612,16.642,1.141,0.211,0.065,0.000,0.000,0.049,0.000,4.989,0.018,4.908,0.062,3680,7040,,2.00,2,0,8224x5140,P,1
3613,16.573,1.160,0.213,0.058,0.000,0.000,0.039,0.000,4.988,0.018,4.908,0.062,3680,7040,,2.00,2,0,8224x5140,P,1
3614,17.172,1.468,0.414,0.093,0.000,0.000,0.082,0.000,4.990,0.018,4.909,0.062,3680,7040,,2.00,2,0,8224x5140,P,1
3615,16.639,2.105,0.459,0.128,0.000,0.000,0.111,0.000,4.986,0.018,4.906,0.062,3680,7040,,2.00,2,0,8224x5140,P,1
3616,16.873,2.537,0.451,0.120,0.000,0.000,0.153,0.000,4.989,0.018,4.908,0.062,3680,7040,,2.00,2,0,8224x5140,P,1
3617,16.396,3.378,0.431,0.139,0.000,0.000,0.113,0.000,4.984,0.018,4.904,0.062,3680,7040,,2.00,2,0,8224x5140,P,1
3618,16.913,2.974,0.452,0.127,0.000,0.000,0.156,0.000,4.986,0.018,4.906,0.062,3680,7040,,2.00,2,0,8224x5140,P,1
3619,16.280,2.364,0.416,0.126,0.000,0.000,0.105,0.000,4.984,0.018,4.904,0.062,3680,7040,,2.00,2,0,8224x5140,P,1
3620,16.675,2.656,0.453,0.127,0.000,0.000,0.122,0.000,4.988,0.018,4.908,0.062,3680,7040,,2.00,2,0,8224x5140,P,1
3621,16.621,2.504,0.433,0.116,0.000,0.000,0.111,0.000,4.985,0.018,4.905,0.062,3680,7040,,2.00,2,0,8224x5140,P,1
3622,16.281,1.990,0.401,0.108,0.000,0.000,0.052,0.000,4.986,0.018,4.906,0.062,3680,7040,,2.00,2,0,8224x5140,P,1
3623,16.784,0.836,0.195,0.074,0.000,0.000,0.090,0.000,4.986,0.018,4.906,0.062,3680,7040,,2.00,2,0,8224x5140,P,1
3624,16.512,1.138,0.217,0.083,0.000,0.000,0.059,0.000,4.987,0.018,4.907,0.062,3680,7040,,2.00,2,0,8224x5140,P,1
3625,16.578,1.100,0.205,0.075,0.000,0.000,0.049,0.000,4.988,0.018,4.908,0.062,3680,7040,,2.00,2,0,8224x5140,P,1
3626,16.616,1.075,0.194,0.066,0.000,0.000,0.059,0.000,4.987,0.018,4.907,0.062,3680,7040,,2.00,2,0,8224x5140,P,1
3627,16.701,1.074,0.198,0.054,0.000,0.000,0.045,0.000,4.986,0.018,4.906,0.062,3680,7040,,2.00,2,0,8224x5140,P,1
3628,16.797,0.961,0.187,0.065,0.000,0.000,0.053,0.000,4.988,0.018,4.908,0.062,3680,7040,,2.00,2,0,8224x5140,P,1
3629,16.574,0.835,0.197,0.085,0.000,0.000,0.066,0.000,4.986,0.018,4.906,0.062,3680,7040,,2.00,2,0,8224x5140,P,1
3630,16.612,1.059,0.211,0.088,0.000,0.000,0.054,0.000,4.988,0.018,4.908,0.062,3680,7040,,2.00,2,0,8224x5140,P,1
3631,16.677,1.066,0.204,0.072,0.000,0.000,0.054,0.000,4.983,0.018,4.903,0.062,3680,7040,,2.00,2,0,8224x5140,P,1
3632,16.659,0.963,0.190,0.073,0.000,0.000,0.063,0.000,4.986,0.018,4.906,0.062,3680,7040,,2.00,2,0,8224x5140,P,1
3633,16.659,0.822,0.190,0.066,0.000,0.000,0.079,0.000,4.986,0.018,4.905,0.062,3680,7040,,2.00,2,0,8224x5140,P,1
3634,16.572,1.133,0.238,0.081,0.000,0.000,0.042,0.000,4.985,0.018,4.905,0.062,3680,7040,,2.00,2,0,8224x5140,P,1
3635,16.643,0.910,0.203,0.061,0.000,0.000,0.041,0.000,4.986,0.018,4.906,0.062,3680,7040,,2.00,2,0,8224x5140,P,1
3636,16.746,0.942,0.215,0.056,0.000,0.000,0.056,0.000,4.985,0.018,4.904,0.062,3680,7040,,2.00,2,0,8224x5140,P,1
3637,16.679,1.109,0.213,0.058,0.000,0.000,0.059,0.000,4.987,0.018,4.907,0.062,3680,7040,,2.00,2,0,8224x5140,P,1
3638,16.659,1.026,0.196,0.075,0.000,0.000,0.048,0.000,4.987,0.018,4.907,0.062,3680,7040,,2.00,2,0,8224x5140,P,1
3639,16.514,0.823,0.178,0.066,0.000,0.000,0.048,0.000,4.986,0.018,4.905,0.062,3680,7040,,2.00,2,0,8224x5140,P,1
3640,16.750,0.764,0.190,0.062,0.000,0.000,0.044,0.000,4.985,0.018,4.905,0.062,3680,7040,,2.00,2,0,8224x5140,P,1
3641,16.578,0.980,0.182,0.068,0.000,0.000,0.048,0.000,4.987,0.018,4.907,0.062,3680,7040,,2.00,2,0,8224x5140,P,1
3642,16.672,0.791,0.196,0.060,0.000,0.000,0.052,0.000,4.986,0.018,4.906,0.062,3680,7040,,2.00,2,0,8224x5140,P,1
3643,16.496,0.968,0.183,0.067,0.000,0.000,0.058,0.000,4.985,0.018,4.904,0.062,3680,7040,,2.00,2,0,8224x5140,P,1
3644,16.622,1.015,0.200,0.073,0.000,0.000,0.054,0.000,4.987,0.018,4.907,0.062,3680,7040,,2.00,2,0,8224x5140,P,1
3645,16.629,1.113,0.209,0.075,0.000,0.000,0.042,0.000,4.988,0.018,4.908,0.062,3680,7040,,2.00,2,0,8224x5140,P,1
3646,16.645,1.109,0.235,0.059,0.000,0.000,0.053,0.000,4.987,0.018,4.906,0.062,3680,7040,,2.00,2,0,8224x5140,P,1
3647,16.635,1.147,0.212,0.054,0.000,0.000,0.048,0.000,4.984,0.018,4.904,0.062,3680,7040,,2.00,2,0,8224x5140,P,1
3648,16.634,1.094,0.205,0.061,0.000,0.000,0.043,0.000,4.990,0.018,4.909,0.062,3680,7040,,2.00,2,0,8224x5140,P,1
3649,16.608,0.921,0.201,0.050,0.000,0.000,0.054,0.000,4.987,0.018,4.907,0.062,3680,7040,,2.00,2,0,8224x5140,P,1
3650,16.714,0.979,0.212,0.048,0.000,0.000,0.045,0.000,4.985,0.018,4.905,0.062,3680,7040,,2.00,2,0,8224x5140,P,1
3651,16.630,1.026,0.194,0.067,0.000,0.000,0.041,0.000,4.986,0.018,4.906,0.062,3680,7040,,2.00,2,0,8224x5140,P,1
3652,16.645,0.837,0.190,0.053,0.000,0.000,0.056,0.000,4.988,0.018,4.907,0.062,3680,7040,,2.00,2,0,8224x5140,P,1
3653,16.658,0.765,0.180,0.041,0.000,0.000,0.048,0.000,4.987,0.018,4.907,0.062,3680,7040,,2.00,2,0,8224x5140,P,1
3654,16.774,0.833,0.189,0.043,0.000,0.000,0.116,0.000,4.985,0.018,4.905,0.062,3680,7040,,2.00,2,0,8224x5140,P,1
3655,16.506,0.866,0.211,0.056,0.000,0.000,0.035,0.000,4.986,0.018,4.906,0.062,3680,7040,,2.00,2,0,8224x5140,P,1
3656,16.735,0.813,0.220,0.054,0.000,0.000,0.064,0.000,4.987,0.018,4.907,0.062,3680,7040,,2.00,2,0,8224x5140,P,1
3657,16.602,0.851,0.226,0.060,0.000,0.000,0.049,0.000,4.984,0.018,4.904,0.062,3680,7040,,2.00,2,0,8224x5140,P,1
3658,16.621,0.827,0.245,0.052,0.000,0.000,0.044,0.000,4.983,0.018,4.903,0.062,3680,7040,,2.00,2,0,8224x5140,P,1
3659,16.700,0.844,0.197,0.043,0.000,0.000,0.053,0.000,4.987,0.018,4.907,0.062,3680,7040,,2.00,2,0,8224x5140,P,1
3660,16.785,0.912,0.211,0.053,0.000,0.000,0.057,0.000,4.985,0.018,4.905,0.062,3680,7040,,2.00,2,0,8224x5140,P,1
3661,16.539,1.123,0.216,0.082,0.000,0.000,0.070,0.000,4.991,0.018,4.911,0.062,3680,7040,,2.00,2,0,8224x5140,P,1
3662,16.635,0.967,0.201,0.066,0.000,0.000,0.039,0.000,4.987,0.018,4.907,0.062,3680,7040,,2.00,2,0,8224x5140,P,1
3663,16.701,0.795,0.192,0.056,0.000,0.000,0.052,0.000,4.986,0.018,4.906,0.062,3680,7040,,2.00,2,0,8224x5140,P,1
3664,16.603,1.078,0.218,0.075,0.000,0.000,0.068,0.000,4.985,0.018,4.905,0.062,3680,7040,,2.00,2,0,8224x5140,P,1
3665,16.702,0.914,0.201,0.059,0.000,0.000,0.052,0.000,4.988,0.018,4.908,0.062,3680,7040,,2.00,2,0,8224x5140,P,1
3666,16.778,0.921,0.223,0.061,0.000,0.000,0.075,0.000,4.988,0.018,4.908,0.062,3680,7040,,2.00,2,0,8224x5140,P,1
3667,16.577,1.001,0.227,0.081,0.000,0.000,0.051,0.000,4.985,0.018,4.905,0.062,3680,7040,,2.00,2,0,8224x5140,P,1
3668,16.878,0.942,0.211,0.076,0.000,0.000,0.094,0.000,0.080,0.018,0.000,0.062,3680,7040,,2.00,2,0,8224x5140,P,1
3669,16.749,1.987,0.400,0.125,0.000,0.000,0.102,0.000,4.985,0.018,4.905,0.062,3680,7040,,2.00,2,0,8224x5140,P,1
3670,16.726,2.454,0.458,0.137,0.000,0.000,0.113,0.000,4.986,0.018,4.906,0.062,3680,7040,,2.00,2,0,8224x5140,P,1
3671,16.515,2.453,0.522,0.136,0.000,0.000,0.083,0.000,4.989,0.018,4.909,0.062,3680,7040,,2.00,2,0,8224x5140,P,1
3672,16.895,1.886,0.416,0.129,0.000,0.000,0.117,0.000,4.986,0.018,4.906,0.062,3680,7040,,2.00,2,0,8224x5140,P,1
3673,16.919,2.664,0.431,0.140,0.000,0.000,0.246,0.000,4.985,0.018,4.904,0.062,3680,7040,,2.00,2,0,8224x5140,P,1
3674,15.805,2.801,0.453,0.145,0.000,0.000,0.059,0.000,4.987,0.018,4.907,0.062,3680,7040,,2.00,2,0,8224x5140,P,1
3675,16.599,0.973,0.195,0.091,0.000,0.000,0.056,0.000,4.990,0.018,4.910,0.062,3680,7040,,2.00,2,0,8224x5140,P,1
3676,16.541,1.161,0.214,0.071,0.000,0.000,0.050,0.000,4.989,0.018,4.908,0.062,3680,7040,,2.00,2,0,8224x5140,P,1
3677,17.000,1.134,0.239,0.063,0.000,0.000,0.076,0.000,4.986,0.018,4.906,0.062,3680,7040,,2.00,2,0,8224x5140,P,1
3678,16.617,1.698,0.374,0.098,0.000,0.000,0.111,0.000,4.987,0.018,4.906,0.062,3680,7040,,2.00,2,0,8224x5140,P,1
3679,16.828,2.150,0.372,0.104,0.000,0.000,0.130,0.000,4.987,0.018,4.906,0.062,3680,7040,,2.00,2,0,8224x5140,P,1
3680,16.177,2.850,0.467,0.129,0.000,0.000,0.107,0.000,4.986,0.018,4.906,0.062,3680,7040,,2.00,2,0,8224x5140,P,1
3681,16.918,2.622,0.440,0.134,0.000,0.000,0.171,0.000,4.988,0.018,4.908,0.062,3680,7040,,2.00,2,0,8224x5140,P,1
3682,16.021,3.455,0.461,0.137,0.000,0.000,0.059,0.000,4.986,0.018,4.906,0.062,3680,7040,,2.00,2,0,8224x5140,P,1
3683,16.526,0.987,0.194,0.092,0.000,0.000,0.048,0.000,4.987,0.018,4.907,0.062,3680,7040,,2.00,2,0,8224x5140,P,1
3684,16.714,0.898,0.182,0.069,0.000,0.000,0.057,0.000,4.987,0.018,4.907,0.062,3680,7040,,2.00,2,0,8224x5140,P,1
3685,16.689,1.115,0.200,0.082,0.000,0.000,0.060,0.000,4.986,0.018,4.906,0.062,3680,7040,,2.00,2,0,8224x5140,P,1
3686,16.578,1.033,0.196,0.083,0.000,0.000,0.053,0.000,4.986,0.018,4.906,0.062,3680,7040,,2.00,2,0,8224x5140,P,1
3687,16.668,1.004,0.188,0.075,0.000,0.000,0.053,0.000,4.986,0.018,4.906,0.062,3680,7040,,2.00,2,0,8224x5140,P,1
3688,16.739,0.968,0.199,0.070,0.000,0.000,0.063,0.000,4.987,0.018,4.906,0.062,3680,7040,,2.00,2,0,8224x5140,P,1
3689,16.502,1.153,0.214,0.090,0.000,0.000,0.051,0.000,4.987,0.018,4.907,0.062,3680,7040,,2.00,2,0,8224x5140,P,1
3690,16.679,0.958,0.182,0.069,0.000,0.000,0.060,0.000,4.985,0.018,4.905,0.062,3680,7040,,2.00,2,0,8224x5140,P,1
3691,16.679,1.101,0.201,0.088,0.000,0.000,0.052,0.000,4.993,0.018,4.913,0.062,3680,7040,,2.00,2,0,8224x5140,P,1
3692,16.584,1.099,0.206,0.077,0.000,0.000,0.052,0.000,4.984,0.018,4.904,0.062,3680,7040,,2.00,2,0,8224x5140,P,1
3693,16.670,0.889,0.215,0.064,0.000,0.000,0.056,0.000,4.988,0.018,4.907,0.062,3680,7040,,2.00,2,0,8224x5140,P,1
3694,16.720,0.988,0.212,0.073,0.000,0.000,0.067,0.000,4.987,0.018,4.906,0.062,3680,7040,,2.00,2,0,8224x5140,P,1
3695,16.553,1.156,0.238,0.079,0.000,0.000,0.046,0.000,4.987,0.018,4.907,0.062,3680,7040,,2.00,2,0,8224x5140,P,1
3696,16.610,1.121,0.209,0.065,0.000,0.000,0.040,0.000,4.986,0.018,4.906,0.062,3680,7040,,2.00,2,0,8224x5140,P,1
3697,16.669,0.939,0.206,0.051,0.000,0.000,0.044,0.000,4.986,0.018,4.906,0.062,3680,7040,,2.00,2,0,8224x5140,P,1
3698,16.632,0.962,0.212,0.056,0.000,0.000,0.050,0.000,4.987,0.018,4.906,0.062,3680,7040,,2.00,2,0,8224x5140,P,1
3699,16.640,0.842,0.193,0.041,0.000,0.000,0.043,0.000,4.988,0.018,4.908,0.062,3680,7040,,2.00,2,0,8224x5140,P,1
3700,16.643,0.869,0.207,0.043,0.000,0.000,0.042,0.000,4.989,0.018,4.909,0.062,3680,7040,,2.00,2,0,8224x5140,P,1
3701,16.697,0.821,0.205,0.042,0.000,0.000,0.036,0.000,4.986,0.018,4.906,0.062,3680,7040,,2.00,2,0,8224x5140,P,1
3702,16.730,1.132,0.241,0.049,0.000,0.000,0.042,0.000,4.987,0.018,4.907,0.062,3680,7040,,2.00,2,0,8224x5140,P,1
3703,16.634,0.730,0.188,0.053,0.000,0.000,0.048,0.000,4.989,0.018,4.908,0.062,3680,7040,,2.00,2,0,8224x5140,P,1
3704,16.606,0.872,0.187,0.058,0.000,0.000,0.047,0.000,4.985,0.018,4.905,0.062,3680,7040,,2.00,2,0,8224x5140,P,1
3705,16.636,0.916,0.179,0.051,0.000,0.000,0.049,0.000,4.986,0.018,4.905,0.062,3680,7040,,2.00,2,0,8224x5140,P,1
3706,16.702,0.734,0.193,0.044,0.000,0.000,0.081,0.000,4.989,0.018,4.909,0.062,3680,7040,,2.00,2,0,8224x5140,P,1
3707,16.609,0.831,0.213,0.047,0.000,0.000,0.065,0.000,4.989,0.018,4.909,0.062,3680,7040,,2.00,2,0,8224x5140,P,1
3708,16.650,0.820,0.222,0.041,0.000,0.000,0.037,0.000,4.987,0.018,4.906,0.062,3680,7040,,2.00,2,0,8224x5140,P,1
3709,16.637,0.789,0.199,0.042,0.000,0.000,0.031,0.000,4.987,0.018,4.907,0.062,3680,7040,,2.00,2,0,8224x5140,P,1
3710,16.812,0.803,0.220,0.041,0.000,0.000,0.045,0.000,0.080,0.018,0.000,0.062,3680,7040,,2.00,2,0,8224x5140,P,1
3711,16.506,1.133,0.228,0.057,0.000,0.000,0.034,0.000,4.985,0.018,4.905,0.062,3680,7040,,2.00,2,0,8224x5140,P,1
3712,16.680,0.966,0.201,0.046,0.000,0.000,0.055,0.000,4.989,0.018,4.908,0.062,3680,7040,,2.00,2,0,8224x5140,P,1
3713,16.650,1.001,0.235,0.049,0.000,0.000,0.047,0.000,4.985,0.018,4.905,0.062,3680,7040,,2.00,2,0,8224x5140,P,1
3714,16.606,0.925,0.207,0.043,0.000,0.000,0.036,0.000,4.987,0.018,4.907,0.062,3680,7040,,2.00,2,0,8224x5140,P,1
3715,16.664,0.784,0.200,0.040,0.000,0.000,0.032,0.000,4.991,0.018,4.910,0.062,3680,7040,,2.00,2,0,8224x5140,P,1
3716,16.683,0.790,0.197,0.039,0.000,0.000,0.039,0.000,4.991,0.018,4.911,0.062,3680,7040,,2.00,2,0,8224x5140,P,1
3717,16.675,0.860,0.218,0.039,0.000,0.000,0.035,0.000,4.987,0.018,4.907,0.062,3680,7040,,2.00,2,0,8224x5140,P,1
3718,17.091,0.891,0.207,0.043,0.000,0.000,0.077,0.000,4.989,0.018,4.909,0.062,3680,7040,,2.00,2,0,8224x5140,P,1
3719,16.687,1.815,0.379,0.096,0.000,0.000,0.089,0.000,4.985,0.018,4.905,0.062,3680,7040,,2.00,2,0,8224x5140,P,1
3720,16.695,2.179,0.397,0.106,0.000,0.000,0.135,0.000,4.988,0.018,4.907,0.062,3680,7040,,2.00,2,0,8224x5140,P,1
3721,16.596,2.423,0.447,0.118,0.000,0.000,0.118,0.000,4.986,0.018,4.906,0.062,3680,7040,,2.00,2,0,8224x5140,P,1
3722,16.753,2.430,0.438,0.126,0.000,0.000,0.146,0.000,4.986,0.018,4.906,0.062,3680,7040,,2.00,2,0,8224x5140,P,1
3723,16.576,2.973,0.436,0.126,0.000,0.000,0.148,0.000,4.985,0.018,4.904,0.062,3680,7040,,2.00,2,0,8224x5140,P,1
3724,16.585,2.847,0.423,0.128,0.000,0.000,0.148,0.000,0.080,0.018,0.000,0.062,3680,7040,,2.00,2,0,8224x5140,P,1
3725,16.500,2.461,0.453,0.125,0.000,0.000,0.096,0.000,4.991,0.018,4.911,0.062,3680,7040,,2.00,2,0,8224x5140,P,1
3726,16.804,2.498,0.417,0.116,0.000,0.000,0.147,0.000,4.991,0.018,4.911,0.062,3680,7040,,2.00,2,0,8224x5140,P,1
3727,16.709,2.850,0.454,0.138,0.000,0.000,0.146,0.000,4.985,0.018,4.905,0.062,3680,7040,,2.00,2,0,8224x5140,P,1
3728,16.527,2.837,0.421,0.131,0.000,0.000,0.097,0.000,4.987,0.018,4.907,0.062,3680,7040,,2.00,2,0,8224x5140,P,1
3729,16.956,2.122,0.437,0.146,0.000,0.000,0.166,0.000,4.985,0.018,4.904,0.062,3680,7040,,2.00,2,0,8224x5140,P,1
3730,16.074,3.079,0.537,0.145,0.000,0.000,0.086,0.000,4.983,0.018,4.903,0.062,3680,7040,,2.00,2,0,8224x5140,P,1
3731,16.696,1.702,0.412,0.134,0.000,0.000,0.101,0.000,4.986,0.018,4.905,0.062,3680,7040,,2.00,2,0,8224x5140,P,1
3732,16.968,2.738,0.458,0.135,0.000,0.000,0.155,0.000,4.988,0.018,4.908,0.062,3680,7040,,2.00,2,0,8224x5140,P,1
3733,16.662,3.249,0.517,0.143,0.000,0.000,0.161,0.000,4.989,0.018,4.909,0.062,3680,7040,,2.00,2,0,8224x5140,P,1
3734,16.273,3.148,0.443,0.117,0.000,0.000,0.105,0.000,4.984,0.018,4.904,0.062,3680,7040,,2.00,2,0,8224x5140,P,1
3735,16.633,2.200,0.487,0.126,0.000,0.000,0.097,0.000,4.984,0.018,4.904,0.062,3680,7040,,2.00,2,0,8224x5140,P,1
3736,16.680,1.809,0.392,0.123,0.000,0.000,0.115,0.000,4.989,0.018,4.909,0.062,3680,7040,,2.00,2,0,8224x5140,P,1
3737,16.742,3.200,0.450,0.122,0.000,0.000,0.126,0.000,4.987,0.018,4.907,0.062,3680,7040,,2.00,2,0,8224x5140,P,1
3738,16.753,2.719,0.421,0.121,0.000,0.000,0.178,0.000,0.080,0.018,0.000,0.062,3680,7040,,2.00,2,0,8224x5140,P,1
3739,16.777,3.323,0.422,0.137,0.000,0.000,0.164,0.000,4.985,0.018,4.904,0.062,3680,7040,,2.00,2,0,8224x5140,P,1
3740,16.330,2.916,0.463,0.136,0.000,0.000,0.137,0.000,4.984,0.018,4.904,0.062,3680,7040,,2.00,2,0,8224x5140,P,1
3741,16.556,2.945,0.466,0.118,0.000,0.000,0.133,0.000,4.989,0.018,4.909,0.062,3680,7040,,2.00,2,0,8224x5140,P,1
3742,16.258,2.631,0.452,0.113,0.000,0.000,0.048,0.000,4.986,0.018,4.906,0.062,3680,7040,,2.00,2,0,8224x5140,P,1
3743,16.726,0.816,0.205,0.068,0.000,0.000,0.062,0.000,4.985,0.018,4.905,0.062,3680,7040,,2.00,2,0,8224x5140,P,1
3744,16.550,0.767,0.187,0.076,0.001,0.000,0.049,0.000,4.987,0.018,4.907,0.062,3680,7040,,2.00,2,0,8224x5140,P,1
3745,16.573,0.901,0.207,0.074,0.000,0.000,0.041,0.000,4.984,0.018,4.904,0.062,3680,7040,,2.00,2,0,8224x5140,P,1
3746,16.638,1.014,0.185,0.068,0.000,0.000,0.043,0.000,4.985,0.018,4.904,0.062,3680,7040,,2.00,2,0,8224x5140,P,1
3747,16.728,0.809,0.200,0.059,0.000,0.000,0.068,0.000,4.985,0.018,4.905,0.062,3680,7040,,2.00,2,0,8224x5140,P,1
3748,16.621,0.949,0.200,0.073,0.000,0.000,0.052,0.000,4.989,0.018,4.909,0.062,3680,7040,,2.00,2,0,8224x5140,P,1
3749,16.632,0.981,0.192,0.063,0.000,0.000,0.043,0.000,4.989,0.018,4.909,0.062,3680,7040,,2.00,2,0,8224x5140,P,1
3750,16.632,1.057,0.194,0.058,0.000,0.000,0.044,0.000,4.987,0.018,4.907,0.062,3680,7040,,2.00,2,0,8224x5140,P,1
3751,16.702,0.915,0.212,0.069,0.000,0.000,0.044,0.000,4.986,0.018,4.906,0.062,3680,7040,,2.00,2,0,8224x5140,P,1
3752,16.683,0.777,0.182,0.055,0.000,0.000,0.052,0.000,4.985,0.018,4.905,0.062,3680,7040,,2.00,2,0,8224x5140,P,1
3753,16.599,0.919,0.191,0.060,0.000,0.000,0.051,0.000,4.985,0.018,4.905,0.062,3680,7040,,2.00,2,0,8224x5140,P,1
3754,16.708,1.119,0.223,0.073,0.000,0.000,0.050,0.000,4.983,0.018,4.903,0.062,3680,7040,,2.00,2,0,8224x5140,P,1
3755,16.645,0.986,0.196,0.059,0.000,0.000,0.046,0.000,0.080,0.018,0.000,0.062,3680,7040,,2.00,2,0,8224x5140,P,1
3756,16.573,0.875,0.179,0.056,0.000,0.000,0.037,0.000,4.987,0.018,4.906,0.062,3680,7040,,2.00,2,0,8224x5140,P,1
3757,16.852,1.018,0.185,0.053,0.000,0.000,0.090,0.000,4.989,0.018,4.909,0.062,3680,7040,,2.00,2,0,8224x5140,P,1
3758,16.510,0.809,0.191,0.051,0.000,0.000,0.047,0.000,4.985,0.018,4.905,0.062,3680,7040,,2.00,2,0,8224x5140,P,1
3759,16.580,0.950,0.229,0.060,0.000,0.000,0.035,0.000,4.986,0.018,4.906,0.062,3680,7040,,2.00,2,0,8224x5140,P,1
3760,16.598,0.888,0.196,0.053,0.000,0.000,0.041,0.000,4.985,0.018,4.905,0.062,3680,7040,,2.00,2,0,8224x5140,P,1
3761,16.728,0.803,0.207,0.047,0.000,0.000,0.032,0.000,4.987,0.018,4.907,0.062,3680,7040,,2.00,2,0,8224x5140,P,1
3762,16.648,0.982,0.227,0.053,0.000,0.000,0.053,0.000,4.987,0.018,4.907,0.062,3680,7040,,2.00,2,0,8224x5140,P,1
3763,16.664,0.945,0.205,0.046,0.000,0.000,0.046,0.000,4.988,0.018,4.908,0.062,3680,7040,,2.00,2,0,8224x5140,P,1
3764,16.781,0.867,0.212,0.044,0.000,0.000,0.051,0.000,4.989,0.018,4.909,0.062,3680,7040,,2.00,2,0,8224x5140,P,1
3765,16.525,0.851,0.212,0.045,0.000,0.000,0.034,0.000,4.986,0.018,4.905,0.062,3680,7040,,2.00,2,0,8224x5140,P,1
3766,16.639,0.811,0.220,0.039,0.000,0.000,0.049,0.000,4.983,0.018,4.902,0.062,3680,7040,,2.00,2,0,8224x5140,P,1
3767,16.640,0.815,0.216,0.042,0.000,0.000,0.035,0.000,4.985,0.018,4.904,0.062,3680,7040,,2.00,2,0,8224x5140,P,1
3768,16.660,0.884,0.223,0.043,0.000,0.000,0.034,0.000,0.080,0.018,0.000,0.062,3680,7040,,2.00,2,0,8224x5140,P,1
3769,16.688,0.813,0.198,0.042,0.000,0.000,0.030,0.000,4.994,0.018,4.914,0.062,3680,7040,,2.00,2,0,8224x5140,P,1
3770,16.639,0.829,0.194,0.045,0.000,0.000,0.032,0.000,4.988,0.018,4.907,0.062,3680,7040,,2.00,2,0,8224x5140,P,1
3771,16.686,0.802,0.219,0.040,0.000,0.000,0.049,0.000,4.985,0.018,4.905,0.062,3680,7040,,2.00,2,0,8224x5140,P,1
3772,17.113,0.840,0.217,0.040,0.000,0.000,0.093,0.000,4.984,0.018,4.904,0.062,3680,7040,,2.00,2,0,8224x5140,P,1
3773,16.768,2.000,0.407,0.098,0.000,0.000,0.177,0.000,4.987,0.018,4.906,0.062,3680,7040,,2.00,2,0,8224x5140,P,1
3774,16.464,2.371,0.392,0.123,0.000,0.000,0.109,0.000,4.984,0.018,4.904,0.062,3680,7040,,2.00,2,0,8224x5140,P,1
3775,16.741,2.393,0.433,0.133,0.000,0.000,0.126,0.000,4.986,0.018,4.906,0.062,3680,7040,,2.00,2,0,8224x5140,P,1
3776,16.593,2.478,0.433,0.121,0.000,0.000,0.127,0.000,4.983,0.018,4.903,0.062,3680,7040,,2.00,2,0,8224x5140,P,1
3777,16.759,2.336,0.442,0.120,0.000,0.000,0.165,0.000,4.985,0.018,4.905,0.062,3680,7040,,2.00,2,0,8224x5140,P,1
3778,16.477,2.454,0.474,0.140,0.000,0.000,0.110,0.000,4.987,0.018,4.907,0.062,3680,7040,,2.00,2,0,8224x5140,P,1
3779,16.242,2.347,0.474,0.137,0.000,0.000,0.043,0.000,4.986,0.018,4.905,0.062,3680,7040,,2.00,2,0,8224x5140,P,1
3780,16.653,0.709,0.190,0.065,0.000,0.000,0.050,0.000,4.985,0.018,4.905,0.062,3680,7040,,2.00,2,0,8224x5140,P,1
3781,16.693,1.094,0.220,0.066,0.000,0.000,0.046,0.000,4.988,0.018,4.908,0.062,3680,7040,,2.00,2,0,8224x5140,P,1
3782,16.512,0.819,0.214,0.065,0.000,0.000,0.057,0.000,4.987,0.018,4.907,0.062,3680,7040,,2.00,2,0,8224x5140,P,1
3783,16.501,0.924,0.214,0.066,0.000,0.000,0.043,0.000,4.986,0.018,4.906,0.062,3680,7040,,2.00,2,0,8224x5140,P,1
3784,16.590,0.878,0.201,0.053,0.000,0.000,0.057,0.000,4.986,0.018,4.906,0.062,3680,7040,,2.00,2,0,8224x5140,P,1
3785,16.595,0.790,0.178,0.068,0.000,0.000,0.049,0.000,4.987,0.018,4.907,0.062,3680,7040,,2.00,2,0,8224x5140,P,1
3786,16.600,0.755,0.192,0.059,0.000,0.000,0.077,0.000,4.990,0.018,4.910,0.062,3680,7040,,2.00,2,0,8224x5140,P,1
3787,16.390,0.957,0.221,0.083,0.000,0.000,0.061,0.000,4.985,0.018,4.905,0.062,3680,7040,,2.00,2,0,8224x5140,P,1
3788,16.484,0.832,0.224,0.070,0.000,0.000,0.040,0.000,4.985,0.018,4.905,0.062,3680,7040,,2.00,2,0,8224x5140,P,1
3789,16.495,0.914,0.227,0.058,0.000,0.000,0.041,0.000,4.985,0.018,4.905,0.062,3680,7040,,2.00,2,0,8224x5140,P,1
3790,16.757,0.801,0.193,0.056,0.000,0.000,0.061,0.000,4.989,0.018,4.909,0.062,3680,7040,,2.00,2,0,8224x5140,P,1
3791,16.343,1.077,0.202,0.083,0.000,0.000,0.050,0.000,4.985,0.018,4.905,0.062,3680,7040,,2.00,2,0,8224x5140,P,1
3792,16.561,0.866,0.209,0.069,0.000,0.000,0.072,0.000,4.985,0.018,4.904,0.062,3680,7040,,2.00,2,0,8224x5140,P,1
3793,16.576,1.117,0.238,0.070,0.000,0.000,0.047,0.000,0.080,0.018,0.000,0.062,3680,7040,,2.00,2,0,8224x5140,P,1
3794,16.624,1.119,0.220,0.066,0.000,0.000,0.073,0.000,4.985,0.018,4.905,0.062,3680,7040,,2.00,2,0,8224x5140,P,1
3795,16.482,1.164,0.205,0.056,0.000,0.000,0.043,0.000,4.985,0.018,4.905,0.062,3680,7040,,2.00,2,0,8224x5140,P,1
3796,8.242,0.919,0.222,0.056,0.000,0.000,0.038,0.000,4.987,0.018,4.907,0.062,3680,7040,,2.00,2,0,8224x5140,P,1
3797,24.857,0.000,0.229,0.043,0.000,0.000,0.047,0.000,4.986,0.018,4.905,0.062,3680,7040,,2.00,2,0,8224x5140,P,1
3798,16.556,1.794,0.237,0.082,0.000,0.000,0.050,0.000,4.985,0.018,4.904,0.062,3680,7040,,2.00,2,0,8224x5140,P,1
3799,16.521,0.831,0.198,0.061,0.000,0.000,0.044,0.000,4.984,0.018,4.904,0.062,3680,7040,,2.00,2,0,8224x5140,P,1
3800,16.567,0.806,0.201,0.051,0.000,0.000,0.069,0.000,0.080,0.018,0.000,0.062,3680,7040,,2.00,2,0,8224x5140,P,1
3801,16.516,0.843,0.212,0.073,0.000,0.000,0.041,0.000,4.990,0.018,4.910,0.062,3680,7040,,2.00,2,0,8224x5140,P,1
3802,16.731,0.796,0.194,0.048,0.000,0.000,0.044,0.000,4.989,0.018,4.909,0.062,3680,7040,,2.00,2,0,8224x5140,P,1
3803,16.599,0.785,0.185,0.067,0.000,0.000,0.049,0.000,4.985,0.018,4.905,0.062,3680,7040,,2.00,2,0,8224x5140,P,1
3804,16.548,0.841,0.206,0.068,0.000,0.000,0.053,0.000,4.984,0.018,4.904,0.062,3680,7040,,2.00,2,0,8224x5140,P,1
3805,16.669,0.802,0.185,0.067,0.000,0.000,0.090,0.000,4.991,0.018,4.910,0.062,3680,7040,,2.00,2,0,8224x5140,P,1
3806,16.555,1.105,0.210,0.088,0.000,0.000,0.053,0.000,4.985,0.018,4.905,0.062,3680,7040,,2.00,2,0,8224x5140,P,1
3807,16.672,1.078,0.201,0.086,0.000,0.000,0.058,0.000,4.989,0.018,4.909,0.062,3680,7040,,2.00,2,0,8224x5140,P,1
3808,16.668,1.089,0.204,0.084,0.000,0.000,0.052,0.000,0.080,0.018,0.000,0.062,3680,7040,,2.00,2,0,8224x5140,P,1
3809,16.634,0.813,0.193,0.070,0.000,0.000,0.044,0.000,4.991,0.018,4.911,0.062,3680,7040,,2.00,2,0,8224x5140,P,1
3810,16.629,0.781,0.179,0.062,0.000,0.000,0.065,0.000,4.987,0.018,4.907,0.062,3680,7040,,2.00,2,0,8224x5140,P,1
3811,16.588,0.819,0.190,0.067,0.000,0.000,0.042,0.000,4.988,0.018,4.907,0.062,3680,7040,,2.00,2,0,8224x5140,P,1
3812,16.761,0.734,0.177,0.054,0.000,0.000,0.063,0.000,4.985,0.018,4.905,0.062,3680,7040,,2.00,2,0,8224x5140,P,1
3813,16.591,0.888,0.187,0.059,0.000,0.000,0.048,0.000,4.984,0.018,4.904,0.062,3680,7040,,2.00,2,0,8224x5140,P,1
3814,16.655,0.840,0.204,0.066,0.000,0.000,0.041,0.000,4.986,0.018,4.906,0.062,3680,7040,,2.00,2,0,8224x5140,P,1
3815,16.608,0.834,0.199,0.055,0.000,0.000,0.036,0.000,4.988,0.018,4.907,0.062,3680,7040,,2.00,2,0,8224x5140,P,1
3816,16.684,0.848,0.204,0.045,0.000,0.000,0.040,0.000,4.987,0.018,4.907,0.062,3680,7040,,2.00,2,0,8224x5140,P,1
3817,16.680,1.051,0.189,0.052,0.000,0.000,0.034,0.000,4.987,0.018,4.907,0.062,3680,7040,,2.00,2,0,8224x5140,P,1
3818,16.674,0.794,0.206,0.045,0.000,0.000,0.044,0.000,4.985,0.018,4.905,0.062,3680,7040,,2.00,2,0,8224x5140,P,1
3819,16.648,1.110,0.223,0.052,0.000,0.000,0.044,0.000,4.988,0.018,4.908,0.062,3680,7040,,2.00,2,0,8224x5140,P,1
3820,16.604,1.065,0.229,0.051,0.000,0.000,0.039,0.000,4.988,0.018,4.908,0.062,3680,7040,,2.00,2,0,8224x5140,P,1
3821,16.722,0.907,0.209,0.041,0.000,0.000,0.041,0.000,4.985,0.018,4.905,0.062,3680,7040,,2.00,2,0,8224x5140,P,1
3822,16.316,0.963,0.203,0.057,0.000,0.000,0.039,0.000,4.985,0.018,4.905,0.062,3680,7040,,2.00,2,0,8224x5140,P,1
3823,16.652,0.892,0.195,0.041,0.000,0.000,0.041,0.000,4.986,0.018,4.906,0.062,3680,7040,,2.00,2,0,8224x5140,P,1
3824,16.634,0.857,0.216,0.036,0.000,0.000,0.030,0.000,4.986,0.018,4.906,0.062,3680,7040,,2.00,2,0,8224x5140,P,1
3825,16.644,0.888,0.215,0.047,0.000,0.000,0.029,0.000,4.987,0.018,4.907,0.062,3680,7040,,2.00,2,0,8224x5140,P,1
3826,16.644,0.816,0.220,0.034,0.000,0.000,0.037,0.000,4.985,0.018,4.905,0.062,3680,7040,,2.00,2,0,8224x5140,P,1
3827,16.990,1.689,0.397,0.093,0.000,0.000,0.099,0.000,4.989,0.018,4.909,0.062,3680,7040,,2.00,2,0,8224x5140,P,1
3828,17.007,1.836,0.384,0.114,0.000,0.000,0.127,0.000,4.991,0.018,4.910,0.062,3680,7040,,2.00,2,0,8224x5140,P,1
3829,16.645,2.593,0.422,0.122,0.001,0.000,0.117,0.000,4.986,0.018,4.905,0.062,3680,7040,,2.00,2,0,8224x5140,P,1
3830,16.362,2.885,0.451,0.131,0.000,0.000,0.114,0.000,4.987,0.018,4.906,0.062,3680,7040,,2.00,2,0,8224x5140,P,1
3831,16.322,1.739,0.387,0.117,0.000,0.000,0.059,0.000,4.986,0.018,4.906,0.062,3680,7040,,2.00,2,0,8224x5140,P,1
3832,16.531,0.957,0.241,0.082,0.000,0.000,0.059,0.000,4.989,0.018,4.909,0.062,3680,7040,,2.00,2,0,8224x5140,P,1
