frame,cpu_frame_ms,cpu_physics_ms,cpu_mesh_ms,cpu_egui_ms,cpu_check_win_ms,cpu_shadow_segs_ms,cpu_submit_ms,cpu_celebration_ms,gpu_total_ms,gpu_shadow_ms,gpu_hdr_ms,gpu_bloom_ms,rope_verts,rope_tris,event,render_scale,render_mode,dragging,render_size,skip,table_shadow_mode
1280,17.058,13.524,1.765,0.847,0.000,0.087,0.106,0.000,0.959,0.138,0.784,0.038,8120,15600,,1.00,1,0,800x1200,L,2
1281,17.218,13.192,1.883,1.098,0.000,0.093,0.095,0.000,0.618,0.059,0.520,0.039,8120,15600,,1.00,1,0,800x1200,L,2
1282,16.551,13.250,1.793,0.627,0.000,0.085,0.092,0.000,0.911,0.127,0.746,0.039,8120,15600,,1.00,1,0,800x1200,L,2
1283,16.732,13.426,1.870,0.498,0.000,0.086,0.116,0.000,0.635,0.059,0.537,0.038,8120,15600,,1.00,1,0,800x1200,L,2
1284,17.112,13.661,1.957,0.540,0.000,0.093,0.103,0.000,0.883,0.134,0.711,0.037,8120,15600,,1.00,1,0,800x1200,L,2
1285,16.608,13.401,1.788,0.474,0.000,0.088,0.096,0.000,0.658,0.059,0.562,0.038,8120,15600,,1.00,1,0,800x1200,L,2
1286,16.513,13.408,1.836,0.429,0.000,0.087,0.088,0.000,0.919,0.137,0.744,0.038,8120,15600,,1.00,1,0,800x1200,L,2
1287,16.668,13.513,1.815,0.446,0.000,0.089,0.087,0.000,0.610,0.059,0.512,0.039,8120,15600,,1.00,1,0,800x1200,L,2
1288,16.497,13.456,1.822,0.430,0.000,0.081,0.077,0.000,0.888,0.138,0.713,0.038,8120,15600,,1.00,1,0,800x1200,L,2
1289,16.703,13.574,1.776,0.415,0.000,0.085,0.086,0.000,0.615,0.059,0.518,0.039,8120,15600,,1.00,1,0,800x1200,L,2
1290,16.344,13.319,1.812,0.419,0.000,0.080,0.077,0.000,0.894,0.137,0.718,0.039,8120,15600,,1.00,1,0,800x1200,L,2
1291,17.045,13.384,1.897,0.509,0.000,0.110,0.136,0.000,0.645,0.059,0.547,0.039,8120,15600,,1.00,1,0,800x1200,L,2
1292,16.550,13.352,1.806,0.472,0.000,0.094,0.095,0.000,0.889,0.139,0.712,0.037,8120,15600,,1.00,1,0,800x1200,L,2
1293,15.995,13.098,1.713,0.383,0.000,0.055,0.105,0.000,0.628,0.059,0.530,0.039,8120,15600,,1.00,1,0,800x1200,L,2
1294,16.480,13.087,1.825,0.520,0.000,0.106,0.105,0.000,0.887,0.136,0.713,0.038,8120,15600,,1.00,1,0,800x1200,L,2
1295,16.484,13.151,1.818,0.452,0.000,0.092,0.099,0.000,0.872,0.055,0.729,0.088,8120,15600,,1.00,1,0,800x1200,L,2
1296,16.346,13.160,1.814,0.469,0.000,0.099,0.086,0.000,1.183,0.572,0.557,0.054,8120,15600,,1.00,1,0,800x1200,L,2
1297,16.173,12.973,1.815,0.445,0.000,0.073,0.085,0.000,0.634,0.054,0.541,0.038,8120,15600,,1.00,1,0,800x1200,L,2
1298,16.191,13.173,1.766,0.437,0.000,0.081,0.084,0.000,0.962,0.139,0.785,0.039,8120,15600,,1.00,1,0,800x1200,L,2
1299,15.856,12.937,1.750,0.378,0.000,0.059,0.085,0.000,0.741,0.059,0.644,0.038,8120,15600,,1.00,1,0,800x1200,L,2
1300,2.696,0.000,1.740,0.321,0.000,0.032,0.067,0.000,0.991,0.140,0.813,0.038,8120,15600,,1.00,1,0,800x1200,L,2
1301,16.094,13.066,1.823,0.407,0.000,0.073,0.078,0.000,0.633,0.060,0.534,0.038,8120,15600,,1.00,1,0,800x1200,L,2
1302,16.099,13.012,1.771,0.425,0.000,0.087,0.135,0.000,0.889,0.138,0.713,0.038,8120,15600,,1.00,1,0,800x1200,L,2
1303,16.235,12.960,1.894,0.428,0.000,0.092,0.098,0.000,0.627,0.059,0.529,0.039,8120,15600,,1.00,1,0,800x1200,L,2
1304,16.200,13.243,1.747,0.442,0.000,0.075,0.077,0.000,0.894,0.136,0.718,0.039,8120,15600,,1.00,1,0,800x1200,L,2
1305,15.984,13.093,1.738,0.381,0.000,0.061,0.081,0.000,0.683,0.057,0.588,0.038,8120,15600,,1.00,1,0,800x1200,L,2
1306,2.645,0.000,1.728,0.320,0.000,0.031,0.066,0.000,0.894,0.129,0.727,0.038,8120,15600,,1.00,1,0,800x1200,L,2
1307,16.084,13.111,1.772,0.409,0.000,0.065,0.075,0.000,0.631,0.058,0.535,0.038,8120,15600,,1.00,1,0,800x1200,L,2
1308,16.155,13.141,1.824,0.403,0.000,0.069,0.096,0.000,0.939,0.139,0.762,0.038,8120,15600,,1.00,1,0,800x1200,L,2
1309,16.023,13.189,1.733,0.393,0.000,0.055,0.069,0.000,0.628,0.059,0.530,0.038,8120,15600,,1.00,1,0,800x1200,L,2
1310,16.096,13.221,1.777,0.393,0.000,0.064,0.068,0.000,0.890,0.131,0.721,0.038,8120,15600,,1.00,1,0,800x1200,L,2
1311,2.714,0.000,1.742,0.330,0.000,0.033,0.087,0.000,0.633,0.059,0.536,0.038,8120,15600,,1.00,1,0,800x1200,L,2
1312,16.545,13.143,1.925,0.510,0.000,0.097,0.100,0.000,0.891,0.145,0.708,0.038,8120,15600,,1.00,1,0,800x1200,L,2
1313,16.593,13.379,1.843,0.480,0.000,0.098,0.080,0.000,0.627,0.060,0.529,0.038,8120,15600,,1.00,1,0,800x1200,L,2
1314,16.588,13.453,1.822,0.469,0.000,0.090,0.080,0.000,0.898,0.139,0.722,0.038,8120,15600,,1.00,1,0,800x1200,L,2
1315,16.483,13.089,1.792,0.453,0.000,0.088,0.127,0.000,0.655,0.059,0.557,0.040,8120,15600,,1.00,1,0,800x1200,L,2
1316,16.561,13.560,1.805,0.411,0.000,0.071,0.080,0.000,0.919,0.131,0.749,0.039,8120,15600,,1.00,1,0,800x1200,L,2
1317,16.408,13.441,1.776,0.405,0.000,0.067,0.077,0.000,0.626,0.058,0.529,0.040,8120,15600,,1.00,1,0,800x1200,L,2
1318,16.777,13.558,1.890,0.451,0.000,0.088,0.084,0.000,0.897,0.138,0.719,0.040,8120,15600,,1.00,1,0,800x1200,L,2
1319,16.753,13.706,1.822,0.415,0.000,0.072,0.074,0.000,0.612,0.057,0.517,0.038,8120,15600,,1.00,1,0,800x1200,L,2
1320,16.278,13.343,1.764,0.402,0.000,0.070,0.086,0.000,0.894,0.132,0.723,0.038,8120,15600,,1.00,1,0,800x1200,L,2
1321,16.351,13.280,1.812,0.424,0.000,0.075,0.083,0.000,0.635,0.058,0.538,0.039,8120,15600,,1.00,1,0,800x1200,L,2
1322,16.263,13.279,1.786,0.415,0.000,0.081,0.075,0.000,0.905,0.138,0.729,0.038,8120,15600,,1.00,1,0,800x1200,L,2
1323,16.281,13.278,1.792,0.412,0.000,0.072,0.075,0.000,0.621,0.054,0.528,0.038,8120,15600,,1.00,1,0,800x1200,L,2
1324,16.113,13.250,1.748,0.391,0.000,0.062,0.073,0.000,1.096,0.129,0.884,0.083,8120,15600,,1.00,1,0,800x1200,L,2
1325,16.308,13.254,1.760,0.411,0.000,0.058,0.096,0.000,0.337,0.023,0.230,0.083,8120,15600,,1.00,1,0,800x1200,L,2
1326,16.221,13.248,1.765,0.427,0.000,0.072,0.082,0.000,0.343,0.056,0.271,0.016,8120,15600,,1.00,1,0,800x1200,L,2
1327,2.771,0.001,1.746,0.331,0.000,0.037,0.070,0.000,0.232,0.024,0.192,0.016,8120,15600,,1.00,1,0,800x1200,L,2
1328,16.661,13.532,1.881,0.449,0.000,0.086,0.084,0.000,0.354,0.057,0.282,0.016,8120,15600,,1.00,1,0,800x1200,L,2
1329,16.735,13.625,1.819,0.431,0.000,0.085,0.087,0.000,0.233,0.023,0.194,0.016,8120,15600,,1.00,1,0,800x1200,L,2
1330,16.554,13.568,1.809,0.418,0.000,0.068,0.084,0.000,0.378,0.065,0.296,0.017,8120,15600,,1.00,1,0,800x1200,L,2
1331,16.899,13.770,1.835,0.435,0.000,0.085,0.080,0.000,2.127,0.983,1.125,0.019,8120,15600,,1.00,1,0,800x1200,L,2
1332,17.109,13.789,1.885,0.482,0.000,0.094,0.095,0.000,1.837,0.932,0.816,0.089,8120,15600,,1.00,1,0,800x1200,L,2
1333,17.265,13.780,1.899,0.513,0.000,0.098,0.099,0.000,0.431,0.034,0.283,0.114,8120,15600,,1.00,1,0,800x1200,L,2
1334,17.265,13.863,1.912,0.517,0.000,0.104,0.104,0.000,0.884,0.136,0.714,0.033,8120,15600,,1.00,1,0,800x1200,L,2
1335,17.056,13.750,1.860,0.475,0.000,0.094,0.102,0.000,0.625,0.060,0.528,0.038,8120,15600,,1.00,1,0,800x1200,L,2
1336,16.855,13.784,1.841,0.442,0.000,0.074,0.079,0.000,0.889,0.134,0.717,0.038,8120,15600,,1.00,1,0,800x1200,L,2
1337,16.847,13.720,1.836,0.423,0.000,0.085,0.085,0.000,0.614,0.060,0.516,0.038,8120,15600,,1.00,1,0,800x1200,L,2
1338,16.946,13.789,1.861,0.439,0.000,0.085,0.109,0.000,0.959,0.139,0.782,0.038,8120,15600,,1.00,1,0,800x1200,L,2
1339,17.189,13.732,1.870,0.498,0.000,0.099,0.134,0.000,0.617,0.059,0.519,0.039,8120,15600,,1.00,1,0,800x1200,L,2
1340,16.705,13.577,1.796,0.454,0.000,0.082,0.086,0.000,0.962,0.134,0.789,0.039,8120,15600,,1.00,1,0,800x1200,L,2
1341,16.212,13.263,1.754,0.400,0.000,0.064,0.079,0.000,0.619,0.057,0.524,0.038,8120,15600,,1.00,1,0,800x1200,L,2
1342,16.030,13.172,1.763,0.393,0.000,0.059,0.070,0.000,0.890,0.134,0.718,0.038,8120,15600,,1.00,1,0,800x1200,L,2
1343,16.186,13.339,1.750,0.366,0.000,0.055,0.078,0.000,0.647,0.058,0.551,0.038,8120,15600,,1.00,1,0,800x1200,L,2
1344,16.090,13.292,1.761,0.376,0.000,0.047,0.066,0.000,0.894,0.135,0.721,0.038,8120,15600,,1.00,1,0,800x1200,L,2
1345,16.153,13.316,1.744,0.374,0.000,0.053,0.066,0.000,0.619,0.058,0.523,0.038,8120,15600,,1.00,1,0,800x1200,L,2
1346,16.105,13.235,1.846,0.372,0.000,0.037,0.072,0.000,0.922,0.139,0.743,0.040,8120,15600,,1.00,1,0,800x1200,L,2
1347,16.493,13.425,1.830,0.424,0.000,0.076,0.076,0.000,0.678,0.058,0.580,0.039,8120,15600,,1.00,1,0,800x1200,L,2
1348,16.717,13.636,1.836,0.430,0.000,0.081,0.078,0.000,0.888,0.126,0.723,0.039,8120,15600,,1.00,1,0,800x1200,L,2
1349,16.448,13.442,1.785,0.410,0.000,0.083,0.074,0.000,0.617,0.060,0.519,0.039,8120,15600,,1.00,1,0,800x1200,L,2
1350,16.573,13.400,1.814,0.458,0.000,0.081,0.089,0.000,0.891,0.133,0.720,0.037,8120,15600,,1.00,1,0,800x1200,L,2
1351,16.141,13.255,1.740,0.374,0.000,0.050,0.077,0.000,0.619,0.059,0.520,0.039,8120,15600,,1.00,1,0,800x1200,L,2
1352,16.461,13.306,1.836,0.435,0.000,0.080,0.093,0.000,0.976,0.131,0.806,0.039,8120,15600,,1.00,1,0,800x1200,L,2
1353,16.454,13.323,1.827,0.438,0.000,0.089,0.081,0.000,0.611,0.059,0.514,0.038,8120,15600,,1.00,1,0,800x1200,L,2
1354,16.370,13.412,1.777,0.401,0.000,0.078,0.089,0.000,0.900,0.129,0.733,0.038,8120,15600,,1.00,1,0,800x1200,L,2
1355,16.383,13.336,1.785,0.416,0.000,0.080,0.084,0.000,0.615,0.059,0.519,0.038,8120,15600,,1.00,1,0,800x1200,L,2
1356,16.675,13.634,1.807,0.406,0.000,0.083,0.089,0.000,0.929,0.133,0.758,0.038,8120,15600,,1.00,1,0,800x1200,L,2
1357,16.479,13.382,1.817,0.419,0.000,0.084,0.085,0.000,0.660,0.059,0.563,0.038,8120,15600,,1.00,1,0,800x1200,L,2
1358,17.053,13.399,1.980,0.504,0.000,0.121,0.116,0.000,0.956,0.134,0.783,0.038,8120,15600,,1.00,1,0,800x1200,L,2
1359,16.598,13.149,1.907,0.484,0.000,0.103,0.102,0.000,0.960,0.328,0.593,0.039,8120,15600,,1.00,1,0,800x1200,L,2
1360,16.621,13.497,1.849,0.424,0.000,0.086,0.089,0.000,0.414,0.058,0.318,0.038,8120,15600,,1.00,1,0,800x1200,L,2
1361,16.696,13.479,1.912,0.423,0.000,0.084,0.088,0.000,0.258,0.023,0.219,0.015,8120,15600,,1.00,1,0,800x1200,L,2
1362,16.733,13.539,1.869,0.461,0.000,0.085,0.084,0.000,0.342,0.056,0.270,0.016,8120,15600,,1.00,1,0,800x1200,L,2
1363,16.858,13.361,1.899,0.490,0.000,0.102,0.117,0.000,0.279,0.028,0.235,0.017,8120,15600,,1.00,1,0,800x1200,L,2
1364,16.454,13.127,1.832,0.486,0.000,0.092,0.104,0.000,0.381,0.064,0.300,0.018,8120,15600,,1.00,1,0,800x1200,L,2
1365,16.788,13.241,1.892,0.481,0.000,0.101,0.111,0.000,0.344,0.035,0.291,0.018,8120,15600,,1.00,1,0,800x1200,L,2
1366,16.559,13.126,1.885,0.466,0.000,0.098,0.109,0.000,0.528,0.074,0.432,0.022,8120,15600,,1.00,1,0,800x1200,L,2
1367,16.600,13.174,1.846,0.452,0.000,0.097,0.108,0.000,0.629,0.060,0.530,0.038,8120,15600,,1.00,1,0,800x1200,L,2
1368,16.677,13.423,1.861,0.458,0.000,0.097,0.093,0.000,0.968,0.138,0.792,0.039,8120,15600,,1.00,1,0,800x1200,L,2
1369,16.927,13.467,1.899,0.473,0.000,0.101,0.121,0.000,0.620,0.059,0.522,0.039,8120,15600,,1.00,1,0,800x1200,L,2
1370,16.923,13.503,1.898,0.480,0.000,0.102,0.105,0.000,0.898,0.137,0.723,0.038,8120,15600,,1.00,1,0,800x1200,L,2
1371,16.823,13.440,1.879,0.477,0.000,0.100,0.116,0.000,0.626,0.059,0.528,0.039,8120,15600,,1.00,1,0,800x1200,L,2
1372,16.495,13.209,1.890,0.458,0.000,0.105,0.098,0.000,0.910,0.137,0.735,0.038,8120,15600,,1.00,1,0,800x1200,L,2
1373,17.024,13.668,1.849,0.504,0.000,0.097,0.100,0.000,0.646,0.057,0.551,0.038,8120,15600,,1.00,1,0,800x1200,L,2
1374,16.442,13.344,1.809,0.425,0.000,0.089,0.091,0.000,0.902,0.129,0.735,0.038,8120,15600,,1.00,1,0,800x1200,L,2
1375,16.712,13.249,1.866,0.476,0.000,0.100,0.109,0.000,0.623,0.057,0.528,0.038,8120,15600,,1.00,1,0,800x1200,L,2
1376,16.359,13.236,1.798,0.438,0.000,0.091,0.089,0.000,0.965,0.138,0.789,0.038,8120,15600,,1.00,1,0,800x1200,L,2
1377,16.995,13.802,1.816,0.431,0.000,0.080,0.098,0.000,0.622,0.059,0.525,0.038,8120,15600,,1.00,1,0,800x1200,L,2
1378,16.043,13.050,1.756,0.416,0.000,0.068,0.093,0.000,0.926,0.138,0.750,0.038,8120,15600,,1.00,1,0,800x1200,L,2
1379,15.669,12.848,1.707,0.362,0.000,0.048,0.076,0.000,0.615,0.059,0.519,0.038,8120,15600,,1.00,1,0,800x1200,L,2
1380,15.838,13.109,1.722,0.357,0.000,0.040,0.068,0.000,0.891,0.128,0.724,0.038,8120,15600,,1.00,1,0,800x1200,L,2
1381,15.880,12.934,1.725,0.415,0.000,0.043,0.092,0.000,0.609,0.057,0.513,0.039,8120,15600,,1.00,1,0,800x1200,L,2
1382,15.688,13.016,1.701,0.339,0.000,0.039,0.066,0.000,0.889,0.136,0.715,0.037,8120,15600,,1.00,1,0,800x1200,L,2
1383,2.719,0.000,1.733,0.331,0.000,0.031,0.082,0.000,0.615,0.057,0.519,0.038,8120,15600,,1.00,1,0,800x1200,L,2
1384,15.624,12.865,1.732,0.348,0.000,0.047,0.079,0.000,0.897,0.138,0.721,0.038,8120,15600,,1.00,1,0,800x1200,L,2
1385,16.215,13.158,1.783,0.412,0.000,0.076,0.089,0.000,0.641,0.059,0.543,0.038,8120,15600,,1.00,1,0,800x1200,L,2
1386,15.818,13.112,1.708,0.335,0.000,0.035,0.084,0.000,0.895,0.137,0.720,0.038,8120,15600,,1.00,1,0,800x1200,L,2
1387,15.857,13.058,1.726,0.369,0.000,0.051,0.062,0.000,0.613,0.057,0.517,0.039,8120,15600,,1.00,1,0,800x1200,L,2
1388,2.655,0.000,1.768,0.317,0.000,0.032,0.065,0.000,0.960,0.140,0.782,0.039,8120,15600,,1.00,1,0,800x1200,L,2
1389,15.877,13.063,1.749,0.362,0.000,0.043,0.067,0.000,0.606,0.056,0.511,0.039,8120,15600,,1.00,1,0,800x1200,L,2
1390,15.625,12.994,1.699,0.310,0.000,0.031,0.082,0.000,0.887,0.139,0.711,0.037,8120,15600,,1.00,1,0,800x1200,L,2
1391,15.854,12.946,1.735,0.357,0.000,0.044,0.075,0.000,0.610,0.059,0.513,0.038,8120,15600,,1.00,1,0,800x1200,L,2
1392,2.692,0.000,1.759,0.312,0.000,0.032,0.063,0.000,0.925,0.139,0.748,0.039,8120,15600,,1.00,1,0,800x1200,L,2
1393,15.800,12.912,1.801,0.366,0.000,0.056,0.076,0.000,0.612,0.059,0.515,0.038,8120,15600,,1.00,1,0,800x1200,L,2
1394,15.666,13.020,1.707,0.322,0.000,0.034,0.068,0.000,0.931,0.139,0.754,0.038,8120,15600,,1.00,1,0,800x1200,L,2
1395,15.711,13.024,1.708,0.323,0.000,0.032,0.063,0.000,0.618,0.058,0.521,0.038,8120,15600,,1.00,1,0,800x1200,L,2
1396,2.644,0.000,1.739,0.314,0.000,0.028,0.067,0.000,0.897,0.127,0.732,0.039,8120,15600,,1.00,1,0,800x1200,L,2
1397,15.533,12.849,1.710,0.325,0.000,0.037,0.071,0.000,0.614,0.058,0.517,0.038,8120,15600,,1.00,1,0,800x1200,L,2
1398,15.518,12.928,1.690,0.312,0.000,0.028,0.078,0.000,0.884,0.131,0.713,0.039,8120,15600,,1.00,1,0,800x1200,L,2
1399,2.671,0.000,1.694,0.300,0.000,0.030,0.066,0.000,0.653,0.057,0.557,0.038,8120,15600,,1.00,1,0,800x1200,L,2
1400,15.556,12.938,1.693,0.330,0.000,0.031,0.061,0.000,0.894,0.137,0.719,0.039,8120,15600,,1.00,1,0,800x1200,L,2
1401,15.733,13.066,1.694,0.321,0.000,0.033,0.068,0.000,0.610,0.059,0.512,0.039,8120,15600,,1.00,1,0,800x1200,L,2
1402,15.649,13.050,1.702,0.307,0.000,0.029,0.063,0.000,0.899,0.140,0.720,0.039,8120,15600,,1.00,1,0,800x1200,L,2
1403,2.620,0.000,1.712,0.301,0.000,0.028,0.066,0.000,0.619,0.057,0.523,0.038,8120,15600,,1.00,1,0,800x1200,L,2
1404,15.537,12.968,1.695,0.317,0.000,0.027,0.059,0.000,0.887,0.139,0.710,0.038,8120,15600,,1.00,1,0,800x1200,L,2
1405,16.120,13.091,1.686,0.406,0.000,0.076,0.097,0.000,0.613,0.058,0.515,0.039,8120,15600,,1.00,1,0,800x1200,L,2
1406,15.851,13.041,1.708,0.375,0.000,0.057,0.083,0.000,0.886,0.139,0.709,0.039,8120,15600,,1.00,1,0,800x1200,L,2
1407,2.719,0.000,1.747,0.307,0.000,0.035,0.065,0.000,0.611,0.059,0.515,0.037,8120,15600,,1.00,1,0,800x1200,L,2
1408,15.624,12.975,1.750,0.306,0.000,0.027,0.063,0.000,0.880,0.138,0.705,0.038,8120,15600,,1.00,1,0,800x1200,L,2
1409,15.649,13.017,1.697,0.308,0.000,0.030,0.060,0.000,0.615,0.060,0.517,0.038,8120,15600,,1.00,1,0,800x1200,L,2
1410,15.625,13.024,1.702,0.310,0.000,0.029,0.068,0.000,0.916,0.135,0.742,0.039,8120,15600,,1.00,1,0,800x1200,L,2
1411,2.623,0.000,1.712,0.301,0.000,0.028,0.062,0.000,0.620,0.058,0.525,0.038,8120,15600,,1.00,1,0,800x1200,L,2
1412,15.567,12.977,1.704,0.310,0.000,0.034,0.061,0.000,0.975,0.129,0.807,0.039,8120,15600,,1.00,1,0,800x1200,L,2
1413,15.969,13.102,1.742,0.366,0.000,0.059,0.072,0.000,0.613,0.059,0.516,0.037,8120,15600,,1.00,1,0,800x1200,L,2
1414,15.789,13.007,1.729,0.331,0.000,0.040,0.081,0.000,0.887,0.140,0.709,0.039,8120,15600,,1.00,1,0,800x1200,L,2
1415,2.708,0.000,1.684,0.289,0.000,0.032,0.087,0.000,0.614,0.057,0.519,0.039,8120,15600,,1.00,1,0,800x1200,L,2
1416,15.858,12.887,1.780,0.405,0.000,0.067,0.079,0.000,0.897,0.142,0.717,0.038,8120,15600,,1.00,1,0,800x1200,L,2
1417,16.403,13.191,1.812,0.443,0.000,0.093,0.105,0.000,0.621,0.059,0.524,0.038,8120,15600,,1.00,1,0,800x1200,L,2
1418,16.216,13.135,1.775,0.452,0.000,0.081,0.105,0.000,0.964,0.138,0.789,0.038,8120,15600,,1.00,1,0,800x1200,L,2
1419,16.217,13.247,1.783,0.391,0.000,0.051,0.076,0.000,0.631,0.059,0.534,0.038,8120,15600,,1.00,1,0,800x1200,L,2
1420,16.179,13.374,1.758,0.357,0.000,0.039,0.091,0.000,0.892,0.136,0.718,0.038,8120,15600,,1.00,1,0,800x1200,L,2
1421,16.830,13.393,1.895,0.478,0.000,0.095,0.097,0.000,0.618,0.059,0.521,0.038,8120,15600,,1.00,1,0,800x1200,L,2
1422,16.312,13.311,1.793,0.445,0.000,0.069,0.083,0.000,0.893,0.139,0.717,0.038,8120,15600,,1.00,1,0,800x1200,L,2
1423,16.618,13.409,1.839,0.434,0.000,0.089,0.108,0.000,0.689,0.059,0.591,0.038,8120,15600,,1.00,1,0,800x1200,L,2
1424,15.861,13.067,1.708,0.374,0.000,0.053,0.081,0.000,0.903,0.139,0.726,0.038,8120,15600,,1.00,1,0,800x1200,L,2
1425,2.711,0.000,1.740,0.331,0.000,0.035,0.070,0.000,0.629,0.056,0.535,0.038,8120,15600,,1.00,1,0,800x1200,L,2
1426,15.814,13.052,1.727,0.353,0.000,0.046,0.080,0.000,0.887,0.139,0.711,0.038,8120,15600,,1.00,1,0,800x1200,L,2
1427,16.014,12.887,1.752,0.433,0.000,0.072,0.117,0.000,0.632,0.054,0.540,0.038,8120,15600,,1.00,1,0,800x1200,L,2
1428,15.608,12.916,1.687,0.351,0.000,0.039,0.069,0.000,0.904,0.136,0.730,0.038,8120,15600,,1.00,1,0,800x1200,L,2
1429,2.748,0.000,1.728,0.328,0.000,0.032,0.077,0.000,0.622,0.057,0.526,0.039,8120,15600,,1.00,1,0,800x1200,L,2
1430,15.720,13.026,1.744,0.333,0.000,0.034,0.065,0.000,0.948,0.128,0.781,0.039,8120,15600,,1.00,1,0,800x1200,L,2
1431,15.661,13.002,1.687,0.312,0.000,0.032,0.071,0.000,0.605,0.061,0.507,0.037,8120,15600,,1.00,1,0,800x1200,L,2
1432,15.582,12.984,1.680,0.323,0.000,0.028,0.074,0.000,0.928,0.137,0.753,0.038,8120,15600,,1.00,1,0,800x1200,L,2
1433,2.713,0.000,1.709,0.315,0.000,0.033,0.064,0.000,0.623,0.056,0.528,0.038,8120,15600,,1.00,1,0,800x1200,L,2
1434,15.506,12.901,1.679,0.321,0.000,0.031,0.069,0.000,0.903,0.139,0.725,0.039,8120,15600,,1.00,1,0,800x1200,L,2
1435,15.688,13.020,1.693,0.316,0.000,0.029,0.067,0.000,0.616,0.058,0.520,0.039,8120,15600,,1.00,1,0,800x1200,L,2
1436,2.654,0.000,1.764,0.313,0.000,0.028,0.072,0.000,0.900,0.139,0.722,0.040,8120,15600,,1.00,1,0,800x1200,L,2
1437,15.440,12.685,1.687,0.338,0.000,0.038,0.077,0.000,0.642,0.056,0.547,0.038,8120,15600,,1.00,1,0,800x1200,L,2
1438,15.702,13.042,1.705,0.326,0.000,0.033,0.066,0.000,0.958,0.137,0.782,0.039,8120,15600,,1.00,1,0,800x1200,L,2
1439,15.685,13.019,1.708,0.318,0.000,0.030,0.062,0.000,0.642,0.057,0.547,0.038,8120,15600,,1.00,1,0,800x1200,L,2
1440,2.598,0.000,1.730,0.299,0.000,0.028,0.055,0.000,0.936,0.139,0.758,0.038,8120,15600,,1.00,1,0,800x1200,L,2
1441,15.624,12.983,1.707,0.304,0.000,0.028,0.063,0.000,0.622,0.057,0.528,0.038,8120,15600,,1.00,1,0,800x1200,L,2
1442,15.539,12.978,1.683,0.308,0.000,0.026,0.070,0.000,0.883,0.140,0.707,0.037,8120,15600,,1.00,1,0,800x1200,L,2
1443,15.306,12.726,1.651,0.310,0.000,0.032,0.068,0.000,0.634,0.058,0.538,0.038,8120,15600,,1.00,1,0,800x1200,L,2
1444,2.659,0.000,1.796,0.299,0.000,0.028,0.065,0.000,0.891,0.139,0.714,0.037,8120,15600,,1.00,1,0,800x1200,L,2
1445,15.610,12.944,1.683,0.346,0.000,0.028,0.076,0.000,0.647,0.054,0.555,0.038,8120,15600,,1.00,1,0,800x1200,L,2
1446,15.278,12.724,1.672,0.312,0.000,0.031,0.073,0.000,0.886,0.139,0.709,0.038,8120,15600,,1.00,1,0,800x1200,L,2
1447,2.561,0.000,1.678,0.276,0.000,0.028,0.074,0.000,0.643,0.059,0.546,0.038,8120,15600,,1.00,1,0,800x1200,L,2
1448,15.578,12.980,1.712,0.316,0.000,0.029,0.057,0.000,0.848,0.091,0.719,0.038,8120,15600,,1.00,1,0,800x1200,L,2
1449,15.747,12.979,1.765,0.327,0.000,0.036,0.078,0.000,0.664,0.058,0.567,0.038,8120,15600,,1.00,1,0,800x1200,L,2
1450,3.032,0.000,1.843,0.374,0.000,0.061,0.085,0.000,0.902,0.135,0.729,0.038,8120,15600,,1.00,1,0,800x1200,L,2
1451,16.947,13.438,1.937,0.497,0.000,0.096,0.114,0.000,0.613,0.059,0.516,0.038,8120,15600,,1.00,1,0,800x1200,L,2
1452,16.858,13.587,1.862,0.471,0.000,0.091,0.098,0.000,0.896,0.135,0.723,0.038,8120,15600,,1.00,1,0,800x1200,L,2
1453,16.719,13.390,1.887,0.485,0.000,0.097,0.093,0.000,0.627,0.059,0.530,0.038,8120,15600,,1.00,1,0,800x1200,L,2
1454,16.938,13.446,1.844,0.512,0.000,0.100,0.127,0.000,0.938,0.133,0.766,0.039,8120,15600,,1.00,1,0,800x1200,L,2
1455,16.410,13.223,1.805,0.454,0.000,0.084,0.090,0.000,0.608,0.059,0.511,0.038,8120,15600,,1.00,1,0,800x1200,L,2
1456,16.808,13.675,1.843,0.449,0.000,0.087,0.080,0.000,0.897,0.138,0.721,0.038,8120,15600,,1.00,1,0,800x1200,L,2
1457,16.723,13.557,1.839,0.453,0.000,0.083,0.085,0.000,0.685,0.059,0.587,0.039,8120,15600,,1.00,1,0,800x1200,L,2
1458,16.606,13.508,1.864,0.405,0.000,0.080,0.105,0.000,0.956,0.137,0.781,0.038,8120,15600,,1.00,1,0,800x1200,L,2
1459,16.879,13.560,1.845,0.499,0.000,0.084,0.088,0.000,0.651,0.058,0.553,0.039,8120,15600,,1.00,1,0,800x1200,L,2
1460,16.613,13.531,1.829,0.436,0.000,0.074,0.077,0.000,0.901,0.136,0.726,0.038,8120,15600,,1.00,1,0,800x1200,L,2
1461,16.659,13.477,1.846,0.443,0.000,0.085,0.087,0.000,0.687,0.059,0.589,0.038,8120,15600,,1.00,1,0,800x1200,L,2
1462,16.557,13.457,1.843,0.433,0.000,0.086,0.084,0.000,0.895,0.134,0.723,0.038,8120,15600,,1.00,1,0,800x1200,L,2
1463,16.590,13.555,1.815,0.411,0.000,0.075,0.082,0.000,0.614,0.060,0.516,0.039,8120,15600,,1.00,1,0,800x1200,L,2
1464,16.494,13.543,1.804,0.408,0.000,0.067,0.070,0.000,0.899,0.126,0.734,0.039,8120,15600,,1.00,1,0,800x1200,L,2
1465,16.494,13.526,1.802,0.401,0.000,0.061,0.074,0.000,0.635,0.060,0.536,0.039,8120,15600,,1.00,1,0,800x1200,L,2
1466,16.544,13.508,1.829,0.408,0.000,0.069,0.091,0.000,0.893,0.138,0.716,0.039,8120,15600,,1.00,1,0,800x1200,L,2
1467,16.935,13.564,1.875,0.487,0.000,0.089,0.091,0.000,0.627,0.060,0.529,0.039,8120,15600,,1.00,1,0,800x1200,L,2
1468,16.568,13.504,1.828,0.444,0.000,0.071,0.083,0.000,0.892,0.136,0.717,0.039,8120,15600,,1.00,1,0,800x1200,L,2
1469,16.592,13.389,1.830,0.451,0.000,0.094,0.085,0.000,0.618,0.059,0.520,0.039,8120,15600,,1.00,1,0,800x1200,L,2
1470,16.632,13.494,1.840,0.444,0.000,0.083,0.100,0.000,0.924,0.135,0.751,0.038,8120,15600,,1.00,1,0,800x1200,L,2
1471,16.916,13.502,1.893,0.500,0.000,0.093,0.097,0.000,0.641,0.058,0.545,0.038,8120,15600,,1.00,1,0,800x1200,L,2
1472,16.766,13.590,1.841,0.465,0.000,0.089,0.090,0.000,0.890,0.130,0.721,0.038,8120,15600,,1.00,1,0,800x1200,L,2
1473,16.773,13.618,1.834,0.431,0.000,0.086,0.082,0.000,0.660,0.059,0.564,0.037,8120,15600,,1.00,1,0,800x1200,L,2
1474,16.601,13.512,1.826,0.441,0.000,0.085,0.081,0.000,0.886,0.139,0.709,0.038,8120,15600,,1.00,1,0,800x1200,L,2
1475,16.674,13.456,1.890,0.439,0.000,0.089,0.085,0.000,0.636,0.060,0.538,0.038,8120,15600,,1.00,1,0,800x1200,L,2
1476,16.638,13.558,1.829,0.436,0.000,0.082,0.081,0.000,0.886,0.134,0.714,0.037,8120,15600,,1.00,1,0,800x1200,L,2
1477,16.757,13.388,1.902,0.481,0.000,0.101,0.103,0.000,0.640,0.060,0.543,0.038,8120,15600,,1.00,1,0,800x1200,L,2
1478,15.893,13.090,1.713,0.372,0.000,0.049,0.076,0.000,0.905,0.133,0.734,0.038,8120,15600,,1.00,1,0,800x1200,L,2
1479,15.777,13.006,1.701,0.344,0.000,0.036,0.099,0.000,0.621,0.059,0.523,0.039,8120,15600,,1.00,1,0,800x1200,L,2
1480,16.351,13.205,1.827,0.467,0.000,0.073,0.091,0.000,0.901,0.137,0.725,0.038,8120,15600,,1.00,1,0,800x1200,L,2
1481,15.911,13.159,1.712,0.338,0.000,0.043,0.072,0.000,0.628,0.058,0.532,0.038,8120,15600,,1.00,1,0,800x1200,L,2
1482,15.882,13.131,1.719,0.347,0.000,0.037,0.094,0.000,0.908,0.140,0.729,0.039,8120,15600,,1.00,1,0,800x1200,L,2
1483,15.865,12.983,1.725,0.362,0.000,0.041,0.072,0.000,0.623,0.057,0.528,0.038,8120,15600,,1.00,1,0,800x1200,L,2
1484,16.105,13.134,1.796,0.411,0.000,0.065,0.074,0.000,0.893,0.139,0.715,0.038,8120,15600,,1.00,1,0,800x1200,L,2
1485,2.746,0.000,1.748,0.320,0.000,0.036,0.065,0.000,0.686,0.058,0.590,0.038,8120,15600,,1.00,1,0,800x1200,L,2
1486,16.181,13.094,1.798,0.432,0.000,0.085,0.085,0.000,0.889,0.135,0.716,0.038,8120,15600,,1.00,1,0,800x1200,L,2
1487,16.277,13.229,1.764,0.417,0.000,0.085,0.087,0.000,0.685,0.055,0.591,0.039,8120,15600,,1.00,1,0,800x1200,L,2
1488,16.004,13.110,1.740,0.450,0.000,0.045,0.072,0.000,0.919,0.139,0.742,0.038,8120,15600,holes_off,1.00,1,0,800x1200,HL,2
1489,16.174,13.347,1.739,0.379,0.000,0.042,0.074,0.000,0.379,0.058,0.283,0.038,8120,15600,,1.00,1,0,800x1200,HL,2
1490,16.233,13.331,1.814,0.363,0.000,0.052,0.079,0.000,0.673,0.124,0.510,0.039,8120,15600,,1.00,1,0,800x1200,HL,2
1491,16.162,13.354,1.747,0.358,0.000,0.044,0.086,0.000,0.377,0.058,0.282,0.038,8120,15600,,1.00,1,0,800x1200,HL,2
1492,16.016,13.100,1.756,0.381,0.000,0.060,0.082,0.000,0.669,0.139,0.492,0.038,8120,15600,,1.00,1,0,800x1200,HL,2
1493,2.728,0.000,1.762,0.325,0.000,0.036,0.061,0.000,0.383,0.060,0.284,0.039,8120,15600,,1.00,1,0,800x1200,HL,2
1494,15.989,13.086,1.765,0.403,0.000,0.059,0.095,0.000,0.679,0.135,0.505,0.039,8120,15600,,1.00,1,0,800x1200,HL,2
1495,16.135,13.009,1.815,0.419,0.000,0.066,0.086,0.000,0.378,0.057,0.283,0.038,8120,15600,,1.00,1,0,800x1200,HL,2
1496,16.132,13.169,1.741,0.414,0.000,0.076,0.082,0.000,0.670,0.138,0.493,0.038,8120,15600,,1.00,1,0,800x1200,HL,2
1497,15.828,13.031,1.696,0.360,0.000,0.041,0.094,0.000,0.384,0.060,0.286,0.039,8120,15600,,1.00,1,0,800x1200,HL,2
1498,2.697,0.000,1.708,0.318,0.000,0.036,0.074,0.000,0.677,0.132,0.507,0.038,8120,15600,,1.00,1,0,800x1200,HL,2
1499,15.733,12.934,1.746,0.338,0.000,0.039,0.070,0.000,0.376,0.057,0.282,0.037,8120,15600,,1.00,1,0,800x1200,HL,2
1500,15.569,12.963,1.689,0.315,0.000,0.031,0.065,0.000,0.668,0.138,0.491,0.038,8120,15600,,1.00,1,0,800x1200,HL,2
1501,15.682,12.982,1.709,0.347,0.000,0.031,0.061,0.000,0.378,0.057,0.283,0.038,8120,15600,,1.00,1,0,800x1200,HL,2
1502,2.624,0.000,1.712,0.316,0.000,0.030,0.065,0.000,0.675,0.139,0.497,0.039,8120,15600,,1.00,1,0,800x1200,HL,2
1503,15.644,12.968,1.728,0.317,0.000,0.029,0.065,0.000,0.380,0.057,0.286,0.037,8120,15600,,1.00,1,0,800x1200,HL,2
1504,15.588,12.960,1.734,0.321,0.000,0.028,0.063,0.000,0.661,0.133,0.490,0.038,8120,15600,,1.00,1,0,800x1200,HL,2
1505,15.675,13.013,1.706,0.316,0.000,0.028,0.083,0.000,0.380,0.058,0.283,0.039,8120,15600,,1.00,1,0,800x1200,HL,2
1506,2.616,0.000,1.698,0.304,0.000,0.032,0.079,0.000,0.671,0.136,0.495,0.039,8120,15600,,1.00,1,0,800x1200,HL,2
1507,15.601,12.776,1.705,0.370,0.000,0.047,0.077,0.000,0.377,0.058,0.281,0.038,8120,15600,,1.00,1,0,800x1200,HL,2
1508,15.596,12.986,1.691,0.319,0.000,0.031,0.069,0.000,0.664,0.138,0.488,0.038,8120,15600,,1.00,1,0,800x1200,HL,2
1509,15.653,12.982,1.692,0.318,0.000,0.030,0.088,0.000,0.381,0.057,0.285,0.039,8120,15600,,1.00,1,0,800x1200,HL,2
1510,2.609,0.000,1.711,0.308,0.000,0.030,0.075,0.000,0.670,0.135,0.497,0.038,8120,15600,,1.00,1,0,800x1200,HL,2
1511,15.595,12.938,1.687,0.307,0.000,0.031,0.071,0.000,0.377,0.058,0.281,0.038,8120,15600,,1.00,1,0,800x1200,HL,2
1512,15.548,12.984,1.684,0.306,0.000,0.028,0.062,0.000,0.673,0.140,0.494,0.039,8120,15600,,1.00,1,0,800x1200,HL,2
1513,2.682,0.000,1.727,0.342,0.000,0.028,0.065,0.000,0.382,0.058,0.285,0.039,8120,15600,,1.00,1,0,800x1200,HL,2
1514,15.633,13.063,1.700,0.305,0.000,0.027,0.058,0.000,0.672,0.140,0.495,0.038,8120,15600,,1.00,1,0,800x1200,HL,2
1515,15.820,12.865,1.731,0.390,0.000,0.072,0.101,0.000,0.490,0.167,0.284,0.039,8120,15600,,1.00,1,0,800x1200,HL,2
1516,15.641,12.960,1.711,0.343,0.000,0.034,0.071,0.000,0.671,0.127,0.505,0.038,8120,15600,,1.00,1,0,800x1200,HL,2
1517,2.647,0.000,1.721,0.303,0.000,0.027,0.062,0.000,0.381,0.057,0.285,0.038,8120,15600,,1.00,1,0,800x1200,HL,2
1518,15.570,12.984,1.697,0.313,0.000,0.028,0.083,0.000,0.675,0.142,0.496,0.038,8120,15600,,1.00,1,0,800x1200,HL,2
1519,15.989,12.924,1.767,0.421,0.000,0.080,0.090,0.000,0.501,0.064,0.398,0.039,8120,15600,,1.00,1,0,800x1200,HL,2
1520,15.724,12.999,1.730,0.350,0.000,0.034,0.071,0.000,0.669,0.138,0.492,0.038,8120,15600,,1.00,1,0,800x1200,HL,2
1521,2.657,0.000,1.715,0.311,0.000,0.029,0.079,0.000,0.382,0.058,0.285,0.038,8120,15600,,1.00,1,0,800x1200,HL,2
1522,15.548,12.857,1.718,0.325,0.000,0.037,0.100,0.000,0.671,0.138,0.494,0.039,8120,15600,,1.00,1,0,800x1200,HL,2
1523,15.553,12.802,1.703,0.337,0.000,0.037,0.075,0.000,0.382,0.059,0.284,0.039,8120,15600,,1.00,1,0,800x1200,HL,2
1524,2.631,0.000,1.729,0.304,0.000,0.031,0.064,0.000,0.676,0.137,0.500,0.039,8120,15600,,1.00,1,0,800x1200,HL,2
1525,15.741,13.049,1.694,0.320,0.000,0.031,0.086,0.000,0.380,0.057,0.284,0.039,8120,15600,,1.00,1,0,800x1200,HL,2
1526,15.321,12.711,1.688,0.315,0.000,0.032,0.066,0.000,0.663,0.138,0.486,0.038,8120,15600,,1.00,1,0,800x1200,HL,2
1527,15.554,12.925,1.682,0.314,0.000,0.029,0.067,0.000,0.381,0.059,0.283,0.038,8120,15600,,1.00,1,0,800x1200,HL,2
1528,2.624,0.000,1.755,0.297,0.000,0.028,0.065,0.000,0.672,0.139,0.494,0.039,8120,15600,,1.00,1,0,800x1200,HL,2
1529,15.613,12.994,1.681,0.313,0.000,0.027,0.062,0.000,0.376,0.058,0.280,0.038,8120,15600,,1.00,1,0,800x1200,HL,2
1530,15.637,12.965,1.684,0.327,0.000,0.027,0.055,0.000,0.675,0.139,0.498,0.038,8120,15600,,1.00,1,0,800x1200,HL,2
1531,2.661,0.000,1.759,0.299,0.000,0.027,0.062,0.000,0.392,0.059,0.294,0.039,8120,15600,,1.00,1,0,800x1200,HL,2
1532,15.557,12.977,1.686,0.305,0.000,0.027,0.071,0.000,0.669,0.138,0.494,0.038,8120,15600,,1.00,1,0,800x1200,HL,2
1533,15.351,12.719,1.681,0.315,0.000,0.029,0.062,0.000,0.386,0.058,0.290,0.038,8120,15600,,1.00,1,0,800x1200,HL,2
1534,15.791,13.054,1.729,0.345,0.000,0.044,0.075,0.000,0.675,0.138,0.498,0.039,8120,15600,,1.00,1,0,800x1200,HL,2
1535,2.678,0.000,1.718,0.309,0.000,0.030,0.067,0.000,0.377,0.057,0.282,0.038,8120,15600,,1.00,1,0,800x1200,HL,2
1536,15.553,12.978,1.688,0.303,0.000,0.028,0.075,0.000,0.670,0.125,0.507,0.038,8120,15600,,1.00,1,0,800x1200,HL,2
1537,15.549,12.859,1.722,0.309,0.000,0.031,0.071,0.000,0.495,0.057,0.400,0.038,8120,15600,,1.00,1,0,800x1200,HL,2
1538,2.593,0.000,1.718,0.296,0.000,0.028,0.065,0.000,0.670,0.133,0.498,0.038,8120,15600,,1.00,1,0,800x1200,HL,2
1539,15.624,12.982,1.706,0.304,0.000,0.028,0.065,0.000,0.379,0.058,0.283,0.037,8120,15600,,1.00,1,0,800x1200,HL,2
1540,15.797,13.023,1.861,0.339,0.000,0.030,0.061,0.000,0.671,0.140,0.493,0.038,8120,15600,,1.00,1,0,800x1200,HL,2
1541,16.163,13.135,1.774,0.418,0.000,0.078,0.083,0.000,0.377,0.057,0.282,0.038,8120,15600,,1.00,1,0,800x1200,HL,2
1542,16.143,13.187,1.758,0.421,0.000,0.078,0.077,0.000,0.668,0.139,0.491,0.038,8120,15600,,1.00,1,0,800x1200,HL,2
1543,2.716,0.000,1.731,0.327,0.000,0.035,0.080,0.000,0.385,0.059,0.287,0.039,8120,15600,,1.00,1,0,800x1200,HL,2
1544,15.518,12.840,1.706,0.332,0.000,0.034,0.068,0.000,0.670,0.133,0.498,0.039,8120,15600,,1.00,1,0,800x1200,HL,2
1545,15.725,12.994,1.704,0.323,0.000,0.032,0.076,0.000,0.382,0.060,0.284,0.038,8120,15600,,1.00,1,0,800x1200,HL,2
1546,16.546,13.393,1.836,0.435,0.000,0.086,0.149,0.000,0.672,0.131,0.502,0.039,8120,15600,,1.00,1,0,800x1200,HL,2
1547,16.779,13.507,1.861,0.473,0.000,0.092,0.087,0.000,0.384,0.059,0.287,0.038,8120,15600,,1.00,1,0,800x1200,HL,2
1548,16.467,13.379,1.808,0.456,0.000,0.085,0.080,0.000,0.670,0.137,0.495,0.038,8120,15600,,1.00,1,0,800x1200,HL,2
1549,16.263,13.176,1.790,0.427,0.000,0.084,0.088,0.000,0.378,0.059,0.282,0.038,8120,15600,,1.00,1,0,800x1200,HL,2
1550,2.784,0.001,1.779,0.381,0.000,0.044,0.067,0.000,0.670,0.137,0.495,0.038,8120,15600,,1.00,1,0,800x1200,HL,2
1551,16.233,13.106,1.809,0.419,0.000,0.083,0.086,0.000,0.377,0.057,0.282,0.038,8120,15600,,1.00,1,0,800x1200,HL,2
1552,16.130,13.119,1.784,0.427,0.000,0.082,0.089,0.000,0.670,0.136,0.497,0.038,8120,15600,,1.00,1,0,800x1200,HL,2
1553,16.208,13.136,1.788,0.404,0.000,0.079,0.126,0.000,0.383,0.059,0.285,0.038,8120,15600,,1.00,1,0,800x1200,HL,2
1554,16.212,13.102,1.810,0.442,0.000,0.090,0.090,0.000,0.671,0.135,0.498,0.038,8120,15600,,1.00,1,0,800x1200,HL,2
1555,16.336,13.228,1.807,0.423,0.000,0.086,0.088,0.000,0.381,0.060,0.284,0.038,8120,15600,,1.00,1,0,800x1200,HL,2
1556,16.205,13.163,1.801,0.431,0.000,0.087,0.082,0.000,0.672,0.138,0.495,0.039,8120,15600,,1.00,1,0,800x1200,HL,2
1557,16.283,13.165,1.824,0.427,0.000,0.084,0.089,0.000,0.390,0.060,0.292,0.039,8120,15600,,1.00,1,0,800x1200,HL,2
1558,2.948,0.001,1.778,0.375,0.000,0.046,0.066,0.000,0.670,0.143,0.488,0.039,8120,15600,,1.00,1,0,800x1200,HL,2
1559,16.501,13.120,1.896,0.474,0.000,0.097,0.103,0.000,0.379,0.058,0.284,0.038,8120,15600,,1.00,1,0,800x1200,HL,2
1560,16.441,13.300,1.800,0.455,0.000,0.090,0.094,0.000,0.637,0.104,0.494,0.038,8120,15600,,1.00,1,0,800x1200,HL,2
1561,17.942,14.526,1.955,0.456,0.000,0.092,0.122,0.000,0.382,0.058,0.286,0.038,8120,15600,,1.00,1,0,800x1200,HL,2
1562,16.250,13.210,1.808,0.421,0.000,0.072,0.084,0.000,0.669,0.127,0.503,0.039,8120,15600,,1.00,1,0,800x1200,HL,2
1563,16.370,13.289,1.793,0.414,0.000,0.089,0.089,0.000,0.383,0.059,0.285,0.039,8120,15600,,1.00,1,0,800x1200,HL,2
1564,15.952,13.099,1.744,0.384,0.000,0.053,0.098,0.000,0.671,0.138,0.494,0.039,8120,15600,,1.00,1,0,800x1200,HL,2
1565,15.991,13.192,1.742,0.368,0.000,0.041,0.070,0.000,0.383,0.059,0.286,0.038,8120,15600,,1.00,1,0,800x1200,HL,2
1566,16.272,13.369,1.803,0.381,0.000,0.056,0.080,0.000,0.670,0.134,0.498,0.038,8120,15600,,1.00,1,0,800x1200,HL,2
1567,16.188,13.356,1.767,0.348,0.000,0.043,0.088,0.000,0.380,0.059,0.283,0.038,8120,15600,,1.00,1,0,800x1200,HL,2
1568,16.106,13.115,1.780,0.440,0.000,0.062,0.081,0.000,0.672,0.134,0.500,0.039,8120,15600,,1.00,1,0,800x1200,HL,2
1569,16.072,13.133,1.737,0.394,0.000,0.067,0.079,0.000,0.379,0.059,0.282,0.038,8120,15600,,1.00,1,0,800x1200,HL,2
1570,15.986,13.151,1.736,0.387,0.000,0.059,0.078,0.000,0.671,0.130,0.503,0.039,8120,15600,,1.00,1,0,800x1200,HL,2
1571,2.735,0.000,1.779,0.328,0.000,0.034,0.060,0.000,0.378,0.058,0.281,0.039,8120,15600,,1.00,1,0,800x1200,HL,2
1572,15.960,13.119,1.752,0.395,0.000,0.056,0.068,0.000,0.671,0.128,0.505,0.039,8120,15600,,1.00,1,0,800x1200,HL,2
1573,16.028,13.076,1.743,0.389,0.000,0.067,0.099,0.000,0.379,0.055,0.285,0.039,8120,15600,,1.00,1,0,800x1200,HL,2
1574,16.944,13.676,1.934,0.436,0.000,0.087,0.089,0.000,0.670,0.137,0.494,0.039,8120,15600,,1.00,1,0,800x1200,HL,2
1575,16.316,13.287,1.766,0.424,0.000,0.079,0.077,0.000,0.382,0.060,0.284,0.038,8120,15600,,1.00,1,0,800x1200,HL,2
1576,15.814,13.116,1.711,0.357,0.000,0.035,0.071,0.000,0.671,0.130,0.503,0.038,8120,15600,,1.00,1,0,800x1200,HL,2
1577,16.298,13.209,1.823,0.409,0.000,0.077,0.092,0.000,0.383,0.057,0.288,0.038,8120,15600,,1.00,1,0,800x1200,HL,2
1578,2.706,0.000,1.753,0.319,0.000,0.030,0.094,0.000,0.670,0.128,0.504,0.038,8120,15600,,1.00,1,0,800x1200,HL,2
1579,15.961,12.966,1.734,0.383,0.000,0.050,0.082,0.000,0.379,0.057,0.284,0.038,8120,15600,,1.00,1,0,800x1200,HL,2
1580,15.711,13.024,1.711,0.319,0.000,0.037,0.075,0.000,0.626,0.102,0.487,0.037,8120,15600,,1.00,1,0,800x1200,HL,2
1581,15.752,12.993,1.711,0.341,0.000,0.036,0.094,0.000,0.382,0.056,0.288,0.039,8120,15600,,1.00,1,0,800x1200,HL,2
1582,15.858,12.954,1.773,0.354,0.000,0.042,0.075,0.000,0.672,0.134,0.499,0.039,8120,15600,,1.00,1,0,800x1200,HL,2
1583,2.947,0.000,1.759,0.400,0.000,0.038,0.083,0.000,0.378,0.057,0.282,0.038,8120,15600,holes_on,1.00,1,0,800x1200,L,2
1584,15.894,13.164,1.725,0.381,0.000,0.038,0.069,0.000,0.892,0.138,0.717,0.038,8120,15600,,1.00,1,0,800x1200,L,2
1585,15.749,13.104,1.689,0.310,0.000,0.030,0.080,0.000,0.620,0.054,0.527,0.038,8120,15600,,1.00,1,0,800x1200,L,2
1586,15.482,12.807,1.686,0.339,0.000,0.035,0.082,0.000,0.916,0.138,0.741,0.037,8120,15600,,1.00,1,0,800x1200,L,2
1587,2.713,0.000,1.715,0.326,0.000,0.034,0.068,0.000,0.614,0.057,0.520,0.038,8120,15600,,1.00,1,0,800x1200,L,2
1588,15.542,12.863,1.710,0.327,0.000,0.033,0.077,0.000,0.904,0.138,0.727,0.038,8120,15600,,1.00,1,0,800x1200,L,2
1589,15.479,12.793,1.703,0.318,0.000,0.033,0.067,0.000,0.617,0.059,0.521,0.038,8120,15600,,1.00,1,0,800x1200,L,2
1590,15.671,13.059,1.685,0.311,0.000,0.031,0.083,0.000,0.963,0.139,0.785,0.038,8120,15600,,1.00,1,0,800x1200,L,2
1591,2.675,0.000,1.703,0.298,0.000,0.030,0.078,0.000,0.612,0.058,0.516,0.038,8120,15600,,1.00,1,0,800x1200,L,2
1592,15.363,12.731,1.702,0.307,0.000,0.031,0.076,0.000,0.914,0.136,0.740,0.039,8120,15600,,1.00,1,0,800x1200,L,2
1593,15.464,12.777,1.690,0.314,0.000,0.031,0.072,0.000,0.621,0.059,0.524,0.038,8120,15600,,1.00,1,0,800x1200,L,2
1594,2.543,0.000,1.715,0.282,0.000,0.027,0.066,0.000,0.903,0.138,0.727,0.037,8120,15600,,1.00,1,0,800x1200,L,2
1595,15.474,12.847,1.687,0.311,0.000,0.031,0.066,0.000,0.686,0.058,0.590,0.038,8120,15600,,1.00,1,0,800x1200,L,2
1596,15.649,13.015,1.696,0.316,0.000,0.029,0.076,0.000,0.988,0.140,0.810,0.039,8120,15600,,1.00,1,0,800x1200,L,2
1597,15.930,12.913,1.748,0.426,0.000,0.079,0.087,0.000,0.606,0.057,0.511,0.038,8120,15600,,1.00,1,0,800x1200,L,2
1598,2.653,0.001,1.703,0.329,0.000,0.035,0.072,0.000,0.895,0.138,0.719,0.038,8120,15600,,1.00,1,0,800x1200,L,2
1599,15.597,12.934,1.705,0.311,0.000,0.032,0.067,0.000,0.627,0.058,0.530,0.038,8120,15600,,1.00,1,0,800x1200,L,2
1600,15.627,13.010,1.719,0.308,0.000,0.029,0.085,0.000,0.993,0.141,0.814,0.038,8120,15600,,1.00,1,0,800x1200,L,2
1601,15.515,12.775,1.698,0.346,0.000,0.036,0.066,0.000,0.617,0.059,0.520,0.038,8120,15600,,1.00,1,0,800x1200,L,2
1602,2.658,0.000,1.742,0.312,0.000,0.031,0.063,0.000,0.890,0.135,0.717,0.038,8120,15600,,1.00,1,0,800x1200,L,2
1603,15.638,12.982,1.689,0.321,0.000,0.030,0.062,0.000,0.624,0.057,0.530,0.038,8120,15600,,1.00,1,0,800x1200,L,2
1604,15.627,13.004,1.699,0.317,0.000,0.029,0.090,0.000,1.024,0.138,0.847,0.039,8120,15600,,1.00,1,0,800x1200,L,2
1605,2.818,0.000,1.736,0.324,0.000,0.040,0.075,0.000,0.628,0.058,0.532,0.038,8120,15600,,1.00,1,0,800x1200,L,2
1606,15.737,13.024,1.702,0.336,0.000,0.035,0.071,0.000,0.894,0.130,0.726,0.038,8120,15600,,1.00,1,0,800x1200,L,2
1607,16.005,13.061,1.754,0.404,0.000,0.066,0.077,0.000,0.701,0.143,0.519,0.039,8120,15600,,1.00,1,0,800x1200,L,2
1608,15.873,13.132,1.729,0.371,0.000,0.042,0.075,0.000,0.889,0.138,0.713,0.039,8120,15600,,1.00,1,0,800x1200,L,2
1609,15.804,13.116,1.707,0.322,0.000,0.034,0.062,0.000,0.610,0.057,0.516,0.038,8120,15600,,1.00,1,0,800x1200,L,2
1610,2.610,0.000,1.745,0.307,0.000,0.029,0.062,0.000,0.938,0.141,0.759,0.038,8120,15600,,1.00,1,0,800x1200,L,2
1611,15.837,13.082,1.711,0.346,0.000,0.042,0.067,0.000,0.620,0.058,0.524,0.038,8120,15600,,1.00,1,0,800x1200,L,2
1612,15.651,13.047,1.686,0.312,0.000,0.030,0.074,0.000,0.886,0.134,0.714,0.038,8120,15600,,1.00,1,0,800x1200,L,2
1613,15.682,12.940,1.719,0.329,0.000,0.033,0.065,0.000,0.626,0.057,0.531,0.038,8120,15600,,1.00,1,0,800x1200,L,2
1614,2.608,0.000,1.722,0.306,0.000,0.029,0.062,0.000,0.889,0.138,0.712,0.039,8120,15600,,1.00,1,0,800x1200,L,2
1615,15.654,12.996,1.697,0.310,0.000,0.030,0.078,0.000,0.649,0.058,0.553,0.038,8120,15600,,1.00,1,0,800x1200,L,2
1616,15.573,12.895,1.712,0.327,0.000,0.036,0.071,0.000,0.977,0.139,0.800,0.038,8120,15600,,1.00,1,0,800x1200,L,2
1617,2.678,0.000,1.714,0.310,0.000,0.030,0.076,0.000,0.631,0.059,0.533,0.039,8120,15600,,1.00,1,0,800x1200,L,2
1618,15.523,12.916,1.698,0.311,0.000,0.029,0.070,0.000,0.944,0.132,0.774,0.038,8120,15600,,1.00,1,0,800x1200,L,2
1619,15.611,12.980,1.691,0.313,0.000,0.029,0.066,0.000,0.621,0.058,0.526,0.038,8120,15600,,1.00,1,0,800x1200,L,2
1620,15.626,13.044,1.691,0.311,0.000,0.027,0.064,0.000,0.916,0.138,0.740,0.038,8120,15600,,1.00,1,0,800x1200,L,2
1621,2.625,0.000,1.712,0.299,0.000,0.027,0.071,0.000,0.624,0.058,0.528,0.039,8120,15600,,1.00,1,0,800x1200,L,2
1622,15.737,13.030,1.714,0.341,0.000,0.039,0.077,0.000,0.972,0.132,0.802,0.038,8120,15600,,1.00,1,0,800x1200,L,2
1623,15.709,13.044,1.710,0.313,0.000,0.031,0.063,0.000,0.630,0.058,0.535,0.037,8120,15600,,1.00,1,0,800x1200,L,2
1624,15.582,13.014,1.685,0.308,0.000,0.028,0.059,0.000,0.912,0.135,0.739,0.038,8120,15600,,1.00,1,0,800x1200,L,2
1625,2.628,0.000,1.728,0.299,0.000,0.027,0.066,0.000,0.626,0.057,0.530,0.039,8120,15600,,1.00,1,0,800x1200,L,2
1626,15.516,12.982,1.682,0.301,0.000,0.026,0.058,0.000,0.868,0.112,0.718,0.038,8120,15600,,1.00,1,0,800x1200,L,2
1627,15.880,13.053,1.726,0.360,0.000,0.053,0.087,0.000,0.753,0.057,0.658,0.039,8120,15600,,1.00,1,0,800x1200,L,2
1628,2.611,0.000,1.732,0.295,0.000,0.030,0.065,0.000,0.903,0.125,0.740,0.038,8120,15600,,1.00,1,0,800x1200,L,2
1629,15.553,12.816,1.709,0.324,0.000,0.038,0.083,0.000,0.747,0.059,0.650,0.038,8120,15600,,1.00,1,0,800x1200,L,2
1630,15.366,12.720,1.687,0.320,0.000,0.035,0.068,0.000,1.064,0.225,0.801,0.037,8120,15600,,1.00,1,0,800x1200,L,2
1631,16.170,13.124,1.822,0.409,0.000,0.070,0.090,0.000,0.608,0.057,0.514,0.037,8120,15600,,1.00,1,0,800x1200,L,2
1632,2.686,0.000,1.746,0.358,0.000,0.033,0.056,0.000,0.896,0.139,0.719,0.038,8120,15600,,1.00,1,0,800x1200,L,2
1633,16.687,13.651,1.784,0.403,0.000,0.079,0.077,0.000,0.620,0.057,0.524,0.038,8120,15600,,1.00,1,0,800x1200,L,2
1634,15.888,13.133,1.716,0.371,0.000,0.052,0.072,0.000,0.888,0.140,0.710,0.038,8120,15600,,1.00,1,0,800x1200,L,2
1635,15.826,13.137,1.703,0.335,0.000,0.038,0.060,0.000,0.629,0.058,0.533,0.039,8120,15600,,1.00,1,0,800x1200,L,2
1636,15.604,13.004,1.695,0.319,0.000,0.029,0.081,0.000,0.906,0.139,0.729,0.039,8120,15600,,1.00,1,0,800x1200,L,2
1637,2.781,0.000,1.680,0.306,0.000,0.034,0.081,0.000,0.610,0.057,0.516,0.038,8120,15600,,1.00,1,0,800x1200,L,2
1638,15.722,12.823,1.747,0.404,0.000,0.071,0.071,0.000,0.906,0.127,0.741,0.038,8120,15600,,1.00,1,0,800x1200,L,2
1639,16.547,13.270,1.859,0.441,0.000,0.097,0.101,0.000,0.613,0.059,0.515,0.038,8120,15600,,1.00,1,0,800x1200,L,2
1640,16.864,13.410,1.913,0.513,0.000,0.105,0.109,0.000,0.890,0.139,0.712,0.039,8120,15600,,1.00,1,0,800x1200,L,2
1641,16.550,13.297,1.876,0.451,0.000,0.092,0.089,0.000,0.654,0.060,0.555,0.038,8120,15600,,1.00,1,0,800x1200,L,2
1642,16.275,13.403,1.765,0.397,0.000,0.054,0.079,0.000,0.893,0.135,0.719,0.038,8120,15600,,1.00,1,0,800x1200,L,2
1643,16.478,13.346,1.814,0.424,0.000,0.079,0.088,0.000,0.623,0.059,0.526,0.038,8120,15600,,1.00,1,0,800x1200,L,2
1644,16.304,13.331,1.734,0.403,0.000,0.076,0.118,0.000,0.961,0.133,0.790,0.038,8120,15600,,1.00,1,0,800x1200,L,2
1645,16.722,13.464,1.804,0.464,0.000,0.095,0.093,0.000,0.617,0.060,0.518,0.039,8120,15600,,1.00,1,0,800x1200,L,2
1646,16.293,13.167,1.754,0.419,0.000,0.074,0.100,0.000,0.885,0.137,0.710,0.039,8120,15600,,1.00,1,0,800x1200,L,2
1647,15.865,12.908,1.744,0.412,0.000,0.060,0.089,0.000,0.622,0.059,0.524,0.039,8120,15600,,1.00,1,0,800x1200,L,2
1648,16.000,13.116,1.737,0.396,0.000,0.067,0.078,0.000,0.919,0.137,0.743,0.039,8120,15600,,1.00,1,0,800x1200,L,2
1649,2.768,0.000,1.744,0.338,0.000,0.035,0.073,0.000,0.622,0.059,0.525,0.038,8120,15600,,1.00,1,0,800x1200,L,2
1650,16.491,13.396,1.803,0.440,0.000,0.093,0.094,0.000,0.936,0.137,0.761,0.038,8120,15600,,1.00,1,0,800x1200,L,2
1651,16.293,13.180,1.793,0.463,0.000,0.083,0.084,0.000,0.683,0.055,0.590,0.038,8120,15600,,1.00,1,0,800x1200,L,2
1652,16.555,13.414,1.853,0.447,0.000,0.089,0.086,0.000,0.884,0.137,0.709,0.038,8120,15600,holes_off,1.00,1,0,800x1200,HL,2
1653,16.501,13.365,1.759,0.433,0.000,0.083,0.159,0.000,0.385,0.059,0.287,0.039,8120,15600,,1.00,1,0,800x1200,HL,2
1654,16.870,13.405,1.934,0.480,0.000,0.092,0.131,0.000,0.670,0.135,0.497,0.039,8120,15600,,1.00,1,0,800x1200,HL,2
1655,16.628,13.100,1.888,0.503,0.000,0.098,0.109,0.000,0.380,0.060,0.283,0.038,8120,15600,,1.00,1,0,800x1200,HL,2
1656,16.422,13.204,1.833,0.454,0.000,0.090,0.096,0.000,0.667,0.137,0.493,0.037,8120,15600,,1.00,1,0,800x1200,HL,2
1657,16.355,13.227,1.776,0.452,0.000,0.086,0.088,0.000,0.387,0.059,0.291,0.037,8120,15600,,1.00,1,0,800x1200,HL,2
1658,16.599,13.305,1.898,0.464,0.000,0.090,0.096,0.000,0.673,0.139,0.496,0.038,8120,15600,,1.00,1,0,800x1200,HL,2
1659,16.583,13.429,1.805,0.436,0.000,0.082,0.092,0.000,0.380,0.059,0.283,0.038,8120,15600,,1.00,1,0,800x1200,HL,2
1660,16.307,13.158,1.843,0.423,0.000,0.087,0.093,0.000,0.675,0.131,0.507,0.038,8120,15600,,1.00,1,0,800x1200,HL,2
1661,16.438,13.271,1.813,0.411,0.000,0.084,0.138,0.000,0.381,0.058,0.284,0.038,8120,15600,,1.00,1,0,800x1200,HL,2
1662,16.580,13.090,1.904,0.473,0.000,0.102,0.123,0.000,0.670,0.137,0.495,0.038,8120,15600,,1.00,1,0,800x1200,HL,2
1663,16.810,13.488,1.854,0.464,0.000,0.102,0.098,0.000,0.384,0.059,0.286,0.039,8120,15600,,1.00,1,0,800x1200,HL,2
1664,16.602,13.354,1.879,0.435,0.000,0.090,0.102,0.000,0.675,0.136,0.501,0.038,8120,15600,,1.00,1,0,800x1200,HL,2
1665,16.567,13.222,1.918,0.451,0.000,0.097,0.093,0.000,0.382,0.059,0.284,0.039,8120,15600,,1.00,1,0,800x1200,HL,2
1666,16.340,13.168,1.837,0.455,0.000,0.089,0.090,0.000,0.671,0.136,0.497,0.038,8120,15600,,1.00,1,0,800x1200,HL,2
1667,16.577,13.381,1.848,0.434,0.000,0.091,0.119,0.000,0.383,0.059,0.287,0.038,8120,15600,,1.00,1,0,800x1200,HL,2
1668,16.315,13.266,1.801,0.427,0.000,0.087,0.087,0.000,0.668,0.138,0.491,0.038,8120,15600,,1.00,1,0,800x1200,HL,2
1669,16.003,13.306,1.703,0.344,0.000,0.042,0.065,0.000,0.378,0.057,0.282,0.038,8120,15600,,1.00,1,0,800x1200,HL,2
1670,16.238,13.170,1.786,0.420,0.000,0.064,0.118,0.000,0.912,0.126,0.749,0.037,8120,15600,,1.00,1,0,800x1200,HL,2
1671,2.916,0.001,1.734,0.349,0.000,0.043,0.081,0.000,0.380,0.058,0.282,0.040,8120,15600,,1.00,1,0,800x1200,HL,2
1672,16.555,13.423,1.848,0.448,0.000,0.076,0.082,0.000,0.669,0.137,0.494,0.038,8120,15600,,1.00,1,0,800x1200,HL,2
1673,17.109,13.697,1.888,0.485,0.000,0.101,0.112,0.000,0.383,0.059,0.285,0.039,8120,15600,,1.00,1,0,800x1200,HL,2
1674,16.519,13.409,1.803,0.455,0.000,0.087,0.090,0.000,0.675,0.140,0.497,0.038,8120,15600,,1.00,1,0,800x1200,HL,2
1675,16.316,13.247,1.826,0.416,0.000,0.070,0.087,0.000,0.381,0.059,0.284,0.038,8120,15600,,1.00,1,0,800x1200,HL,2
1676,16.380,13.521,1.787,0.371,0.000,0.045,0.092,0.000,0.669,0.131,0.498,0.039,8120,15600,,1.00,1,0,800x1200,HL,2
1677,16.588,13.544,1.780,0.407,0.000,0.056,0.088,0.000,0.382,0.059,0.285,0.038,8120,15600,,1.00,1,0,800x1200,HL,2
1678,16.865,13.605,1.895,0.469,0.000,0.082,0.117,0.000,0.674,0.138,0.497,0.039,8120,15600,,1.00,1,0,800x1200,HL,2
1679,16.828,13.591,1.812,0.470,0.000,0.086,0.094,0.000,0.379,0.060,0.282,0.037,8120,15600,,1.00,1,0,800x1200,HL,2
1680,16.345,13.495,1.779,0.376,0.000,0.045,0.086,0.000,0.671,0.139,0.494,0.038,8120,15600,,1.00,1,0,800x1200,HL,2
1681,16.629,13.505,1.800,0.445,0.000,0.066,0.088,0.000,0.381,0.059,0.283,0.039,8120,15600,,1.00,1,0,800x1200,HL,2
1682,16.979,13.791,1.814,0.453,0.000,0.091,0.123,0.000,0.670,0.139,0.492,0.039,8120,15600,,1.00,1,0,800x1200,HL,2
1683,16.615,13.427,1.808,0.433,0.000,0.073,0.100,0.000,0.379,0.059,0.282,0.039,8120,15600,,1.00,1,0,800x1200,HL,2
1684,16.887,13.575,1.905,0.467,0.000,0.099,0.116,0.000,0.969,0.139,0.498,0.332,8120,15600,,1.00,1,0,800x1200,HL,2
1685,17.203,13.695,1.919,0.514,0.000,0.098,0.103,0.000,0.459,0.022,0.105,0.332,8120,15600,,1.00,1,0,800x1200,HL,2
1686,16.572,13.555,1.752,0.437,0.000,0.074,0.086,0.000,0.220,0.051,0.153,0.016,8120,15600,,1.00,1,0,800x1200,HL,2
1687,16.453,13.360,1.805,0.418,0.000,0.072,0.094,0.000,0.144,0.024,0.107,0.014,8120,15600,,1.00,1,0,800x1200,HL,2
1688,15.801,13.108,1.714,0.343,0.000,0.034,0.070,0.000,0.249,0.058,0.175,0.016,8120,15600,,1.00,1,0,800x1200,HL,2
1689,16.157,13.182,1.812,0.395,0.000,0.055,0.083,0.000,0.168,0.028,0.123,0.017,8120,15600,,1.00,1,0,800x1200,HL,2
1690,16.146,13.223,1.753,0.397,0.000,0.071,0.081,0.000,0.365,0.082,0.265,0.018,8120,15600,,1.00,1,0,800x1200,HL,2
1691,16.039,13.186,1.805,0.345,0.000,0.044,0.068,0.000,0.217,0.035,0.159,0.023,8120,15600,,1.00,1,0,800x1200,HL,2
1692,16.602,13.369,1.835,0.450,0.000,0.089,0.102,0.000,0.674,0.140,0.499,0.034,8120,15600,,1.00,1,0,800x1200,HL,2
1693,16.010,13.139,1.725,0.377,0.000,0.053,0.076,0.000,0.380,0.059,0.284,0.037,8120,15600,,1.00,1,0,800x1200,HL,2
1694,16.162,13.136,1.782,0.434,0.000,0.077,0.087,0.000,0.674,0.138,0.498,0.038,8120,15600,holes_on,1.00,1,0,800x1200,L,2
1695,16.500,13.396,1.793,0.422,0.000,0.083,0.091,0.000,0.624,0.060,0.526,0.038,8120,15600,,1.00,1,0,800x1200,L,2
1696,16.054,13.190,1.734,0.372,0.000,0.062,0.077,0.000,0.960,0.135,0.788,0.038,8120,15600,,1.00,1,0,800x1200,L,2
1697,2.788,0.000,1.771,0.329,0.000,0.034,0.081,0.000,0.649,0.056,0.554,0.038,8120,15600,,1.00,1,0,800x1200,L,2
1698,16.402,13.295,1.838,0.415,0.000,0.078,0.114,0.000,0.954,0.134,0.781,0.038,8120,15600,,1.00,1,0,800x1200,L,2
1699,16.184,13.034,1.775,0.440,0.000,0.068,0.093,0.000,0.612,0.059,0.514,0.039,8120,15600,,1.00,1,0,800x1200,L,2
1700,15.954,13.146,1.749,0.352,0.000,0.045,0.084,0.000,0.901,0.133,0.730,0.039,8120,15600,,1.00,1,0,800x1200,L,2
1701,16.253,13.048,1.779,0.440,0.000,0.082,0.097,0.000,0.636,0.060,0.539,0.038,8120,15600,,1.00,1,0,800x1200,L,2
1702,15.953,13.208,1.717,0.353,0.000,0.041,0.078,0.000,0.907,0.137,0.731,0.039,8120,15600,,1.00,1,0,800x1200,L,2
1703,16.455,13.182,1.843,0.453,0.000,0.094,0.097,0.000,0.685,0.057,0.589,0.040,8120,15600,,1.00,1,0,800x1200,L,2
1704,3.014,0.000,1.841,0.416,0.000,0.058,0.097,0.000,0.903,0.139,0.726,0.038,8120,15600,,1.00,1,0,800x1200,L,2
1705,16.031,12.956,1.809,0.415,0.000,0.077,0.088,0.000,0.651,0.057,0.556,0.038,8120,15600,,1.00,1,0,800x1200,L,2
1706,16.443,13.379,1.799,0.417,0.000,0.066,0.090,0.000,0.960,0.131,0.791,0.038,8120,15600,,1.00,1,0,800x1200,L,2
1707,16.824,13.601,1.824,0.443,0.000,0.087,0.105,0.000,0.626,0.059,0.529,0.038,8120,15600,,1.00,1,0,800x1200,L,2
1708,17.237,14.020,1.885,0.472,0.000,0.085,0.093,0.000,0.886,0.136,0.713,0.038,8120,15600,,1.00,1,0,800x1200,L,2
1709,17.158,13.939,1.878,0.452,0.000,0.090,0.098,0.000,0.680,0.059,0.583,0.038,8120,15600,,1.00,1,0,800x1200,L,2
1710,16.252,13.308,1.746,0.414,0.000,0.075,0.083,0.000,0.924,0.133,0.753,0.038,8120,15600,,1.00,1,0,800x1200,L,2
1711,16.209,13.224,1.776,0.393,0.000,0.064,0.082,0.000,0.642,0.059,0.545,0.038,8120,15600,,1.00,1,0,800x1200,L,2
1712,16.750,13.659,1.810,0.420,0.000,0.079,0.114,0.000,0.894,0.132,0.722,0.040,8120,15600,,1.00,1,0,800x1200,L,2
1713,16.589,13.214,1.847,0.457,0.000,0.097,0.104,0.000,0.627,0.059,0.531,0.038,8120,15600,,1.00,1,0,800x1200,L,2
1714,16.094,13.210,1.721,0.407,0.000,0.054,0.094,0.000,0.888,0.136,0.714,0.038,8120,15600,ropes_off,1.00,1,0,800x1200,RL,2
1715,16.361,13.190,1.890,0.422,0.000,0.059,0.087,0.000,0.793,0.058,0.697,0.039,8120,15600,,1.00,1,0,800x1200,RL,2
1716,15.956,13.157,1.724,0.389,0.000,0.046,0.061,0.000,1.001,0.138,0.824,0.038,8120,15600,,1.00,1,0,800x1200,RL,2
1717,15.961,13.176,1.701,0.350,0.000,0.039,0.097,0.000,0.806,0.058,0.710,0.038,8120,15600,,1.00,1,0,800x1200,RL,2
1718,15.766,12.954,1.711,0.361,0.000,0.041,0.076,0.000,1.118,0.138,0.942,0.038,8120,15600,,1.00,1,0,800x1200,RL,2
1719,15.902,13.178,1.707,0.321,0.000,0.036,0.070,0.000,0.783,0.057,0.686,0.039,8120,15600,,1.00,1,0,800x1200,RL,2
1720,2.720,0.000,1.807,0.308,0.000,0.037,0.061,0.000,1.119,0.137,0.943,0.039,8120,15600,,1.00,1,0,800x1200,RL,2
1721,16.031,13.220,1.722,0.341,0.000,0.043,0.101,0.000,0.706,0.057,0.610,0.039,8120,15600,,1.00,1,0,800x1200,RL,2
1722,16.516,13.246,1.878,0.469,0.000,0.082,0.100,0.000,0.963,0.090,0.835,0.039,8120,15600,,1.00,1,0,800x1200,RL,2
1723,16.500,13.345,1.805,0.451,0.000,0.084,0.090,0.000,0.764,0.060,0.666,0.038,8120,15600,,1.00,1,0,800x1200,RL,2
1724,16.050,13.297,1.722,0.363,0.000,0.039,0.076,0.000,1.109,0.138,0.932,0.039,8120,15600,,1.00,1,0,800x1200,RL,2
1725,15.931,13.156,1.690,0.350,0.000,0.037,0.119,0.000,0.702,0.059,0.605,0.038,8120,15600,,1.00,1,0,800x1200,RL,2
1726,15.620,12.824,1.718,0.365,0.000,0.044,0.084,0.000,1.111,0.139,0.933,0.038,8120,15600,,1.00,1,0,800x1200,RL,2
1727,2.932,0.000,1.808,0.358,0.000,0.044,0.075,0.000,0.807,0.057,0.712,0.038,8120,15600,,1.00,1,0,800x1200,RL,2
1728,16.385,13.273,1.815,0.439,0.000,0.088,0.090,0.000,1.111,0.137,0.936,0.038,8120,15600,,1.00,1,0,800x1200,RL,2
1729,16.148,13.161,1.747,0.416,0.000,0.077,0.085,0.000,0.710,0.060,0.612,0.039,8120,15600,,1.00,1,0,800x1200,RL,2
1730,16.143,13.231,1.753,0.381,0.000,0.074,0.087,0.000,1.110,0.125,0.947,0.038,8120,15600,,1.00,1,0,800x1200,RL,2
1731,15.880,13.014,1.782,0.337,0.000,0.045,0.098,0.000,0.710,0.060,0.612,0.038,8120,15600,,1.00,1,0,800x1200,RL,2
1732,15.693,12.861,1.717,0.346,0.000,0.039,0.099,0.000,1.009,0.138,0.832,0.039,8120,15600,,1.00,1,0,800x1200,RL,2
1733,2.764,0.000,1.733,0.308,0.000,0.037,0.078,0.000,0.807,0.060,0.709,0.038,8120,15600,,1.00,1,0,800x1200,RL,2
1734,16.204,13.112,1.814,0.432,0.000,0.073,0.103,0.000,1.053,0.135,0.880,0.038,8120,15600,,1.00,1,0,800x1200,RL,2
1735,17.450,14.127,1.871,0.468,0.000,0.095,0.093,0.000,0.787,0.060,0.690,0.038,8120,15600,,1.00,1,0,800x1200,RL,2
1736,17.086,13.819,1.897,0.463,0.000,0.088,0.122,0.000,0.267,0.020,0.209,0.038,8120,15600,,1.00,1,0,800x1200,RL,2
1737,16.221,13.141,1.711,0.437,0.000,0.071,0.090,0.000,0.266,0.022,0.230,0.014,8120,15600,,1.00,1,0,800x1200,RL,2
1738,15.892,13.170,1.715,0.336,0.000,0.037,0.076,0.000,0.368,0.058,0.296,0.014,8120,15600,,1.00,1,0,800x1200,RL,2
1739,15.932,13.184,1.730,0.328,0.000,0.033,0.075,0.000,0.267,0.023,0.228,0.016,8120,15600,,1.00,1,0,800x1200,RL,2
1740,16.079,13.242,1.790,0.354,0.000,0.042,0.078,0.000,0.476,0.067,0.392,0.017,8120,15600,,1.00,1,0,800x1200,RL,2
1741,16.367,13.328,1.761,0.414,0.000,0.077,0.091,0.000,0.391,0.034,0.338,0.020,8120,15600,,1.00,1,0,800x1200,RL,2
1742,15.915,12.859,1.808,0.401,0.000,0.047,0.102,0.000,0.598,0.080,0.496,0.023,8120,15600,,1.00,1,0,800x1200,RL,2
1743,3.107,0.000,1.828,0.410,0.000,0.051,0.092,0.000,0.805,0.059,0.708,0.037,8120,15600,,1.00,1,0,800x1200,RL,2
1744,16.213,13.157,1.817,0.424,0.000,0.074,0.078,0.000,1.200,0.131,1.030,0.038,8120,15600,,1.00,1,0,800x1200,RL,2
1745,16.297,13.218,1.786,0.372,0.000,0.058,0.092,0.000,0.789,0.059,0.691,0.039,8120,15600,,1.00,1,0,800x1200,RL,2
1746,16.433,13.313,1.834,0.411,0.000,0.084,0.104,0.000,1.091,0.129,0.924,0.038,8120,15600,,1.00,1,0,800x1200,RL,2
1747,16.560,13.039,1.975,0.485,0.000,0.091,0.103,0.000,0.851,0.059,0.753,0.039,8120,15600,,1.00,1,0,800x1200,RL,2
1748,16.416,13.308,1.800,0.421,0.000,0.074,0.094,0.000,1.109,0.138,0.933,0.039,8120,15600,,1.00,1,0,800x1200,RL,2
1749,16.398,13.319,1.771,0.427,0.000,0.083,0.092,0.000,0.821,0.060,0.723,0.038,8120,15600,,1.00,1,0,800x1200,RL,2
1750,15.797,13.115,1.694,0.352,0.000,0.035,0.072,0.000,1.032,0.137,0.856,0.038,8120,15600,,1.00,1,0,800x1200,RL,2
1751,15.824,13.065,1.762,0.335,0.000,0.032,0.070,0.000,0.847,0.057,0.750,0.040,8120,15600,,1.00,1,0,800x1200,RL,2
1752,3.754,0.000,1.749,0.316,0.000,0.031,0.062,0.000,3.665,1.642,1.838,0.186,8120,15600,,1.00,1,0,800x1200,RL,2
1753,15.769,13.107,1.711,0.316,0.000,0.028,0.075,0.000,5.109,2.237,2.594,0.278,8120,15600,,1.00,1,0,800x1200,RL,2
1754,15.901,13.054,1.720,0.390,0.000,0.039,0.078,0.000,0.360,0.051,0.294,0.016,8120,15600,,1.00,1,0,800x1200,RL,2
1755,16.329,13.248,1.800,0.414,0.000,0.060,0.094,0.000,0.305,0.024,0.267,0.014,8120,15600,,1.00,1,0,800x1200,RL,2
1756,16.129,13.187,1.768,0.418,0.000,0.070,0.075,0.000,0.395,0.051,0.328,0.016,8120,15600,,1.00,1,0,800x1200,RL,2
1757,15.845,13.105,1.709,0.350,0.000,0.038,0.067,0.000,0.326,0.028,0.282,0.016,8120,15600,,1.00,1,0,800x1200,RL,2
1758,16.088,13.193,1.778,0.389,0.000,0.056,0.078,0.000,0.598,0.080,0.499,0.019,8120,15600,,1.00,1,0,800x1200,RL,2
1759,2.785,0.000,1.757,0.336,0.000,0.032,0.093,0.000,0.445,0.033,0.389,0.023,8120,15600,,1.00,1,0,800x1200,RL,2
1760,16.265,13.091,1.818,0.447,0.000,0.086,0.089,0.000,0.604,0.078,0.503,0.023,8120,15600,,1.00,1,0,800x1200,RL,2
1761,15.984,13.137,1.697,0.374,0.000,0.046,0.099,0.000,0.396,0.037,0.336,0.023,8120,15600,,1.00,1,0,800x1200,RL,2
1762,15.694,12.902,1.716,0.363,0.000,0.034,0.097,0.000,1.018,0.133,0.851,0.034,8120,15600,,1.00,1,0,800x1200,RL,2
1763,16.255,12.985,1.830,0.428,0.000,0.070,0.131,0.000,0.755,0.058,0.658,0.039,8120,15600,,1.00,1,0,800x1200,RL,2
1764,16.532,13.313,1.871,0.454,0.000,0.090,0.087,0.000,1.107,0.134,0.935,0.038,8120,15600,,1.00,1,0,800x1200,RL,2
1765,16.439,13.256,1.848,0.456,0.000,0.073,0.095,0.000,0.764,0.058,0.668,0.038,8120,15600,,1.00,1,0,800x1200,RL,2
1766,15.840,13.027,1.763,0.368,0.000,0.045,0.076,0.000,1.237,0.134,1.065,0.039,8120,15600,,1.00,1,0,800x1200,RL,2
1767,2.727,0.000,1.762,0.321,0.000,0.037,0.067,0.000,0.815,0.059,0.717,0.040,8120,15600,,1.00,1,0,800x1200,RL,2
1768,16.460,13.321,1.856,0.427,0.000,0.087,0.095,0.000,1.001,0.137,0.825,0.039,8120,15600,,1.00,1,0,800x1200,RL,2
1769,16.074,13.125,1.755,0.403,0.000,0.072,0.073,0.000,0.771,0.058,0.675,0.038,8120,15600,,1.00,1,0,800x1200,RL,2
1770,15.798,13.143,1.697,0.327,0.000,0.032,0.090,0.000,1.078,0.140,0.899,0.038,8120,15600,,1.00,1,0,800x1200,RL,2
1771,16.167,12.969,1.800,0.410,0.000,0.067,0.102,0.000,0.810,0.057,0.714,0.039,8120,15600,,1.00,1,0,800x1200,RL,2
1772,16.410,13.400,1.776,0.418,0.000,0.092,0.080,0.000,1.080,0.137,0.905,0.038,8120,15600,,1.00,1,0,800x1200,RL,2
1773,2.671,0.000,1.714,0.321,0.000,0.038,0.071,0.000,0.755,0.060,0.658,0.038,8120,15600,,1.00,1,0,800x1200,RL,2
1774,16.108,13.242,1.756,0.391,0.000,0.060,0.076,0.000,1.107,0.138,0.931,0.038,8120,15600,,1.00,1,0,800x1200,RL,2
1775,16.428,13.490,1.764,0.379,0.000,0.056,0.080,0.000,0.704,0.059,0.608,0.038,8120,15600,,1.00,1,0,800x1200,RL,2
1776,16.174,13.438,1.733,0.341,0.000,0.042,0.094,0.000,1.039,0.140,0.861,0.038,8120,15600,,1.00,1,0,800x1200,RL,2
1777,16.389,13.383,1.749,0.400,0.000,0.056,0.087,0.000,0.816,0.057,0.720,0.039,8120,15600,,1.00,1,0,800x1200,RL,2
1778,16.552,13.419,1.821,0.422,0.000,0.083,0.102,0.000,1.032,0.138,0.855,0.039,8120,15600,,1.00,1,0,800x1200,RL,2
1779,16.786,13.443,1.871,0.474,0.000,0.100,0.114,0.000,0.757,0.059,0.659,0.039,8120,15600,,1.00,1,0,800x1200,RL,2
1780,16.739,13.503,1.853,0.462,0.000,0.095,0.097,0.000,1.109,0.138,0.933,0.038,8120,15600,,1.00,1,0,800x1200,RL,2
1781,16.813,13.449,1.879,0.479,0.000,0.096,0.092,0.000,0.764,0.059,0.667,0.038,8120,15600,,1.00,1,0,800x1200,RL,2
1782,16.485,13.331,1.826,0.449,0.000,0.090,0.101,0.000,1.108,0.136,0.934,0.038,8120,15600,,1.00,1,0,800x1200,RL,2
1783,16.469,13.298,1.808,0.438,0.000,0.089,0.101,0.000,0.807,0.060,0.709,0.038,8120,15600,,1.00,1,0,800x1200,RL,2
1784,16.121,13.123,1.760,0.428,0.000,0.081,0.088,0.000,1.057,0.132,0.888,0.037,8120,15600,,1.00,1,0,800x1200,RL,2
1785,15.745,13.046,1.690,0.342,0.000,0.038,0.067,0.000,0.754,0.059,0.657,0.038,8120,15600,,1.00,1,0,800x1200,RL,2
1786,2.655,0.000,1.727,0.325,0.000,0.032,0.081,0.000,1.220,0.136,1.045,0.038,8120,15600,,1.00,1,0,800x1200,RL,2
1787,15.646,12.795,1.707,0.358,0.000,0.041,0.070,0.000,0.701,0.057,0.605,0.038,8120,15600,,1.00,1,0,800x1200,RL,2
1788,15.693,13.016,1.709,0.328,0.000,0.034,0.076,0.000,1.138,0.142,0.958,0.038,8120,15600,,1.00,1,0,800x1200,RL,2
1789,16.109,13.170,1.729,0.387,0.000,0.056,0.078,0.000,0.749,0.058,0.653,0.038,8120,15600,,1.00,1,0,800x1200,RL,2
1790,16.183,13.235,1.802,0.419,0.000,0.054,0.087,0.000,1.124,0.134,0.952,0.038,8120,15600,,1.00,1,0,800x1200,RL,2
1791,3.051,0.000,1.833,0.415,0.000,0.070,0.082,0.000,0.764,0.060,0.666,0.039,8120,15600,,1.00,1,0,800x1200,RL,2
1792,16.409,13.327,1.793,0.417,0.000,0.085,0.110,0.000,1.035,0.135,0.863,0.037,8120,15600,,1.00,1,0,800x1200,RL,2
1793,16.739,13.392,1.869,0.483,0.000,0.098,0.101,0.000,0.868,0.058,0.772,0.038,8120,15600,,1.00,1,0,800x1200,RL,2
1794,16.154,13.158,1.749,0.437,0.000,0.078,0.084,0.000,1.105,0.136,0.932,0.038,8120,15600,,1.00,1,0,800x1200,RL,2
1795,15.793,13.052,1.712,0.335,0.000,0.040,0.070,0.000,0.764,0.060,0.667,0.038,8120,15600,,1.00,1,0,800x1200,RL,2
1796,16.235,13.175,1.809,0.432,0.000,0.073,0.110,0.000,1.113,0.139,0.936,0.038,8120,15600,,1.00,1,0,800x1200,RL,2
1797,16.773,13.531,1.919,0.439,0.000,0.089,0.088,0.000,0.750,0.059,0.654,0.038,8120,15600,,1.00,1,0,800x1200,RL,2
1798,16.332,13.222,1.824,0.453,0.000,0.071,0.089,0.000,1.109,0.139,0.931,0.039,8120,15600,,1.00,1,0,800x1200,RL,2
1799,16.504,13.498,1.777,0.415,0.000,0.077,0.079,0.000,0.797,0.059,0.700,0.039,8120,15600,,1.00,1,0,800x1200,RL,2
1800,15.770,13.104,1.726,0.333,0.000,0.034,0.084,0.000,1.240,0.139,1.062,0.039,8120,15600,,1.00,1,0,800x1200,RL,2
1801,2.922,0.000,1.789,0.358,0.000,0.046,0.081,0.000,0.757,0.058,0.660,0.038,8120,15600,,1.00,1,0,800x1200,RL,2
1802,16.259,13.214,1.784,0.431,0.000,0.086,0.086,0.000,1.021,0.124,0.859,0.038,8120,15600,,1.00,1,0,800x1200,RL,2
1803,16.242,13.156,1.786,0.434,0.000,0.081,0.086,0.000,0.914,0.059,0.817,0.038,8120,15600,,1.00,1,0,800x1200,RL,2
1804,16.020,13.174,1.769,0.391,0.000,0.051,0.077,0.000,1.217,0.135,1.044,0.038,8120,15600,,1.00,1,0,800x1200,RL,2
1805,15.991,13.237,1.711,0.359,0.000,0.040,0.092,0.000,0.718,0.058,0.622,0.038,8120,15600,,1.00,1,0,800x1200,RL,2
1806,16.002,13.197,1.732,0.358,0.000,0.042,0.070,0.000,1.066,0.137,0.890,0.039,8120,15600,,1.00,1,0,800x1200,RL,2
1807,15.984,13.194,1.734,0.346,0.000,0.036,0.100,0.000,0.736,0.060,0.637,0.039,8120,15600,,1.00,1,0,800x1200,RL,2
1808,2.880,0.000,1.816,0.355,0.000,0.045,0.075,0.000,1.160,0.138,0.983,0.038,8120,15600,,1.00,1,0,800x1200,RL,2
1809,15.844,13.164,1.722,0.321,0.000,0.033,0.070,0.000,0.698,0.058,0.602,0.038,8120,15600,,1.00,1,0,800x1200,RL,2
1810,15.839,13.203,1.711,0.337,0.000,0.031,0.062,0.000,1.100,0.127,0.934,0.039,8120,15600,,1.00,1,0,800x1200,RL,2
1811,15.803,13.144,1.720,0.326,0.000,0.032,0.065,0.000,0.805,0.058,0.708,0.039,8120,15600,,1.00,1,0,800x1200,RL,2
1812,2.605,0.000,1.732,0.316,0.000,0.028,0.075,0.000,1.061,0.139,0.885,0.038,8120,15600,,1.00,1,0,800x1200,RL,2
1813,16.777,13.535,1.842,0.453,0.000,0.083,0.085,0.000,0.710,0.060,0.610,0.039,8120,15600,,1.00,1,0,800x1200,RL,2
1814,15.938,13.208,1.710,0.360,0.000,0.039,0.074,0.000,1.126,0.140,0.947,0.039,8120,15600,,1.00,1,0,800x1200,RL,2
1815,16.151,13.201,1.754,0.376,0.000,0.051,0.098,0.000,0.710,0.057,0.615,0.038,8120,15600,,1.00,1,0,800x1200,RL,2
1816,16.201,13.180,1.783,0.425,0.000,0.080,0.086,0.000,0.998,0.138,0.822,0.038,8120,15600,,1.00,1,0,800x1200,RL,2
1817,15.914,13.170,1.752,0.342,0.000,0.039,0.063,0.000,0.823,0.058,0.726,0.039,8120,15600,,1.00,1,0,800x1200,RL,2
1818,15.781,13.164,1.705,0.332,0.000,0.031,0.062,0.000,1.110,0.139,0.932,0.039,8120,15600,,1.00,1,0,800x1200,RL,2
1819,2.676,0.000,1.734,0.321,0.000,0.030,0.076,0.000,0.935,0.058,0.838,0.039,8120,15600,,1.00,1,0,800x1200,RL,2
1820,15.892,13.172,1.723,0.337,0.000,0.038,0.071,0.000,1.075,0.137,0.902,0.037,8120,15600,,1.00,1,0,800x1200,RL,2
1821,15.900,13.177,1.719,0.334,0.000,0.035,0.071,0.000,0.798,0.055,0.705,0.038,8120,15600,,1.00,1,0,800x1200,RL,2
1822,15.900,13.184,1.729,0.347,0.000,0.042,0.065,0.000,1.110,0.138,0.933,0.038,8120,15600,,1.00,1,0,800x1200,RL,2
1823,2.698,0.000,1.756,0.325,0.000,0.035,0.067,0.000,0.800,0.058,0.703,0.039,8120,15600,,1.00,1,0,800x1200,RL,2
1824,15.834,13.148,1.722,0.368,0.000,0.038,0.060,0.000,1.154,0.127,0.988,0.039,8120,15600,,1.00,1,0,800x1200,RL,2
1825,15.833,13.131,1.768,0.326,0.000,0.031,0.058,0.000,0.812,0.060,0.712,0.040,8120,15600,,1.00,1,0,800x1200,RL,2
1826,15.770,13.185,1.715,0.328,0.000,0.029,0.058,0.000,1.033,0.135,0.859,0.039,8120,15600,,1.00,1,0,800x1200,RL,2
1827,15.910,13.309,1.702,0.316,0.000,0.029,0.062,0.000,0.774,0.058,0.677,0.039,8120,15600,,1.00,1,0,800x1200,RL,2
1828,2.631,0.000,1.777,0.306,0.000,0.027,0.061,0.000,1.087,0.134,0.915,0.038,8120,15600,,1.00,1,0,800x1200,RL,2
1829,15.764,13.118,1.717,0.315,0.000,0.029,0.085,0.000,0.804,0.058,0.709,0.038,8120,15600,,1.00,1,0,800x1200,RL,2
1830,16.110,13.302,1.756,0.376,0.000,0.046,0.070,0.000,0.994,0.086,0.868,0.039,8120,15600,,1.00,1,0,800x1200,RL,2
1831,15.849,13.130,1.765,0.324,0.000,0.033,0.066,0.000,0.838,0.057,0.742,0.039,8120,15600,,1.00,1,0,800x1200,RL,2
1832,2.634,0.000,1.774,0.309,0.000,0.029,0.063,0.000,1.215,0.134,1.042,0.039,8120,15600,,1.00,1,0,800x1200,RL,2
1833,15.719,13.116,1.691,0.318,0.000,0.029,0.062,0.000,0.842,0.057,0.747,0.039,8120,15600,,1.00,1,0,800x1200,RL,2
1834,15.793,13.151,1.713,0.339,0.000,0.035,0.065,0.000,9.237,4.748,4.451,0.039,8120,15600,,1.00,1,0,800x1200,RL,2
1835,15.840,13.155,1.735,0.322,0.000,0.033,0.065,0.000,0.295,0.024,0.255,0.015,8120,15600,,1.00,1,0,800x1200,RL,2
1836,3.781,0.000,1.732,0.320,0.000,0.030,0.082,0.000,3.678,1.821,1.841,0.016,8120,15600,,1.00,1,0,800x1200,RL,2
1837,16.527,13.217,1.883,0.448,0.000,0.085,0.102,0.000,0.281,0.023,0.241,0.016,8120,15600,,1.00,1,0,800x1200,RL,2
1838,16.961,13.744,1.845,0.479,0.000,0.080,0.096,0.000,0.394,0.057,0.320,0.016,8120,15600,,1.00,1,0,800x1200,RL,2
1839,16.859,13.517,1.878,0.485,0.000,0.103,0.099,0.000,0.273,0.024,0.233,0.016,8120,15600,,1.00,1,0,800x1200,RL,2
1840,16.640,13.594,1.777,0.452,0.000,0.074,0.087,0.000,0.423,0.064,0.343,0.016,8120,15600,,1.00,1,0,800x1200,RL,2
1841,16.654,13.462,1.807,0.441,0.000,0.087,0.113,0.000,0.324,0.029,0.277,0.018,8120,15600,,1.00,1,0,800x1200,RL,2
1842,17.125,13.662,1.897,0.509,0.000,0.091,0.100,0.000,0.562,0.079,0.464,0.018,8120,15600,ropes_on,1.00,1,0,800x1200,L,2
1843,16.854,13.599,1.826,0.468,0.000,0.094,0.120,0.000,0.344,0.034,0.288,0.022,8120,15600,,1.00,1,0,800x1200,L,2
1844,16.842,13.519,1.880,0.479,0.000,0.083,0.094,0.000,0.887,0.139,0.716,0.033,8120,15600,,1.00,1,0,800x1200,L,2
1845,16.889,13.562,1.864,0.487,0.000,0.090,0.116,0.000,0.616,0.060,0.518,0.039,8120,15600,,1.00,1,0,800x1200,L,2
1846,16.880,13.612,1.830,0.503,0.000,0.083,0.105,0.000,0.886,0.139,0.708,0.039,8120,15600,,1.00,1,0,800x1200,L,2
1847,16.674,13.548,1.824,0.443,0.000,0.079,0.082,0.000,0.620,0.059,0.522,0.038,8120,15600,,1.00,1,0,800x1200,L,2
1848,17.170,14.008,1.856,0.441,0.000,0.093,0.090,0.000,0.894,0.139,0.717,0.038,8120,15600,,1.00,1,0,800x1200,L,2
1849,16.884,13.609,1.851,0.456,0.000,0.092,0.123,0.000,0.607,0.057,0.511,0.039,8120,15600,,1.00,1,0,800x1200,L,2
1850,17.085,13.661,1.907,0.496,0.000,0.101,0.098,0.000,0.913,0.139,0.736,0.038,8120,15600,,1.00,1,0,800x1200,L,2
1851,16.789,13.508,1.836,0.478,0.000,0.101,0.088,0.000,0.677,0.058,0.580,0.038,8120,15600,,1.00,1,0,800x1200,L,2
1852,16.507,13.393,1.877,0.436,0.000,0.079,0.085,0.000,0.913,0.137,0.738,0.038,8120,15600,,1.00,1,0,800x1200,L,2
1853,16.253,13.348,1.781,0.375,0.000,0.053,0.075,0.000,0.617,0.059,0.520,0.038,8120,15600,,1.00,1,0,800x1200,L,2
1854,16.585,13.478,1.827,0.440,0.000,0.087,0.084,0.000,0.886,0.137,0.711,0.038,8120,15600,,1.00,1,0,800x1200,L,2
1855,16.304,13.180,1.817,0.440,0.000,0.090,0.083,0.000,0.634,0.058,0.538,0.038,8120,15600,,1.00,1,0,800x1200,L,2
1856,16.269,13.082,1.845,0.442,0.000,0.087,0.126,0.000,0.961,0.138,0.785,0.039,8120,15600,,1.00,1,0,800x1200,L,2
1857,16.916,13.398,1.922,0.483,0.000,0.101,0.113,0.000,0.679,0.061,0.580,0.038,8120,15600,,1.00,1,0,800x1200,L,2
1858,16.673,13.519,1.798,0.460,0.000,0.095,0.093,0.000,0.897,0.137,0.723,0.038,8120,15600,,1.00,1,0,800x1200,L,2
1859,16.399,13.321,1.770,0.436,0.000,0.082,0.083,0.000,0.698,0.059,0.600,0.039,8120,15600,,1.00,1,0,800x1200,L,2
1860,15.958,13.200,1.724,0.347,0.000,0.037,0.100,0.000,0.921,0.140,0.743,0.039,8120,15600,,1.00,1,0,800x1200,L,2
1861,16.058,13.068,1.729,0.392,0.000,0.050,0.101,0.000,0.622,0.060,0.524,0.038,8120,15600,,1.00,1,0,800x1200,L,2
1862,16.395,13.136,1.826,0.468,0.000,0.092,0.097,0.000,0.915,0.137,0.741,0.038,8120,15600,,1.00,1,0,800x1200,L,2
1863,15.992,13.108,1.731,0.372,0.000,0.057,0.074,0.000,0.615,0.058,0.518,0.038,8120,15600,,1.00,1,0,800x1200,L,2
1864,16.156,13.153,1.812,0.417,0.000,0.066,0.092,0.000,0.898,0.137,0.723,0.039,8120,15600,,1.00,1,0,800x1200,L,2
1865,16.544,13.422,1.826,0.437,0.000,0.086,0.081,0.000,0.617,0.059,0.521,0.038,8120,15600,,1.00,1,0,800x1200,L,2
1866,17.002,13.833,1.840,0.447,0.000,0.086,0.117,0.000,0.917,0.139,0.741,0.038,8120,15600,,1.00,1,0,800x1200,L,2
1867,17.372,13.786,1.949,0.514,0.000,0.107,0.107,0.000,0.612,0.060,0.515,0.037,8120,15600,,1.00,1,0,800x1200,L,2
1868,17.094,13.834,1.835,0.500,0.000,0.094,0.115,0.000,0.894,0.138,0.718,0.037,8120,15600,,1.00,1,0,800x1200,L,2
1869,17.050,13.674,1.863,0.479,0.000,0.103,0.118,0.000,0.628,0.059,0.530,0.039,8120,15600,,1.00,1,0,800x1200,L,2
1870,16.758,13.467,1.804,0.492,0.000,0.099,0.128,0.000,0.893,0.133,0.723,0.038,8120,15600,,1.00,1,0,800x1200,L,2
1871,15.993,13.064,1.744,0.364,0.000,0.050,0.079,0.000,0.614,0.059,0.515,0.039,8120,15600,,1.00,1,0,800x1200,L,2
1872,15.842,13.042,1.730,0.385,0.000,0.044,0.070,0.000,0.972,0.137,0.796,0.039,8120,15600,ropes_off,1.00,1,0,800x1200,RL,2
1873,15.868,13.120,1.714,0.343,0.000,0.039,0.066,0.000,0.805,0.057,0.709,0.038,8120,15600,,1.00,1,0,800x1200,RL,2
1874,15.746,13.053,1.736,0.352,0.000,0.031,0.064,0.000,1.058,0.135,0.885,0.038,8120,15600,,1.00,1,0,800x1200,RL,2
1875,15.693,13.031,1.687,0.332,0.000,0.031,0.066,0.000,0.770,0.057,0.675,0.039,8120,15600,,1.00,1,0,800x1200,RL,2
1876,15.641,13.020,1.697,0.329,0.000,0.031,0.061,0.000,1.121,0.130,0.953,0.038,8120,15600,,1.00,1,0,800x1200,RL,2
1877,15.594,12.830,1.713,0.337,0.000,0.036,0.076,0.000,0.744,0.059,0.647,0.039,8120,15600,,1.00,1,0,800x1200,RL,2
1878,15.649,13.032,1.688,0.312,0.000,0.031,0.087,0.000,1.044,0.139,0.867,0.038,8120,15600,,1.00,1,0,800x1200,RL,2
1879,2.816,0.000,1.731,0.327,0.000,0.036,0.084,0.000,0.821,0.058,0.725,0.038,8120,15600,,1.00,1,0,800x1200,RL,2
1880,15.554,12.876,1.691,0.346,0.000,0.039,0.072,0.000,1.119,0.139,0.943,0.037,8120,15600,,1.00,1,0,800x1200,RL,2
1881,15.661,12.993,1.694,0.322,0.000,0.033,0.065,0.000,0.804,0.055,0.710,0.039,8120,15600,,1.00,1,0,800x1200,RL,2
1882,15.700,13.012,1.738,0.335,0.000,0.032,0.068,0.000,1.102,0.140,0.924,0.038,8120,15600,,1.00,1,0,800x1200,RL,2
1883,2.677,0.000,1.704,0.313,0.000,0.031,0.069,0.000,0.700,0.057,0.605,0.038,8120,15600,,1.00,1,0,800x1200,RL,2
1884,16.021,12.847,1.789,0.430,0.000,0.074,0.105,0.000,1.080,0.124,0.918,0.038,8120,15600,,1.00,1,0,800x1200,RL,2
1885,16.236,13.071,1.797,0.439,0.000,0.089,0.087,0.000,0.791,0.055,0.698,0.038,8120,15600,,1.00,1,0,800x1200,RL,2
1886,16.121,13.122,1.768,0.414,0.000,0.077,0.116,0.000,1.086,0.129,0.919,0.038,8120,15600,,1.00,1,0,800x1200,RL,2
1887,15.937,13.001,1.723,0.386,0.000,0.051,0.078,0.000,0.805,0.060,0.707,0.037,8120,15600,,1.00,1,0,800x1200,RL,2
1888,15.728,13.049,1.702,0.327,0.000,0.042,0.071,0.000,1.005,0.126,0.841,0.038,8120,15600,,1.00,1,0,800x1200,RL,2
1889,2.687,0.000,1.716,0.321,0.000,0.031,0.068,0.000,0.734,0.058,0.639,0.038,8120,15600,,1.00,1,0,800x1200,RL,2
1890,15.613,13.002,1.691,0.317,0.000,0.029,0.067,0.000,1.060,0.096,0.926,0.038,8120,15600,,1.00,1,0,800x1200,RL,2
1891,15.658,13.017,1.690,0.313,0.000,0.029,0.087,0.000,0.798,0.059,0.701,0.038,8120,15600,,1.00,1,0,800x1200,RL,2
1892,15.557,12.771,1.718,0.349,0.000,0.041,0.072,0.000,1.112,0.140,0.934,0.038,8120,15600,,1.00,1,0,800x1200,RL,2
1893,2.717,0.000,1.721,0.314,0.000,0.029,0.095,0.000,0.715,0.058,0.618,0.039,8120,15600,,1.00,1,0,800x1200,RL,2
1894,15.528,12.746,1.707,0.360,0.000,0.037,0.071,0.000,1.056,0.125,0.893,0.038,8120,15600,,1.00,1,0,800x1200,RL,2
1895,16.143,13.075,1.818,0.410,0.000,0.066,0.079,0.000,0.813,0.057,0.718,0.038,8120,15600,,1.00,1,0,800x1200,RL,2
1896,16.547,13.409,1.840,0.454,0.000,0.086,0.094,0.000,1.050,0.135,0.877,0.038,8120,15600,,1.00,1,0,800x1200,RL,2
1897,16.491,13.348,1.815,0.452,0.000,0.085,0.087,0.000,0.808,0.060,0.711,0.038,8120,15600,,1.00,1,0,800x1200,RL,2
1898,2.876,0.000,1.821,0.389,0.000,0.050,0.069,0.000,0.996,0.132,0.824,0.039,8120,15600,,1.00,1,0,800x1200,RL,2
1899,16.336,13.194,1.802,0.422,0.000,0.085,0.117,0.000,0.805,0.059,0.709,0.038,8120,15600,,1.00,1,0,800x1200,RL,2
1900,16.443,13.108,1.858,0.465,0.000,0.101,0.101,0.000,1.129,0.136,0.954,0.038,8120,15600,,1.00,1,0,800x1200,RL,2
1901,16.452,13.166,1.827,0.459,0.000,0.096,0.103,0.000,0.761,0.059,0.664,0.038,8120,15600,,1.00,1,0,800x1200,RL,2
1902,16.307,13.179,1.817,0.432,0.000,0.087,0.101,0.000,1.025,0.133,0.854,0.038,8120,15600,,1.00,1,0,800x1200,RL,2
1903,16.301,13.063,1.815,0.444,0.000,0.098,0.094,0.000,0.784,0.059,0.688,0.038,8120,15600,,1.00,1,0,800x1200,RL,2
1904,16.342,13.238,1.814,0.447,0.000,0.086,0.088,0.000,1.107,0.135,0.933,0.038,8120,15600,,1.00,1,0,800x1200,RL,2
1905,16.380,13.228,1.828,0.424,0.000,0.086,0.105,0.000,0.699,0.060,0.601,0.037,8120,15600,,1.00,1,0,800x1200,RL,2
1906,16.426,13.084,1.845,0.467,0.000,0.099,0.102,0.000,1.076,0.139,0.899,0.038,8120,15600,,1.00,1,0,800x1200,RL,2
1907,16.409,13.125,1.849,0.477,0.000,0.097,0.090,0.000,0.746,0.058,0.649,0.039,8120,15600,,1.00,1,0,800x1200,RL,2
1908,16.610,13.412,1.836,0.477,0.000,0.092,0.089,0.000,1.064,0.133,0.894,0.038,8120,15600,,1.00,1,0,800x1200,RL,2
1909,16.211,13.192,1.782,0.425,0.000,0.074,0.081,0.000,0.768,0.058,0.672,0.038,8120,15600,,1.00,1,0,800x1200,RL,2
1910,16.095,13.309,1.740,0.362,0.000,0.042,0.093,0.000,1.087,0.130,0.919,0.038,8120,15600,,1.00,1,0,800x1200,RL,2
1911,2.910,0.000,1.798,0.333,0.000,0.039,0.083,0.000,0.757,0.058,0.661,0.039,8120,15600,,1.00,1,0,800x1200,RL,2
1912,16.125,13.313,1.746,0.378,0.000,0.047,0.072,0.000,1.090,0.129,0.922,0.039,8120,15600,,1.00,1,0,800x1200,RL,2
1913,16.127,13.268,1.730,0.361,0.000,0.042,0.085,0.000,0.834,0.060,0.735,0.038,8120,15600,,1.00,1,0,800x1200,RL,2
1914,15.978,13.089,1.802,0.368,0.000,0.054,0.073,0.000,1.109,0.136,0.935,0.038,8120,15600,,1.00,1,0,800x1200,RL,2
1915,16.049,13.063,1.796,0.389,0.000,0.066,0.081,0.000,0.805,0.058,0.709,0.038,8120,15600,,1.00,1,0,800x1200,RL,2
1916,15.961,13.196,1.729,0.365,0.000,0.048,0.068,0.000,1.089,0.124,0.927,0.038,8120,15600,,1.00,1,0,800x1200,RL,2
1917,2.689,0.000,1.740,0.334,0.000,0.033,0.061,0.000,0.934,0.061,0.836,0.038,8120,15600,,1.00,1,0,800x1200,RL,2
1918,15.978,13.091,1.756,0.396,0.000,0.068,0.077,0.000,1.110,0.137,0.935,0.038,8120,15600,,1.00,1,0,800x1200,RL,2
1919,15.719,12.987,1.711,0.327,0.000,0.037,0.086,0.000,0.760,0.055,0.667,0.038,8120,15600,,1.00,1,0,800x1200,RL,2
1920,16.724,13.132,2.014,0.538,0.000,0.097,0.107,0.000,1.120,0.146,0.935,0.039,8120,15600,,1.00,1,0,800x1200,RL,2
1921,17.069,13.787,1.848,0.454,0.000,0.096,0.125,0.000,0.863,0.060,0.765,0.038,8120,15600,,1.00,1,0,800x1200,RL,2
1922,15.847,13.038,1.738,0.368,0.000,0.041,0.078,0.000,1.108,0.138,0.931,0.038,8120,15600,,1.00,1,0,800x1200,RL,2
1923,15.873,13.132,1.700,0.349,0.000,0.036,0.065,0.000,0.694,0.059,0.598,0.038,8120,15600,,1.00,1,0,800x1200,RL,2
1924,2.707,0.000,1.762,0.320,0.000,0.030,0.067,0.000,1.051,0.136,0.877,0.038,8120,15600,,1.00,1,0,800x1200,RL,2
1925,15.703,13.013,1.697,0.332,0.000,0.031,0.082,0.000,0.845,0.060,0.747,0.038,8120,15600,,1.00,1,0,800x1200,RL,2
1926,15.518,12.879,1.704,0.326,0.000,0.033,0.064,0.000,0.994,0.065,0.890,0.038,8120,15600,,1.00,1,0,800x1200,RL,2
1927,16.063,13.080,1.793,0.379,0.000,0.058,0.090,0.000,0.731,0.057,0.636,0.038,8120,15600,,1.00,1,0,800x1200,RL,2
1928,2.785,0.000,1.779,0.343,0.000,0.041,0.097,0.000,0.999,0.137,0.824,0.038,8120,15600,,1.00,1,0,800x1200,RL,2
1929,15.802,12.878,1.732,0.358,0.000,0.047,0.098,0.000,0.752,0.057,0.657,0.039,8120,15600,,1.00,1,0,800x1200,RL,2
1930,15.674,12.875,1.721,0.360,0.000,0.038,0.078,0.000,0.973,0.112,0.822,0.039,8120,15600,,1.00,1,0,800x1200,RL,2
1931,15.786,13.028,1.707,0.342,0.000,0.037,0.077,0.000,0.761,0.057,0.666,0.038,8120,15600,,1.00,1,0,800x1200,RL,2
1932,15.623,12.986,1.698,0.317,0.000,0.032,0.069,0.000,1.129,0.139,0.951,0.038,8120,15600,,1.00,1,0,800x1200,RL,2
1933,2.688,0.000,1.730,0.322,0.000,0.032,0.063,0.000,0.866,0.058,0.769,0.038,8120,15600,,1.00,1,0,800x1200,RL,2
1934,15.639,13.059,1.685,0.308,0.000,0.029,0.064,0.000,1.042,0.131,0.872,0.038,8120,15600,,1.00,1,0,800x1200,RL,2
1935,15.654,13.000,1.690,0.334,0.000,0.030,0.065,0.000,0.695,0.058,0.599,0.039,8120,15600,,1.00,1,0,800x1200,RL,2
1936,2.593,0.000,1.738,0.298,0.000,0.028,0.060,0.000,1.123,0.139,0.946,0.038,8120,15600,,1.00,1,0,800x1200,RL,2
1937,15.633,13.006,1.704,0.301,0.000,0.028,0.058,0.000,0.697,0.058,0.601,0.039,8120,15600,,1.00,1,0,800x1200,RL,2
1938,15.902,13.117,1.713,0.384,0.000,0.049,0.083,0.000,1.110,0.138,0.933,0.039,8120,15600,,1.00,1,0,800x1200,RL,2
1939,15.552,12.771,1.710,0.342,0.000,0.042,0.070,0.000,0.703,0.059,0.605,0.039,8120,15600,,1.00,1,0,800x1200,RL,2
1940,2.631,0.000,1.709,0.316,0.000,0.031,0.073,0.000,1.000,0.129,0.833,0.038,8120,15600,,1.00,1,0,800x1200,RL,2
1941,15.695,13.007,1.702,0.317,0.000,0.032,0.084,0.000,0.783,0.057,0.689,0.037,8120,15600,,1.00,1,0,800x1200,RL,2
1942,15.581,12.819,1.708,0.347,0.000,0.038,0.078,0.000,1.035,0.140,0.858,0.037,8120,15600,,1.00,1,0,800x1200,RL,2
1943,15.467,12.839,1.689,0.310,0.000,0.031,0.063,0.000,0.774,0.057,0.679,0.038,8120,15600,,1.00,1,0,800x1200,RL,2
1944,2.634,0.000,1.730,0.313,0.000,0.028,0.085,0.000,1.009,0.138,0.832,0.039,8120,15600,,1.00,1,0,800x1200,RL,2
1945,15.522,12.729,1.701,0.339,0.000,0.040,0.078,0.000,0.917,0.059,0.820,0.038,8120,15600,,1.00,1,0,800x1200,RL,2
1946,15.692,13.053,1.702,0.312,0.000,0.033,0.064,0.000,1.103,0.138,0.927,0.038,8120,15600,,1.00,1,0,800x1200,RL,2
1947,2.667,0.000,1.713,0.319,0.000,0.031,0.065,0.000,0.780,0.058,0.684,0.038,8120,15600,,1.00,1,0,800x1200,RL,2
1948,15.672,13.035,1.706,0.318,0.000,0.033,0.064,0.000,1.006,0.138,0.830,0.038,8120,15600,,1.00,1,0,800x1200,RL,2
1949,15.721,13.045,1.729,0.306,0.000,0.031,0.065,0.000,0.833,0.058,0.737,0.038,8120,15600,,1.00,1,0,800x1200,RL,2
1950,15.557,12.972,1.695,0.312,0.000,0.029,0.066,0.000,1.085,0.139,0.907,0.039,8120,15600,,1.00,1,0,800x1200,RL,2
1951,2.707,0.000,1.779,0.316,0.000,0.028,0.063,0.000,0.866,0.057,0.771,0.038,8120,15600,,1.00,1,0,800x1200,RL,2
1952,15.729,13.083,1.702,0.339,0.000,0.032,0.074,0.000,1.227,0.134,1.055,0.038,8120,15600,,1.00,1,0,800x1200,RL,2
1953,15.361,12.698,1.683,0.329,0.000,0.035,0.061,0.000,0.807,0.059,0.709,0.038,8120,15600,ropes_on,1.00,1,0,800x1200,L,2
1954,16.441,13.447,1.781,0.405,0.000,0.085,0.093,0.000,0.898,0.137,0.723,0.038,8120,15600,,1.00,1,0,800x1200,L,2
1955,2.756,0.001,1.756,0.329,0.000,0.039,0.074,0.000,0.621,0.059,0.524,0.038,8120,15600,,1.00,1,0,800x1200,L,2
1956,15.682,12.903,1.707,0.350,0.000,0.034,0.072,0.000,0.893,0.137,0.718,0.038,8120,15600,,1.00,1,0,800x1200,L,2
1957,15.797,13.067,1.701,0.341,0.000,0.035,0.066,0.000,0.723,0.165,0.521,0.038,8120,15600,,1.00,1,0,800x1200,L,2
1958,16.226,13.218,1.776,0.416,0.000,0.081,0.085,0.000,0.888,0.134,0.717,0.038,8120,15600,,1.00,1,0,800x1200,L,2
1959,15.860,13.088,1.722,0.359,0.000,0.046,0.070,0.000,0.616,0.059,0.518,0.038,8120,15600,,1.00,1,0,800x1200,L,2
1960,2.670,0.000,1.747,0.322,0.000,0.030,0.085,0.000,0.891,0.128,0.726,0.038,8120,15600,,1.00,1,0,800x1200,L,2
1961,15.891,13.000,1.741,0.376,0.000,0.045,0.096,0.000,0.614,0.056,0.519,0.038,8120,15600,,1.00,1,0,800x1200,L,2
1962,16.206,13.097,1.767,0.459,0.000,0.078,0.082,0.000,0.925,0.129,0.757,0.039,8120,15600,,1.00,1,0,800x1200,L,2
1963,15.806,13.003,1.705,0.363,0.000,0.040,0.074,0.000,0.612,0.057,0.517,0.038,8120,15600,,1.00,1,0,800x1200,L,2
1964,15.664,12.980,1.708,0.329,0.000,0.035,0.081,0.000,0.890,0.130,0.723,0.038,8120,15600,,1.00,1,0,800x1200,L,2
1965,2.547,0.000,1.660,0.286,0.000,0.027,0.063,0.000,0.622,0.058,0.525,0.039,8120,15600,,1.00,1,0,800x1200,L,2
1966,15.612,12.972,1.725,0.324,0.000,0.030,0.062,0.000,0.916,0.138,0.740,0.039,8120,15600,,1.00,1,0,800x1200,L,2
1967,15.616,12.994,1.691,0.314,0.000,0.028,0.060,0.000,0.627,0.059,0.529,0.039,8120,15600,,1.00,1,0,800x1200,L,2
1968,15.550,12.968,1.691,0.315,0.000,0.027,0.059,0.000,0.897,0.137,0.722,0.038,8120,15600,,1.00,1,0,800x1200,L,2
1969,2.613,0.000,1.709,0.298,0.000,0.026,0.058,0.000,0.607,0.057,0.512,0.038,8120,15600,,1.00,1,0,800x1200,L,2
1970,15.594,13.039,1.691,0.301,0.000,0.027,0.065,0.000,0.908,0.139,0.730,0.038,8120,15600,,1.00,1,0,800x1200,L,2
1971,15.826,13.024,1.724,0.369,0.000,0.047,0.078,0.000,0.759,0.058,0.664,0.038,8120,15600,,1.00,1,0,800x1200,L,2
1972,2.620,0.000,1.721,0.304,0.000,0.032,0.067,0.000,0.908,0.138,0.731,0.039,8120,15600,,1.00,1,0,800x1200,L,2
1973,15.611,12.929,1.700,0.321,0.000,0.033,0.067,0.000,0.612,0.058,0.516,0.038,8120,15600,,1.00,1,0,800x1200,L,2
1974,15.624,13.032,1.710,0.302,0.000,0.029,0.062,0.000,0.898,0.138,0.722,0.039,8120,15600,,1.00,1,0,800x1200,L,2
1975,16.153,13.154,1.799,0.387,0.000,0.066,0.103,0.000,0.614,0.057,0.518,0.038,8120,15600,,1.00,1,0,800x1200,L,2
1976,15.613,12.813,1.710,0.357,0.000,0.042,0.076,0.000,0.905,0.135,0.732,0.038,8120,15600,,1.00,1,0,800x1200,L,2
1977,2.782,0.000,1.771,0.321,0.000,0.034,0.073,0.000,0.616,0.060,0.517,0.039,8120,15600,,1.00,1,0,800x1200,L,2
1978,23.004,13.039,1.826,0.449,0.000,0.093,0.103,0.000,0.900,0.138,0.725,0.037,8120,15600,,1.00,1,0,800x1200,L,2
1979,16.334,13.045,1.770,0.445,0.000,0.084,0.106,0.000,0.617,0.059,0.520,0.038,8120,15600,,1.00,1,0,800x1200,L,2
1980,16.307,13.139,1.803,0.470,0.000,0.089,0.095,0.000,0.901,0.128,0.730,0.043,8120,15600,,1.00,1,0,800x1200,L,2
1981,16.236,13.095,1.749,0.471,0.000,0.087,0.111,0.000,0.626,0.061,0.527,0.038,8120,15600,,1.00,1,0,800x1200,L,2
1982,15.969,13.080,1.733,0.394,0.000,0.073,0.081,0.000,0.939,0.137,0.765,0.038,8120,15600,,1.00,1,0,800x1200,L,2
1983,15.976,13.012,1.758,0.402,0.000,0.073,0.087,0.000,0.633,0.059,0.535,0.039,8120,15600,,1.00,1,0,800x1200,L,2
1984,16.289,13.212,1.805,0.400,0.000,0.081,0.118,0.000,0.926,0.137,0.751,0.038,8120,15600,,1.00,1,0,800x1200,L,2
1985,16.183,13.145,1.780,0.418,0.000,0.080,0.085,0.000,0.627,0.058,0.530,0.038,8120,15600,,1.00,1,0,800x1200,L,2
1986,16.204,13.275,1.788,0.390,0.000,0.069,0.077,0.000,0.177,0.139,0.000,0.038,8120,15600,,1.00,1,0,800x1200,L,2
1987,16.527,13.319,1.823,0.453,0.000,0.089,0.097,0.000,0.614,0.059,0.516,0.039,8120,15600,,1.00,1,0,800x1200,L,2
1988,16.536,13.301,1.984,0.426,0.000,0.084,0.084,0.000,0.899,0.125,0.735,0.039,8120,15600,,1.00,1,0,800x1200,L,2
1989,16.252,13.142,1.804,0.415,0.000,0.080,0.088,0.000,0.621,0.059,0.524,0.038,8120,15600,,1.00,1,0,800x1200,L,2
1990,16.347,13.160,1.780,0.454,0.000,0.089,0.104,0.000,0.927,0.127,0.763,0.037,8120,15600,,1.00,1,0,800x1200,L,2
1991,16.411,13.259,1.788,0.432,0.000,0.096,0.093,0.000,0.641,0.060,0.542,0.039,8120,15600,,1.00,1,0,800x1200,L,2
1992,16.304,13.253,1.780,0.439,0.000,0.087,0.086,0.000,0.916,0.138,0.740,0.038,8120,15600,,1.00,1,0,800x1200,L,2
1993,16.436,13.150,1.793,0.474,0.000,0.096,0.099,0.000,0.612,0.059,0.514,0.038,8120,15600,,1.00,1,0,800x1200,L,2
1994,16.082,12.997,1.756,0.422,0.000,0.067,0.095,0.000,0.889,0.135,0.715,0.038,8120,15600,,1.00,1,0,800x1200,L,2
1995,15.791,12.823,1.745,0.400,0.000,0.069,0.089,0.000,0.616,0.058,0.520,0.039,8120,15600,,1.00,1,0,800x1200,L,2
1996,15.853,12.766,1.793,0.443,0.000,0.084,0.096,0.000,0.895,0.134,0.722,0.039,8120,15600,,1.00,1,0,800x1200,L,2
1997,15.847,12.941,1.726,0.372,0.000,0.063,0.083,0.000,0.687,0.058,0.592,0.038,8120,15600,,1.00,1,0,800x1200,L,2
1998,15.698,12.878,1.704,0.394,0.000,0.063,0.077,0.000,0.959,0.138,0.784,0.038,8120,15600,,1.00,1,0,800x1200,L,2
1999,2.715,0.000,1.725,0.307,0.000,0.036,0.088,0.000,0.615,0.057,0.520,0.039,8120,15600,,1.00,1,0,800x1200,L,2
2000,16.087,13.026,1.854,0.415,0.000,0.079,0.100,0.000,0.921,0.101,0.782,0.038,8120,15600,,1.00,1,0,800x1200,L,2
2001,16.072,13.020,1.761,0.420,0.000,0.074,0.081,0.000,0.613,0.054,0.521,0.038,8120,15600,,1.00,1,0,800x1200,L,2
2002,15.770,12.948,1.724,0.371,0.000,0.070,0.081,0.000,0.902,0.138,0.726,0.038,8120,15600,,1.00,1,0,800x1200,L,2
2003,15.995,12.966,1.759,0.403,0.000,0.069,0.102,0.000,0.634,0.057,0.539,0.038,8120,15600,,1.00,1,0,800x1200,L,2
2004,2.637,0.000,1.716,0.303,0.000,0.037,0.075,0.000,0.911,0.128,0.744,0.038,8120,15600,,1.00,1,0,800x1200,L,2
2005,16.246,13.081,1.797,0.449,0.000,0.082,0.111,0.000,0.609,0.059,0.512,0.038,8120,15600,,1.00,1,0,800x1200,L,2
2006,16.068,13.061,1.761,0.426,0.000,0.070,0.108,0.000,0.876,0.133,0.706,0.038,8120,15600,,1.00,1,0,800x1200,L,2
2007,16.566,13.476,1.769,0.420,0.000,0.088,0.092,0.000,0.655,0.058,0.559,0.038,8120,15600,,1.00,1,0,800x1200,L,2
2008,16.768,13.477,1.896,0.469,0.000,0.097,0.102,0.000,0.910,0.138,0.734,0.038,8120,15600,,1.00,1,0,800x1200,L,2
2009,16.126,13.075,1.761,0.424,0.000,0.076,0.109,0.000,0.617,0.060,0.519,0.038,8120,15600,,1.00,1,0,800x1200,L,2
2010,15.870,12.912,1.770,0.403,0.000,0.079,0.077,0.000,0.891,0.130,0.723,0.039,8120,15600,,1.00,1,0,800x1200,L,2
2011,16.145,13.039,1.780,0.426,0.000,0.089,0.093,0.000,0.630,0.059,0.533,0.038,8120,15600,,1.00,1,0,800x1200,L,2
2012,2.716,0.001,1.747,0.335,0.000,0.032,0.078,0.000,0.888,0.126,0.723,0.038,8120,15600,,1.00,1,0,800x1200,L,2
2013,16.245,13.196,1.798,0.430,0.000,0.075,0.076,0.000,0.619,0.060,0.521,0.038,8120,15600,,1.00,1,0,800x1200,L,2
2014,15.887,12.969,1.743,0.411,0.000,0.072,0.095,0.000,0.890,0.139,0.714,0.038,8120,15600,,1.00,1,0,800x1200,L,2
2015,16.301,13.096,1.813,0.441,0.000,0.092,0.090,0.000,0.631,0.059,0.534,0.038,8120,15600,,1.00,1,0,800x1200,L,2
2016,16.100,13.098,1.796,0.414,0.000,0.073,0.078,0.000,0.898,0.126,0.734,0.037,8120,15600,,1.00,1,0,800x1200,L,2
2017,16.654,13.354,1.836,0.467,0.000,0.095,0.098,0.000,0.624,0.057,0.528,0.039,8120,15600,,1.00,1,0,800x1200,L,2
2018,16.024,13.091,1.740,0.413,0.000,0.064,0.094,0.000,0.900,0.137,0.724,0.039,8120,15600,,1.00,1,0,800x1200,L,2
2019,2.785,0.000,1.726,0.340,0.000,0.038,0.074,0.000,0.622,0.059,0.525,0.038,8120,15600,,1.00,1,0,800x1200,L,2
2020,16.406,13.220,1.852,0.462,0.000,0.084,0.092,0.000,0.904,0.140,0.725,0.038,8120,15600,,1.00,1,0,800x1200,L,2
2021,15.867,12.988,1.728,0.380,0.000,0.056,0.078,0.000,0.614,0.059,0.516,0.039,8120,15600,,1.00,1,0,800x1200,L,2
2022,15.763,13.073,1.712,0.339,0.000,0.037,0.071,0.000,0.958,0.135,0.785,0.039,8120,15600,,1.00,1,0,800x1200,L,2
2023,15.888,12.898,1.749,0.412,0.000,0.071,0.085,0.000,0.614,0.059,0.517,0.038,8120,15600,,1.00,1,0,800x1200,L,2
2024,2.620,0.000,1.724,0.310,0.000,0.029,0.065,0.000,0.897,0.146,0.714,0.038,8120,15600,,1.00,1,0,800x1200,L,2
2025,15.945,13.046,1.776,0.384,0.000,0.055,0.076,0.000,0.608,0.057,0.512,0.040,8120,15600,,1.00,1,0,800x1200,L,2
2026,16.002,13.004,1.771,0.407,0.000,0.082,0.092,0.000,0.886,0.138,0.709,0.038,8120,15600,,1.00,1,0,800x1200,L,2
2027,15.652,12.886,1.709,0.351,0.000,0.041,0.067,0.000,0.693,0.058,0.597,0.038,8120,15600,,1.00,1,0,800x1200,L,2
2028,15.849,13.007,1.795,0.355,0.000,0.049,0.080,0.000,0.881,0.138,0.705,0.038,8120,15600,,1.00,1,0,800x1200,L,2
2029,2.724,0.000,1.755,0.310,0.000,0.033,0.071,0.000,0.635,0.060,0.538,0.038,8120,15600,,1.00,1,0,800x1200,L,2
2030,15.968,12.977,1.836,0.396,0.000,0.072,0.084,0.000,0.855,0.104,0.712,0.038,8120,15600,,1.00,1,0,800x1200,L,2
2031,16.006,13.140,1.732,0.373,0.000,0.057,0.075,0.000,0.624,0.054,0.532,0.038,8120,15600,,1.00,1,0,800x1200,L,2
2032,15.762,13.061,1.722,0.335,0.000,0.036,0.082,0.000,0.905,0.138,0.729,0.039,8120,15600,,1.00,1,0,800x1200,L,2
2033,15.776,12.866,1.753,0.373,0.000,0.055,0.071,0.000,0.617,0.057,0.521,0.039,8120,15600,,1.00,1,0,800x1200,L,2
2034,2.655,0.000,1.737,0.305,0.000,0.032,0.071,0.000,0.893,0.139,0.716,0.038,8120,15600,,1.00,1,0,800x1200,L,2
2035,16.240,13.123,1.806,0.427,0.000,0.071,0.083,0.000,0.681,0.054,0.587,0.040,8120,15600,,1.00,1,0,800x1200,L,2
2036,15.786,12.921,1.745,0.396,0.000,0.067,0.078,0.000,0.857,0.106,0.714,0.038,8120,15600,,1.00,1,0,800x1200,L,2
2037,15.825,13.020,1.754,0.363,0.000,0.044,0.064,0.000,0.627,0.060,0.528,0.039,8120,15600,,1.00,1,0,800x1200,L,2
2038,2.629,0.000,1.735,0.302,0.000,0.033,0.065,0.000,0.931,0.137,0.755,0.039,8120,15600,,1.00,1,0,800x1200,L,2
2039,15.996,12.914,1.837,0.417,0.000,0.073,0.081,0.000,0.617,0.058,0.520,0.039,8120,15600,,1.00,1,0,800x1200,L,2
2040,15.985,13.108,1.753,0.386,0.000,0.062,0.081,0.000,0.845,0.095,0.710,0.040,8120,15600,,1.00,1,0,800x1200,L,2
2041,16.010,13.095,1.760,0.392,0.000,0.060,0.078,0.000,0.645,0.058,0.549,0.038,8120,15600,,1.00,1,0,800x1200,L,2
2042,15.920,13.060,1.738,0.410,0.000,0.057,0.077,0.000,0.889,0.139,0.711,0.038,8120,15600,ropes_off,1.00,1,0,800x1200,RL,2
2043,16.152,13.070,1.880,0.404,0.000,0.071,0.080,0.000,0.808,0.059,0.710,0.039,8120,15600,,1.00,1,0,800x1200,RL,2
2044,2.874,0.001,1.834,0.355,0.000,0.044,0.069,0.000,1.106,0.138,0.930,0.038,8120,15600,,1.00,1,0,800x1200,RL,2
2045,16.802,13.334,1.921,0.457,0.000,0.098,0.112,0.000,0.756,0.060,0.658,0.038,8120,15600,,1.00,1,0,800x1200,RL,2
2046,16.347,13.197,1.818,0.441,0.000,0.091,0.096,0.000,1.101,0.139,0.924,0.038,8120,15600,,1.00,1,0,800x1200,RL,2
2047,16.603,13.318,1.826,0.479,0.000,0.090,0.113,0.000,0.813,0.060,0.714,0.038,8120,15600,,1.00,1,0,800x1200,RL,2
2048,16.436,13.233,1.817,0.468,0.000,0.092,0.105,0.000,1.799,0.503,1.202,0.095,8120,15600,,1.00,1,0,800x1200,RL,2
2049,16.147,13.157,1.738,0.422,0.000,0.065,0.089,0.000,1.822,0.446,1.021,0.355,8120,15600,,1.00,1,0,800x1200,RL,2
2050,16.360,13.197,1.784,0.458,0.000,0.084,0.097,0.000,1.410,0.139,0.975,0.295,8120,15600,,1.00,1,0,800x1200,RL,2
2051,16.211,13.247,1.720,0.403,0.000,0.069,0.092,0.000,0.743,0.059,0.643,0.040,8120,15600,,1.00,1,0,800x1200,RL,2
2052,15.785,13.058,1.692,0.361,0.000,0.044,0.079,0.000,1.158,0.130,0.989,0.039,8120,15600,,1.00,1,0,800x1200,RL,2
2053,16.357,13.084,1.867,0.434,0.000,0.082,0.094,0.000,0.856,0.057,0.759,0.040,8120,15600,,1.00,1,0,800x1200,RL,2
2054,16.523,13.457,1.744,0.438,0.000,0.091,0.103,0.000,1.036,0.133,0.865,0.039,8120,15600,,1.00,1,0,800x1200,RL,2
2055,16.060,12.976,1.778,0.416,0.000,0.076,0.089,0.000,0.791,0.060,0.692,0.038,8120,15600,,1.00,1,0,800x1200,RL,2
2056,2.826,0.000,1.836,0.328,0.000,0.034,0.083,0.000,1.054,0.135,0.883,0.037,8120,15600,,1.00,1,0,800x1200,RL,2
2057,16.601,13.388,1.799,0.445,0.000,0.077,0.104,0.000,0.786,0.059,0.688,0.039,8120,15600,,1.00,1,0,800x1200,RL,2
2058,16.537,13.494,1.817,0.418,0.000,0.067,0.097,0.000,1.016,0.138,0.839,0.039,8120,15600,,1.00,1,0,800x1200,RL,2
2059,17.053,13.640,1.871,0.470,0.000,0.105,0.135,0.000,0.809,0.058,0.713,0.038,8120,15600,,1.00,1,0,800x1200,RL,2
2060,16.792,13.459,1.863,0.485,0.000,0.091,0.098,0.000,1.009,0.138,0.833,0.038,8120,15600,,1.00,1,0,800x1200,RL,2
2061,16.921,13.456,1.903,0.491,0.000,0.103,0.107,0.000,0.806,0.060,0.709,0.038,8120,15600,,1.00,1,0,800x1200,RL,2
2062,16.796,13.479,1.855,0.506,0.000,0.096,0.096,0.000,1.076,0.137,0.901,0.038,8120,15600,,1.00,1,0,800x1200,RL,2
2063,16.905,13.488,1.860,0.488,0.000,0.102,0.105,0.000,0.703,0.059,0.607,0.037,8120,15600,,1.00,1,0,800x1200,RL,2
2064,16.598,13.482,1.808,0.441,0.000,0.086,0.095,0.000,1.090,0.138,0.914,0.039,8120,15600,,1.00,1,0,800x1200,RL,2
2065,16.487,13.255,1.791,0.450,0.000,0.089,0.100,0.000,0.792,0.060,0.694,0.038,8120,15600,,1.00,1,0,800x1200,RL,2
2066,15.890,13.050,1.715,0.374,0.000,0.051,0.089,0.000,1.010,0.145,0.827,0.038,8120,15600,,1.00,1,0,800x1200,RL,2
2067,15.680,12.903,1.699,0.347,0.000,0.040,0.075,0.000,0.709,0.059,0.611,0.038,8120,15600,,1.00,1,0,800x1200,RL,2
2068,15.965,13.255,1.706,0.361,0.000,0.038,0.071,0.000,1.046,0.137,0.870,0.039,8120,15600,,1.00,1,0,800x1200,RL,2
2069,15.860,13.075,1.702,0.361,0.000,0.046,0.075,0.000,0.914,0.059,0.817,0.039,8120,15600,,1.00,1,0,800x1200,RL,2
2070,15.913,12.998,1.737,0.386,0.000,0.054,0.089,0.000,1.175,0.134,1.002,0.038,8120,15600,,1.00,1,0,800x1200,RL,2
2071,2.787,0.000,1.799,0.315,0.000,0.039,0.075,0.000,0.811,0.058,0.713,0.040,8120,15600,,1.00,1,0,800x1200,RL,2
2072,15.811,13.012,1.731,0.375,0.000,0.048,0.080,0.000,1.105,0.102,0.963,0.040,8120,15600,,1.00,1,0,800x1200,RL,2
2073,16.127,13.087,1.773,0.428,0.000,0.064,0.085,0.000,0.821,0.059,0.723,0.039,8120,15600,,1.00,1,0,800x1200,RL,2
2074,16.019,13.155,1.723,0.365,0.000,0.053,0.084,0.000,1.054,0.126,0.889,0.039,8120,15600,,1.00,1,0,800x1200,RL,2
2075,16.682,13.474,1.838,0.449,0.000,0.094,0.086,0.000,0.783,0.060,0.686,0.038,8120,15600,,1.00,1,0,800x1200,RL,2
2076,16.588,13.513,1.825,0.424,0.000,0.086,0.092,0.000,1.110,0.136,0.935,0.038,8120,15600,,1.00,1,0,800x1200,RL,2
2077,16.727,13.315,1.924,0.481,0.000,0.092,0.097,0.000,0.846,0.059,0.748,0.039,8120,15600,,1.00,1,0,800x1200,RL,2
2078,16.444,13.360,1.789,0.436,0.000,0.086,0.098,0.000,1.130,0.140,0.952,0.038,8120,15600,,1.00,1,0,800x1200,RL,2
2079,16.855,13.684,1.831,0.444,0.000,0.086,0.111,0.000,0.895,0.059,0.798,0.038,8120,15600,,1.00,1,0,800x1200,RL,2
2080,17.053,13.659,1.899,0.501,0.000,0.097,0.108,0.000,1.100,0.139,0.924,0.038,8120,15600,,1.00,1,0,800x1200,RL,2
2081,16.969,13.683,1.853,0.482,0.000,0.094,0.090,0.000,0.765,0.060,0.665,0.040,8120,15600,,1.00,1,0,800x1200,RL,2
2082,16.890,13.687,1.887,0.454,0.000,0.093,0.092,0.000,1.114,0.138,0.937,0.039,8120,15600,,1.00,1,0,800x1200,RL,2
2083,16.939,13.749,1.856,0.446,0.000,0.091,0.089,0.000,0.763,0.060,0.666,0.038,8120,15600,,1.00,1,0,800x1200,RL,2
2084,16.702,13.578,1.852,0.454,0.000,0.090,0.082,0.000,1.042,0.131,0.872,0.039,8120,15600,,1.00,1,0,800x1200,RL,2
2085,16.902,13.719,1.847,0.445,0.000,0.081,0.087,0.000,0.836,0.061,0.737,0.038,8120,15600,,1.00,1,0,800x1200,RL,2
2086,16.683,13.497,1.872,0.442,0.000,0.091,0.111,0.000,1.027,0.126,0.863,0.038,8120,15600,,1.00,1,0,800x1200,RL,2
2087,17.085,13.596,1.931,0.482,0.000,0.100,0.108,0.000,0.818,0.058,0.723,0.038,8120,15600,,1.00,1,0,800x1200,RL,2
2088,16.829,13.578,1.891,0.467,0.000,0.093,0.090,0.000,1.167,0.139,0.989,0.039,8120,15600,,1.00,1,0,800x1200,RL,2
2089,16.781,13.542,1.855,0.458,0.000,0.095,0.121,0.000,0.755,0.060,0.657,0.038,8120,15600,,1.00,1,0,800x1200,RL,2
2090,16.967,13.517,1.899,0.515,0.000,0.103,0.106,0.000,1.110,0.137,0.935,0.038,8120,15600,,1.00,1,0,800x1200,RL,2
2091,16.722,13.490,1.853,0.443,0.000,0.096,0.095,0.000,0.810,0.059,0.712,0.038,8120,15600,,1.00,1,0,800x1200,RL,2
2092,16.654,13.531,1.819,0.421,0.000,0.090,0.094,0.000,1.099,0.135,0.926,0.038,8120,15600,,1.00,1,0,800x1200,RL,2
2093,16.569,13.384,1.842,0.427,0.000,0.092,0.089,0.000,0.711,0.059,0.614,0.038,8120,15600,,1.00,1,0,800x1200,RL,2
2094,16.558,13.462,1.842,0.431,0.000,0.091,0.089,0.000,1.122,0.137,0.946,0.039,8120,15600,,1.00,1,0,800x1200,RL,2
2095,16.699,13.527,1.844,0.409,0.000,0.087,0.137,0.000,0.846,0.060,0.749,0.038,8120,15600,,1.00,1,0,800x1200,RL,2
2096,16.802,13.364,1.929,0.492,0.000,0.100,0.098,0.000,1.011,0.138,0.834,0.038,8120,15600,,1.00,1,0,800x1200,RL,2
2097,17.000,13.699,1.867,0.463,0.000,0.097,0.101,0.000,0.765,0.060,0.668,0.038,8120,15600,,1.00,1,0,800x1200,RL,2
2098,16.789,13.616,1.868,0.445,0.000,0.089,0.085,0.000,1.008,0.137,0.833,0.038,8120,15600,,1.00,1,0,800x1200,RL,2
2099,16.761,13.582,1.853,0.432,0.000,0.089,0.085,0.000,0.806,0.058,0.710,0.038,8120,15600,,1.00,1,0,800x1200,RL,2
2100,16.678,13.590,1.843,0.425,0.000,0.085,0.089,0.000,1.013,0.139,0.836,0.038,8120,15600,,1.00,1,0,800x1200,RL,2
2101,16.750,13.593,1.836,0.431,0.000,0.089,0.086,0.000,0.759,0.058,0.663,0.038,8120,15600,,1.00,1,0,800x1200,RL,2
2102,16.582,13.485,1.846,0.428,0.000,0.086,0.090,0.000,1.096,0.135,0.924,0.038,8120,15600,,1.00,1,0,800x1200,RL,2
2103,16.712,13.549,1.884,0.412,0.000,0.088,0.083,0.000,0.808,0.060,0.710,0.038,8120,15600,,1.00,1,0,800x1200,RL,2
2104,16.666,13.603,1.828,0.428,0.000,0.082,0.085,0.000,1.078,0.138,0.901,0.039,8120,15600,,1.00,1,0,800x1200,RL,2
2105,16.757,13.428,1.839,0.414,0.000,0.087,0.121,0.000,0.696,0.058,0.599,0.039,8120,15600,,1.00,1,0,800x1200,RL,2
2106,16.791,13.491,1.886,0.482,0.000,0.103,0.093,0.000,1.108,0.129,0.940,0.039,8120,15600,,1.00,1,0,800x1200,RL,2
2107,16.716,13.468,1.867,0.447,0.000,0.099,0.089,0.000,0.779,0.059,0.683,0.037,8120,15600,,1.00,1,0,800x1200,RL,2
2108,16.466,13.414,1.817,0.417,0.000,0.092,0.093,0.000,1.039,0.138,0.864,0.038,8120,15600,,1.00,1,0,800x1200,RL,2
2109,15.982,13.108,1.777,0.358,0.000,0.055,0.073,0.000,0.749,0.059,0.651,0.038,8120,15600,,1.00,1,0,800x1200,RL,2
2110,15.733,13.050,1.733,0.329,0.000,0.036,0.072,0.000,1.151,0.139,0.974,0.038,8120,15600,,1.00,1,0,800x1200,RL,2
2111,16.205,13.152,1.800,0.416,0.000,0.074,0.087,0.000,0.764,0.060,0.667,0.038,8120,15600,,1.00,1,0,800x1200,RL,2
2112,16.317,13.311,1.808,0.396,0.000,0.081,0.087,0.000,0.995,0.135,0.822,0.038,8120,15600,,1.00,1,0,800x1200,RL,2
2113,15.822,13.029,1.779,0.314,0.000,0.042,0.092,0.000,0.768,0.059,0.672,0.038,8120,15600,,1.00,1,0,800x1200,RL,2
2114,15.799,12.929,1.772,0.364,0.000,0.044,0.074,0.000,1.009,0.139,0.832,0.038,8120,15600,,1.00,1,0,800x1200,RL,2
2115,16.343,13.150,1.826,0.427,0.000,0.090,0.093,0.000,0.714,0.058,0.618,0.038,8120,15600,,1.00,1,0,800x1200,RL,2
2116,16.626,13.529,1.837,0.413,0.000,0.090,0.091,0.000,1.036,0.137,0.861,0.038,8120,15600,,1.00,1,0,800x1200,RL,2
2117,16.073,13.220,1.756,0.361,0.000,0.056,0.079,0.000,0.744,0.061,0.645,0.039,8120,15600,,1.00,1,0,800x1200,RL,2
2118,16.277,13.419,1.746,0.386,0.000,0.055,0.100,0.000,1.061,0.136,0.887,0.038,8120,15600,,1.00,1,0,800x1200,RL,2
2119,16.470,13.339,1.809,0.392,0.000,0.065,0.094,0.000,0.746,0.060,0.647,0.039,8120,15600,,1.00,1,0,800x1200,RL,2
2120,16.421,13.313,1.822,0.399,0.000,0.081,0.097,0.000,1.003,0.141,0.823,0.039,8120,15600,,1.00,1,0,800x1200,RL,2
2121,16.172,13.040,1.813,0.389,0.000,0.079,0.097,0.000,0.767,0.060,0.669,0.038,8120,15600,,1.00,1,0,800x1200,RL,2
2122,16.104,13.101,1.781,0.400,0.000,0.080,0.090,0.000,1.152,0.137,0.978,0.037,8120,15600,,1.00,1,0,800x1200,RL,2
2123,16.102,13.186,1.740,0.372,0.000,0.062,0.084,0.000,0.789,0.059,0.692,0.038,8120,15600,,1.00,1,0,800x1200,RL,2
2124,16.172,13.154,1.788,0.411,0.000,0.085,0.085,0.000,1.037,0.137,0.861,0.039,8120,15600,,1.00,1,0,800x1200,RL,2
2125,15.895,13.098,1.724,0.341,0.000,0.047,0.093,0.000,0.802,0.060,0.704,0.038,8120,15600,,1.00,1,0,800x1200,RL,2
2126,16.220,13.126,1.788,0.440,0.000,0.079,0.084,0.000,1.043,0.135,0.870,0.038,8120,15600,,1.00,1,0,800x1200,RL,2
2127,15.992,13.199,1.729,0.349,0.000,0.049,0.086,0.000,0.804,0.059,0.708,0.037,8120,15600,,1.00,1,0,800x1200,RL,2
2128,15.809,13.123,1.728,0.340,0.000,0.039,0.071,0.000,1.204,0.138,1.027,0.039,8120,15600,,1.00,1,0,800x1200,RL,2
2129,15.819,13.089,1.702,0.330,0.000,0.043,0.078,0.000,0.745,0.057,0.650,0.038,8120,15600,,1.00,1,0,800x1200,RL,2
2130,2.624,0.000,1.713,0.316,0.000,0.030,0.064,0.000,1.028,0.134,0.856,0.039,8120,15600,,1.00,1,0,800x1200,RL,2
2131,16.044,13.087,1.772,0.382,0.000,0.060,0.082,0.000,0.724,0.057,0.628,0.038,8120,15600,,1.00,1,0,800x1200,RL,2
2132,16.032,13.253,1.726,0.362,0.000,0.055,0.070,0.000,1.108,0.138,0.931,0.039,8120,15600,,1.00,1,0,800x1200,RL,2
2133,15.915,13.129,1.731,0.361,0.000,0.045,0.070,0.000,0.785,0.059,0.687,0.038,8120,15600,,1.00,1,0,800x1200,RL,2
2134,15.703,13.086,1.715,0.304,0.000,0.034,0.065,0.000,1.151,0.137,0.977,0.037,8120,15600,,1.00,1,0,800x1200,RL,2
2135,15.696,13.067,1.690,0.313,0.000,0.031,0.070,0.000,0.911,0.057,0.816,0.038,8120,15600,,1.00,1,0,800x1200,RL,2
2136,2.607,0.000,1.730,0.306,0.000,0.029,0.064,0.000,1.108,0.139,0.931,0.038,8120,15600,,1.00,1,0,800x1200,RL,2
2137,15.716,13.086,1.713,0.310,0.000,0.029,0.062,0.000,0.833,0.057,0.738,0.038,8120,15600,,1.00,1,0,800x1200,RL,2
2138,15.769,13.036,1.740,0.342,0.000,0.040,0.088,0.000,1.216,0.140,1.037,0.039,8120,15600,,1.00,1,0,800x1200,RL,2
2139,15.741,12.935,1.715,0.354,0.000,0.044,0.069,0.000,0.701,0.057,0.605,0.038,8120,15600,,1.00,1,0,800x1200,RL,2
2140,2.641,0.000,1.749,0.301,0.000,0.032,0.067,0.000,1.111,0.136,0.936,0.039,8120,15600,,1.00,1,0,800x1200,RL,2
2141,15.721,13.063,1.688,0.330,0.000,0.034,0.064,0.000,0.733,0.057,0.637,0.038,8120,15600,,1.00,1,0,800x1200,RL,2
2142,15.713,13.111,1.688,0.329,0.000,0.030,0.080,0.000,1.038,0.140,0.860,0.038,8120,15600,,1.00,1,0,800x1200,RL,2
2143,15.581,12.839,1.721,0.323,0.000,0.037,0.071,0.000,0.853,0.059,0.757,0.038,8120,15600,,1.00,1,0,800x1200,RL,2
2144,2.632,0.000,1.727,0.300,0.000,0.032,0.069,0.000,1.008,0.140,0.830,0.038,8120,15600,,1.00,1,0,800x1200,RL,2
2145,15.829,13.090,1.714,0.335,0.000,0.042,0.076,0.000,0.773,0.059,0.676,0.038,8120,15600,,1.00,1,0,800x1200,RL,2
2146,15.899,13.031,1.769,0.382,0.000,0.056,0.094,0.000,1.116,0.134,0.944,0.038,8120,15600,,1.00,1,0,800x1200,RL,2
2147,15.735,13.004,1.720,0.330,0.000,0.037,0.090,0.000,0.720,0.058,0.623,0.038,8120,15600,,1.00,1,0,800x1200,RL,2
2148,15.506,12.703,1.701,0.354,0.000,0.038,0.072,0.000,1.123,0.134,0.952,0.038,8120,15600,drag_start,1.00,1,1,800x1200,RL,2
2149,2.726,0.000,1.768,0.297,0.000,0.037,0.071,0.000,1.175,0.135,1.003,0.038,8120,15600,,1.00,1,1,800x1200,RL,2
2150,15.608,12.999,1.682,0.294,0.000,0.030,0.070,0.000,1.088,0.144,0.905,0.039,8120,15600,,1.00,1,1,800x1200,RL,2
2151,15.589,12.978,1.696,0.304,0.000,0.029,0.060,0.000,1.109,0.129,0.941,0.038,8120,15600,,1.00,1,1,800x1200,RL,2
2152,2.645,0.000,1.727,0.306,0.000,0.029,0.079,0.000,1.178,0.135,1.005,0.038,8120,15600,,1.00,1,1,800x1200,RL,2
2153,15.575,12.919,1.693,0.297,0.000,0.033,0.067,0.000,1.108,0.130,0.941,0.037,8120,15600,,1.00,1,1,800x1200,RL,2
2154,15.626,13.000,1.684,0.302,0.000,0.030,0.068,0.000,1.011,0.131,0.841,0.039,8120,15600,,1.00,1,1,800x1200,RL,2
2155,15.571,12.968,1.693,0.294,0.000,0.029,0.057,0.000,1.111,0.139,0.934,0.037,8120,15600,,1.00,1,1,800x1200,RL,2
2156,2.624,0.000,1.730,0.301,0.000,0.027,0.058,0.000,1.106,0.131,0.936,0.039,8120,15600,,1.00,1,1,800x1200,RL,2
2157,15.468,12.875,1.704,0.291,0.000,0.027,0.064,0.000,1.137,0.141,0.958,0.038,8120,15600,,1.00,1,1,800x1200,RL,2
2158,15.505,12.867,1.708,0.312,0.000,0.027,0.075,0.000,1.108,0.140,0.931,0.038,8120,15600,,1.00,1,1,800x1200,RL,2
2159,2.560,0.000,1.718,0.268,0.000,0.027,0.056,0.000,1.081,0.130,0.913,0.038,8120,15600,,1.00,1,1,800x1200,RL,2
2160,15.319,12.749,1.677,0.289,0.000,0.028,0.062,0.000,1.124,0.138,0.947,0.039,8120,15600,,1.00,1,1,800x1200,RL,2
2161,15.632,12.842,1.738,0.342,0.000,0.048,0.074,0.000,1.108,0.139,0.931,0.038,8120,15600,,1.00,1,1,800x1200,RL,2
2162,2.639,0.000,1.739,0.290,0.000,0.028,0.080,0.000,1.039,0.130,0.871,0.037,8120,15600,,1.00,1,1,800x1200,RL,2
2163,15.236,12.600,1.681,0.302,0.000,0.032,0.065,0.000,1.097,0.134,0.925,0.037,8120,15600,,1.00,1,1,800x1200,RL,2
2164,15.873,12.986,1.742,0.384,0.000,0.069,0.074,0.000,1.114,0.130,0.946,0.038,8120,15600,,1.00,1,1,800x1200,RL,2
2165,15.677,12.955,1.697,0.323,0.000,0.032,0.152,0.000,1.046,0.141,0.867,0.038,8120,15600,,1.00,1,1,800x1200,RL,2
2166,3.164,0.001,1.791,0.445,0.000,0.068,0.091,0.000,1.001,0.129,0.834,0.038,8120,15600,,1.00,1,1,800x1200,RL,2
2167,15.473,12.798,1.689,0.327,0.000,0.034,0.065,0.000,1.116,0.145,0.932,0.039,8120,15600,,1.00,1,1,800x1200,RL,2
2168,15.602,12.956,1.687,0.299,0.000,0.030,0.092,0.000,1.119,0.139,0.943,0.037,8120,15600,,1.00,1,1,800x1200,RL,2
2169,15.506,12.708,1.711,0.315,0.000,0.041,0.074,0.000,1.107,0.139,0.930,0.038,8120,15600,,1.00,1,1,800x1200,RL,2
2170,2.710,0.000,1.750,0.305,0.000,0.032,0.090,0.000,1.097,0.134,0.924,0.039,8120,15600,,1.00,1,1,800x1200,RL,2
2171,15.735,12.831,1.759,0.345,0.000,0.041,0.102,0.000,1.037,0.115,0.884,0.038,8120,15600,,1.00,1,1,800x1200,RL,2
2172,15.486,12.667,1.730,0.332,0.000,0.041,0.075,0.000,1.107,0.137,0.933,0.037,8120,15600,,1.00,1,1,800x1200,RL,2
2173,2.635,0.000,1.718,0.303,0.000,0.031,0.065,0.000,1.056,0.136,0.882,0.038,8120,15600,,1.00,1,1,800x1200,RL,2
2174,15.534,12.927,1.678,0.297,0.000,0.031,0.068,0.000,1.038,0.133,0.867,0.038,8120,15600,,1.00,1,1,800x1200,RL,2
2175,15.533,12.935,1.681,0.292,0.000,0.029,0.077,0.000,1.018,0.140,0.842,0.037,8120,15600,,1.00,1,1,800x1200,RL,2
2176,15.626,12.793,1.712,0.383,0.000,0.051,0.065,0.000,1.099,0.138,0.922,0.039,8120,15600,,1.00,1,1,800x1200,RL,2
2177,2.702,0.000,1.783,0.295,0.000,0.030,0.064,0.000,1.156,0.139,0.980,0.037,8120,15600,,1.00,1,1,800x1200,RL,2
2178,15.536,12.920,1.686,0.300,0.000,0.030,0.082,0.000,0.994,0.139,0.817,0.038,8120,15600,,1.00,1,1,800x1200,RL,2
2179,15.537,12.770,1.716,0.320,0.000,0.036,0.069,0.000,1.150,0.140,0.972,0.038,8120,15600,,1.00,1,1,800x1200,RL,2
2180,2.698,0.000,1.744,0.288,0.000,0.033,0.064,0.000,1.029,0.138,0.853,0.038,8120,15600,,1.00,1,1,800x1200,RL,2
2181,15.549,12.906,1.688,0.301,0.000,0.032,0.068,0.000,1.069,0.145,0.886,0.038,8120,15600,,1.00,1,1,800x1200,RL,2
2182,15.532,12.907,1.689,0.307,0.000,0.031,0.061,0.000,1.102,0.129,0.934,0.038,8120,15600,,1.00,1,1,800x1200,RL,2
2183,15.563,12.930,1.680,0.315,0.000,0.030,0.075,0.000,1.110,0.132,0.940,0.038,8120,15600,,1.00,1,1,800x1200,RL,2
2184,2.518,0.000,1.652,0.292,0.000,0.027,0.065,0.000,1.240,0.140,1.061,0.039,8120,15600,,1.00,1,1,800x1200,RL,2
2185,15.455,12.838,1.690,0.298,0.000,0.029,0.064,0.000,1.038,0.137,0.864,0.037,8120,15600,,1.00,1,1,800x1200,RL,2
2186,15.506,12.871,1.707,0.284,0.000,0.027,0.065,0.000,1.052,0.139,0.876,0.037,8120,15600,,1.00,1,1,800x1200,RL,2
2187,2.631,0.000,1.731,0.274,0.000,0.026,0.089,0.000,1.110,0.139,0.933,0.038,8120,15600,,1.00,1,1,800x1200,RL,2
2188,15.825,12.769,1.777,0.407,0.000,0.072,0.084,0.000,1.151,0.137,0.976,0.038,8120,15600,,1.00,1,1,800x1200,RL,2
2189,15.649,12.946,1.706,0.325,0.000,0.035,0.066,0.000,1.092,0.140,0.914,0.039,8120,15600,,1.00,1,1,800x1200,RL,2
2190,15.537,12.883,1.701,0.300,0.000,0.030,0.081,0.000,0.991,0.146,0.807,0.038,8120,15600,,1.00,1,1,800x1200,RL,2
2191,2.631,0.000,1.710,0.284,0.000,0.030,0.086,0.000,1.081,0.136,0.907,0.038,8120,15600,,1.00,1,1,800x1200,RL,2
2192,15.398,12.723,1.696,0.312,0.000,0.028,0.079,0.000,0.997,0.139,0.820,0.038,8120,15600,,1.00,1,1,800x1200,RL,2
2193,16.213,13.012,1.858,0.429,0.000,0.089,0.088,0.000,1.115,0.138,0.939,0.038,8120,15600,,1.00,1,1,800x1200,RL,2
2194,16.256,13.181,1.783,0.420,0.000,0.080,0.084,0.000,1.129,0.138,0.954,0.037,8120,15600,,1.00,1,1,800x1200,RL,2
2195,2.746,0.000,1.784,0.330,0.000,0.033,0.062,0.000,0.996,0.138,0.821,0.037,8120,15600,,1.00,1,1,800x1200,RL,2
2196,15.993,13.199,1.787,0.338,0.000,0.042,0.064,0.000,1.077,0.139,0.899,0.038,8120,15600,,1.00,1,1,800x1200,RL,2
2197,15.917,13.140,1.738,0.356,0.000,0.044,0.067,0.000,1.069,0.134,0.898,0.037,8120,15600,,1.00,1,1,800x1200,RL,2
2198,16.076,13.308,1.759,0.334,0.000,0.034,0.077,0.000,1.073,0.139,0.897,0.037,8120,15600,,1.00,1,1,800x1200,RL,2
2199,15.782,13.013,1.727,0.330,0.000,0.043,0.076,0.000,1.077,0.130,0.909,0.038,8120,15600,,1.00,1,1,800x1200,RL,2
2200,2.685,0.000,1.761,0.314,0.000,0.030,0.052,0.000,1.066,0.135,0.894,0.037,8120,15600,,1.00,1,1,800x1200,RL,2
2201,15.819,13.007,1.723,0.352,0.000,0.057,0.070,0.000,1.043,0.141,0.864,0.037,8120,15600,,1.00,1,1,800x1200,RL,2
2202,15.799,13.070,1.716,0.349,0.000,0.045,0.072,0.000,1.213,0.139,1.037,0.038,8120,15600,,1.00,1,1,800x1200,RL,2
2203,16.140,13.133,1.767,0.389,0.000,0.075,0.123,0.000,0.177,0.140,0.000,0.038,8120,15600,,1.00,1,1,800x1200,RL,2
2204,15.922,12.847,1.772,0.410,0.000,0.072,0.083,0.000,1.043,0.134,0.871,0.038,8120,15600,,1.00,1,1,800x1200,RL,2
2205,2.903,0.000,1.746,0.315,0.000,0.036,0.074,0.000,1.067,0.140,0.890,0.038,8120,15600,,1.00,1,1,800x1200,RL,2
2206,15.580,12.884,1.693,0.326,0.000,0.035,0.084,0.000,1.058,0.136,0.883,0.039,8120,15600,,1.00,1,1,800x1200,RL,2
2207,15.424,12.743,1.691,0.310,0.000,0.036,0.064,0.000,1.053,0.128,0.887,0.038,8120,15600,,1.00,1,1,800x1200,RL,2
2208,15.570,12.901,1.686,0.315,0.000,0.031,0.067,0.000,1.064,0.138,0.887,0.039,8120,15600,,1.00,1,1,800x1200,RL,2
2209,2.708,0.001,1.671,0.312,0.000,0.041,0.084,0.000,1.003,0.138,0.828,0.038,8120,15600,,1.00,1,1,800x1200,RL,2
2210,15.433,12.794,1.672,0.308,0.000,0.032,0.071,0.000,1.038,0.135,0.865,0.038,8120,15600,,1.00,1,1,800x1200,RL,2
2211,15.539,12.888,1.723,0.298,0.000,0.032,0.062,0.000,1.108,0.130,0.941,0.037,8120,15600,,1.00,1,1,800x1200,RL,2
2212,15.444,12.885,1.691,0.305,0.000,0.030,0.063,0.000,1.151,0.139,0.973,0.038,8120,15600,drag_snap,1.00,1,0,800x1200,RL,2
2213,2.623,0.000,1.725,0.291,0.000,0.029,0.066,0.000,0.862,0.058,0.766,0.038,8120,15600,,1.00,1,0,800x1200,RL,2
2214,15.449,12.912,1.677,0.295,0.000,0.027,0.072,0.000,1.055,0.138,0.878,0.039,8120,15600,,1.00,1,0,800x1200,RL,2
2215,15.318,12.712,1.668,0.308,0.000,0.028,0.066,0.000,0.762,0.056,0.668,0.038,8120,15600,,1.00,1,0,800x1200,RL,2
2216,2.642,0.000,1.780,0.287,0.000,0.029,0.076,0.000,1.091,0.127,0.925,0.039,8120,15600,,1.00,1,0,800x1200,RL,2
2217,15.507,12.812,1.742,0.307,0.000,0.032,0.062,0.000,0.702,0.057,0.607,0.038,8120,15600,,1.00,1,0,800x1200,RL,2
2218,15.619,13.024,1.718,0.300,0.000,0.030,0.062,0.000,1.069,0.137,0.894,0.038,8120,15600,,1.00,1,0,800x1200,RL,2
2219,2.625,0.000,1.717,0.303,0.000,0.029,0.064,0.000,0.808,0.057,0.712,0.039,8120,15600,,1.00,1,0,800x1200,RL,2
2220,15.643,13.017,1.692,0.308,0.000,0.032,0.083,0.000,1.130,0.139,0.952,0.039,8120,15600,,1.00,1,0,800x1200,RL,2
2221,15.553,12.846,1.706,0.319,0.000,0.045,0.067,0.000,0.862,0.057,0.767,0.038,8120,15600,,1.00,1,0,800x1200,RL,2
2222,15.716,13.026,1.719,0.342,0.000,0.037,0.070,0.000,1.030,0.137,0.855,0.038,8120,15600,,1.00,1,0,800x1200,RL,2
2223,2.642,0.000,1.728,0.311,0.000,0.032,0.062,0.000,0.811,0.058,0.715,0.038,8120,15600,,1.00,1,0,800x1200,RL,2
2224,15.563,12.996,1.687,0.317,0.000,0.028,0.065,0.000,1.024,0.139,0.847,0.039,8120,15600,,1.00,1,0,800x1200,RL,2
2225,15.397,12.834,1.657,0.296,0.000,0.028,0.071,0.000,0.771,0.058,0.675,0.038,8120,15600,,1.00,1,0,800x1200,RL,2
2226,2.609,0.000,1.754,0.292,0.000,0.029,0.076,0.000,1.159,0.137,0.984,0.038,8120,15600,,1.00,1,0,800x1200,RL,2
2227,15.745,12.789,1.728,0.368,0.000,0.063,0.078,0.000,0.739,0.057,0.644,0.039,8120,15600,,1.00,1,0,800x1200,RL,2
2228,15.589,12.990,1.686,0.325,0.000,0.034,0.063,0.000,1.096,0.133,0.925,0.038,8120,15600,,1.00,1,0,800x1200,RL,2
2229,15.605,12.981,1.685,0.294,0.000,0.030,0.064,0.000,0.803,0.057,0.707,0.038,8120,15600,,1.00,1,0,800x1200,RL,2
2230,2.559,0.000,1.714,0.286,0.000,0.028,0.068,0.000,1.005,0.140,0.827,0.038,8120,15600,,1.00,1,0,800x1200,RL,2
2231,15.255,12.663,1.674,0.310,0.000,0.030,0.068,0.000,0.746,0.057,0.650,0.039,8120,15600,,1.00,1,0,800x1200,RL,2
2232,15.533,13.000,1.666,0.291,0.000,0.028,0.065,0.000,1.051,0.136,0.878,0.038,8120,15600,,1.00,1,0,800x1200,RL,2
2233,2.720,0.000,1.741,0.323,0.000,0.037,0.069,0.000,0.701,0.060,0.604,0.037,8120,15600,,1.00,1,0,800x1200,RL,2
2234,15.917,13.094,1.717,0.376,0.000,0.065,0.096,0.000,1.104,0.137,0.929,0.037,8120,15600,,1.00,1,0,800x1200,RL,2
2235,15.644,12.779,1.785,0.340,0.000,0.044,0.083,0.000,0.789,0.058,0.692,0.039,8120,15600,,1.00,1,0,800x1200,RL,2
2236,15.588,13.003,1.693,0.303,0.000,0.031,0.058,0.000,1.107,0.138,0.930,0.038,8120,15600,,1.00,1,0,800x1200,RL,2
2237,2.633,0.000,1.716,0.291,0.000,0.029,0.072,0.000,0.833,0.057,0.738,0.038,8120,15600,,1.00,1,0,800x1200,RL,2
2238,15.360,12.763,1.676,0.304,0.000,0.034,0.063,0.000,1.094,0.140,0.917,0.038,8120,15600,,1.00,1,0,800x1200,RL,2
2239,15.625,12.967,1.698,0.309,0.000,0.033,0.064,0.000,0.843,0.058,0.746,0.038,8120,15600,,1.00,1,0,800x1200,RL,2
2240,2.592,0.000,1.737,0.296,0.000,0.029,0.059,0.000,1.081,0.138,0.904,0.039,8120,15600,,1.00,1,0,800x1200,RL,2
2241,15.527,12.947,1.679,0.293,0.000,0.029,0.060,0.000,0.795,0.058,0.698,0.038,8120,15600,,1.00,1,0,800x1200,RL,2
2242,15.536,12.977,1.689,0.306,0.000,0.029,0.071,0.000,1.115,0.132,0.945,0.039,8120,15600,,1.00,1,0,800x1200,RL,2
2243,2.522,0.000,1.662,0.285,0.000,0.026,0.068,0.000,0.852,0.059,0.756,0.038,8120,15600,,1.00,1,0,800x1200,RL,2
2244,15.533,12.931,1.707,0.305,0.000,0.030,0.066,0.000,1.004,0.138,0.828,0.038,8120,15600,,1.00,1,0,800x1200,RL,2
2245,15.696,13.098,1.681,0.294,0.000,0.029,0.071,0.000,0.803,0.058,0.706,0.038,8120,15600,,1.00,1,0,800x1200,RL,2
2246,15.890,13.020,1.753,0.397,0.000,0.061,0.074,0.000,1.099,0.139,0.922,0.038,8120,15600,,1.00,1,0,800x1200,RL,2
2247,2.849,0.000,1.772,0.362,0.000,0.044,0.077,0.000,0.720,0.058,0.624,0.038,8120,15600,,1.00,1,0,800x1200,RL,2
2248,15.930,12.930,1.781,0.393,0.000,0.079,0.084,0.000,1.071,0.140,0.893,0.038,8120,15600,,1.00,1,0,800x1200,RL,2
2249,15.956,13.016,1.738,0.403,0.000,0.066,0.081,0.000,0.782,0.060,0.685,0.038,8120,15600,,1.00,1,0,800x1200,RL,2
2250,15.733,13.013,1.770,0.318,0.000,0.035,0.072,0.000,1.074,0.138,0.897,0.038,8120,15600,,1.00,1,0,800x1200,RL,2
2251,15.700,13.063,1.692,0.310,0.000,0.031,0.070,0.000,0.803,0.057,0.708,0.038,8120,15600,,1.00,1,0,800x1200,RL,2
2252,2.610,0.000,1.752,0.298,0.000,0.028,0.070,0.000,1.044,0.137,0.869,0.038,8120,15600,,1.00,1,0,800x1200,RL,2
2253,16.134,12.768,1.689,0.319,0.630,0.038,0.087,0.000,0.739,0.057,0.644,0.038,8120,15600,,1.00,1,0,800x1200,RL,2
2254,15.534,12.908,1.689,0.320,0.000,0.033,0.073,0.000,1.196,0.128,1.029,0.038,8120,15600,,1.00,1,0,800x1200,RL,2
2255,15.666,13.036,1.691,0.304,0.000,0.033,0.062,0.000,0.762,0.059,0.665,0.038,8120,15600,,1.00,1,0,800x1200,RL,2
2256,2.622,0.000,1.722,0.316,0.000,0.030,0.067,0.000,1.125,0.137,0.950,0.038,8120,15600,,1.00,1,0,800x1200,RL,2
2257,15.574,12.953,1.696,0.294,0.000,0.030,0.069,0.000,0.818,0.059,0.720,0.039,8120,15600,,1.00,1,0,800x1200,RL,2
2258,15.829,13.055,1.727,0.374,0.000,0.052,0.071,0.000,1.106,0.134,0.933,0.039,8120,15600,,1.00,1,0,800x1200,RL,2
2259,15.671,13.034,1.686,0.317,0.000,0.033,0.059,0.000,0.829,0.059,0.733,0.038,8120,15600,,1.00,1,0,800x1200,RL,2
2260,2.649,0.000,1.764,0.317,0.000,0.027,0.072,0.000,1.104,0.139,0.927,0.038,8120,15600,,1.00,1,0,800x1200,RL,2
2261,15.243,12.650,1.695,0.293,0.000,0.030,0.060,0.000,0.763,0.060,0.665,0.039,8120,15600,,1.00,1,0,800x1200,RL,2
2262,15.390,12.859,1.684,0.288,0.000,0.027,0.065,0.000,1.007,0.133,0.836,0.038,8120,15600,,1.00,1,0,800x1200,RL,2
2263,2.843,0.000,1.826,0.348,0.000,0.038,0.074,0.000,0.747,0.057,0.652,0.038,8120,15600,,1.00,1,0,800x1200,RL,2
2264,16.407,13.389,1.815,0.416,0.000,0.079,0.078,0.000,1.040,0.138,0.865,0.037,8120,15600,,1.00,1,0,800x1200,RL,2
2265,16.488,13.414,1.815,0.421,0.000,0.083,0.076,0.000,0.743,0.059,0.645,0.039,8120,15600,,1.00,1,0,800x1200,RL,2
2266,16.348,13.326,1.795,0.397,0.000,0.079,0.094,0.000,1.041,0.138,0.864,0.038,8120,15600,,1.00,1,0,800x1200,RL,2
2267,16.252,13.038,1.781,0.437,0.000,0.091,0.105,0.000,0.767,0.060,0.670,0.038,8120,15600,,1.00,1,0,800x1200,RL,2
2268,16.346,13.252,1.809,0.441,0.000,0.087,0.093,0.000,1.081,0.138,0.905,0.039,8120,15600,,1.00,1,0,800x1200,RL,2
2269,16.221,13.143,1.791,0.423,0.000,0.086,0.083,0.000,0.820,0.059,0.723,0.038,8120,15600,,1.00,1,0,800x1200,RL,2
2270,16.210,13.126,1.847,0.400,0.000,0.085,0.090,0.000,1.036,0.138,0.860,0.038,8120,15600,,1.00,1,0,800x1200,RL,2
2271,2.838,0.000,1.756,0.359,0.000,0.047,0.082,0.000,0.768,0.059,0.670,0.038,8120,15600,,1.00,1,0,800x1200,RL,2
2272,15.986,12.988,1.783,0.383,0.000,0.082,0.084,0.000,1.151,0.136,0.976,0.038,8120,15600,,1.00,1,0,800x1200,RL,2
2273,16.524,13.332,1.860,0.418,0.000,0.086,0.091,0.000,0.807,0.060,0.709,0.039,8120,15600,,1.00,1,0,800x1200,RL,2
2274,16.333,13.322,1.789,0.420,0.000,0.082,0.090,0.000,0.997,0.136,0.823,0.038,8120,15600,,1.00,1,0,800x1200,RL,2
2275,16.282,13.222,1.784,0.409,0.000,0.082,0.086,0.000,0.763,0.060,0.666,0.037,8120,15600,,1.00,1,0,800x1200,RL,2
2276,16.313,13.250,1.788,0.402,0.000,0.082,0.102,0.000,1.263,0.133,1.089,0.042,8120,15600,,1.00,1,0,800x1200,RL,2
2277,16.352,13.334,1.821,0.402,0.000,0.078,0.072,0.000,0.797,0.060,0.699,0.038,8120,15600,,1.00,1,0,800x1200,RL,2
2278,16.149,13.331,1.727,0.374,0.000,0.066,0.077,0.000,0.176,0.138,0.000,0.038,8120,15600,,1.00,1,0,800x1200,RL,2
2279,16.038,13.085,1.728,0.395,0.000,0.060,0.085,0.000,0.730,0.058,0.634,0.038,8120,15600,,1.00,1,0,800x1200,RL,2
2280,2.768,0.000,1.767,0.356,0.000,0.041,0.075,0.000,1.106,0.132,0.936,0.038,8120,15600,,1.00,1,0,800x1200,RL,2
2281,15.925,13.122,1.726,0.349,0.000,0.046,0.076,0.000,0.724,0.058,0.628,0.038,8120,15600,,1.00,1,0,800x1200,RL,2
2282,16.052,13.171,1.739,0.387,0.000,0.070,0.077,0.000,1.049,0.136,0.874,0.039,8120,15600,,1.00,1,0,800x1200,RL,2
2283,16.127,13.184,1.748,0.387,0.000,0.073,0.075,0.000,0.727,0.058,0.630,0.038,8120,15600,,1.00,1,0,800x1200,RL,2
2284,15.693,13.048,1.694,0.324,0.000,0.033,0.090,0.000,0.176,0.138,0.000,0.038,8120,15600,,1.00,1,0,800x1200,RL,2
2285,2.813,0.000,1.723,0.325,0.000,0.041,0.071,0.000,0.802,0.057,0.706,0.038,8120,15600,,1.00,1,0,800x1200,RL,2
2286,17.434,14.072,1.939,0.465,0.000,0.105,0.096,0.000,1.005,0.142,0.826,0.038,8120,15600,,1.00,1,0,800x1200,RL,2
2287,15.917,13.094,1.712,0.384,0.000,0.053,0.079,0.000,0.777,0.061,0.679,0.038,8120,15600,,1.00,1,0,800x1200,RL,2
2288,15.752,13.085,1.721,0.321,0.000,0.037,0.064,0.000,1.001,0.132,0.830,0.038,8120,15600,,1.00,1,0,800x1200,RL,2
2289,16.035,13.082,1.767,0.377,0.000,0.052,0.085,0.000,0.777,0.057,0.682,0.039,8120,15600,,1.00,1,0,800x1200,RL,2
2290,15.593,12.952,1.706,0.308,0.000,0.036,0.069,0.000,1.032,0.138,0.855,0.039,8120,15600,,1.00,1,0,800x1200,RL,2
2291,15.696,13.007,1.696,0.306,0.000,0.034,0.095,0.000,0.764,0.059,0.667,0.038,8120,15600,,1.00,1,0,800x1200,RL,2
2292,2.728,0.000,1.748,0.305,0.000,0.035,0.074,0.000,1.059,0.143,0.878,0.038,8120,15600,,1.00,1,0,800x1200,RL,2
2293,15.634,12.916,1.716,0.314,0.000,0.036,0.068,0.000,0.704,0.058,0.608,0.038,8120,15600,,1.00,1,0,800x1200,RL,2
2294,15.671,13.045,1.688,0.310,0.000,0.031,0.089,0.000,1.108,0.139,0.931,0.038,8120,15600,,1.00,1,0,800x1200,RL,2
2295,15.613,12.802,1.711,0.340,0.000,0.040,0.079,0.000,0.910,0.057,0.815,0.038,8120,15600,,1.00,1,0,800x1200,RL,2
2296,2.766,0.000,1.755,0.336,0.000,0.039,0.074,0.000,1.011,0.135,0.838,0.038,8120,15600,,1.00,1,0,800x1200,RL,2
2297,15.934,13.011,1.739,0.383,0.000,0.077,0.076,0.000,0.703,0.058,0.607,0.038,8120,15600,,1.00,1,0,800x1200,RL,2
2298,15.682,13.074,1.688,0.309,0.000,0.033,0.070,0.000,1.034,0.139,0.855,0.039,8120,15600,,1.00,1,0,800x1200,RL,2
2299,15.610,12.955,1.701,0.303,0.000,0.031,0.083,0.000,0.772,0.056,0.678,0.038,8120,15600,,1.00,1,0,800x1200,RL,2
2300,2.698,0.000,1.735,0.314,0.000,0.033,0.066,0.000,1.120,0.139,0.942,0.039,8120,15600,,1.00,1,0,800x1200,RL,2
2301,15.720,13.015,1.708,0.305,0.000,0.036,0.071,0.000,0.807,0.058,0.710,0.039,8120,15600,,1.00,1,0,800x1200,RL,2
2302,15.685,13.043,1.725,0.312,0.000,0.032,0.065,0.000,1.128,0.138,0.952,0.038,8120,15600,,1.00,1,0,800x1200,RL,2
2303,2.689,0.000,1.741,0.305,0.000,0.031,0.067,0.000,0.712,0.059,0.616,0.037,8120,15600,,1.00,1,0,800x1200,RL,2
2304,15.631,13.054,1.679,0.306,0.000,0.029,0.061,0.000,1.116,0.138,0.941,0.038,8120,15600,,1.00,1,0,800x1200,RL,2
2305,15.641,13.020,1.689,0.305,0.000,0.030,0.067,0.000,0.783,0.057,0.688,0.038,8120,15600,,1.00,1,0,800x1200,RL,2
2306,15.544,12.968,1.691,0.299,0.000,0.029,0.074,0.000,1.050,0.125,0.887,0.038,8120,15600,,1.00,1,0,800x1200,RL,2
2307,2.609,0.000,1.719,0.276,0.000,0.027,0.092,0.000,0.820,0.058,0.723,0.038,8120,15600,,1.00,1,0,800x1200,RL,2
2308,15.439,12.738,1.687,0.327,0.000,0.039,0.076,0.000,1.214,0.136,1.040,0.038,8120,15600,,1.00,1,0,800x1200,RL,2
2309,15.562,12.924,1.682,0.304,0.000,0.029,0.082,0.000,0.096,0.057,0.000,0.038,8120,15600,,1.00,1,0,800x1200,RL,2
2310,2.582,0.000,1.704,0.290,0.000,0.031,0.062,0.000,1.009,0.138,0.832,0.038,8120,15600,,1.00,1,0,800x1200,RL,2
2311,15.441,12.796,1.689,0.309,0.000,0.032,0.069,0.000,0.701,0.057,0.606,0.038,8120,15600,,1.00,1,0,800x1200,RL,2
2312,15.559,12.974,1.693,0.301,0.000,0.031,0.067,0.000,1.151,0.138,0.974,0.038,8120,15600,,1.00,1,0,800x1200,RL,2
2313,15.596,13.025,1.670,0.295,0.000,0.029,0.067,0.000,0.703,0.059,0.606,0.039,8120,15600,,1.00,1,0,800x1200,RL,2
2314,2.622,0.000,1.735,0.306,0.000,0.029,0.078,0.000,1.138,0.140,0.959,0.039,8120,15600,,1.00,1,0,800x1200,RL,2
2315,15.468,12.757,1.682,0.338,0.000,0.037,0.078,0.000,0.798,0.059,0.701,0.038,8120,15600,,1.00,1,0,800x1200,RL,2
2316,15.303,12.752,1.675,0.309,0.000,0.030,0.066,0.000,1.045,0.138,0.869,0.038,8120,15600,,1.00,1,0,800x1200,RL,2
2317,2.609,0.000,1.729,0.286,0.000,0.029,0.063,0.000,0.701,0.057,0.606,0.038,8120,15600,,1.00,1,0,800x1200,RL,2
2318,15.485,12.941,1.681,0.292,0.000,0.031,0.076,0.000,1.028,0.132,0.857,0.038,8120,15600,,1.00,1,0,800x1200,RL,2
2319,16.123,12.914,1.835,0.443,0.000,0.089,0.090,0.000,0.805,0.058,0.709,0.038,8120,15600,,1.00,1,0,800x1200,RL,2
2320,15.824,13.114,1.706,0.370,0.000,0.039,0.072,0.000,1.095,0.136,0.921,0.038,8120,15600,,1.00,1,0,800x1200,RL,2
2321,2.691,0.000,1.723,0.317,0.000,0.031,0.089,0.000,0.804,0.058,0.708,0.039,8120,15600,,1.00,1,0,800x1200,RL,2
2322,15.596,12.895,1.719,0.334,0.000,0.033,0.073,0.000,1.123,0.138,0.946,0.038,8120,15600,,1.00,1,0,800x1200,RL,2
2323,15.643,12.984,1.701,0.308,0.000,0.033,0.062,0.000,0.865,0.059,0.768,0.038,8120,15600,,1.00,1,0,800x1200,RL,2
2324,15.615,13.007,1.700,0.324,0.000,0.029,0.074,0.000,1.028,0.139,0.851,0.039,8120,15600,,1.00,1,0,800x1200,RL,2
2325,2.600,0.000,1.705,0.292,0.000,0.028,0.064,0.000,0.786,0.057,0.691,0.038,8120,15600,,1.00,1,0,800x1200,RL,2
2326,15.547,13.007,1.680,0.295,0.000,0.027,0.065,0.000,1.163,0.142,0.984,0.037,8120,15600,,1.00,1,0,800x1200,RL,2
2327,15.834,13.044,1.746,0.347,0.000,0.046,0.064,0.000,0.836,0.059,0.738,0.039,8120,15600,,1.00,1,0,800x1200,RL,2
2328,2.681,0.000,1.779,0.319,0.000,0.032,0.098,0.000,1.081,0.135,0.907,0.039,8120,15600,,1.00,1,0,800x1200,RL,2
2329,15.774,13.049,1.718,0.325,0.000,0.040,0.065,0.000,0.805,0.057,0.710,0.039,8120,15600,,1.00,1,0,800x1200,RL,2
2330,15.844,13.235,1.718,0.309,0.000,0.036,0.064,0.000,1.078,0.137,0.902,0.039,8120,15600,,1.00,1,0,800x1200,RL,2
2331,15.742,13.052,1.753,0.311,0.000,0.036,0.054,0.000,0.808,0.057,0.711,0.040,8120,15600,,1.00,1,0,800x1200,RL,2
2332,2.662,0.000,1.799,0.300,0.000,0.031,0.064,0.000,1.110,0.139,0.932,0.039,8120,15600,,1.00,1,0,800x1200,RL,2
2333,15.771,13.115,1.726,0.305,0.000,0.027,0.069,0.000,0.822,0.057,0.726,0.039,8120,15600,,1.00,1,0,800x1200,RL,2
2334,15.695,13.142,1.700,0.301,0.000,0.027,0.054,0.000,0.999,0.142,0.817,0.040,8120,15600,,1.00,1,0,800x1200,RL,2
2335,15.934,13.177,1.730,0.340,0.000,0.043,0.068,0.000,0.745,0.058,0.648,0.039,8120,15600,,1.00,1,0,800x1200,RL,2
2336,15.726,13.148,1.688,0.308,0.000,0.027,0.083,0.000,0.999,0.138,0.822,0.039,8120,15600,,1.00,1,0,800x1200,RL,2
2337,2.763,0.000,1.761,0.302,0.000,0.034,0.084,0.000,0.804,0.057,0.708,0.039,8120,15600,,1.00,1,0,800x1200,RL,2
2338,15.431,12.837,1.678,0.318,0.000,0.034,0.067,0.000,1.008,0.139,0.830,0.039,8120,15600,,1.00,1,0,800x1200,RL,2
2339,15.736,13.046,1.738,0.312,0.000,0.030,0.062,0.000,0.822,0.057,0.724,0.040,8120,15600,,1.00,1,0,800x1200,RL,2
2340,2.656,0.000,1.789,0.302,0.000,0.030,0.066,0.000,1.047,0.137,0.871,0.039,8120,15600,,1.00,1,0,800x1200,RL,2
2341,15.706,13.033,1.756,0.303,0.000,0.028,0.066,0.000,0.987,0.058,0.891,0.039,8120,15600,,1.00,1,0,800x1200,RL,2
2342,15.683,13.148,1.679,0.295,0.000,0.027,0.062,0.000,1.218,0.141,1.038,0.039,8120,15600,,1.00,1,0,800x1200,RL,2
2343,15.691,13.113,1.688,0.294,0.000,0.028,0.065,0.000,0.755,0.059,0.656,0.039,8120,15600,,1.00,1,0,800x1200,RL,2
2344,2.597,0.000,1.752,0.294,0.000,0.026,0.058,0.000,1.012,0.136,0.837,0.039,8120,15600,,1.00,1,0,800x1200,RL,2
2345,16.281,13.215,1.843,0.406,0.000,0.075,0.081,0.000,0.910,0.057,0.815,0.038,8120,15600,,1.00,1,0,800x1200,RL,2
2346,16.252,13.233,1.792,0.422,0.000,0.079,0.090,0.000,1.097,0.138,0.921,0.038,8120,15600,,1.00,1,0,800x1200,RL,2
2347,16.452,13.218,1.817,0.450,0.000,0.089,0.097,0.000,0.756,0.059,0.658,0.038,8120,15600,,1.00,1,0,800x1200,RL,2
2348,16.830,13.489,1.958,0.465,0.000,0.097,0.097,0.000,1.013,0.133,0.842,0.038,8120,15600,,1.00,1,0,800x1200,RL,2
2349,16.358,13.261,1.782,0.446,0.000,0.091,0.084,0.000,0.802,0.058,0.706,0.038,8120,15600,,1.00,1,0,800x1200,RL,2
2350,16.073,13.082,1.797,0.413,0.000,0.080,0.081,0.000,1.136,0.136,0.962,0.038,8120,15600,,1.00,1,0,800x1200,RL,2
2351,16.630,13.508,1.843,0.413,0.000,0.087,0.087,0.000,0.701,0.059,0.604,0.038,8120,15600,,1.00,1,0,800x1200,RL,2
2352,16.607,13.383,1.910,0.446,0.000,0.085,0.111,0.000,1.130,0.137,0.955,0.038,8120,15600,,1.00,1,0,800x1200,RL,2
2353,17.060,13.755,1.859,0.466,0.000,0.099,0.099,0.000,0.734,0.060,0.636,0.038,8120,15600,,1.00,1,0,800x1200,RL,2
2354,16.939,13.537,1.915,0.490,0.000,0.096,0.110,0.000,1.008,0.138,0.833,0.037,8120,15600,,1.00,1,0,800x1200,RL,2
2355,16.497,13.395,1.803,0.437,0.000,0.080,0.085,0.000,0.766,0.059,0.669,0.038,8120,15600,,1.00,1,0,800x1200,RL,2
2356,15.893,13.154,1.732,0.358,0.000,0.049,0.068,0.000,1.106,0.137,0.930,0.038,8120,15600,,1.00,1,0,800x1200,RL,2
2357,16.076,13.142,1.727,0.401,0.000,0.071,0.085,0.000,0.692,0.058,0.595,0.039,8120,15600,,1.00,1,0,800x1200,RL,2
2358,16.139,13.192,1.764,0.392,0.000,0.078,0.086,0.000,1.089,0.139,0.912,0.038,8120,15600,,1.00,1,0,800x1200,RL,2
2359,2.710,0.001,1.728,0.324,0.000,0.039,0.102,0.000,0.704,0.059,0.606,0.038,8120,15600,,1.00,1,0,800x1200,RL,2
2360,16.168,13.061,1.794,0.441,0.000,0.071,0.085,0.000,1.074,0.134,0.903,0.038,8120,15600,,1.00,1,0,800x1200,RL,2
2361,16.212,13.147,1.766,0.405,0.000,0.082,0.082,0.000,0.853,0.060,0.754,0.038,8120,15600,,1.00,1,0,800x1200,RL,2
2362,16.160,13.159,1.763,0.426,0.000,0.083,0.090,0.000,1.058,0.137,0.883,0.038,8120,15600,,1.00,1,0,800x1200,RL,2
2363,15.800,13.064,1.735,0.324,0.000,0.040,0.069,0.000,0.761,0.058,0.665,0.038,8120,15600,,1.00,1,0,800x1200,RL,2
2364,15.679,13.066,1.693,0.324,0.000,0.031,0.069,0.000,1.260,0.129,1.092,0.039,8120,15600,,1.00,1,0,800x1200,RL,2
2365,2.635,0.000,1.709,0.313,0.000,0.029,0.067,0.000,0.697,0.058,0.601,0.037,8120,15600,,1.00,1,0,800x1200,RL,2
2366,15.620,13.010,1.704,0.310,0.000,0.031,0.068,0.000,1.110,0.138,0.933,0.038,8120,15600,,1.00,1,0,800x1200,RL,2
2367,16.365,13.081,1.788,0.450,0.000,0.067,0.095,0.000,0.787,0.060,0.689,0.038,8120,15600,,1.00,1,0,800x1200,RL,2
2368,16.226,13.333,1.733,0.397,0.000,0.075,0.083,0.000,1.111,0.137,0.935,0.039,8120,15600,,1.00,1,0,800x1200,RL,2
2369,15.725,13.040,1.691,0.323,0.000,0.042,0.073,0.000,0.696,0.059,0.599,0.038,8120,15600,,1.00,1,0,800x1200,RL,2
2370,2.636,0.000,1.741,0.300,0.000,0.030,0.089,0.000,0.992,0.138,0.815,0.039,8120,15600,,1.00,1,0,800x1200,RL,2
2371,16.072,12.968,1.795,0.398,0.000,0.067,0.083,0.000,0.700,0.057,0.604,0.039,8120,15600,,1.00,1,0,800x1200,RL,2
2372,15.879,13.025,1.771,0.365,0.000,0.058,0.079,0.000,1.067,0.139,0.890,0.038,8120,15600,,1.00,1,0,800x1200,RL,2
2373,15.728,13.022,1.705,0.312,0.000,0.036,0.089,0.000,0.797,0.057,0.700,0.039,8120,15600,,1.00,1,0,800x1200,RL,2
2374,2.838,0.000,1.832,0.317,0.000,0.035,0.076,0.000,1.045,0.138,0.869,0.039,8120,15600,,1.00,1,0,800x1200,RL,2
2375,15.591,12.893,1.699,0.317,0.000,0.036,0.070,0.000,0.803,0.057,0.708,0.038,8120,15600,,1.00,1,0,800x1200,RL,2
2376,15.965,12.987,1.860,0.379,0.000,0.048,0.084,0.000,1.074,0.138,0.899,0.038,8120,15600,,1.00,1,0,800x1200,RL,2
2377,16.679,13.559,1.816,0.440,0.000,0.093,0.080,0.000,0.808,0.060,0.711,0.038,8120,15600,,1.00,1,0,800x1200,RL,2
2378,16.369,13.426,1.777,0.418,0.000,0.083,0.073,0.000,1.134,0.127,0.968,0.039,8120,15600,,1.00,1,0,800x1200,RL,2
2379,16.228,13.452,1.758,0.347,0.000,0.047,0.066,0.000,0.802,0.058,0.705,0.039,8120,15600,,1.00,1,0,800x1200,RL,2
2380,16.283,13.500,1.817,0.330,0.000,0.041,0.071,0.000,1.118,0.139,0.940,0.039,8120,15600,,1.00,1,0,800x1200,RL,2
2381,2.817,0.000,1.850,0.336,0.000,0.038,0.061,0.000,0.779,0.060,0.681,0.038,8120,15600,,1.00,1,0,800x1200,RL,2
2382,16.563,13.503,1.818,0.433,0.000,0.083,0.104,0.000,1.040,0.138,0.864,0.038,8120,15600,,1.00,1,0,800x1200,RL,2
2383,16.363,13.412,1.767,0.372,0.000,0.050,0.082,0.000,0.781,0.060,0.682,0.039,8120,15600,,1.00,1,0,800x1200,RL,2
2384,16.335,13.456,1.783,0.376,0.000,0.054,0.084,0.000,1.151,0.138,0.975,0.038,8120,15600,,1.00,1,0,800x1200,RL,2
2385,16.199,13.411,1.758,0.349,0.000,0.045,0.070,0.000,0.808,0.057,0.712,0.039,8120,15600,,1.00,1,0,800x1200,RL,2
2386,16.115,13.319,1.771,0.356,0.000,0.055,0.070,0.000,1.058,0.130,0.889,0.039,8120,15600,,1.00,1,0,800x1200,RL,2
2387,15.786,13.149,1.718,0.311,0.000,0.034,0.061,0.000,1.408,0.323,0.753,0.332,8120,15600,,1.00,1,0,800x1200,RL,2
2388,16.365,13.390,1.800,0.433,0.000,0.079,0.074,0.000,0.714,0.043,0.268,0.403,8120,15600,,1.00,1,0,800x1200,RL,2
2389,16.244,13.386,1.810,0.396,0.000,0.045,0.064,0.000,0.260,0.021,0.225,0.014,8120,15600,,1.00,1,0,800x1200,RL,2
2390,2.726,0.000,1.814,0.346,0.000,0.030,0.083,0.000,0.417,0.058,0.345,0.015,8120,15600,,1.00,1,0,800x1200,RL,2
2391,16.280,13.416,1.765,0.360,0.000,0.044,0.079,0.000,0.354,0.027,0.311,0.017,8120,15600,,1.00,1,0,800x1200,RL,2
2392,15.842,13.195,1.724,0.331,0.000,0.037,0.067,0.000,0.444,0.066,0.360,0.018,8120,15600,,1.00,1,0,800x1200,RL,2
2393,15.774,13.115,1.723,0.328,0.000,0.033,0.059,0.000,0.323,0.028,0.277,0.018,8120,15600,,1.00,1,0,800x1200,RL,2
2394,15.668,13.102,1.705,0.311,0.000,0.029,0.055,0.000,0.449,0.066,0.364,0.019,8120,15600,,1.00,1,0,800x1200,RL,2
2395,2.616,0.000,1.726,0.304,0.000,0.029,0.060,0.000,0.467,0.034,0.412,0.022,8120,15600,,1.00,1,0,800x1200,RL,2
2396,15.680,13.130,1.702,0.318,0.000,0.028,0.055,0.000,6.188,2.834,3.148,0.206,8120,15600,,1.00,1,0,800x1200,RL,2
2397,16.065,13.215,1.756,0.373,0.000,0.054,0.092,0.000,0.431,0.034,0.336,0.061,8120,15600,,1.00,1,0,800x1200,RL,2
2398,16.627,13.480,1.850,0.447,0.000,0.080,0.090,0.000,1.139,0.140,0.976,0.022,8120,15600,,1.00,1,0,800x1200,RL,2
2399,16.774,13.726,1.802,0.438,0.000,0.073,0.077,0.000,0.789,0.058,0.692,0.038,8120,15600,,1.00,1,0,800x1200,RL,2
2400,16.427,13.559,1.786,0.394,0.000,0.052,0.079,0.000,1.098,0.136,0.924,0.037,8120,15600,,1.00,1,0,800x1200,RL,2
2401,16.441,13.601,1.795,0.356,0.000,0.048,0.072,0.000,0.809,0.059,0.713,0.038,8120,15600,,1.00,1,0,800x1200,RL,2
2402,16.750,13.765,1.829,0.392,0.000,0.064,0.100,0.000,1.084,0.139,0.907,0.038,8120,15600,,1.00,1,0,800x1200,RL,2
2403,16.901,13.635,1.856,0.469,0.000,0.083,0.088,0.000,0.807,0.059,0.709,0.039,8120,15600,,1.00,1,0,800x1200,RL,2
2404,16.549,13.586,1.792,0.413,0.000,0.069,0.075,0.000,3.658,1.975,1.652,0.031,8120,15600,,1.00,1,0,800x1200,RL,2
2405,17.117,13.705,1.904,0.481,0.000,0.098,0.105,0.000,4.746,2.258,2.472,0.016,8120,15600,,1.00,1,0,800x1200,RL,2
2406,16.743,13.716,1.825,0.433,0.000,0.064,0.078,0.000,0.366,0.049,0.302,0.015,8120,15600,,1.00,1,0,800x1200,RL,2
2407,16.545,13.569,1.782,0.394,0.000,0.062,0.104,0.000,0.291,0.024,0.253,0.014,8120,15600,,1.00,1,0,800x1200,RL,2
2408,16.729,13.641,1.839,0.430,0.000,0.067,0.082,0.000,0.416,0.056,0.344,0.016,8120,15600,,1.00,1,0,800x1200,RL,2
2409,16.809,13.743,1.820,0.403,0.000,0.072,0.076,0.000,0.317,0.026,0.274,0.017,8120,15600,,1.00,1,0,800x1200,RL,2
2410,16.511,13.608,1.785,0.371,0.000,0.051,0.138,0.000,0.079,0.061,0.000,0.019,8120,15600,,1.00,1,0,800x1200,RL,2
2411,16.666,13.656,1.785,0.394,0.000,0.054,0.076,0.000,0.397,0.034,0.345,0.018,8120,15600,,1.00,1,0,800x1200,RL,2
2412,16.446,13.555,1.799,0.372,0.000,0.047,0.087,0.000,0.609,0.079,0.507,0.023,8120,15600,,1.00,1,0,800x1200,RL,2
2413,16.552,13.496,1.776,0.416,0.000,0.089,0.085,0.000,0.758,0.059,0.666,0.033,8120,15600,,1.00,1,0,800x1200,RL,2
2414,16.139,13.203,1.775,0.402,0.000,0.069,0.080,0.000,1.107,0.136,0.933,0.038,8120,15600,,1.00,1,0,800x1200,RL,2
2415,16.615,13.324,1.913,0.418,0.000,0.093,0.111,0.000,0.792,0.060,0.694,0.039,8120,15600,,1.00,1,0,800x1200,RL,2
2416,16.589,13.506,1.825,0.424,0.000,0.088,0.087,0.000,1.038,0.136,0.863,0.039,8120,15600,,1.00,1,0,800x1200,RL,2
2417,16.554,13.463,1.835,0.408,0.000,0.086,0.085,0.000,0.697,0.060,0.599,0.038,8120,15600,,1.00,1,0,800x1200,RL,2
2418,16.685,13.568,1.797,0.440,0.000,0.084,0.118,0.000,1.112,0.136,0.938,0.037,8120,15600,,1.00,1,0,800x1200,RL,2
2419,17.344,13.702,1.958,0.519,0.000,0.110,0.117,0.000,0.737,0.059,0.639,0.039,8120,15600,,1.00,1,0,800x1200,RL,2
2420,17.239,13.904,1.905,0.482,0.000,0.101,0.097,0.000,1.109,0.132,0.940,0.038,8120,15600,,1.00,1,0,800x1200,RL,2
2421,16.617,13.490,1.795,0.422,0.000,0.091,0.093,0.000,0.700,0.058,0.604,0.038,8120,15600,,1.00,1,0,800x1200,RL,2
2422,16.173,13.388,1.743,0.351,0.000,0.047,0.089,0.000,1.081,0.130,0.912,0.039,8120,15600,,1.00,1,0,800x1200,RL,2
2423,16.488,13.183,1.868,0.466,0.000,0.079,0.098,0.000,0.804,0.057,0.708,0.039,8120,15600,,1.00,1,0,800x1200,RL,2
2424,16.154,13.154,1.757,0.420,0.000,0.071,0.092,0.000,1.093,0.134,0.920,0.039,8120,15600,,1.00,1,0,800x1200,RL,2
2425,16.315,13.243,1.799,0.428,0.000,0.086,0.080,0.000,0.788,0.060,0.689,0.038,8120,15600,,1.00,1,0,800x1200,RL,2
2426,16.005,13.160,1.751,0.375,0.000,0.060,0.080,0.000,1.110,0.133,0.938,0.038,8120,15600,,1.00,1,0,800x1200,RL,2
2427,2.746,0.000,1.755,0.341,0.000,0.039,0.071,0.000,0.736,0.057,0.641,0.038,8120,15600,,1.00,1,0,800x1200,RL,2
2428,16.054,13.160,1.743,0.402,0.000,0.064,0.099,0.000,1.112,0.141,0.934,0.038,8120,15600,,1.00,1,0,800x1200,RL,2
2429,15.959,12.912,1.778,0.378,0.000,0.064,0.093,0.000,0.808,0.060,0.710,0.038,8120,15600,,1.00,1,0,800x1200,RL,2
2430,15.786,13.091,1.695,0.324,0.000,0.037,0.091,0.000,1.059,0.140,0.881,0.038,8120,15600,,1.00,1,0,800x1200,RL,2
2431,15.673,12.934,1.741,0.329,0.000,0.036,0.071,0.000,0.743,0.060,0.644,0.039,8120,15600,,1.00,1,0,800x1200,RL,2
2432,2.619,0.000,1.720,0.315,0.000,0.030,0.062,0.000,1.130,0.140,0.951,0.038,8120,15600,,1.00,1,0,800x1200,RL,2
2433,15.611,13.009,1.674,0.310,0.000,0.030,0.060,0.000,0.716,0.060,0.618,0.038,8120,15600,,1.00,1,0,800x1200,RL,2
2434,15.624,13.021,1.714,0.316,0.000,0.031,0.062,0.000,1.049,0.139,0.872,0.038,8120,15600,,1.00,1,0,800x1200,RL,2
2435,15.870,13.028,1.686,0.358,0.000,0.041,0.098,0.000,0.849,0.057,0.754,0.038,8120,15600,,1.00,1,0,800x1200,RL,2
2436,2.680,0.000,1.739,0.317,0.000,0.032,0.072,0.000,1.158,0.141,0.979,0.038,8120,15600,,1.00,1,0,800x1200,RL,2
2437,15.665,13.023,1.683,0.311,0.000,0.033,0.069,0.000,0.803,0.057,0.707,0.038,8120,15600,,1.00,1,0,800x1200,RL,2
2438,15.699,13.095,1.696,0.314,0.000,0.032,0.067,0.000,1.004,0.131,0.834,0.038,8120,15600,,1.00,1,0,800x1200,RL,2
2439,15.779,13.096,1.706,0.320,0.000,0.038,0.066,0.000,0.761,0.057,0.667,0.038,8120,15600,,1.00,1,0,800x1200,RL,2
2440,2.703,0.000,1.721,0.297,0.000,0.029,0.076,0.000,1.152,0.132,0.983,0.038,8120,15600,,1.00,1,0,800x1200,RL,2
2441,15.615,12.849,1.694,0.343,0.000,0.040,0.074,0.000,0.789,0.057,0.693,0.039,8120,15600,,1.00,1,0,800x1200,RL,2
2442,15.733,13.086,1.694,0.327,0.000,0.036,0.071,0.000,1.110,0.139,0.933,0.038,8120,15600,,1.00,1,0,800x1200,RL,2
2443,15.861,13.082,1.747,0.329,0.000,0.043,0.078,0.000,0.781,0.058,0.684,0.039,8120,15600,,1.00,1,0,800x1200,RL,2
2444,15.741,13.087,1.710,0.320,0.000,0.037,0.065,0.000,1.140,0.139,0.963,0.039,8120,15600,,1.00,1,0,800x1200,RL,2
2445,2.708,0.001,1.722,0.320,0.000,0.038,0.069,0.000,0.849,0.057,0.754,0.038,8120,15600,,1.00,1,0,800x1200,RL,2
2446,16.196,13.234,1.765,0.412,0.000,0.075,0.085,0.000,1.064,0.138,0.888,0.038,8120,15600,,1.00,1,0,800x1200,RL,2
2447,16.003,13.173,1.712,0.373,0.000,0.049,0.087,0.000,0.757,0.060,0.659,0.038,8120,15600,,1.00,1,0,800x1200,RL,2
2448,17.056,13.844,1.879,0.434,0.000,0.087,0.099,0.000,1.061,0.136,0.887,0.038,8120,15600,drag_start,1.00,1,1,800x1200,RL,2
2449,16.975,13.752,1.846,0.453,0.000,0.090,0.091,0.000,1.100,0.144,0.917,0.039,8120,15600,,1.00,1,1,800x1200,RL,2
2450,16.558,13.525,1.794,0.397,0.000,0.081,0.087,0.000,1.050,0.135,0.877,0.038,8120,15600,,1.00,1,1,800x1200,RL,2
2451,16.727,13.603,1.839,0.414,0.000,0.081,0.091,0.000,1.038,0.133,0.867,0.039,8120,15600,,1.00,1,1,800x1200,RL,2
2452,16.139,13.236,1.742,0.383,0.000,0.062,0.074,0.000,1.148,0.142,0.968,0.038,8120,15600,,1.00,1,1,800x1200,RL,2
2453,15.812,13.031,1.724,0.356,0.000,0.047,0.072,0.000,1.092,0.135,0.919,0.038,8120,15600,,1.00,1,1,800x1200,RL,2
2454,15.650,12.979,1.699,0.317,0.000,0.033,0.068,0.000,1.089,0.140,0.911,0.038,8120,15600,,1.00,1,1,800x1200,RL,2
2455,6.220,0.000,1.723,0.292,0.000,0.026,0.086,0.000,7.925,3.861,3.864,0.200,8120,15600,,1.00,1,1,800x1200,RL,2
2456,15.478,12.644,1.679,0.358,0.000,0.038,0.090,0.000,0.370,0.050,0.259,0.061,8120,15600,,1.00,1,1,800x1200,RL,2
2457,15.598,12.838,1.732,0.322,0.000,0.037,0.078,0.000,0.372,0.058,0.301,0.014,8120,15600,,1.00,1,1,800x1200,RL,2
2458,15.535,12.869,1.721,0.308,0.000,0.029,0.065,0.000,0.396,0.058,0.322,0.016,8120,15600,,1.00,1,1,800x1200,RL,2
2459,15.548,12.887,1.701,0.313,0.000,0.031,0.084,0.000,0.445,0.061,0.367,0.017,8120,15600,,1.00,1,1,800x1200,RL,2
2460,15.267,12.627,1.707,0.291,0.000,0.030,0.073,0.000,0.519,0.058,0.443,0.018,8120,15600,,1.00,1,1,800x1200,RL,2
2461,15.323,12.698,1.682,0.314,0.000,0.030,0.070,0.000,0.496,0.040,0.435,0.021,8120,15600,,1.00,1,1,800x1200,RL,2
2462,2.593,0.000,1.717,0.271,0.000,0.028,0.061,0.000,0.599,0.075,0.507,0.018,8120,15600,,1.00,1,1,800x1200,RL,2
2463,15.719,12.994,1.713,0.340,0.000,0.044,0.065,0.000,0.927,0.075,0.819,0.033,8120,15600,,1.00,1,1,800x1200,RL,2
2464,16.031,13.106,1.745,0.387,0.000,0.071,0.076,0.000,0.605,0.081,0.497,0.027,8120,15600,,1.00,1,1,800x1200,RL,2
2465,15.582,12.889,1.704,0.309,0.000,0.032,0.076,0.000,1.164,0.138,0.994,0.033,8120,15600,,1.00,1,1,800x1200,RL,2
2466,2.541,0.000,1.665,0.279,0.000,0.030,0.060,0.000,1.091,0.139,0.913,0.038,8120,15600,,1.00,1,1,800x1200,RL,2
2467,15.542,12.714,1.703,0.356,0.000,0.039,0.086,0.000,1.214,0.139,1.037,0.039,8120,15600,,1.00,1,1,800x1200,RL,2
2468,15.861,12.745,1.771,0.401,0.000,0.078,0.129,0.000,0.180,0.141,0.000,0.039,8120,15600,,1.00,1,1,800x1200,RL,2
2469,15.486,12.654,1.711,0.361,0.000,0.044,0.076,0.000,1.112,0.140,0.933,0.039,8120,15600,,1.00,1,1,800x1200,RL,2
2470,2.690,0.000,1.750,0.297,0.000,0.029,0.073,0.000,1.221,0.141,1.042,0.039,8120,15600,,1.00,1,1,800x1200,RL,2
2471,15.644,12.970,1.722,0.309,0.000,0.034,0.067,0.000,1.039,0.139,0.862,0.039,8120,15600,,1.00,1,1,800x1200,RL,2
2472,15.633,12.992,1.691,0.313,0.000,0.031,0.088,0.000,1.097,0.139,0.919,0.038,8120,15600,,1.00,1,1,800x1200,RL,2
2473,15.463,12.721,1.693,0.314,0.000,0.035,0.075,0.000,1.074,0.137,0.898,0.039,8120,15600,,1.00,1,1,800x1200,RL,2
2474,2.714,0.000,1.738,0.288,0.000,0.033,0.066,0.000,1.123,0.138,0.946,0.039,8120,15600,,1.00,1,1,800x1200,RL,2
2475,15.829,12.984,1.736,0.364,0.000,0.061,0.071,0.000,1.040,0.141,0.860,0.039,8120,15600,,1.00,1,1,800x1200,RL,2
2476,15.631,12.946,1.714,0.312,0.000,0.034,0.068,0.000,1.111,0.138,0.935,0.039,8120,15600,,1.00,1,1,800x1200,RL,2
2477,15.647,12.996,1.696,0.297,0.000,0.033,0.070,0.000,1.207,0.139,1.029,0.038,8120,15600,,1.00,1,1,800x1200,RL,2
2478,2.696,0.000,1.757,0.298,0.000,0.029,0.088,0.000,1.062,0.144,0.881,0.038,8120,15600,,1.00,1,1,800x1200,RL,2
2479,15.716,12.897,1.727,0.319,0.000,0.041,0.071,0.000,1.150,0.144,0.967,0.038,8120,15600,,1.00,1,1,800x1200,RL,2
2480,15.696,12.962,1.712,0.327,0.000,0.040,0.073,0.000,1.052,0.139,0.874,0.039,8120,15600,,1.00,1,1,800x1200,RL,2
2481,15.472,12.827,1.692,0.293,0.000,0.032,0.084,0.000,1.035,0.138,0.859,0.038,8120,15600,,1.00,1,1,800x1200,RL,2
2482,2.570,0.000,1.676,0.261,0.000,0.026,0.085,0.000,1.108,0.139,0.930,0.039,8120,15600,,1.00,1,1,800x1200,RL,2
2483,15.548,12.694,1.715,0.364,0.000,0.041,0.083,0.000,1.239,0.139,1.063,0.038,8120,15600,,1.00,1,1,800x1200,RL,2
2484,15.238,12.575,1.729,0.302,0.000,0.035,0.065,0.000,1.122,0.130,0.954,0.038,8120,15600,,1.00,1,1,800x1200,RL,2
2485,5.950,0.000,1.685,0.299,0.000,0.025,0.094,0.000,8.794,4.500,4.255,0.038,8120,15600,,1.00,1,1,800x1200,RL,2
2486,15.244,12.437,1.708,0.344,0.000,0.038,0.080,0.000,0.384,0.048,0.319,0.017,8120,15600,,1.00,1,1,800x1200,RL,2
2487,15.184,12.573,1.684,0.306,0.000,0.033,0.068,0.000,0.471,0.058,0.353,0.060,8120,15600,,1.00,1,1,800x1200,RL,2
2488,15.422,12.784,1.710,0.309,0.000,0.027,0.083,0.000,0.417,0.057,0.317,0.044,8120,15600,,1.00,1,1,800x1200,RL,2
2489,15.313,12.543,1.682,0.331,0.000,0.041,0.080,0.000,0.385,0.057,0.312,0.016,8120,15600,,1.00,1,1,800x1200,RL,2
2490,15.075,12.469,1.676,0.306,0.000,0.031,0.061,0.000,0.424,0.060,0.347,0.017,8120,15600,,1.00,1,1,800x1200,RL,2
2491,2.951,0.000,1.822,0.365,0.000,0.045,0.085,0.000,0.500,0.065,0.418,0.017,8120,15600,,1.00,1,1,800x1200,RL,2
2492,16.178,13.013,1.822,0.418,0.000,0.084,0.104,0.000,0.558,0.079,0.460,0.018,8120,15600,,1.00,1,1,800x1200,RL,2
2493,15.950,12.955,1.778,0.405,0.000,0.076,0.085,0.000,0.799,0.081,0.685,0.033,8120,15600,,1.00,1,1,800x1200,RL,2
2494,15.932,13.107,1.773,0.354,0.000,0.043,0.073,0.000,0.664,0.080,0.545,0.039,8120,15600,,1.00,1,1,800x1200,RL,2
2495,15.964,13.002,1.866,0.354,0.000,0.042,0.101,0.000,0.550,0.082,0.445,0.022,8120,15600,,1.00,1,1,800x1200,RL,2
2496,3.191,0.000,1.867,0.392,0.000,0.056,0.120,0.000,1.093,0.139,0.916,0.038,8120,15600,,1.00,1,1,800x1200,RL,2
2497,16.365,13.077,1.800,0.500,0.000,0.091,0.094,0.000,1.149,0.139,0.971,0.038,8120,15600,,1.00,1,1,800x1200,RL,2
2498,15.944,13.007,1.740,0.374,0.000,0.058,0.101,0.000,1.112,0.133,0.940,0.039,8120,15600,,1.00,1,1,800x1200,RL,2
2499,15.860,12.810,1.762,0.402,0.000,0.073,0.086,0.000,1.109,0.138,0.933,0.038,8120,15600,,1.00,1,1,800x1200,RL,2
2500,16.096,13.005,1.775,0.421,0.000,0.088,0.087,0.000,1.038,0.134,0.865,0.039,8120,15600,,1.00,1,1,800x1200,RL,2
2501,15.851,12.885,1.742,0.392,0.000,0.064,0.092,0.000,1.058,0.129,0.891,0.038,8120,15600,,1.00,1,1,800x1200,RL,2
2502,16.235,13.056,1.821,0.401,0.000,0.095,0.097,0.000,1.061,0.139,0.885,0.038,8120,15600,,1.00,1,1,800x1200,RL,2
2503,15.933,12.760,1.839,0.404,0.000,0.088,0.100,0.000,1.091,0.138,0.915,0.038,8120,15600,,1.00,1,1,800x1200,RL,2
2504,2.942,0.001,1.790,0.362,0.000,0.051,0.082,0.000,1.038,0.139,0.862,0.038,8120,15600,,1.00,1,1,800x1200,RL,2
2505,16.018,12.885,1.817,0.416,0.000,0.084,0.092,0.000,1.080,0.137,0.906,0.037,8120,15600,,1.00,1,1,800x1200,RL,2
2506,15.963,12.867,1.803,0.396,0.000,0.085,0.091,0.000,1.066,0.137,0.891,0.038,8120,15600,,1.00,1,1,800x1200,RL,2
2507,16.128,12.856,1.922,0.423,0.000,0.089,0.106,0.000,1.153,0.139,0.975,0.039,8120,15600,,1.00,1,1,800x1200,RL,2
2508,16.605,13.177,1.886,0.480,0.000,0.103,0.105,0.000,1.132,0.127,0.966,0.039,8120,15600,,1.00,1,1,800x1200,RL,2
2509,16.473,13.166,1.882,0.463,0.000,0.102,0.098,0.000,1.110,0.130,0.943,0.038,8120,15600,,1.00,1,1,800x1200,RL,2
2510,16.265,13.054,1.811,0.431,0.000,0.090,0.099,0.000,1.237,0.137,1.062,0.038,8120,15600,,1.00,1,1,800x1200,RL,2
2511,16.076,12.926,1.811,0.430,0.000,0.088,0.097,0.000,1.049,0.139,0.871,0.039,8120,15600,,1.00,1,1,800x1200,RL,2
2512,16.191,12.789,1.841,0.465,0.000,0.104,0.106,0.000,1.040,0.138,0.865,0.038,8120,15600,,1.00,1,1,800x1200,RL,2
2513,2.989,0.001,1.767,0.380,0.000,0.058,0.088,0.000,1.043,0.129,0.876,0.038,8120,15600,,1.00,1,1,800x1200,RL,2
2514,16.020,12.825,1.827,0.412,0.000,0.085,0.114,0.000,1.108,0.135,0.936,0.038,8120,15600,,1.00,1,1,800x1200,RL,2
2515,16.342,12.893,1.860,0.450,0.000,0.105,0.112,0.000,1.113,0.139,0.936,0.038,8120,15600,,1.00,1,1,800x1200,RL,2
2516,16.241,13.005,1.841,0.437,0.000,0.097,0.096,0.000,1.035,0.129,0.868,0.037,8120,15600,,1.00,1,1,800x1200,RL,2
2517,16.122,12.932,1.833,0.429,0.000,0.092,0.090,0.000,1.111,0.136,0.937,0.038,8120,15600,,1.00,1,1,800x1200,RL,2
2518,16.257,13.213,1.767,0.411,0.000,0.085,0.088,0.000,1.024,0.139,0.847,0.038,8120,15600,,1.00,1,1,800x1200,RL,2
2519,15.533,12.803,1.702,0.332,0.000,0.040,0.088,0.000,1.084,0.138,0.909,0.037,8120,15600,,1.00,1,1,800x1200,RL,2
2520,2.675,0.000,1.736,0.293,0.000,0.031,0.066,0.000,1.114,0.135,0.941,0.038,8120,15600,,1.00,1,1,800x1200,RL,2
2521,15.578,12.748,1.745,0.383,0.000,0.040,0.072,0.000,1.053,0.131,0.884,0.038,8120,15600,,1.00,1,1,800x1200,RL,2
2522,15.369,12.727,1.701,0.309,0.000,0.031,0.064,0.000,1.121,0.138,0.945,0.038,8120,15600,,1.00,1,1,800x1200,RL,2
2523,2.692,0.000,1.750,0.311,0.000,0.030,0.071,0.000,1.115,0.140,0.937,0.038,8120,15600,,1.00,1,1,800x1200,RL,2
2524,15.327,12.712,1.701,0.296,0.000,0.027,0.075,0.000,1.019,0.138,0.842,0.039,8120,15600,,1.00,1,1,800x1200,RL,2
2525,15.275,12.608,1.711,0.330,0.000,0.032,0.067,0.000,1.152,0.142,0.973,0.038,8120,15600,,1.00,1,1,800x1200,RL,2
2526,15.353,12.728,1.692,0.293,0.000,0.029,0.079,0.000,1.087,0.138,0.911,0.038,8120,15600,,1.00,1,1,800x1200,RL,2
2527,2.696,0.000,1.705,0.307,0.000,0.033,0.075,0.000,1.043,0.139,0.866,0.038,8120,15600,,1.00,1,1,800x1200,RL,2
2528,15.295,12.606,1.691,0.329,0.000,0.037,0.065,0.000,1.097,0.131,0.927,0.038,8120,15600,,1.00,1,1,800x1200,RL,2
2529,15.934,12.829,1.837,0.380,0.000,0.064,0.078,0.000,1.051,0.138,0.875,0.038,8120,15600,,1.00,1,1,800x1200,RL,2
2530,3.062,0.001,1.822,0.410,0.000,0.060,0.085,0.000,1.065,0.131,0.896,0.038,8120,15600,,1.00,1,1,800x1200,RL,2
2531,16.177,13.046,1.826,0.425,0.000,0.087,0.091,0.000,1.043,0.140,0.865,0.038,8120,15600,,1.00,1,1,800x1200,RL,2
2532,16.248,13.077,1.843,0.445,0.000,0.086,0.088,0.000,1.088,0.137,0.913,0.037,8120,15600,,1.00,1,1,800x1200,RL,2
2533,16.413,13.227,1.829,0.417,0.000,0.085,0.089,0.000,1.006,0.140,0.828,0.038,8120,15600,,1.00,1,1,800x1200,RL,2
2534,16.382,13.270,1.858,0.410,0.000,0.085,0.080,0.000,1.065,0.136,0.891,0.038,8120,15600,,1.00,1,1,800x1200,RL,2
2535,16.268,13.134,1.834,0.418,0.000,0.089,0.094,0.000,1.079,0.135,0.907,0.037,8120,15600,,1.00,1,1,800x1200,RL,2
2536,15.873,12.887,1.758,0.404,0.000,0.077,0.075,0.000,1.124,0.138,0.948,0.038,8120,15600,,1.00,1,1,800x1200,RL,2
2537,15.450,12.751,1.707,0.313,0.000,0.034,0.095,0.000,1.100,0.140,0.921,0.039,8120,15600,,1.00,1,1,800x1200,RL,2
2538,16.604,13.130,1.929,0.482,0.000,0.095,0.100,0.000,1.062,0.128,0.895,0.039,8120,15600,,1.00,1,1,800x1200,RL,2
2539,16.352,13.202,1.786,0.449,0.000,0.092,0.088,0.000,1.020,0.138,0.845,0.038,8120,15600,,1.00,1,1,800x1200,RL,2
2540,16.352,13.183,1.795,0.417,0.000,0.086,0.124,0.000,1.061,0.137,0.885,0.039,8120,15600,,1.00,1,1,800x1200,RL,2
2541,2.800,0.001,1.736,0.338,0.000,0.047,0.071,0.000,1.114,0.141,0.936,0.037,8120,15600,,1.00,1,1,800x1200,RL,2
2542,16.248,13.161,1.793,0.418,0.000,0.084,0.091,0.000,1.011,0.136,0.838,0.038,8120,15600,,1.00,1,1,800x1200,RL,2
2543,16.580,13.436,1.829,0.414,0.000,0.086,0.103,0.000,1.063,0.130,0.896,0.038,8120,15600,,1.00,1,1,800x1200,RL,2
2544,16.679,13.433,1.862,0.436,0.000,0.087,0.120,0.000,1.116,0.137,0.942,0.038,8120,15600,,1.00,1,1,800x1200,RL,2
2545,16.664,13.187,1.898,0.479,0.000,0.101,0.107,0.000,1.205,0.139,1.028,0.038,8120,15600,,1.00,1,1,800x1200,RL,2
2546,16.382,13.224,1.773,0.437,0.000,0.092,0.099,0.000,1.123,0.138,0.947,0.039,8120,15600,,1.00,1,1,800x1200,RL,2
2547,16.652,13.398,1.878,0.422,0.000,0.109,0.087,0.000,1.002,0.143,0.820,0.039,8120,15600,,1.00,1,1,800x1200,RL,2
2548,16.523,13.344,1.838,0.435,0.000,0.091,0.092,0.000,1.104,0.137,0.928,0.038,8120,15600,,1.00,1,1,800x1200,RL,2
2549,16.458,13.290,1.868,0.415,0.000,0.086,0.091,0.000,1.109,0.139,0.931,0.038,8120,15600,,1.00,1,1,800x1200,RL,2
2550,16.195,13.162,1.788,0.383,0.000,0.080,0.096,0.000,1.002,0.139,0.825,0.038,8120,15600,,1.00,1,1,800x1200,RL,2
2551,16.192,13.180,1.753,0.388,0.000,0.078,0.111,0.000,1.012,0.139,0.835,0.038,8120,15600,,1.00,1,1,800x1200,RL,2
2552,16.711,13.389,1.869,0.438,0.000,0.088,0.105,0.000,1.000,0.138,0.823,0.039,8120,15600,,1.00,1,1,800x1200,RL,2
2553,16.518,13.273,1.835,0.426,0.000,0.086,0.124,0.000,1.044,0.140,0.866,0.038,8120,15600,,1.00,1,1,800x1200,RL,2
2554,16.258,12.982,1.886,0.433,0.000,0.075,0.093,0.000,0.997,0.129,0.829,0.039,8120,15600,,1.00,1,1,800x1200,RL,2
2555,16.464,13.268,1.841,0.445,0.000,0.087,0.092,0.000,1.096,0.142,0.916,0.037,8120,15600,,1.00,1,1,800x1200,RL,2
2556,16.332,13.275,1.771,0.407,0.000,0.085,0.094,0.000,1.048,0.128,0.883,0.037,8120,15600,,1.00,1,1,800x1200,RL,2
2557,15.733,12.987,1.734,0.334,0.000,0.037,0.072,0.000,1.066,0.144,0.884,0.038,8120,15600,,1.00,1,1,800x1200,RL,2
2558,15.615,12.952,1.707,0.323,0.000,0.031,0.068,0.000,1.004,0.137,0.829,0.038,8120,15600,,1.00,1,1,800x1200,RL,2
2559,2.679,0.000,1.737,0.313,0.000,0.028,0.087,0.000,1.109,0.134,0.936,0.039,8120,15600,,1.00,1,1,800x1200,RL,2
2560,15.506,12.705,1.706,0.338,0.000,0.035,0.093,0.000,1.099,0.136,0.923,0.039,8120,15600,,1.00,1,1,800x1200,RL,2
2561,16.413,12.928,1.937,0.458,0.000,0.100,0.095,0.000,1.040,0.140,0.862,0.038,8120,15600,,1.00,1,1,800x1200,RL,2
2562,16.327,13.213,1.778,0.412,0.000,0.094,0.094,0.000,1.049,0.134,0.876,0.038,8120,15600,,1.00,1,1,800x1200,RL,2
2563,16.084,13.181,1.752,0.393,0.000,0.048,0.078,0.000,1.110,0.140,0.933,0.037,8120,15600,,1.00,1,1,800x1200,RL,2
2564,16.597,13.389,1.853,0.429,0.000,0.092,0.092,0.000,1.038,0.136,0.864,0.039,8120,15600,,1.00,1,1,800x1200,RL,2
2565,16.886,13.566,1.897,0.430,0.000,0.092,0.124,0.000,1.123,0.136,0.949,0.038,8120,15600,,1.00,1,1,800x1200,RL,2
2566,16.944,13.499,1.869,0.476,0.000,0.105,0.099,0.000,1.000,0.134,0.827,0.038,8120,15600,,1.00,1,1,800x1200,RL,2
2567,16.604,13.283,1.853,0.471,0.000,0.099,0.096,0.000,1.203,0.142,1.024,0.037,8120,15600,drag_snap,1.00,1,0,800x1200,RL,2
2568,16.503,13.391,1.826,0.434,0.000,0.090,0.097,0.000,1.073,0.132,0.902,0.039,8120,15600,,1.00,1,0,800x1200,RL,2
2569,16.288,13.148,1.809,0.420,0.000,0.091,0.097,0.000,0.793,0.059,0.696,0.038,8120,15600,,1.00,1,0,800x1200,RL,2
2570,16.081,13.120,1.772,0.400,0.000,0.081,0.078,0.000,1.135,0.138,0.959,0.038,8120,15600,,1.00,1,0,800x1200,RL,2
2571,16.559,13.268,1.813,0.456,0.000,0.098,0.099,0.000,0.808,0.059,0.710,0.039,8120,15600,,1.00,1,0,800x1200,RL,2
2572,16.212,13.174,1.783,0.409,0.000,0.087,0.089,0.000,1.031,0.130,0.863,0.038,8120,15600,,1.00,1,0,800x1200,RL,2
2573,2.787,0.000,1.771,0.311,0.000,0.038,0.078,0.000,0.796,0.058,0.700,0.038,8120,15600,,1.00,1,0,800x1200,RL,2
2574,15.718,13.038,1.714,0.323,0.000,0.034,0.097,0.000,1.099,0.138,0.923,0.038,8120,15600,,1.00,1,0,800x1200,RL,2
2575,16.174,13.033,1.751,0.407,0.000,0.050,0.114,0.000,0.696,0.057,0.600,0.039,8120,15600,,1.00,1,0,800x1200,RL,2
2576,17.007,13.656,1.902,0.492,0.000,0.106,0.105,0.000,1.112,0.138,0.935,0.038,8120,15600,,1.00,1,0,800x1200,RL,2
2577,17.037,13.507,1.921,0.503,0.000,0.105,0.121,0.000,0.715,0.060,0.617,0.038,8120,15600,,1.00,1,0,800x1200,RL,2
2578,16.748,13.629,1.834,0.433,0.000,0.091,0.093,0.000,1.236,0.138,1.060,0.038,8120,15600,,1.00,1,0,800x1200,RL,2
2579,15.957,13.235,1.703,0.333,0.000,0.043,0.069,0.000,0.720,0.060,0.622,0.038,8120,15600,,1.00,1,0,800x1200,RL,2
2580,15.722,13.053,1.723,0.341,0.000,0.032,0.073,0.000,1.004,0.138,0.829,0.038,8120,15600,,1.00,1,0,800x1200,RL,2
2581,16.012,13.071,1.746,0.407,0.000,0.054,0.091,0.000,0.699,0.057,0.604,0.037,8120,15600,,1.00,1,0,800x1200,RL,2
2582,16.558,13.485,1.836,0.416,0.000,0.084,0.089,0.000,1.076,0.137,0.901,0.038,8120,15600,,1.00,1,0,800x1200,RL,2
2583,2.976,0.000,1.818,0.392,0.000,0.062,0.080,0.000,0.852,0.059,0.755,0.038,8120,15600,,1.00,1,0,800x1200,RL,2
2584,16.281,13.283,1.801,0.412,0.000,0.067,0.080,0.000,1.064,0.137,0.888,0.038,8120,15600,,1.00,1,0,800x1200,RL,2
2585,16.415,13.400,1.771,0.406,0.000,0.076,0.081,0.000,0.764,0.059,0.667,0.038,8120,15600,,1.00,1,0,800x1200,RL,2
2586,16.272,13.330,1.841,0.367,0.000,0.058,0.081,0.000,1.081,0.140,0.903,0.038,8120,15600,,1.00,1,0,800x1200,RL,2
2587,16.580,13.525,1.801,0.413,0.000,0.075,0.084,0.000,0.714,0.060,0.616,0.039,8120,15600,,1.00,1,0,800x1200,RL,2
2588,16.683,13.620,1.805,0.411,0.000,0.083,0.085,0.000,1.089,0.126,0.925,0.038,8120,15600,,1.00,1,0,800x1200,RL,2
2589,16.667,13.623,1.825,0.397,0.000,0.076,0.083,0.000,0.846,0.060,0.747,0.039,8120,15600,,1.00,1,0,800x1200,RL,2
2590,16.448,13.235,1.808,0.435,0.000,0.092,0.100,0.000,1.027,0.139,0.849,0.038,8120,15600,,1.00,1,0,800x1200,RL,2
2591,16.068,13.277,1.716,0.343,0.000,0.044,0.076,0.000,0.811,0.059,0.713,0.039,8120,15600,,1.00,1,0,800x1200,RL,2
2592,15.903,13.232,1.716,0.329,0.000,0.034,0.075,0.000,1.029,0.138,0.851,0.040,8120,15600,,1.00,1,0,800x1200,RL,2
2593,15.898,13.168,1.718,0.325,0.000,0.033,0.096,0.000,0.739,0.059,0.641,0.039,8120,15600,,1.00,1,0,800x1200,RL,2
2594,2.846,0.000,1.796,0.310,0.000,0.038,0.074,0.000,1.050,0.138,0.873,0.039,8120,15600,,1.00,1,0,800x1200,RL,2
2595,15.838,13.103,1.700,0.324,0.000,0.037,0.069,0.000,0.755,0.057,0.659,0.039,8120,15600,,1.00,1,0,800x1200,RL,2
2596,16.001,13.207,1.749,0.364,0.000,0.050,0.071,0.000,1.005,0.139,0.827,0.039,8120,15600,,1.00,1,0,800x1200,RL,2
2597,16.001,13.172,1.712,0.367,0.000,0.054,0.097,0.000,0.745,0.057,0.649,0.039,8120,15600,,1.00,1,0,800x1200,RL,2
2598,16.470,13.099,1.878,0.443,0.000,0.106,0.103,0.000,1.005,0.129,0.837,0.039,8120,15600,,1.00,1,0,800x1200,RL,2
2599,16.470,13.316,1.804,0.440,0.000,0.094,0.094,0.000,0.734,0.058,0.638,0.037,8120,15600,,1.00,1,0,800x1200,RL,2
2600,16.861,13.190,1.794,0.431,0.624,0.078,0.085,0.000,1.089,0.140,0.912,0.037,8120,15600,,1.00,1,0,800x1200,RL,2
2601,16.315,13.218,1.766,0.433,0.000,0.087,0.097,0.000,0.950,0.059,0.853,0.038,8120,15600,,1.00,1,0,800x1200,RL,2
2602,16.404,13.334,1.814,0.428,0.000,0.086,0.092,0.000,1.145,0.139,0.968,0.038,8120,15600,,1.00,1,0,800x1200,RL,2
2603,16.373,13.274,1.781,0.417,0.000,0.089,0.087,0.000,0.792,0.059,0.695,0.038,8120,15600,,1.00,1,0,800x1200,RL,2
2604,2.993,0.001,1.853,0.371,0.000,0.059,0.080,0.000,1.108,0.129,0.941,0.038,8120,15600,,1.00,1,0,800x1200,RL,2
2605,16.174,13.187,1.743,0.420,0.000,0.075,0.086,0.000,0.808,0.060,0.711,0.037,8120,15600,,1.00,1,0,800x1200,RL,2
2606,16.205,13.292,1.761,0.386,0.000,0.076,0.084,0.000,1.133,0.138,0.957,0.038,8120,15600,,1.00,1,0,800x1200,RL,2
2607,15.839,12.971,1.711,0.351,0.000,0.051,0.089,0.000,0.790,0.059,0.693,0.039,8120,15600,,1.00,1,0,800x1200,RL,2
2608,15.722,13.070,1.705,0.321,0.000,0.034,0.070,0.000,1.108,0.139,0.932,0.037,8120,15600,,1.00,1,0,800x1200,RL,2
2609,15.772,13.124,1.680,0.316,0.000,0.034,0.065,0.000,0.806,0.057,0.711,0.038,8120,15600,,1.00,1,0,800x1200,RL,2
2610,2.647,0.000,1.737,0.332,0.000,0.030,0.062,0.000,1.006,0.138,0.830,0.038,8120,15600,,1.00,1,0,800x1200,RL,2
2611,15.738,12.951,1.699,0.327,0.000,0.039,0.079,0.000,0.845,0.056,0.750,0.039,8120,15600,,1.00,1,0,800x1200,RL,2
2612,15.694,13.067,1.700,0.305,0.000,0.033,0.075,0.000,1.017,0.136,0.842,0.039,8120,15600,,1.00,1,0,800x1200,RL,2
2613,15.790,12.986,1.705,0.354,0.000,0.056,0.083,0.000,0.785,0.057,0.689,0.038,8120,15600,,1.00,1,0,800x1200,RL,2
2614,2.625,0.000,1.739,0.299,0.000,0.032,0.062,0.000,1.002,0.135,0.829,0.038,8120,15600,,1.00,1,0,800x1200,RL,2
2615,15.794,12.931,1.730,0.344,0.000,0.041,0.085,0.000,0.691,0.058,0.596,0.038,8120,15600,,1.00,1,0,800x1200,RL,2
2616,15.705,13.067,1.691,0.318,0.000,0.034,0.074,0.000,1.093,0.138,0.917,0.038,8120,15600,,1.00,1,0,800x1200,RL,2
2617,15.645,12.994,1.702,0.301,0.000,0.033,0.066,0.000,0.782,0.057,0.687,0.038,8120,15600,,1.00,1,0,800x1200,RL,2
2618,2.623,0.000,1.740,0.306,0.000,0.030,0.069,0.000,1.116,0.140,0.939,0.037,8120,15600,,1.00,1,0,800x1200,RL,2
2619,15.721,13.079,1.707,0.308,0.000,0.031,0.069,0.000,0.756,0.056,0.661,0.039,8120,15600,,1.00,1,0,800x1200,RL,2
2620,15.597,13.032,1.685,0.305,0.000,0.028,0.072,0.000,1.097,0.141,0.918,0.039,8120,15600,,1.00,1,0,800x1200,RL,2
2621,2.635,0.000,1.687,0.317,0.000,0.028,0.069,0.000,0.755,0.059,0.658,0.039,8120,15600,,1.00,1,0,800x1200,RL,2
2622,15.560,12.931,1.670,0.342,0.000,0.031,0.068,0.000,1.039,0.138,0.863,0.038,8120,15600,,1.00,1,0,800x1200,RL,2
2623,15.794,13.145,1.706,0.306,0.000,0.033,0.062,0.000,0.762,0.057,0.667,0.038,8120,15600,,1.00,1,0,800x1200,RL,2
2624,16.221,13.209,1.831,0.398,0.000,0.077,0.081,0.000,1.005,0.140,0.828,0.038,8120,15600,,1.00,1,0,800x1200,RL,2
2625,16.574,13.450,1.821,0.429,0.000,0.084,0.091,0.000,0.715,0.060,0.616,0.039,8120,15600,,1.00,1,0,800x1200,RL,2
2626,16.577,13.472,1.833,0.461,0.000,0.082,0.087,0.000,1.107,0.137,0.932,0.038,8120,15600,,1.00,1,0,800x1200,RL,2
2627,16.397,13.330,1.803,0.422,0.000,0.084,0.083,0.000,0.808,0.058,0.712,0.037,8120,15600,,1.00,1,0,800x1200,RL,2
2628,2.750,0.000,1.755,0.349,0.000,0.045,0.084,0.000,1.004,0.134,0.831,0.039,8120,15600,,1.00,1,0,800x1200,RL,2
2629,16.429,13.239,1.809,0.417,0.000,0.085,0.097,0.000,0.788,0.060,0.690,0.038,8120,15600,,1.00,1,0,800x1200,RL,2
2630,16.571,13.425,1.858,0.437,0.000,0.087,0.089,0.000,1.052,0.135,0.880,0.038,8120,15600,,1.00,1,0,800x1200,RL,2
2631,16.649,13.529,1.831,0.423,0.000,0.083,0.091,0.000,0.805,0.059,0.707,0.038,8120,15600,,1.00,1,0,800x1200,RL,2
2632,16.377,13.326,1.813,0.395,0.000,0.080,0.096,0.000,1.144,0.129,0.976,0.038,8120,15600,,1.00,1,0,800x1200,RL,2
2633,16.475,13.398,1.792,0.412,0.000,0.086,0.094,0.000,0.841,0.059,0.743,0.038,8120,15600,,1.00,1,0,800x1200,RL,2
2634,16.397,13.358,1.807,0.406,0.000,0.082,0.095,0.000,0.997,0.134,0.824,0.038,8120,15600,,1.00,1,0,800x1200,RL,2
2635,16.466,13.373,1.789,0.411,0.000,0.083,0.090,0.000,0.735,0.058,0.638,0.039,8120,15600,,1.00,1,0,800x1200,RL,2
2636,16.449,13.489,1.772,0.406,0.000,0.079,0.080,0.000,1.109,0.135,0.936,0.038,8120,15600,,1.00,1,0,800x1200,RL,2
2637,16.639,13.594,1.820,0.386,0.000,0.083,0.078,0.000,0.703,0.059,0.606,0.037,8120,15600,,1.00,1,0,800x1200,RL,2
2638,16.022,13.217,1.739,0.385,0.000,0.057,0.096,0.000,1.046,0.135,0.873,0.038,8120,15600,,1.00,1,0,800x1200,RL,2
2639,16.299,13.048,1.821,0.446,0.000,0.095,0.099,0.000,0.703,0.058,0.607,0.038,8120,15600,,1.00,1,0,800x1200,RL,2
2640,15.921,13.108,1.772,0.373,0.000,0.043,0.073,0.000,1.052,0.140,0.874,0.038,8120,15600,,1.00,1,0,800x1200,RL,2
2641,2.772,0.000,1.744,0.341,0.000,0.039,0.090,0.000,0.750,0.059,0.653,0.038,8120,15600,,1.00,1,0,800x1200,RL,2
2642,16.882,13.442,1.924,0.454,0.000,0.091,0.102,0.000,1.153,0.133,0.981,0.038,8120,15600,,1.00,1,0,800x1200,RL,2
2643,16.862,13.728,1.800,0.433,0.000,0.091,0.085,0.000,0.754,0.060,0.657,0.038,8120,15600,,1.00,1,0,800x1200,RL,2
2644,15.877,13.148,1.708,0.362,0.000,0.039,0.092,0.000,1.037,0.140,0.858,0.038,8120,15600,,1.00,1,0,800x1200,RL,2
2645,15.784,12.940,1.720,0.340,0.000,0.044,0.083,0.000,0.803,0.057,0.707,0.038,8120,15600,,1.00,1,0,800x1200,RL,2
2646,15.830,13.180,1.695,0.321,0.000,0.035,0.068,0.000,1.105,0.136,0.931,0.038,8120,15600,,1.00,1,0,800x1200,RL,2
2647,16.009,13.166,1.736,0.340,0.000,0.044,0.086,0.000,0.744,0.059,0.646,0.039,8120,15600,,1.00,1,0,800x1200,RL,2
2648,15.693,13.050,1.689,0.309,0.000,0.035,0.085,0.000,1.177,0.138,1.001,0.038,8120,15600,,1.00,1,0,800x1200,RL,2
2649,2.657,0.000,1.675,0.303,0.000,0.033,0.065,0.000,0.847,0.057,0.752,0.038,8120,15600,,1.00,1,0,800x1200,RL,2
2650,15.530,12.893,1.690,0.322,0.000,0.033,0.079,0.000,1.054,0.142,0.875,0.038,8120,15600,,1.00,1,0,800x1200,RL,2
2651,15.702,13.032,1.705,0.309,0.000,0.033,0.068,0.000,0.703,0.058,0.607,0.039,8120,15600,,1.00,1,0,800x1200,RL,2
2652,2.625,0.000,1.747,0.299,0.000,0.033,0.061,0.000,1.111,0.139,0.933,0.039,8120,15600,,1.00,1,0,800x1200,RL,2
2653,15.679,13.057,1.687,0.306,0.000,0.030,0.063,0.000,0.776,0.057,0.682,0.038,8120,15600,,1.00,1,0,800x1200,RL,2
2654,15.760,13.076,1.702,0.304,0.000,0.030,0.067,0.000,1.043,0.140,0.865,0.038,8120,15600,,1.00,1,0,800x1200,RL,2
2655,16.658,13.579,1.814,0.430,0.000,0.080,0.082,0.000,0.802,0.057,0.707,0.038,8120,15600,,1.00,1,0,800x1200,RL,2
2656,16.752,13.662,1.839,0.438,0.000,0.083,0.100,0.000,1.007,0.139,0.830,0.038,8120,15600,,1.00,1,0,800x1200,RL,2
2657,16.961,13.564,1.940,0.472,0.000,0.097,0.090,0.000,0.761,0.060,0.662,0.039,8120,15600,,1.00,1,0,800x1200,RL,2
2658,16.639,13.611,1.807,0.438,0.000,0.079,0.078,0.000,1.003,0.138,0.827,0.038,8120,15600,,1.00,1,0,800x1200,RL,2
2659,16.718,13.586,1.836,0.430,0.000,0.087,0.086,0.000,0.716,0.059,0.619,0.037,8120,15600,,1.00,1,0,800x1200,RL,2
2660,16.647,13.586,1.834,0.415,0.000,0.086,0.081,0.000,1.052,0.140,0.873,0.039,8120,15600,,1.00,1,0,800x1200,RL,2
2661,16.685,13.621,1.831,0.429,0.000,0.076,0.076,0.000,0.759,0.060,0.661,0.038,8120,15600,,1.00,1,0,800x1200,RL,2
2662,16.935,13.625,1.886,0.474,0.000,0.089,0.095,0.000,1.149,0.131,0.980,0.038,8120,15600,,1.00,1,0,800x1200,RL,2
2663,17.042,13.734,1.874,0.454,0.000,0.095,0.102,0.000,0.751,0.058,0.654,0.039,8120,15600,,1.00,1,0,800x1200,RL,2
2664,17.145,13.938,1.881,0.454,0.000,0.089,0.087,0.000,1.000,0.136,0.825,0.038,8120,15600,,1.00,1,0,800x1200,RL,2
2665,16.786,13.543,1.893,0.440,0.000,0.091,0.094,0.000,0.774,0.060,0.676,0.038,8120,15600,,1.00,1,0,800x1200,RL,2
2666,16.821,13.660,1.873,0.440,0.000,0.089,0.092,0.000,1.106,0.139,0.930,0.038,8120,15600,,1.00,1,0,800x1200,RL,2
2667,16.955,13.781,1.850,0.444,0.000,0.089,0.085,0.000,0.790,0.059,0.692,0.039,8120,15600,,1.00,1,0,800x1200,RL,2
2668,16.788,13.653,1.884,0.432,0.000,0.085,0.091,0.000,1.041,0.139,0.863,0.039,8120,15600,,1.00,1,0,800x1200,RL,2
2669,16.782,13.634,1.868,0.407,0.000,0.085,0.088,0.000,0.808,0.059,0.710,0.039,8120,15600,,1.00,1,0,800x1200,RL,2
2670,16.657,13.561,1.838,0.431,0.000,0.084,0.091,0.000,1.161,0.138,0.984,0.039,8120,15600,,1.00,1,0,800x1200,RL,2
2671,16.790,13.697,1.831,0.405,0.000,0.084,0.089,0.000,0.763,0.058,0.667,0.038,8120,15600,,1.00,1,0,800x1200,RL,2
2672,16.857,13.786,1.840,0.400,0.000,0.086,0.094,0.000,1.038,0.130,0.871,0.038,8120,15600,,1.00,1,0,800x1200,RL,2
2673,16.736,13.666,1.796,0.394,0.000,0.081,0.113,0.000,0.718,0.059,0.621,0.038,8120,15600,,1.00,1,0,800x1200,RL,2
2674,16.486,13.456,1.803,0.423,0.000,0.080,0.095,0.000,1.006,0.139,0.830,0.038,8120,15600,,1.00,1,0,800x1200,RL,2
2675,16.920,13.465,1.896,0.454,0.000,0.099,0.114,0.000,0.744,0.059,0.646,0.038,8120,15600,,1.00,1,0,800x1200,RL,2
2676,16.658,13.452,1.840,0.454,0.000,0.089,0.099,0.000,1.162,0.137,0.987,0.038,8120,15600,,1.00,1,0,800x1200,RL,2
2677,16.816,13.621,1.837,0.436,0.000,0.095,0.097,0.000,0.806,0.059,0.709,0.038,8120,15600,,1.00,1,0,800x1200,RL,2
2678,15.910,13.146,1.730,0.361,0.000,0.049,0.071,0.000,1.112,0.138,0.936,0.038,8120,15600,,1.00,1,0,800x1200,RL,2
2679,16.285,13.286,1.765,0.417,0.000,0.067,0.107,0.000,0.707,0.060,0.609,0.038,8120,15600,,1.00,1,0,800x1200,RL,2
2680,15.971,13.130,1.728,0.376,0.000,0.046,0.085,0.000,1.099,0.134,0.927,0.038,8120,15600,,1.00,1,0,800x1200,RL,2
2681,15.999,13.251,1.706,0.344,0.000,0.041,0.074,0.000,0.803,0.057,0.707,0.039,8120,15600,,1.00,1,0,800x1200,RL,2
2682,15.704,13.094,1.685,0.317,0.000,0.032,0.069,0.000,1.109,0.137,0.935,0.038,8120,15600,,1.00,1,0,800x1200,RL,2
2683,15.749,13.054,1.704,0.313,0.000,0.031,0.067,0.000,0.096,0.058,0.000,0.038,8120,15600,,1.00,1,0,800x1200,RL,2
2684,15.779,13.138,1.708,0.345,0.000,0.038,0.061,0.000,1.109,0.138,0.933,0.038,8120,15600,,1.00,1,0,800x1200,RL,2
2685,2.673,0.000,1.737,0.316,0.000,0.029,0.079,0.000,0.773,0.057,0.678,0.038,8120,15600,,1.00,1,0,800x1200,RL,2
2686,15.530,12.920,1.699,0.294,0.000,0.034,0.072,0.000,1.124,0.130,0.957,0.038,8120,15600,,1.00,1,0,800x1200,RL,2
2687,15.719,13.070,1.699,0.317,0.000,0.031,0.072,0.000,0.769,0.057,0.674,0.039,8120,15600,,1.00,1,0,800x1200,RL,2
2688,2.614,0.000,1.747,0.297,0.000,0.028,0.068,0.000,1.089,0.125,0.924,0.039,8120,15600,,1.00,1,0,800x1200,RL,2
2689,15.686,13.040,1.704,0.293,0.000,0.030,0.085,0.000,0.853,0.057,0.758,0.038,8120,15600,,1.00,1,0,800x1200,RL,2
2690,15.965,12.933,1.774,0.426,0.000,0.071,0.091,0.000,1.085,0.140,0.907,0.038,8120,15600,,1.00,1,0,800x1200,RL,2
2691,15.858,13.114,1.711,0.329,0.000,0.041,0.073,0.000,0.734,0.058,0.637,0.038,8120,15600,,1.00,1,0,800x1200,RL,2
2692,15.665,12.895,1.720,0.328,0.000,0.040,0.076,0.000,1.037,0.138,0.862,0.038,8120,15600,,1.00,1,0,800x1200,RL,2
2693,2.698,0.000,1.738,0.315,0.000,0.034,0.061,0.000,0.794,0.057,0.700,0.038,8120,15600,,1.00,1,0,800x1200,RL,2
2694,15.813,13.150,1.708,0.334,0.000,0.036,0.068,0.000,1.002,0.139,0.826,0.037,8120,15600,,1.00,1,0,800x1200,RL,2
2695,15.812,13.168,1.690,0.310,0.000,0.033,0.065,0.000,0.830,0.058,0.734,0.038,8120,15600,,1.00,1,0,800x1200,RL,2
2696,16.043,13.176,1.774,0.368,0.000,0.060,0.077,0.000,1.017,0.139,0.839,0.039,8120,15600,,1.00,1,0,800x1200,RL,2
2697,2.755,0.000,1.735,0.338,0.000,0.038,0.079,0.000,0.755,0.060,0.658,0.037,8120,15600,,1.00,1,0,800x1200,RL,2
2698,16.413,13.295,1.836,0.430,0.000,0.083,0.090,0.000,1.109,0.134,0.937,0.038,8120,15600,,1.00,1,0,800x1200,RL,2
2699,16.023,13.186,1.735,0.381,0.000,0.057,0.069,0.000,0.808,0.059,0.711,0.038,8120,15600,,1.00,1,0,800x1200,RL,2
2700,16.269,13.515,1.758,0.355,0.000,0.041,0.083,0.000,1.163,0.128,0.996,0.039,8120,15600,,1.00,1,0,800x1200,RL,2
2701,15.983,13.128,1.775,0.333,0.000,0.043,0.077,0.000,0.767,0.058,0.670,0.038,8120,15600,,1.00,1,0,800x1200,RL,2
2702,16.207,13.479,1.742,0.345,0.000,0.038,0.086,0.000,1.110,0.131,0.941,0.038,8120,15600,,1.00,1,0,800x1200,RL,2
2703,16.009,13.075,1.750,0.379,0.000,0.056,0.087,0.000,0.799,0.058,0.703,0.038,8120,15600,,1.00,1,0,800x1200,RL,2
2704,2.646,0.000,1.754,0.321,0.000,0.032,0.062,0.000,1.055,0.138,0.879,0.038,8120,15600,,1.00,1,0,800x1200,RL,2
2705,16.007,13.031,1.738,0.392,0.000,0.079,0.100,0.000,0.807,0.057,0.711,0.039,8120,15600,,1.00,1,0,800x1200,RL,2
2706,16.166,13.252,1.798,0.391,0.000,0.066,0.073,0.000,1.044,0.131,0.876,0.037,8120,15600,,1.00,1,0,800x1200,RL,2
2707,15.986,13.154,1.736,0.369,0.000,0.060,0.066,0.000,0.815,0.059,0.718,0.038,8120,15600,,1.00,1,0,800x1200,RL,2
2708,16.364,13.163,1.807,0.467,0.000,0.095,0.100,0.000,1.123,0.128,0.956,0.038,8120,15600,,1.00,1,0,800x1200,RL,2
2709,15.853,13.108,1.738,0.333,0.000,0.037,0.071,0.000,0.698,0.060,0.600,0.038,8120,15600,,1.00,1,0,800x1200,RL,2
2710,2.632,0.000,1.732,0.294,0.000,0.029,0.091,0.000,1.006,0.139,0.830,0.038,8120,15600,,1.00,1,0,800x1200,RL,2
2711,15.642,12.839,1.700,0.342,0.000,0.041,0.073,0.000,0.773,0.056,0.679,0.038,8120,15600,,1.00,1,0,800x1200,RL,2
2712,15.690,13.068,1.687,0.311,0.000,0.032,0.094,0.000,1.239,0.139,1.062,0.038,8120,15600,,1.00,1,0,800x1200,RL,2
2713,16.320,13.010,1.956,0.420,0.000,0.075,0.099,0.000,0.802,0.057,0.707,0.038,8120,15600,,1.00,1,0,800x1200,RL,2
2714,2.729,0.000,1.749,0.326,0.000,0.033,0.094,0.000,1.013,0.138,0.837,0.039,8120,15600,,1.00,1,0,800x1200,RL,2
2715,15.934,13.010,1.736,0.365,0.000,0.055,0.084,0.000,0.817,0.059,0.720,0.038,8120,15600,,1.00,1,0,800x1200,RL,2
2716,15.692,13.078,1.689,0.309,0.000,0.032,0.067,0.000,0.991,0.138,0.814,0.038,8120,15600,,1.00,1,0,800x1200,RL,2
2717,15.747,13.086,1.702,0.321,0.000,0.032,0.066,0.000,0.823,0.058,0.726,0.039,8120,15600,,1.00,1,0,800x1200,RL,2
2718,15.765,13.107,1.711,0.317,0.000,0.037,0.069,0.000,1.109,0.133,0.937,0.039,8120,15600,,1.00,1,0,800x1200,RL,2
2719,2.635,0.000,1.727,0.305,0.000,0.029,0.064,0.000,0.911,0.057,0.816,0.038,8120,15600,,1.00,1,0,800x1200,RL,2
2720,15.652,13.091,1.679,0.314,0.000,0.028,0.060,0.000,1.002,0.137,0.827,0.038,8120,15600,,1.00,1,0,800x1200,RL,2
2721,15.629,13.042,1.686,0.294,0.000,0.027,0.065,0.000,0.730,0.057,0.634,0.039,8120,15600,,1.00,1,0,800x1200,RL,2
2722,2.616,0.000,1.729,0.316,0.000,0.026,0.081,0.000,1.062,0.136,0.888,0.039,8120,15600,,1.00,1,0,800x1200,RL,2
2723,15.833,13.048,1.720,0.332,0.000,0.042,0.076,0.000,0.806,0.057,0.711,0.038,8120,15600,,1.00,1,0,800x1200,RL,2
2724,15.705,13.124,1.686,0.302,0.000,0.031,0.068,0.000,1.109,0.134,0.936,0.038,8120,15600,,1.00,1,0,800x1200,RL,2
2725,15.705,13.080,1.691,0.300,0.000,0.030,0.068,0.000,0.810,0.057,0.715,0.038,8120,15600,,1.00,1,0,800x1200,RL,2
2726,2.607,0.000,1.734,0.300,0.000,0.028,0.090,0.000,1.111,0.138,0.936,0.038,8120,15600,,1.00,1,0,800x1200,RL,2
2727,15.684,12.873,1.713,0.355,0.000,0.041,0.069,0.000,0.698,0.057,0.604,0.038,8120,15600,,1.00,1,0,800x1200,RL,2
2728,15.675,13.053,1.699,0.310,0.000,0.032,0.069,0.000,1.060,0.140,0.883,0.038,8120,15600,,1.00,1,0,800x1200,RL,2
2729,15.677,13.056,1.679,0.309,0.000,0.031,0.072,0.000,0.880,0.058,0.783,0.039,8120,15600,,1.00,1,0,800x1200,RL,2
2730,2.631,0.000,1.751,0.295,0.000,0.028,0.083,0.000,1.040,0.137,0.864,0.038,8120,15600,,1.00,1,0,800x1200,RL,2
2731,15.554,12.769,1.699,0.327,0.000,0.039,0.069,0.000,0.740,0.057,0.645,0.038,8120,15600,,1.00,1,0,800x1200,RL,2
2732,15.671,13.053,1.675,0.319,0.000,0.034,0.077,0.000,1.098,0.142,0.917,0.039,8120,15600,,1.00,1,0,800x1200,RL,2
2733,15.815,13.168,1.683,0.311,0.000,0.034,0.063,0.000,0.810,0.058,0.714,0.039,8120,15600,,1.00,1,0,800x1200,RL,2
2734,2.602,0.000,1.747,0.297,0.000,0.030,0.060,0.000,1.126,0.139,0.950,0.038,8120,15600,,1.00,1,0,800x1200,RL,2
2735,15.690,13.057,1.699,0.314,0.000,0.032,0.071,0.000,0.807,0.058,0.710,0.038,8120,15600,,1.00,1,0,800x1200,RL,2
2736,15.662,13.075,1.691,0.299,0.000,0.029,0.077,0.000,1.216,0.140,1.038,0.039,8120,15600,,1.00,1,0,800x1200,RL,2
2737,2.580,0.000,1.694,0.270,0.000,0.028,0.077,0.000,0.752,0.057,0.656,0.038,8120,15600,,1.00,1,0,800x1200,RL,2
2738,15.467,12.957,1.657,0.304,0.000,0.028,0.057,0.000,1.253,0.139,1.075,0.039,8120,15600,,1.00,1,0,800x1200,RL,2
2739,15.594,13.007,1.647,0.303,0.000,0.028,0.064,0.000,0.757,0.059,0.659,0.038,8120,15600,,1.00,1,0,800x1200,RL,2
2740,15.613,13.061,1.688,0.291,0.000,0.028,0.066,0.000,1.007,0.135,0.834,0.038,8120,15600,,1.00,1,0,800x1200,RL,2
2741,2.681,0.000,1.780,0.288,0.000,0.026,0.068,0.000,0.804,0.057,0.709,0.039,8120,15600,,1.00,1,0,800x1200,RL,2
2742,15.592,13.075,1.675,0.300,0.000,0.027,0.058,0.000,1.040,0.136,0.866,0.038,8120,15600,,1.00,1,0,800x1200,RL,2
2743,15.662,13.081,1.684,0.306,0.000,0.027,0.059,0.000,0.700,0.059,0.602,0.039,8120,15600,,1.00,1,0,800x1200,RL,2
2744,16.107,13.272,1.745,0.377,0.000,0.062,0.077,0.000,0.998,0.138,0.821,0.038,8120,15600,ropes_on,1.00,1,0,800x1200,L,2
2745,2.614,0.000,1.708,0.298,0.000,0.032,0.060,0.000,0.613,0.058,0.516,0.038,8120,15600,,1.00,1,0,800x1200,L,2
2746,15.873,13.168,1.703,0.340,0.000,0.038,0.076,0.000,0.903,0.136,0.728,0.039,8120,15600,,1.00,1,0,800x1200,L,2
2747,15.919,13.219,1.693,0.327,0.000,0.037,0.074,0.000,0.668,0.057,0.573,0.038,8120,15600,,1.00,1,0,800x1200,L,2
2748,15.691,13.086,1.684,0.315,0.000,0.031,0.069,0.000,0.176,0.138,0.000,0.038,8120,15600,,1.00,1,0,800x1200,L,2
2749,2.645,0.000,1.711,0.296,0.000,0.028,0.079,0.000,0.624,0.059,0.527,0.038,8120,15600,,1.00,1,0,800x1200,L,2
2750,15.716,12.990,1.733,0.326,0.000,0.036,0.071,0.000,0.889,0.139,0.712,0.038,8120,15600,,1.00,1,0,800x1200,L,2
2751,16.244,13.372,1.753,0.358,0.000,0.051,0.070,0.000,0.616,0.056,0.521,0.038,8120,15600,,1.00,1,0,800x1200,L,2
2752,16.530,13.476,1.768,0.420,0.000,0.076,0.092,0.000,0.917,0.137,0.741,0.038,8120,15600,,1.00,1,0,800x1200,L,2
2753,16.251,13.280,1.778,0.381,0.000,0.060,0.083,0.000,0.636,0.058,0.540,0.037,8120,15600,,1.00,1,0,800x1200,L,2
2754,16.221,13.262,1.815,0.398,0.000,0.059,0.078,0.000,0.900,0.132,0.729,0.038,8120,15600,,1.00,1,0,800x1200,L,2
2755,16.464,13.494,1.757,0.404,0.000,0.062,0.079,0.000,0.622,0.059,0.526,0.038,8120,15600,,1.00,1,0,800x1200,L,2
2756,16.701,13.653,1.809,0.435,0.000,0.079,0.089,0.000,0.914,0.126,0.750,0.038,8120,15600,,1.00,1,0,800x1200,L,2
2757,16.356,13.497,1.748,0.392,0.000,0.051,0.078,0.000,1.407,0.603,0.765,0.038,8120,15600,,1.00,1,0,800x1200,L,2
2758,16.227,13.452,1.757,0.343,0.000,0.043,0.092,0.000,0.332,0.050,0.244,0.038,8120,15600,,1.00,1,0,800x1200,L,2
2759,2.992,0.000,1.965,0.304,0.000,0.034,0.068,0.000,0.245,0.023,0.207,0.015,8120,15600,,1.00,1,0,800x1200,L,2
2760,16.388,13.439,1.752,0.412,0.000,0.056,0.071,0.000,0.326,0.056,0.254,0.016,8120,15600,,1.00,1,0,800x1200,L,2
2761,16.473,13.523,1.746,0.405,0.000,0.056,0.078,0.000,0.273,0.028,0.228,0.017,8120,15600,,1.00,1,0,800x1200,L,2
2762,16.341,13.538,1.764,0.357,0.000,0.049,0.074,0.000,0.493,0.080,0.394,0.018,8120,15600,,1.00,1,0,800x1200,L,2
2763,16.285,13.489,1.738,0.341,0.000,0.044,0.075,0.000,0.349,0.035,0.292,0.022,8120,15600,,1.00,1,0,800x1200,L,2
2764,16.280,13.508,1.742,0.355,0.000,0.044,0.078,0.000,0.896,0.133,0.731,0.033,8120,15600,,1.00,1,0,800x1200,L,2
2765,16.312,13.473,1.759,0.358,0.000,0.048,0.096,0.000,0.070,0.033,0.000,0.037,8120,15600,,1.00,1,0,800x1200,L,2
2766,16.351,13.516,1.745,0.364,0.000,0.052,0.072,0.000,0.888,0.138,0.717,0.033,8120,15600,,1.00,1,0,800x1200,L,2
2767,15.761,13.080,1.689,0.324,0.000,0.036,0.066,0.000,0.675,0.060,0.577,0.039,8120,15600,,1.00,1,0,800x1200,L,2
2768,2.651,0.000,1.768,0.308,0.000,0.030,0.067,0.000,0.889,0.137,0.714,0.039,8120,15600,,1.00,1,0,800x1200,L,2
2769,15.713,13.065,1.720,0.309,0.000,0.030,0.065,0.000,0.616,0.058,0.519,0.039,8120,15600,,1.00,1,0,800x1200,L,2
2770,15.755,13.047,1.691,0.308,0.000,0.028,0.064,0.000,0.891,0.138,0.714,0.039,8120,15600,,1.00,1,0,800x1200,L,2
2771,15.926,13.148,1.737,0.340,0.000,0.045,0.069,0.000,0.632,0.058,0.536,0.038,8120,15600,,1.00,1,0,800x1200,L,2
2772,16.408,13.106,1.863,0.458,0.000,0.097,0.105,0.000,0.946,0.124,0.785,0.037,8120,15600,,1.00,1,0,800x1200,L,2
2773,3.118,0.001,1.808,0.448,0.000,0.068,0.086,0.000,0.641,0.059,0.544,0.038,8120,15600,,1.00,1,0,800x1200,L,2
2774,16.244,13.292,1.791,0.417,0.000,0.067,0.076,0.000,0.965,0.133,0.793,0.038,8120,15600,,1.00,1,0,800x1200,L,2
2775,16.353,13.371,1.762,0.374,0.000,0.050,0.088,0.000,0.610,0.059,0.514,0.038,8120,15600,,1.00,1,0,800x1200,L,2
2776,16.281,13.439,1.752,0.370,0.000,0.046,0.098,0.000,0.908,0.129,0.741,0.038,8120,15600,,1.00,1,0,800x1200,L,2
2777,16.750,13.588,1.823,0.415,0.000,0.091,0.102,0.000,0.618,0.059,0.521,0.038,8120,15600,,1.00,1,0,800x1200,L,2
2778,16.215,13.275,1.763,0.395,0.000,0.068,0.080,0.000,0.945,0.138,0.769,0.038,8120,15600,,1.00,1,0,800x1200,L,2
2779,16.299,13.271,1.765,0.412,0.000,0.084,0.086,0.000,0.698,0.057,0.603,0.038,8120,15600,,1.00,1,0,800x1200,L,2
2780,16.013,13.248,1.733,0.356,0.000,0.056,0.069,0.000,0.893,0.134,0.721,0.038,8120,15600,,1.00,1,0,800x1200,L,2
2781,16.890,13.749,1.807,0.427,0.000,0.082,0.107,0.000,0.620,0.058,0.525,0.037,8120,15600,,1.00,1,0,800x1200,L,2
2782,16.351,13.091,1.839,0.428,0.000,0.097,0.106,0.000,0.930,0.137,0.755,0.038,8120,15600,,1.00,1,0,800x1200,L,2
2783,16.849,13.466,1.895,0.464,0.000,0.100,0.097,0.000,0.626,0.060,0.529,0.037,8120,15600,,1.00,1,0,800x1200,L,2
2784,16.643,13.485,1.824,0.423,0.000,0.090,0.119,0.000,0.936,0.139,0.760,0.037,8120,15600,,1.00,1,0,800x1200,L,2
2785,16.741,13.159,1.862,0.470,0.000,0.105,0.105,0.000,0.624,0.060,0.527,0.037,8120,15600,,1.00,1,0,800x1200,L,2
2786,16.523,13.327,1.830,0.441,0.000,0.095,0.096,0.000,0.887,0.123,0.727,0.037,8120,15600,,1.00,1,0,800x1200,L,2
2787,16.517,13.291,1.810,0.439,0.000,0.095,0.102,0.000,0.706,0.059,0.610,0.037,8120,15600,,1.00,1,0,800x1200,L,2
2788,16.372,13.260,1.824,0.412,0.000,0.090,0.094,0.000,0.960,0.130,0.791,0.038,8120,15600,,1.00,1,0,800x1200,L,2
2789,16.383,13.241,1.815,0.410,0.000,0.090,0.092,0.000,0.624,0.059,0.527,0.038,8120,15600,,1.00,1,0,800x1200,L,2
2790,16.318,13.235,1.812,0.422,0.000,0.087,0.088,0.000,0.913,0.134,0.741,0.038,8120,15600,,1.00,1,0,800x1200,L,2
2791,16.319,13.188,1.811,0.402,0.000,0.087,0.105,0.000,0.605,0.059,0.509,0.038,8120,15600,,1.00,1,0,800x1200,L,2
2792,2.844,0.001,1.782,0.358,0.000,0.045,0.076,0.000,0.890,0.138,0.714,0.038,8120,15600,,1.00,1,0,800x1200,L,2
2793,16.654,13.227,1.876,0.468,0.000,0.099,0.109,0.000,0.612,0.057,0.517,0.038,8120,15600,,1.00,1,0,800x1200,L,2
2794,16.665,13.370,1.908,0.453,0.000,0.095,0.092,0.000,0.955,0.138,0.779,0.038,8120,15600,,1.00,1,0,800x1200,L,2
2795,16.969,13.617,1.831,0.494,0.000,0.106,0.097,0.000,0.632,0.060,0.534,0.038,8120,15600,,1.00,1,0,800x1200,L,2
2796,16.503,13.268,1.861,0.429,0.000,0.097,0.112,0.000,0.887,0.137,0.711,0.038,8120,15600,,1.00,1,0,800x1200,L,2
2797,16.860,13.584,1.857,0.453,0.000,0.091,0.105,0.000,0.625,0.058,0.529,0.038,8120,15600,,1.00,1,0,800x1200,L,2
2798,16.507,13.465,1.803,0.421,0.000,0.093,0.089,0.000,0.944,0.138,0.768,0.038,8120,15600,,1.00,1,0,800x1200,L,2
2799,16.719,13.354,1.860,0.466,0.000,0.092,0.103,0.000,0.640,0.059,0.543,0.039,8120,15600,,1.00,1,0,800x1200,L,2
2800,16.742,13.500,1.868,0.438,0.000,0.100,0.102,0.000,0.902,0.136,0.727,0.039,8120,15600,,1.00,1,0,800x1200,L,2
2801,16.533,13.341,1.829,0.427,0.000,0.089,0.110,0.000,0.609,0.058,0.514,0.038,8120,15600,,1.00,1,0,800x1200,L,2
2802,16.858,13.348,1.892,0.481,0.000,0.099,0.113,0.000,0.912,0.139,0.735,0.038,8120,15600,,1.00,1,0,800x1200,L,2
2803,16.889,13.649,1.802,0.450,0.000,0.099,0.131,0.000,0.622,0.060,0.523,0.038,8120,15600,,1.00,1,0,800x1200,L,2
2804,16.976,13.582,1.920,0.475,0.000,0.107,0.101,0.000,0.915,0.137,0.740,0.038,8120,15600,,1.00,1,0,800x1200,L,2
2805,16.681,13.563,1.770,0.419,0.000,0.095,0.090,0.000,0.625,0.060,0.527,0.038,8120,15600,,1.00,1,0,800x1200,L,2
2806,16.223,13.287,1.781,0.379,0.000,0.065,0.092,0.000,0.891,0.138,0.715,0.038,8120,15600,,1.00,1,0,800x1200,L,2
2807,15.814,13.095,1.694,0.343,0.000,0.038,0.074,0.000,0.619,0.060,0.520,0.038,8120,15600,,1.00,1,0,800x1200,L,2
2808,15.734,12.978,1.728,0.341,0.000,0.036,0.081,0.000,0.903,0.133,0.732,0.038,8120,15600,,1.00,1,0,800x1200,L,2
2809,15.748,13.040,1.710,0.309,0.000,0.038,0.071,0.000,0.631,0.058,0.534,0.039,8120,15600,,1.00,1,0,800x1200,L,2
2810,15.757,13.143,1.698,0.321,0.000,0.032,0.064,0.000,0.891,0.138,0.715,0.038,8120,15600,,1.00,1,0,800x1200,L,2
2811,15.967,13.164,1.715,0.366,0.000,0.052,0.074,0.000,0.622,0.057,0.527,0.039,8120,15600,,1.00,1,0,800x1200,L,2
2812,2.647,0.000,1.730,0.314,0.000,0.030,0.068,0.000,0.911,0.129,0.743,0.039,8120,15600,,1.00,1,0,800x1200,L,2
2813,15.701,13.088,1.682,0.298,0.000,0.029,0.084,0.000,0.629,0.057,0.533,0.039,8120,15600,,1.00,1,0,800x1200,L,2
2814,15.405,12.784,1.662,0.316,0.000,0.033,0.077,0.000,0.889,0.136,0.715,0.038,8120,15600,,1.00,1,0,800x1200,L,2
2815,15.659,13.005,1.685,0.317,0.000,0.033,0.062,0.000,0.633,0.057,0.539,0.037,8120,15600,,1.00,1,0,800x1200,L,2
2816,2.634,0.000,1.749,0.299,0.000,0.029,0.071,0.000,0.900,0.138,0.724,0.038,8120,15600,,1.00,1,0,800x1200,L,2
2817,15.524,12.899,1.669,0.320,0.000,0.034,0.065,0.000,0.611,0.057,0.515,0.039,8120,15600,,1.00,1,0,800x1200,L,2
2818,15.770,13.065,1.718,0.358,0.000,0.043,0.063,0.000,0.936,0.136,0.762,0.038,8120,15600,,1.00,1,0,800x1200,L,2
2819,2.793,0.000,1.872,0.299,0.000,0.027,0.070,0.000,0.623,0.058,0.528,0.038,8120,15600,,1.00,1,0,800x1200,L,2
2820,15.684,13.104,1.684,0.314,0.000,0.030,0.077,0.000,0.982,0.141,0.803,0.038,8120,15600,,1.00,1,0,800x1200,L,2
2821,15.485,12.822,1.702,0.302,0.000,0.032,0.071,0.000,0.620,0.057,0.525,0.038,8120,15600,,1.00,1,0,800x1200,L,2
2822,15.717,13.130,1.684,0.314,0.000,0.029,0.081,0.000,0.959,0.136,0.785,0.038,8120,15600,,1.00,1,0,800x1200,L,2
2823,2.759,0.000,1.758,0.298,0.000,0.034,0.074,0.000,0.616,0.057,0.521,0.038,8120,15600,,1.00,1,0,800x1200,L,2
2824,15.935,13.133,1.725,0.380,0.000,0.058,0.067,0.000,0.898,0.139,0.720,0.038,8120,15600,,1.00,1,0,800x1200,L,2
2825,15.851,13.102,1.714,0.319,0.000,0.036,0.087,0.000,0.612,0.058,0.516,0.038,8120,15600,,1.00,1,0,800x1200,L,2
2826,16.585,13.443,1.840,0.430,0.000,0.086,0.091,0.000,1.006,0.137,0.830,0.038,8120,15600,,1.00,1,0,800x1200,L,2
2827,16.818,13.611,1.855,0.452,0.000,0.091,0.089,0.000,0.641,0.059,0.543,0.038,8120,15600,,1.00,1,0,800x1200,L,2
2828,16.634,13.535,1.825,0.437,0.000,0.091,0.085,0.000,1.022,0.136,0.848,0.037,8120,15600,,1.00,1,0,800x1200,L,2
2829,16.337,13.296,1.750,0.403,0.000,0.079,0.131,0.000,0.616,0.059,0.519,0.038,8120,15600,,1.00,1,0,800x1200,L,2
2830,15.581,12.912,1.694,0.321,0.000,0.038,0.087,0.000,0.891,0.134,0.719,0.038,8120,15600,,1.00,1,0,800x1200,L,2
2831,2.823,0.000,1.885,0.312,0.000,0.029,0.077,0.000,0.642,0.059,0.546,0.038,8120,15600,,1.00,1,0,800x1200,L,2
2832,15.697,13.088,1.691,0.326,0.000,0.032,0.066,0.000,0.896,0.135,0.722,0.038,8120,15600,,1.00,1,0,800x1200,L,2
2833,15.786,13.150,1.688,0.310,0.000,0.030,0.074,0.000,0.752,0.056,0.657,0.038,8120,15600,,1.00,1,0,800x1200,L,2
2834,15.448,12.840,1.721,0.317,0.000,0.030,0.072,0.000,0.895,0.138,0.718,0.038,8120,15600,,1.00,1,0,800x1200,L,2
2835,2.637,0.000,1.728,0.304,0.000,0.028,0.060,0.000,0.624,0.058,0.527,0.038,8120,15600,,1.00,1,0,800x1200,L,2
2836,15.605,13.067,1.683,0.295,0.000,0.028,0.065,0.000,0.943,0.138,0.768,0.037,8120,15600,,1.00,1,0,800x1200,L,2
2837,16.066,13.257,1.723,0.366,0.000,0.057,0.068,0.000,0.629,0.057,0.535,0.037,8120,15600,,1.00,1,0,800x1200,L,2
2838,16.149,13.325,1.764,0.362,0.000,0.059,0.068,0.000,0.910,0.137,0.736,0.038,8120,15600,,1.00,1,0,800x1200,L,2
2839,15.992,13.144,1.779,0.338,0.000,0.044,0.101,0.000,0.624,0.058,0.528,0.037,8120,15600,,1.00,1,0,800x1200,L,2
2840,2.735,0.000,1.749,0.313,0.000,0.039,0.074,0.000,0.895,0.138,0.719,0.038,8120,15600,,1.00,1,0,800x1200,L,2
2841,16.349,13.117,1.787,0.458,0.000,0.091,0.104,0.000,0.640,0.057,0.545,0.038,8120,15600,,1.00,1,0,800x1200,L,2
2842,16.289,13.293,1.761,0.408,0.000,0.089,0.081,0.000,0.892,0.137,0.717,0.038,8120,15600,,1.00,1,0,800x1200,L,2
2843,16.222,13.362,1.745,0.358,0.000,0.049,0.097,0.000,0.616,0.059,0.519,0.038,8120,15600,,1.00,1,0,800x1200,L,2
2844,16.131,13.311,1.767,0.351,0.000,0.043,0.077,0.000,0.924,0.129,0.757,0.038,8120,15600,,1.00,1,0,800x1200,L,2
2845,16.249,13.431,1.764,0.343,0.000,0.044,0.075,0.000,0.215,0.021,0.169,0.025,8120,15600,,1.00,1,0,800x1200,L,2
2846,16.063,13.371,1.706,0.343,0.000,0.039,0.074,0.000,0.295,0.051,0.230,0.014,8120,15600,,1.00,1,0,800x1200,L,2
2847,2.656,0.000,1.729,0.315,0.000,0.031,0.074,0.000,0.230,0.023,0.193,0.014,8120,15600,,1.00,1,0,800x1200,L,2
2848,16.561,13.419,1.888,0.399,0.000,0.088,0.084,0.000,0.378,0.066,0.297,0.016,8120,15600,,1.00,1,0,800x1200,L,2
2849,16.135,13.230,1.735,0.385,0.000,0.061,0.099,0.000,0.345,0.035,0.291,0.018,8120,15600,,1.00,1,0,800x1200,L,2
2850,16.128,13.179,1.758,0.390,0.000,0.054,0.101,0.000,0.517,0.081,0.413,0.023,8120,15600,,1.00,1,0,800x1200,L,2
2851,16.084,13.083,1.757,0.401,0.000,0.074,0.086,0.000,0.346,0.034,0.289,0.023,8120,15600,,1.00,1,0,800x1200,L,2
2852,15.909,13.187,1.722,0.349,0.000,0.038,0.085,0.000,0.487,0.080,0.384,0.023,8120,15600,,1.00,1,0,800x1200,L,2
2853,15.599,12.882,1.697,0.337,0.000,0.035,0.065,0.000,0.662,0.059,0.565,0.038,8120,15600,,1.00,1,0,800x1200,L,2
2854,2.601,0.000,1.723,0.308,0.000,0.029,0.064,0.000,0.917,0.139,0.739,0.038,8120,15600,,1.00,1,0,800x1200,L,2
2855,15.656,13.068,1.674,0.299,0.000,0.030,0.059,0.000,0.615,0.057,0.519,0.039,8120,15600,,1.00,1,0,800x1200,L,2
2856,15.654,13.058,1.694,0.310,0.000,0.028,0.086,0.000,0.177,0.139,0.000,0.039,8120,15600,,1.00,1,0,800x1200,L,2
2857,2.693,0.000,1.669,0.306,0.000,0.035,0.072,0.000,0.636,0.058,0.540,0.038,8120,15600,,1.00,1,0,800x1200,L,2
2858,15.528,12.897,1.688,0.330,0.000,0.034,0.062,0.000,1.008,0.139,0.831,0.039,8120,15600,,1.00,1,0,800x1200,L,2
2859,15.672,13.032,1.693,0.305,0.000,0.032,0.063,0.000,0.655,0.057,0.559,0.039,8120,15600,,1.00,1,0,800x1200,L,2
2860,15.696,13.135,1.697,0.301,0.000,0.030,0.060,0.000,0.892,0.128,0.725,0.038,8120,15600,,1.00,1,0,800x1200,L,2
2861,2.630,0.000,1.716,0.307,0.000,0.030,0.056,0.000,0.624,0.058,0.527,0.039,8120,15600,,1.00,1,0,800x1200,L,2
2862,16.094,13.216,1.787,0.372,0.000,0.066,0.084,0.000,0.892,0.127,0.727,0.038,8120,15600,,1.00,1,0,800x1200,L,2
2863,16.157,13.258,1.849,0.343,0.000,0.046,0.078,0.000,0.708,0.060,0.610,0.038,8120,15600,,1.00,1,0,800x1200,L,2
2864,15.834,13.116,1.720,0.353,0.000,0.040,0.067,0.000,0.930,0.134,0.758,0.038,8120,15600,,1.00,1,0,800x1200,L,2
2865,15.891,13.180,1.709,0.320,0.000,0.037,0.069,0.000,0.620,0.057,0.525,0.038,8120,15600,,1.00,1,0,800x1200,L,2
2866,2.615,0.000,1.717,0.308,0.000,0.030,0.064,0.000,0.936,0.135,0.762,0.038,8120,15600,,1.00,1,0,800x1200,L,2
2867,15.697,13.056,1.696,0.306,0.000,0.030,0.071,0.000,0.617,0.057,0.522,0.038,8120,15600,,1.00,1,0,800x1200,L,2
2868,15.652,13.122,1.677,0.296,0.000,0.028,0.059,0.000,0.947,0.134,0.775,0.038,8120,15600,,1.00,1,0,800x1200,L,2
2869,15.682,13.082,1.687,0.302,0.000,0.028,0.060,0.000,0.616,0.057,0.521,0.039,8120,15600,,1.00,1,0,800x1200,L,2
2870,2.611,0.000,1.739,0.299,0.000,0.026,0.086,0.000,1.042,0.140,0.864,0.039,8120,15600,,1.00,1,0,800x1200,L,2
2871,15.596,12.853,1.695,0.324,0.000,0.037,0.077,0.000,0.623,0.056,0.528,0.039,8120,15600,,1.00,1,0,800x1200,L,2
2872,15.719,13.123,1.675,0.309,0.000,0.032,0.068,0.000,0.901,0.136,0.726,0.039,8120,15600,,1.00,1,0,800x1200,L,2
2873,15.688,13.073,1.683,0.302,0.000,0.031,0.062,0.000,0.617,0.059,0.519,0.039,8120,15600,,1.00,1,0,800x1200,L,2
2874,2.578,0.000,1.717,0.289,0.000,0.028,0.072,0.000,0.907,0.130,0.738,0.038,8120,15600,,1.00,1,0,800x1200,L,2
2875,15.580,12.922,1.692,0.301,0.000,0.029,0.112,0.000,0.657,0.058,0.561,0.038,8120,15600,,1.00,1,0,800x1200,L,2
2876,15.655,13.058,1.686,0.313,0.000,0.031,0.075,0.000,0.890,0.134,0.717,0.039,8120,15600,,1.00,1,0,800x1200,L,2
2877,2.545,0.000,1.683,0.286,0.000,0.028,0.063,0.000,0.609,0.059,0.512,0.038,8120,15600,,1.00,1,0,800x1200,L,2
2878,15.657,13.103,1.675,0.303,0.000,0.027,0.074,0.000,0.903,0.129,0.736,0.038,8120,15600,,1.00,1,0,800x1200,L,2
2879,15.452,12.823,1.684,0.296,0.000,0.030,0.078,0.000,0.095,0.058,0.000,0.038,8120,15600,,1.00,1,0,800x1200,L,2
2880,15.575,13.032,1.682,0.291,0.000,0.028,0.062,0.000,0.908,0.136,0.734,0.037,8120,15600,,1.00,1,0,800x1200,L,2
2881,2.616,0.000,1.717,0.291,0.000,0.027,0.066,0.000,0.670,0.057,0.575,0.038,8120,15600,,1.00,1,0,800x1200,L,2
2882,15.634,13.098,1.680,0.289,0.000,0.026,0.076,0.000,0.903,0.140,0.725,0.038,8120,15600,,1.00,1,0,800x1200,L,2
2883,15.522,12.901,1.686,0.299,0.000,0.029,0.062,0.000,0.625,0.058,0.529,0.038,8120,15600,,1.00,1,0,800x1200,L,2
2884,2.578,0.000,1.724,0.292,0.000,0.026,0.064,0.000,0.896,0.139,0.719,0.038,8120,15600,,1.00,1,0,800x1200,L,2
2885,15.672,13.067,1.712,0.291,0.000,0.028,0.066,0.000,0.718,0.059,0.620,0.038,8120,15600,,1.00,1,0,800x1200,L,2
2886,15.592,13.071,1.692,0.290,0.000,0.026,0.054,0.000,0.929,0.137,0.753,0.039,8120,15600,,1.00,1,0,800x1200,L,2
2887,15.649,13.067,1.711,0.289,0.000,0.026,0.053,0.000,0.610,0.057,0.515,0.039,8120,15600,,1.00,1,0,800x1200,L,2
2888,2.553,0.000,1.723,0.290,0.000,0.026,0.058,0.000,0.906,0.129,0.739,0.038,8120,15600,,1.00,1,0,800x1200,L,2
2889,15.621,13.038,1.697,0.290,0.000,0.026,0.072,0.000,0.641,0.056,0.546,0.038,8120,15600,,1.00,1,0,800x1200,L,2
2890,15.632,13.021,1.721,0.297,0.000,0.030,0.065,0.000,0.920,0.138,0.743,0.038,8120,15600,,1.00,1,0,800x1200,L,2
2891,2.610,0.000,1.715,0.288,0.000,0.029,0.058,0.000,0.730,0.057,0.635,0.039,8120,15600,,1.00,1,0,800x1200,L,2
2892,15.641,13.082,1.677,0.308,0.000,0.029,0.071,0.000,0.896,0.138,0.720,0.038,8120,15600,,1.00,1,0,800x1200,L,2
2893,15.569,12.875,1.742,0.307,0.000,0.029,0.067,0.000,0.098,0.059,0.000,0.039,8120,15600,,1.00,1,0,800x1200,L,2
2894,15.715,13.133,1.691,0.304,0.000,0.037,0.057,0.000,0.908,0.139,0.731,0.039,8120,15600,,1.00,1,0,800x1200,L,2
2895,2.584,0.000,1.696,0.293,0.000,0.028,0.061,0.000,0.622,0.056,0.527,0.039,8120,15600,,1.00,1,0,800x1200,L,2
2896,15.590,13.053,1.676,0.310,0.000,0.027,0.059,0.000,0.902,0.129,0.734,0.039,8120,15600,,1.00,1,0,800x1200,L,2
2897,15.691,13.105,1.700,0.295,0.000,0.028,0.057,0.000,0.647,0.057,0.551,0.039,8120,15600,,1.00,1,0,800x1200,L,2
2898,2.876,0.000,1.859,0.357,0.000,0.043,0.064,0.000,0.901,0.130,0.733,0.039,8120,15600,,1.00,1,0,800x1200,L,2
2899,16.357,13.402,1.758,0.394,0.000,0.077,0.072,0.000,0.668,0.057,0.573,0.038,8120,15600,,1.00,1,0,800x1200,L,2
2900,15.804,13.098,1.747,0.350,0.000,0.037,0.087,0.000,0.890,0.132,0.719,0.038,8120,15600,,1.00,1,0,800x1200,L,2
2901,16.147,13.078,1.764,0.422,0.000,0.083,0.086,0.000,0.623,0.058,0.526,0.039,8120,15600,,1.00,1,0,800x1200,L,2
2902,15.710,13.036,1.716,0.335,0.000,0.036,0.071,0.000,0.911,0.138,0.734,0.039,8120,15600,,1.00,1,0,800x1200,L,2
2903,15.719,13.081,1.690,0.317,0.000,0.031,0.062,0.000,0.651,0.057,0.555,0.039,8120,15600,,1.00,1,0,800x1200,L,2
2904,2.599,0.000,1.737,0.304,0.000,0.028,0.061,0.000,0.892,0.138,0.716,0.038,8120,15600,,1.00,1,0,800x1200,L,2
2905,15.628,13.066,1.599,0.295,0.000,0.032,0.074,0.000,0.627,0.059,0.529,0.039,8120,15600,,1.00,1,0,800x1200,L,2
2906,15.561,12.933,1.708,0.317,0.000,0.031,0.068,0.000,0.915,0.138,0.739,0.038,8120,15600,,1.00,1,0,800x1200,L,2
2907,2.627,0.000,1.690,0.290,0.000,0.029,0.084,0.000,0.637,0.058,0.542,0.038,8120,15600,,1.00,1,0,800x1200,L,2
2908,15.594,12.906,1.695,0.326,0.000,0.034,0.074,0.000,0.892,0.133,0.721,0.038,8120,15600,,1.00,1,0,800x1200,L,2
2909,15.716,13.040,1.707,0.303,0.000,0.033,0.075,0.000,0.621,0.058,0.525,0.037,8120,15600,,1.00,1,0,800x1200,L,2
2910,15.639,12.990,1.715,0.325,0.000,0.029,0.067,0.000,0.969,0.136,0.795,0.038,8120,15600,,1.00,1,0,800x1200,L,2
2911,2.664,0.000,1.733,0.303,0.000,0.029,0.064,0.000,0.684,0.057,0.588,0.038,8120,15600,,1.00,1,0,800x1200,L,2
2912,15.666,13.115,1.687,0.297,0.000,0.028,0.057,0.000,0.893,0.123,0.732,0.038,8120,15600,,1.00,1,0,800x1200,L,2
2913,15.661,13.070,1.688,0.303,0.000,0.028,0.072,0.000,0.622,0.057,0.527,0.038,8120,15600,,1.00,1,0,800x1200,L,2
2914,15.587,13.016,1.688,0.301,0.000,0.031,0.059,0.000,0.890,0.138,0.713,0.038,8120,15600,,1.00,1,0,800x1200,L,2
2915,2.642,0.000,1.722,0.298,0.000,0.029,0.065,0.000,0.617,0.058,0.520,0.038,8120,15600,,1.00,1,0,800x1200,L,2
2916,15.592,13.032,1.678,0.306,0.000,0.028,0.064,0.000,0.906,0.139,0.729,0.038,8120,15600,,1.00,1,0,800x1200,L,2
2917,15.627,13.037,1.677,0.302,0.000,0.028,0.067,0.000,0.654,0.056,0.559,0.039,8120,15600,,1.00,1,0,800x1200,L,2
2918,2.604,0.000,1.777,0.286,0.000,0.027,0.052,0.000,0.886,0.138,0.710,0.038,8120,15600,,1.00,1,0,800x1200,L,2
2919,15.764,12.917,1.744,0.344,0.000,0.057,0.079,0.000,0.621,0.056,0.527,0.038,8120,15600,,1.00,1,0,800x1200,L,2
2920,15.887,13.151,1.714,0.342,0.000,0.050,0.072,0.000,0.912,0.137,0.736,0.038,8120,15600,,1.00,1,0,800x1200,L,2
2921,16.520,13.420,1.817,0.429,0.000,0.085,0.082,0.000,0.629,0.059,0.532,0.039,8120,15600,,1.00,1,0,800x1200,L,2
2922,16.013,13.204,1.736,0.380,0.000,0.053,0.074,0.000,0.912,0.135,0.738,0.039,8120,15600,,1.00,1,0,800x1200,L,2
2923,2.712,0.000,1.787,0.309,0.000,0.033,0.061,0.000,0.612,0.057,0.517,0.038,8120,15600,,1.00,1,0,800x1200,L,2
2924,16.043,13.396,1.743,0.326,0.000,0.032,0.059,0.000,0.931,0.135,0.758,0.038,8120,15600,,1.00,1,0,800x1200,L,2
2925,16.127,13.392,1.718,0.330,0.000,0.037,0.079,0.000,0.756,0.059,0.660,0.037,8120,15600,,1.00,1,0,800x1200,L,2
2926,16.459,13.431,1.776,0.433,0.000,0.066,0.086,0.000,1.004,0.136,0.831,0.037,8120,15600,,1.00,1,0,800x1200,L,2
2927,16.752,13.444,1.902,0.454,0.000,0.093,0.114,0.000,0.623,0.059,0.526,0.038,8120,15600,,1.00,1,0,800x1200,L,2
2928,16.928,13.484,1.837,0.493,0.000,0.099,0.233,0.000,0.978,0.138,0.801,0.038,8120,15600,,1.00,1,0,800x1200,L,2
2929,17.042,13.593,1.857,0.494,0.000,0.093,0.123,0.000,0.637,0.059,0.540,0.038,8120,15600,,1.00,1,0,800x1200,L,2
2930,16.661,13.521,1.825,0.447,0.000,0.091,0.090,0.000,0.885,0.133,0.714,0.039,8120,15600,,1.00,1,0,800x1200,L,2
2931,16.642,13.532,1.802,0.424,0.000,0.091,0.088,0.000,0.627,0.059,0.529,0.039,8120,15600,,1.00,1,0,800x1200,L,2
2932,16.215,13.313,1.764,0.390,0.000,0.066,0.097,0.000,0.904,0.129,0.737,0.038,8120,15600,,1.00,1,0,800x1200,L,2
2933,16.461,13.248,1.828,0.433,0.000,0.085,0.087,0.000,0.644,0.060,0.546,0.038,8120,15600,,1.00,1,0,800x1200,L,2
2934,16.240,13.292,1.761,0.405,0.000,0.076,0.078,0.000,0.999,0.136,0.824,0.038,8120,15600,,1.00,1,0,800x1200,L,2
2935,16.166,13.260,1.752,0.368,0.000,0.060,0.103,0.000,0.620,0.058,0.522,0.039,8120,15600,,1.00,1,0,800x1200,L,2
2936,16.369,13.257,1.803,0.429,0.000,0.074,0.088,0.000,0.173,0.134,0.000,0.039,8120,15600,,1.00,1,0,800x1200,L,2
2937,16.821,13.598,1.831,0.448,0.000,0.095,0.091,0.000,0.626,0.059,0.529,0.038,8120,15600,,1.00,1,0,800x1200,L,2
2938,16.517,13.434,1.817,0.414,0.000,0.086,0.090,0.000,0.175,0.137,0.000,0.038,8120,15600,,1.00,1,0,800x1200,L,2
2939,16.593,13.520,1.764,0.420,0.000,0.087,0.085,0.000,0.674,0.059,0.577,0.038,8120,15600,,1.00,1,0,800x1200,L,2
2940,16.037,13.153,1.733,0.364,0.000,0.050,0.090,0.000,0.921,0.136,0.747,0.038,8120,15600,,1.00,1,0,800x1200,L,2
2941,16.225,13.234,1.783,0.371,0.000,0.050,0.102,0.000,0.616,0.058,0.520,0.039,8120,15600,,1.00,1,0,800x1200,L,2
2942,3.171,0.000,1.984,0.422,0.000,0.064,0.075,0.000,0.901,0.137,0.726,0.038,8120,15600,,1.00,1,0,800x1200,L,2
2943,16.552,13.472,1.833,0.417,0.000,0.079,0.086,0.000,0.619,0.059,0.521,0.038,8120,15600,,1.00,1,0,800x1200,L,2
2944,16.448,13.490,1.800,0.407,0.000,0.070,0.076,0.000,0.895,0.134,0.723,0.038,8120,15600,,1.00,1,0,800x1200,L,2
2945,16.490,13.608,1.778,0.376,0.000,0.059,0.070,0.000,0.618,0.060,0.518,0.040,8120,15600,,1.00,1,0,800x1200,L,2
2946,16.239,13.530,1.749,0.344,0.000,0.041,0.062,0.000,0.893,0.140,0.714,0.039,8120,15600,,1.00,1,0,800x1200,L,2
2947,16.449,13.536,1.772,0.381,0.000,0.047,0.068,0.000,0.626,0.058,0.528,0.040,8120,15600,,1.00,1,0,800x1200,L,2
2948,16.690,13.632,1.826,0.413,0.000,0.064,0.083,0.000,0.891,0.137,0.715,0.039,8120,15600,,1.00,1,0,800x1200,L,2
2949,16.375,13.486,1.784,0.382,0.000,0.055,0.073,0.000,0.630,0.059,0.533,0.038,8120,15600,,1.00,1,0,800x1200,L,2
2950,16.447,13.652,1.785,0.365,0.000,0.046,0.066,0.000,0.907,0.137,0.731,0.039,8120,15600,,1.00,1,0,800x1200,L,2
2951,17.132,13.645,1.909,0.485,0.000,0.099,0.106,0.000,0.615,0.057,0.520,0.038,8120,15600,,1.00,1,0,800x1200,L,2
2952,16.779,13.625,1.836,0.449,0.000,0.090,0.089,0.000,0.908,0.139,0.730,0.039,8120,15600,,1.00,1,0,800x1200,L,2
2953,16.669,13.499,1.807,0.434,0.000,0.080,0.091,0.000,0.643,0.059,0.545,0.038,8120,15600,,1.00,1,0,800x1200,L,2
2954,16.614,13.581,1.785,0.424,0.000,0.085,0.090,0.000,0.883,0.138,0.707,0.038,8120,15600,,1.00,1,0,800x1200,L,2
2955,17.074,13.643,1.918,0.481,0.000,0.098,0.097,0.000,0.660,0.059,0.562,0.038,8120,15600,,1.00,1,0,800x1200,L,2
2956,16.379,13.397,1.781,0.432,0.000,0.065,0.085,0.000,0.913,0.138,0.736,0.039,8120,15600,,1.00,1,0,800x1200,L,2
2957,16.320,13.439,1.755,0.393,0.000,0.057,0.070,0.000,0.616,0.058,0.520,0.038,8120,15600,,1.00,1,0,800x1200,L,2
2958,16.583,13.520,1.813,0.438,0.000,0.069,0.088,0.000,0.904,0.138,0.727,0.039,8120,15600,,1.00,1,0,800x1200,L,2
2959,16.687,13.580,1.793,0.441,0.000,0.088,0.094,0.000,0.622,0.058,0.526,0.038,8120,15600,,1.00,1,0,800x1200,L,2
2960,16.538,13.561,1.791,0.443,0.000,0.070,0.079,0.000,0.899,0.138,0.722,0.038,8120,15600,,1.00,1,0,800x1200,L,2
2961,16.228,13.406,1.761,0.361,0.000,0.049,0.089,0.000,0.640,0.059,0.543,0.039,8120,15600,,1.00,1,0,800x1200,L,2
2962,16.398,13.513,1.775,0.385,0.000,0.048,0.072,0.000,0.904,0.136,0.729,0.038,8120,15600,,1.00,1,0,800x1200,L,2
2963,16.326,13.509,1.754,0.358,0.000,0.038,0.072,0.000,0.618,0.059,0.521,0.039,8120,15600,,1.00,1,0,800x1200,L,2
2964,16.112,13.346,1.764,0.344,0.000,0.038,0.096,0.000,0.900,0.138,0.724,0.039,8120,15600,,1.00,1,0,800x1200,L,2
2965,16.399,13.392,1.805,0.388,0.000,0.048,0.073,0.000,0.622,0.057,0.527,0.038,8120,15600,,1.00,1,0,800x1200,L,2
2966,16.199,13.464,1.748,0.335,0.000,0.040,0.078,0.000,1.035,0.137,0.859,0.038,8120,15600,,1.00,1,0,800x1200,L,2
2967,16.217,13.325,1.748,0.384,0.000,0.058,0.084,0.000,0.606,0.057,0.511,0.038,8120,15600,,1.00,1,0,800x1200,L,2
2968,16.161,13.303,1.752,0.380,0.000,0.067,0.073,0.000,0.886,0.139,0.710,0.037,8120,15600,,1.00,1,0,800x1200,L,2
2969,15.929,13.261,1.713,0.317,0.000,0.035,0.072,0.000,0.695,0.059,0.597,0.039,8120,15600,,1.00,1,0,800x1200,L,2
2970,15.843,13.216,1.711,0.339,0.000,0.033,0.063,0.000,0.932,0.138,0.756,0.038,8120,15600,,1.00,1,0,800x1200,L,2
2971,2.684,0.000,1.766,0.323,0.000,0.030,0.056,0.000,0.631,0.057,0.535,0.039,8120,15600,,1.00,1,0,800x1200,L,2
2972,15.848,13.263,1.700,0.330,0.000,0.031,0.057,0.000,0.889,0.133,0.718,0.038,8120,15600,,1.00,1,0,800x1200,L,2
2973,16.105,13.343,1.716,0.363,0.000,0.039,0.073,0.000,0.639,0.058,0.543,0.038,8120,15600,,1.00,1,0,800x1200,L,2
2974,15.865,13.249,1.708,0.319,0.000,0.030,0.081,0.000,0.891,0.133,0.720,0.038,8120,15600,,1.00,1,0,800x1200,L,2
2975,16.093,13.254,1.723,0.373,0.000,0.040,0.071,0.000,0.615,0.057,0.521,0.038,8120,15600,,1.00,1,0,800x1200,L,2
2976,2.750,0.000,1.776,0.349,0.000,0.038,0.064,0.000,0.895,0.138,0.719,0.038,8120,15600,,1.00,1,0,800x1200,L,2
2977,16.004,13.202,1.739,0.362,0.000,0.046,0.068,0.000,0.655,0.057,0.560,0.038,8120,15600,,1.00,1,0,800x1200,L,2
2978,15.877,13.207,1.732,0.338,0.000,0.036,0.064,0.000,0.891,0.140,0.712,0.038,8120,15600,,1.00,1,0,800x1200,L,2
2979,15.909,13.227,1.704,0.336,0.000,0.034,0.062,0.000,0.634,0.058,0.538,0.039,8120,15600,,1.00,1,0,800x1200,L,2
2980,16.024,13.273,1.736,0.375,0.000,0.049,0.067,0.000,0.894,0.128,0.727,0.039,8120,15600,,1.00,1,0,800x1200,L,2
2981,2.658,0.000,1.717,0.316,0.000,0.031,0.082,0.000,0.610,0.057,0.514,0.039,8120,15600,,1.00,1,0,800x1200,L,2
2982,16.265,13.397,1.752,0.389,0.000,0.059,0.082,0.000,0.934,0.138,0.758,0.038,8120,15600,,1.00,1,0,800x1200,L,2
2983,16.102,13.346,1.720,0.354,0.000,0.044,0.068,0.000,0.682,0.057,0.586,0.039,8120,15600,,1.00,1,0,800x1200,L,2
2984,16.824,13.672,1.831,0.444,0.000,0.087,0.099,0.000,0.904,0.136,0.730,0.038,8120,15600,,1.00,1,0,800x1200,L,2
2985,16.893,13.660,1.848,0.463,0.000,0.088,0.091,0.000,0.616,0.059,0.518,0.039,8120,15600,,1.00,1,0,800x1200,L,2
2986,16.869,13.689,1.843,0.453,0.000,0.089,0.092,0.000,0.910,0.132,0.739,0.038,8120,15600,,1.00,1,0,800x1200,L,2
2987,16.631,13.584,1.779,0.412,0.000,0.082,0.092,0.000,0.611,0.059,0.514,0.038,8120,15600,,1.00,1,0,800x1200,L,2
2988,16.909,13.843,1.819,0.415,0.000,0.085,0.091,0.000,0.892,0.137,0.718,0.038,8120,15600,,1.00,1,0,800x1200,L,2
2989,16.930,13.562,1.876,0.461,0.000,0.100,0.104,0.000,0.670,0.059,0.573,0.038,8120,15600,,1.00,1,0,800x1200,L,2
2990,16.943,13.739,1.861,0.442,0.000,0.092,0.104,0.000,0.889,0.136,0.714,0.039,8120,15600,,1.00,1,0,800x1200,L,2
2991,16.818,13.607,1.850,0.435,0.000,0.092,0.097,0.000,0.624,0.059,0.528,0.038,8120,15600,,1.00,1,0,800x1200,L,2
2992,17.034,13.910,1.857,0.422,0.000,0.088,0.092,0.000,0.928,0.137,0.751,0.039,8120,15600,,1.00,1,0,800x1200,L,2
2993,16.700,13.537,1.840,0.406,0.000,0.085,0.128,0.000,0.621,0.059,0.525,0.038,8120,15600,,1.00,1,0,800x1200,L,2
2994,17.009,13.554,1.898,0.484,0.000,0.104,0.108,0.000,0.976,0.136,0.802,0.038,8120,15600,,1.00,1,0,800x1200,L,2
2995,16.814,13.553,1.822,0.452,0.000,0.097,0.101,0.000,0.618,0.059,0.521,0.039,8120,15600,,1.00,1,0,800x1200,L,2
2996,17.088,13.562,1.964,0.490,0.000,0.103,0.104,0.000,0.921,0.083,0.800,0.038,8120,15600,,1.00,1,0,800x1200,L,2
2997,16.835,13.603,1.868,0.430,0.000,0.094,0.092,0.000,0.625,0.056,0.530,0.038,8120,15600,,1.00,1,0,800x1200,L,2
2998,16.577,13.452,1.844,0.417,0.000,0.094,0.098,0.000,0.885,0.134,0.713,0.038,8120,15600,,1.00,1,0,800x1200,L,2
2999,16.574,13.389,1.852,0.427,0.000,0.089,0.094,0.000,0.652,0.059,0.555,0.038,8120,15600,,1.00,1,0,800x1200,L,2
3000,16.508,13.422,1.825,0.427,0.000,0.085,0.089,0.000,0.907,0.134,0.735,0.038,8120,15600,,1.00,1,0,800x1200,L,2
3001,16.629,13.506,1.831,0.413,0.000,0.082,0.084,0.000,0.627,0.058,0.531,0.038,8120,15600,,1.00,1,0,800x1200,L,2
3002,16.751,13.367,1.886,0.470,0.000,0.100,0.103,0.000,0.888,0.137,0.714,0.038,8120,15600,,1.00,1,0,800x1200,L,2
3003,16.837,13.505,1.877,0.453,0.000,0.095,0.124,0.000,0.626,0.059,0.529,0.038,8120,15600,,1.00,1,0,800x1200,L,2
3004,16.642,13.214,1.923,0.478,0.000,0.104,0.098,0.000,0.929,0.138,0.754,0.037,8120,15600,,1.00,1,0,800x1200,L,2
3005,16.543,13.307,1.852,0.441,0.000,0.102,0.090,0.000,0.628,0.058,0.532,0.037,8120,15600,,1.00,1,0,800x1200,L,2
3006,16.589,13.358,1.883,0.432,0.000,0.096,0.106,0.000,0.890,0.137,0.716,0.037,8120,15600,,1.00,1,0,800x1200,L,2
3007,16.617,13.326,1.834,0.438,0.000,0.095,0.107,0.000,0.637,0.060,0.540,0.038,8120,15600,,1.00,1,0,800x1200,L,2
3008,16.163,13.236,1.762,0.383,0.000,0.069,0.090,0.000,0.936,0.136,0.762,0.038,8120,15600,,1.00,1,0,800x1200,L,2
3009,16.035,13.222,1.716,0.356,0.000,0.045,0.097,0.000,0.609,0.058,0.512,0.039,8120,15600,,1.00,1,0,800x1200,L,2
3010,15.820,13.139,1.704,0.326,0.000,0.034,0.092,0.000,0.890,0.139,0.711,0.039,8120,15600,,1.00,1,0,800x1200,L,2
3011,16.332,13.204,1.774,0.397,0.000,0.088,0.102,0.000,0.656,0.057,0.561,0.038,8120,15600,,1.00,1,0,800x1200,L,2
3012,16.086,13.168,1.750,0.384,0.000,0.076,0.081,0.000,0.881,0.138,0.705,0.038,8120,15600,,1.00,1,0,800x1200,L,2
3013,15.796,12.980,1.697,0.338,0.000,0.047,0.082,0.000,0.622,0.059,0.524,0.039,8120,15600,,1.00,1,0,800x1200,L,2
3014,15.913,13.171,1.704,0.353,0.000,0.043,0.074,0.000,0.934,0.136,0.759,0.038,8120,15600,,1.00,1,0,800x1200,L,2
3015,16.121,13.176,1.761,0.380,0.000,0.065,0.081,0.000,0.621,0.057,0.525,0.038,8120,15600,,1.00,1,0,800x1200,L,2
3016,15.753,13.097,1.703,0.317,0.000,0.035,0.067,0.000,0.949,0.136,0.775,0.038,8120,15600,,1.00,1,0,800x1200,L,2
3017,15.844,13.140,1.711,0.319,0.000,0.035,0.076,0.000,0.632,0.058,0.536,0.038,8120,15600,,1.00,1,0,800x1200,L,2
3018,15.879,13.154,1.730,0.335,0.000,0.041,0.093,0.000,0.948,0.128,0.781,0.039,8120,15600,,1.00,1,0,800x1200,L,2
3019,16.529,13.222,1.864,0.438,0.000,0.096,0.100,0.000,0.634,0.059,0.537,0.038,8120,15600,,1.00,1,0,800x1200,L,2
3020,16.572,13.528,1.791,0.422,0.000,0.089,0.083,0.000,0.936,0.132,0.766,0.038,8120,15600,,1.00,1,0,800x1200,L,2
3021,16.629,13.431,1.882,0.402,0.000,0.076,0.103,0.000,0.639,0.059,0.542,0.038,8120,15600,,1.00,1,0,800x1200,L,2
3022,16.735,13.616,1.861,0.412,0.000,0.087,0.102,0.000,0.886,0.137,0.710,0.039,8120,15600,,1.00,1,0,800x1200,L,2
3023,16.615,13.328,1.835,0.458,0.000,0.093,0.105,0.000,0.621,0.059,0.524,0.038,8120,15600,,1.00,1,0,800x1200,L,2
3024,15.966,13.213,1.716,0.346,0.000,0.040,0.091,0.000,0.964,0.139,0.787,0.038,8120,15600,,1.00,1,0,800x1200,L,2
3025,15.735,12.981,1.725,0.325,0.000,0.035,0.098,0.000,0.652,0.057,0.556,0.039,8120,15600,,1.00,1,0,800x1200,L,2
3026,15.796,12.934,1.737,0.335,0.000,0.047,0.106,0.000,0.892,0.139,0.714,0.039,8120,15600,,1.00,1,0,800x1200,L,2
3027,15.579,12.922,1.666,0.307,0.000,0.036,0.082,0.000,0.625,0.058,0.529,0.038,8120,15600,,1.00,1,0,800x1200,L,2
3028,15.752,13.071,1.705,0.321,0.000,0.038,0.083,0.000,0.902,0.137,0.726,0.038,8120,15600,,1.00,1,0,800x1200,L,2
3029,30.734,26.849,1.844,0.485,0.000,0.128,0.195,0.000,0.616,0.058,0.520,0.038,8120,15600,,1.00,1,0,4112x2570,L,2
3030,59.195,54.360,2.553,0.555,0.000,0.110,0.142,0.000,2.633,0.053,2.499,0.081,8120,15600,,1.00,1,0,4112x2570,L,2
3031,58.831,54.957,1.832,0.514,0.000,0.098,0.111,0.000,3.102,0.521,2.501,0.079,8120,15600,,1.00,1,0,4112x2570,L,2
3032,58.423,54.125,2.611,0.494,0.000,0.108,0.130,0.000,8.596,0.191,8.326,0.078,8120,15600,,1.00,1,0,4112x2570,L,2
3033,47.629,43.525,2.102,0.520,0.000,0.170,0.150,0.000,2.756,0.056,2.618,0.083,8120,15600,,1.00,1,0,4112x2570,L,2
3034,43.651,40.023,1.988,0.508,0.000,0.107,0.160,0.000,6.087,0.155,5.846,0.086,8120,15600,,1.00,1,0,4112x2570,L,2
3035,44.676,41.036,1.933,0.485,0.000,0.105,0.181,0.000,2.635,0.052,2.503,0.081,8120,15600,,1.00,1,0,4112x2570,L,2
3036,31.071,27.518,1.987,0.497,0.000,0.106,0.106,0.000,8.398,2.590,5.736,0.072,8120,15600,,1.00,1,0,4112x2570,L,2
3037,30.817,27.423,1.889,0.475,0.000,0.106,0.095,0.000,0.990,0.022,0.923,0.046,8120,15600,,1.00,1,0,4112x2570,L,2
3038,31.522,28.028,1.924,0.490,0.000,0.111,0.140,0.000,3.627,0.085,3.496,0.046,8120,15600,,1.00,1,0,4112x2570,L,2
3039,30.791,27.204,1.984,0.467,0.000,0.108,0.105,0.000,2.676,0.029,2.601,0.045,8120,15600,,1.00,1,0,4112x2570,L,2
3040,30.359,27.088,1.873,0.453,0.000,0.099,0.098,0.000,5.781,0.108,5.622,0.051,8120,15600,,1.00,1,0,4112x2570,L,2
3041,30.369,27.196,1.823,0.425,0.000,0.092,0.090,0.000,2.524,0.058,2.412,0.054,8120,15600,,1.00,1,0,4112x2570,L,2
3042,30.371,27.238,1.853,0.443,0.000,0.095,0.084,0.000,11.148,0.154,10.923,0.071,8120,15600,,1.00,1,0,4112x2570,L,2
3043,16.943,13.693,1.865,0.444,0.000,0.094,0.102,0.000,2.634,0.056,2.500,0.077,8120,15600,,1.00,1,0,4112x2570,L,2
3044,16.900,13.597,1.891,0.448,0.000,0.097,0.110,0.000,8.641,0.190,8.368,0.083,8120,15600,,1.00,1,0,4112x2570,L,2
3045,16.851,13.660,1.859,0.424,0.000,0.088,0.085,0.000,0.935,0.020,0.858,0.057,8120,15600,,1.00,1,0,4112x2570,L,2
3046,17.409,13.793,1.950,0.506,0.000,0.107,0.120,0.000,3.212,0.066,3.100,0.046,8120,15600,,1.00,1,0,4112x2570,L,2
3047,16.923,13.536,1.841,0.466,0.000,0.099,0.115,0.000,0.987,0.022,0.922,0.043,8120,15600,,1.00,1,0,4112x2570,L,2
3048,30.770,27.260,1.925,0.498,0.000,0.105,0.103,0.000,2.632,0.024,2.559,0.050,8120,15600,,1.00,1,0,4112x2570,L,2
3049,16.999,13.651,1.889,0.453,0.000,0.101,0.102,0.000,1.146,0.025,1.071,0.050,8120,15600,,1.00,1,0,4112x2570,L,2
3050,30.767,27.248,1.932,0.487,0.000,0.104,0.107,0.000,3.155,0.089,3.012,0.054,8120,15600,,1.00,1,0,4112x2570,L,2
3051,30.455,27.141,1.875,0.456,0.000,0.103,0.098,0.000,1.463,0.034,1.374,0.055,8120,15600,,1.00,1,0,4112x2570,L,2
3052,30.528,27.121,1.888,0.495,0.000,0.104,0.113,0.000,6.097,0.179,5.846,0.071,8120,15600,,1.00,1,0,4112x2570,L,2
3053,30.591,27.337,1.859,0.457,0.000,0.100,0.095,0.000,2.635,0.057,2.500,0.079,8120,15600,,1.00,1,0,4112x2570,L,2
3054,30.356,27.223,1.843,0.431,0.000,0.094,0.089,0.000,6.105,0.171,5.855,0.079,8120,15600,,1.00,1,0,4112x2570,L,2
3055,30.769,27.267,1.921,0.494,0.000,0.107,0.102,0.000,2.639,0.057,2.504,0.077,8120,15600,,1.00,1,0,4112x2570,L,2
3056,30.446,27.144,1.911,0.465,0.000,0.106,0.094,0.000,6.105,0.154,5.870,0.080,8120,15600,,1.00,1,0,4112x2570,L,2
3057,16.780,13.553,1.841,0.423,0.000,0.095,0.100,0.000,2.632,0.056,2.497,0.079,8120,15600,,1.00,1,0,4112x2570,L,2
3058,16.608,13.405,1.872,0.452,0.000,0.093,0.090,0.000,6.102,0.168,5.855,0.079,8120,15600,,1.00,1,0,4112x2570,L,2
3059,16.681,13.473,1.869,0.428,0.000,0.095,0.085,0.000,2.632,0.056,2.499,0.077,8120,15600,,1.00,1,0,4112x2570,L,2
3060,16.661,13.550,1.829,0.430,0.000,0.092,0.089,0.000,6.102,0.147,5.877,0.079,8120,15600,,1.00,1,0,4112x2570,L,2
3061,16.787,13.575,1.831,0.432,0.000,0.087,0.123,0.000,2.631,0.054,2.499,0.078,8120,15600,,1.00,1,0,4112x2570,L,2
3062,16.774,13.390,1.898,0.465,0.000,0.100,0.113,0.000,10.879,3.698,7.103,0.078,8120,15600,,1.00,1,0,4112x2570,L,2
3063,31.283,27.080,1.851,0.445,0.000,0.102,0.119,0.000,1.013,0.021,0.923,0.070,8120,15600,,1.00,1,0,4112x2570,L,2
3064,16.833,13.606,1.878,0.447,0.000,0.095,0.099,0.000,2.147,0.060,2.039,0.048,8120,15600,,1.00,1,0,4112x2570,L,2
3065,16.865,13.695,1.847,0.441,0.000,0.091,0.084,0.000,1.049,0.024,0.979,0.046,8120,15600,,1.00,1,0,4112x2570,L,2
3066,16.798,13.647,1.876,0.417,0.000,0.089,0.096,0.000,2.564,0.077,2.435,0.051,8120,15600,,1.00,1,0,4112x2570,L,2
3067,16.928,13.664,1.896,0.435,0.000,0.091,0.094,0.000,1.424,0.025,1.339,0.060,8120,15600,,1.00,1,0,4112x2570,L,2
3068,17.172,13.531,1.995,0.512,0.000,0.111,0.117,0.000,3.359,0.100,3.197,0.062,8120,15600,,1.00,1,0,4112x2570,L,2
3069,17.026,13.717,1.885,0.446,0.000,0.102,0.100,0.000,1.461,0.033,1.372,0.055,8120,15600,,1.00,1,0,4112x2570,L,2
3070,16.957,13.756,1.862,0.439,0.000,0.094,0.110,0.000,3.357,0.098,3.199,0.060,8120,15600,,1.00,1,0,4112x2570,L,2
3071,30.472,27.242,1.850,0.430,0.000,0.093,0.098,0.000,1.500,0.056,1.389,0.055,8120,15600,,1.00,1,0,4112x2570,L,2
3072,16.799,13.640,1.864,0.435,0.000,0.089,0.103,0.000,5.013,0.104,4.838,0.071,8120,15600,,1.00,1,0,4112x2570,L,2
3073,16.661,13.442,1.880,0.415,0.000,0.092,0.118,0.000,1.686,0.033,1.575,0.078,8120,15600,,1.00,1,0,4112x2570,L,2
3074,17.106,13.713,1.896,0.480,0.000,0.101,0.100,0.000,6.101,0.178,5.845,0.079,8120,15600,,1.00,1,0,4112x2570,L,2
3075,16.904,13.599,1.868,0.462,0.000,0.100,0.093,0.000,2.631,0.056,2.500,0.075,8120,15600,,1.00,1,0,4112x2570,L,2
3076,16.758,13.572,1.850,0.444,0.000,0.099,0.098,0.000,6.099,0.166,5.855,0.079,8120,15600,,1.00,1,0,4112x2570,L,2
3077,16.691,13.499,1.824,0.444,0.000,0.096,0.091,0.000,2.634,0.057,2.501,0.077,8120,15600,,1.00,1,0,4112x2570,L,2
3078,17.402,13.757,1.852,0.438,0.000,0.092,0.087,0.000,6.102,0.166,5.858,0.077,8120,15600,,1.00,1,0,4112x2570,L,2
3079,30.426,27.243,1.848,0.428,0.000,0.093,0.092,0.000,2.633,0.055,2.500,0.078,8120,15600,,1.00,1,0,4112x2570,L,2
3080,16.980,13.492,1.907,0.478,0.000,0.104,0.136,0.000,6.105,0.191,5.833,0.081,8120,15600,,1.00,1,0,4112x2570,L,2
3081,17.319,13.762,1.919,0.484,0.000,0.102,0.094,0.000,4.802,0.994,3.304,0.504,8120,15600,,1.00,1,0,4112x2570,L,2
3082,17.028,13.770,1.874,0.471,0.000,0.095,0.103,0.000,3.543,1.138,2.221,0.184,8120,15600,,1.00,1,0,4112x2570,L,2
3083,17.003,13.746,1.884,0.441,0.000,0.092,0.097,0.000,0.991,0.022,0.925,0.044,8120,15600,,1.00,1,0,4112x2570,L,2
3084,30.925,27.483,1.854,0.471,0.000,0.093,0.112,0.000,2.223,0.059,2.115,0.049,8120,15600,,1.00,1,0,4112x2570,L,2
3085,17.089,13.670,1.899,0.498,0.000,0.114,0.104,0.000,0.936,0.020,0.871,0.045,8120,15600,,1.00,1,0,4112x2570,L,2
3086,16.894,13.716,1.861,0.464,0.000,0.092,0.086,0.000,2.583,0.072,2.460,0.051,8120,15600,,1.00,1,0,4112x2570,L,2
3087,17.028,13.615,1.897,0.463,0.000,0.104,0.174,0.000,1.143,0.024,1.070,0.049,8120,15600,,1.00,1,0,4112x2570,L,2
3088,17.101,13.585,1.952,0.501,0.000,0.106,0.124,0.000,2.613,0.088,2.473,0.052,8120,15600,,1.00,1,0,4112x2570,L,2
3089,31.063,27.462,1.939,0.487,0.000,0.109,0.112,0.000,1.456,0.031,1.373,0.051,8120,15600,,1.00,1,0,4112x2570,L,2
3090,17.046,13.697,1.901,0.470,0.000,0.098,0.122,0.000,3.080,0.095,2.929,0.056,8120,15600,,1.00,1,0,4112x2570,L,2
3091,17.236,13.717,1.905,0.471,0.000,0.104,0.148,0.000,2.167,0.034,2.065,0.068,8120,15600,,1.00,1,0,4112x2570,L,2
3092,17.247,13.719,1.987,0.483,0.000,0.108,0.108,0.000,6.104,0.150,5.875,0.078,8120,15600,,1.00,1,0,4112x2570,L,2
3093,17.352,13.693,1.956,0.512,0.000,0.107,0.118,0.000,2.636,0.057,2.499,0.079,8120,15600,,1.00,1,0,4112x2570,L,2
3094,30.868,27.537,1.916,0.477,0.000,0.098,0.098,0.000,6.287,0.156,5.873,0.258,8120,15600,,1.00,1,0,4112x2570,L,2
3095,17.287,13.929,1.899,0.448,0.000,0.104,0.119,0.000,1.137,0.023,0.925,0.189,8120,15600,,1.00,1,0,4112x2570,L,2
3096,17.268,13.743,1.948,0.496,0.000,0.108,0.107,0.000,2.218,0.068,2.100,0.049,8120,15600,,1.00,1,0,4112x2570,L,2
3097,17.049,13.686,1.883,0.464,0.000,0.101,0.106,0.000,1.145,0.026,1.070,0.049,8120,15600,,1.00,1,0,4112x2570,L,2
3098,30.823,27.517,1.886,0.456,0.000,0.105,0.105,0.000,2.610,0.082,2.477,0.050,8120,15600,,1.00,1,0,4112x2570,L,2
3099,16.971,13.717,1.867,0.437,0.000,0.095,0.093,0.000,0.994,0.022,0.924,0.048,8120,15600,,1.00,1,0,4112x2570,L,2
3100,16.772,13.713,1.802,0.429,0.000,0.087,0.092,0.000,3.144,0.089,3.000,0.054,8120,15600,,1.00,1,0,4112x2570,L,2
3101,16.886,13.646,1.841,0.445,0.000,0.091,0.125,0.000,1.302,0.026,1.222,0.054,8120,15600,,1.00,1,0,4112x2570,L,2
3102,16.917,13.691,1.881,0.434,0.000,0.093,0.101,0.000,4.875,0.100,4.720,0.055,8120,15600,,1.00,1,0,4112x2570,L,2
3103,16.925,13.722,1.854,0.424,0.000,0.095,0.093,0.000,2.626,0.057,2.501,0.068,8120,15600,,1.00,1,0,4112x2570,L,2
3104,16.919,13.747,1.863,0.449,0.000,0.093,0.089,0.000,5.984,0.155,5.764,0.064,8120,15600,,1.00,1,0,4112x2570,L,2
3105,30.515,27.300,1.876,0.444,0.000,0.089,0.091,0.000,2.622,0.056,2.498,0.068,8120,15600,,1.00,1,0,4112x2570,L,2
3106,16.889,13.673,1.864,0.445,0.000,0.090,0.154,0.000,10.849,0.689,10.085,0.075,8120,15600,,1.00,1,0,4112x2570,L,2
3107,17.199,13.659,1.916,0.494,0.000,0.106,0.102,0.000,0.915,0.020,0.812,0.082,8120,15600,,1.00,1,0,4112x2570,L,2
3108,17.267,13.779,1.945,0.490,0.000,0.106,0.104,0.000,2.207,0.060,2.099,0.048,8120,15600,,1.00,1,0,4112x2570,L,2
3109,17.026,13.711,1.880,0.469,0.000,0.102,0.092,0.000,0.990,0.022,0.923,0.045,8120,15600,,1.00,1,0,4112x2570,L,2
3110,17.081,13.828,1.910,0.448,0.000,0.094,0.099,0.000,2.256,0.079,2.129,0.048,8120,15600,,1.00,1,0,4112x2570,L,2
3111,30.498,27.207,1.874,0.442,0.000,0.100,0.103,0.000,1.133,0.025,1.063,0.044,8120,15600,,1.00,1,0,4112x2570,L,2
3112,16.869,13.629,1.858,0.442,0.000,0.092,0.171,0.000,2.368,0.077,2.240,0.052,8120,15600,,1.00,1,0,4112x2570,L,2
3113,17.147,13.608,1.938,0.483,0.000,0.105,0.118,0.000,1.142,0.025,1.071,0.046,8120,15600,,1.00,1,0,4112x2570,L,2
3114,16.969,13.657,1.899,0.458,0.000,0.101,0.122,0.000,3.197,0.078,3.064,0.055,8120,15600,,1.00,1,0,4112x2570,L,2
3115,17.245,13.648,1.931,0.490,0.000,0.111,0.125,0.000,2.485,0.034,2.382,0.069,8120,15600,,1.00,1,0,4112x2570,L,2
3116,16.990,13.680,1.855,0.467,0.000,0.102,0.108,0.000,5.217,0.156,4.998,0.063,8120,15600,,1.00,1,0,4112x2570,L,2
3117,16.810,13.525,1.855,0.460,0.000,0.097,0.095,0.000,2.624,0.057,2.498,0.069,8120,15600,,1.00,1,0,4112x2570,L,2
3118,30.770,27.480,1.882,0.442,0.000,0.095,0.165,0.000,6.102,0.174,5.848,0.080,8120,15600,,1.00,1,0,4112x2570,L,2
3119,16.929,13.399,1.922,0.498,0.000,0.106,0.111,0.000,2.635,0.056,2.500,0.078,8120,15600,,1.00,1,0,4112x2570,L,2
3120,16.838,13.646,1.859,0.439,0.000,0.096,0.094,0.000,2.186,0.063,2.050,0.073,8120,15600,,1.00,1,0,4112x2570,L,2
3121,16.887,13.608,1.865,0.445,0.000,0.099,0.097,0.000,0.969,0.021,0.906,0.043,8120,15600,,1.00,1,0,4112x2570,L,2
3122,16.790,13.630,1.868,0.429,0.000,0.096,0.090,0.000,2.459,0.091,2.321,0.047,8120,15600,,1.00,1,0,4112x2570,L,2
3123,16.812,13.568,1.846,0.447,0.000,0.094,0.120,0.000,1.143,0.026,1.071,0.046,8120,15600,,1.00,1,0,4112x2570,L,2
3124,17.111,13.657,1.928,0.477,0.000,0.107,0.104,0.000,2.614,0.075,2.487,0.052,8120,15600,,1.00,1,0,4112x2570,L,2
3125,30.595,27.268,1.890,0.441,0.000,0.100,0.124,0.000,1.147,0.027,1.070,0.050,8120,15600,,1.00,1,0,4112x2570,L,2
3126,17.366,13.805,1.896,0.530,0.000,0.113,0.098,0.000,5.125,0.967,4.110,0.048,8120,15600,,1.00,1,0,4112x2570,L,2
3127,16.944,13.635,1.843,0.443,0.000,0.104,0.108,0.000,3.511,0.986,2.261,0.263,8120,15600,,1.00,1,0,4112x2570,L,2
3128,16.984,13.748,1.832,0.447,0.000,0.097,0.137,0.000,3.667,0.148,3.421,0.098,8120,15600,,1.00,1,0,4112x2570,L,2
3129,17.139,13.542,1.913,0.489,0.000,0.107,0.130,0.000,2.054,0.057,1.942,0.055,8120,15600,,1.00,1,0,4112x2570,L,2
3130,30.501,27.028,1.895,0.485,0.000,0.105,0.115,0.000,4.279,0.151,4.069,0.059,8120,15600,,1.00,1,0,4112x2570,L,2
3131,16.670,13.441,1.841,0.445,0.000,0.099,0.094,0.000,1.710,0.033,1.606,0.071,8120,15600,,1.00,1,0,4112x2570,L,2
3132,16.828,13.619,1.860,0.442,0.000,0.095,0.101,0.000,6.096,0.186,5.832,0.078,8120,15600,,1.00,1,0,4112x2570,L,2
3133,16.807,13.573,1.854,0.447,0.000,0.099,0.098,0.000,1.675,0.287,1.303,0.085,8120,15600,,1.00,1,0,4112x2570,L,2
3134,17.393,13.915,2.060,0.465,0.000,0.091,0.113,0.000,2.305,0.075,2.130,0.100,8120,15600,,1.00,1,0,4112x2570,L,2
3135,17.199,13.957,1.861,0.448,0.000,0.091,0.100,0.000,0.994,0.024,0.925,0.045,8120,15600,,1.00,1,0,4112x2570,L,2
3136,30.614,27.413,1.867,0.459,0.000,0.091,0.090,0.000,2.257,0.075,2.134,0.048,8120,15600,,1.00,1,0,4112x2570,L,2
3137,17.027,13.836,1.863,0.428,0.001,0.092,0.094,0.000,0.989,0.023,0.922,0.044,8120,15600,,1.00,1,0,4112x2570,L,2
3138,17.380,14.171,1.879,0.446,0.000,0.092,0.090,0.000,2.506,0.065,2.387,0.054,8120,15600,,1.00,1,0,4112x2570,L,2
3139,17.153,13.753,1.946,0.475,0.000,0.095,0.108,0.000,1.145,0.027,1.069,0.048,8120,15600,,1.00,1,0,4112x2570,L,2
3140,16.806,13.634,1.828,0.463,0.000,0.089,0.123,0.000,3.014,0.090,2.659,0.265,8120,15600,,1.00,1,0,4112x2570,L,2
3141,31.392,27.634,2.011,0.526,0.000,0.114,0.124,0.000,1.217,0.027,1.069,0.121,8120,15600,,1.00,1,0,4112x2570,L,2
3142,16.982,13.613,1.867,0.476,0.000,0.099,0.151,0.000,2.565,0.072,2.442,0.052,8120,15600,,1.00,1,0,4112x2570,L,2
3143,17.281,13.673,1.925,0.508,0.000,0.105,0.131,0.000,1.143,0.025,1.070,0.048,8120,15600,,1.00,1,0,4112x2570,L,2
3144,30.515,27.205,1.874,0.480,0.000,0.104,0.100,0.000,2.615,0.092,2.471,0.052,8120,15600,,1.00,1,0,4112x2570,L,2
3145,16.808,13.652,1.806,0.435,0.000,0.096,0.098,0.000,1.210,0.027,1.071,0.111,8120,15600,,1.00,1,0,4112x2570,L,2
3146,16.704,13.464,1.861,0.445,0.000,0.099,0.102,0.000,7.000,0.077,6.815,0.108,8120,15600,,1.00,1,0,4112x2570,L,2
3147,16.993,13.752,1.839,0.436,0.000,0.095,0.123,0.000,1.235,0.026,1.158,0.051,8120,15600,,1.00,1,0,4112x2570,L,2
3148,17.029,13.634,1.916,0.475,0.000,0.107,0.102,0.000,4.203,0.104,4.041,0.058,8120,15600,,1.00,1,0,4112x2570,L,2
3149,16.774,13.515,1.844,0.438,0.000,0.102,0.097,0.000,2.624,0.056,2.499,0.069,8120,15600,,1.00,1,0,4112x2570,L,2
3150,16.889,13.580,1.866,0.461,0.000,0.097,0.106,0.000,5.253,0.159,5.029,0.065,8120,15600,,1.00,1,0,4112x2570,L,2
3151,17.036,13.426,1.926,0.491,0.000,0.106,0.138,0.000,2.627,0.056,2.500,0.070,8120,15600,,1.00,1,0,4112x2570,L,2
3152,30.204,26.973,1.863,0.455,0.000,0.097,0.100,0.000,5.955,0.163,5.728,0.065,8120,15600,,1.00,1,0,4112x2570,L,2
3153,16.834,13.588,1.848,0.444,0.000,0.092,0.125,0.000,6.988,2.242,4.450,0.295,8120,15600,,1.00,1,0,4112x2570,L,2
3154,16.938,13.527,1.890,0.484,0.000,0.106,0.113,0.000,5.856,0.167,5.531,0.158,8120,15600,,1.00,1,0,4112x2570,L,2
3155,16.768,13.508,1.832,0.452,0.000,0.097,0.111,0.000,2.635,0.057,2.500,0.078,8120,15600,,1.00,1,0,4112x2570,L,2
3156,16.665,13.465,1.854,0.449,0.000,0.098,0.095,0.000,6.103,0.167,5.857,0.079,8120,15600,,1.00,1,0,4112x2570,L,2
3157,17.152,13.699,1.972,0.472,0.000,0.093,0.093,0.000,2.634,0.056,2.501,0.077,8120,15600,,1.00,1,0,4112x2570,L,2
3158,18.054,14.566,2.104,0.462,0.000,0.098,0.105,0.000,6.100,0.181,5.839,0.081,8120,15600,,1.00,1,0,4112x2570,L,2
3159,32.395,29.091,1.874,0.440,0.000,0.094,0.104,0.000,2.635,0.056,2.498,0.080,8120,15600,,1.00,1,0,4112x2570,L,2
3160,16.769,13.636,1.859,0.425,0.000,0.090,0.081,0.000,6.104,0.210,5.816,0.078,8120,15600,,1.00,1,0,4112x2570,L,2
3161,30.605,27.351,1.920,0.422,0.000,0.090,0.090,0.000,2.636,0.057,2.501,0.078,8120,15600,,1.00,1,0,4112x2570,L,2
3162,16.862,13.652,1.896,0.446,0.000,0.091,0.085,0.000,6.105,0.180,5.845,0.081,8120,15600,,1.00,1,0,4112x2570,L,2
3163,17.100,13.735,1.940,0.428,0.000,0.092,0.113,0.000,2.633,0.056,2.500,0.077,8120,15600,,1.00,1,0,4112x2570,L,2
3164,17.027,13.655,1.977,0.422,0.000,0.100,0.175,0.000,6.104,0.192,5.831,0.081,8120,15600,,1.00,1,0,4112x2570,L,2
3165,16.930,13.546,1.899,0.455,0.000,0.095,0.120,0.000,2.635,0.057,2.498,0.081,8120,15600,,1.00,1,0,4112x2570,L,2
3166,16.996,13.738,1.893,0.432,0.000,0.096,0.109,0.000,6.105,0.175,5.847,0.082,8120,15600,,1.00,1,0,4112x2570,L,2
3167,31.200,28.009,1.879,0.400,0.000,0.086,0.121,0.000,2.632,0.056,2.497,0.079,8120,15600,,1.00,1,0,4112x2570,L,2
3168,17.298,13.775,1.942,0.518,0.000,0.113,0.103,0.000,6.106,0.178,5.848,0.080,8120,15600,,1.00,1,0,4112x2570,L,2
3169,17.295,13.841,1.891,0.469,0.000,0.098,0.124,0.000,2.634,0.056,2.499,0.079,8120,15600,,1.00,1,0,4112x2570,L,2
3170,17.972,14.667,1.940,0.438,0.000,0.101,0.094,0.000,6.103,0.199,5.823,0.080,8120,15600,,1.00,1,0,4112x2570,L,2
3171,31.386,27.937,1.961,0.440,0.000,0.095,0.138,0.000,2.634,0.057,2.498,0.079,8120,15600,,1.00,1,0,4112x2570,L,2
3172,17.568,14.036,1.962,0.500,0.000,0.106,0.106,0.000,6.105,0.168,5.856,0.081,8120,15600,,1.00,1,0,4112x2570,L,2
3173,31.542,27.862,1.983,0.485,0.000,0.107,0.151,0.000,2.636,0.056,2.499,0.081,8120,15600,,1.00,1,0,4112x2570,L,2
3174,17.920,14.268,2.045,0.539,0.000,0.105,0.113,0.000,6.107,0.165,5.860,0.082,8120,15600,,1.00,1,0,4112x2570,L,2
3175,30.870,27.589,1.864,0.463,0.000,0.095,0.099,0.000,2.639,0.057,2.502,0.080,8120,15600,,1.00,1,0,4112x2570,L,2
3176,16.726,13.527,1.846,0.468,0.000,0.093,0.095,0.000,6.101,0.155,5.869,0.076,8120,15600,,1.00,1,0,4112x2570,L,2
3177,16.843,13.582,1.836,0.443,0.000,0.093,0.102,0.000,2.635,0.056,2.502,0.077,8120,15600,,1.00,1,0,4112x2570,L,2
3178,17.155,13.968,1.833,0.446,0.000,0.089,0.127,0.000,6.103,0.156,5.869,0.078,8120,15600,,1.00,1,0,4112x2570,L,2
3179,17.464,13.823,1.951,0.498,0.000,0.112,0.111,0.000,2.635,0.056,2.501,0.078,8120,15600,,1.00,1,0,4112x2570,L,2
3180,30.804,27.521,1.896,0.455,0.000,0.099,0.101,0.000,6.104,0.167,5.857,0.081,8120,15600,,1.00,1,0,4112x2570,L,2
3181,17.255,14.065,1.813,0.451,0.000,0.093,0.098,0.000,2.634,0.056,2.500,0.078,8120,15600,,1.00,1,0,4112x2570,L,2
3182,16.834,13.475,1.918,0.455,0.000,0.091,0.177,0.000,6.105,0.151,5.874,0.080,8120,15600,,1.00,1,0,4112x2570,L,2
3183,17.460,13.805,1.949,0.503,0.000,0.103,0.115,0.000,2.634,0.057,2.500,0.077,8120,15600,,1.00,1,0,4112x2570,L,2
3184,30.449,27.039,1.900,0.491,0.000,0.101,0.112,0.000,6.102,0.172,5.849,0.081,8120,15600,,1.00,1,0,4112x2570,L,2
3185,16.970,13.437,1.903,0.489,0.000,0.109,0.113,0.000,2.637,0.057,2.500,0.079,8120,15600,,1.00,1,0,4112x2570,L,2
3186,16.816,13.475,1.865,0.466,0.000,0.099,0.125,0.000,6.101,0.173,5.848,0.079,8120,15600,,1.00,1,0,4112x2570,L,2
3187,16.779,13.461,1.863,0.452,0.000,0.098,0.104,0.000,2.634,0.056,2.499,0.079,8120,15600,,1.00,1,0,4112x2570,L,2
3188,17.225,13.979,1.889,0.440,0.000,0.091,0.105,0.000,6.102,0.158,5.866,0.078,8120,15600,,1.00,1,0,4112x2570,L,2
3189,16.667,13.375,1.831,0.453,0.000,0.089,0.128,0.000,2.636,0.057,2.500,0.079,8120,15600,,1.00,1,0,4112x2570,L,2
3190,31.017,27.489,1.931,0.527,0.000,0.103,0.109,0.000,6.107,0.158,5.867,0.082,8120,15600,,1.00,1,0,4112x2570,L,2
3191,17.462,14.101,1.906,0.463,0.000,0.099,0.099,0.000,2.638,0.057,2.499,0.082,8120,15600,,1.00,1,0,4112x2570,L,2
3192,17.137,13.640,1.917,0.514,0.000,0.108,0.107,0.000,6.102,0.190,5.833,0.079,8120,15600,,1.00,1,0,4112x2570,L,2
3193,16.794,13.462,1.861,0.466,0.000,0.101,0.108,0.000,2.634,0.056,2.502,0.076,8120,15600,,1.00,1,0,4112x2570,L,2
3194,16.733,13.491,1.848,0.470,0.000,0.097,0.101,0.000,6.100,0.170,5.850,0.080,8120,15600,,1.00,1,0,4112x2570,L,2
3195,32.085,28.379,2.175,0.497,0.000,0.098,0.096,0.000,2.635,0.057,2.502,0.076,8120,15600,,1.00,1,0,4112x2570,L,2
3196,19.366,15.785,2.117,0.513,0.000,0.093,0.101,0.000,6.103,0.170,5.854,0.079,8120,15600,,1.00,1,0,4112x2570,L,2
3197,35.131,31.653,2.045,0.442,0.000,0.090,0.126,0.000,2.634,0.057,2.500,0.077,8120,15600,,1.00,1,0,4112x2570,L,2
3198,34.630,30.753,2.195,0.552,0.000,0.111,0.104,0.000,6.103,0.146,5.875,0.081,8120,15600,,1.00,1,0,4112x2570,L,2
3199,35.550,31.771,2.169,0.519,0.000,0.106,0.097,0.000,2.633,0.056,2.500,0.077,8120,15600,,1.00,1,0,4112x2570,L,2
3200,34.955,31.205,2.216,0.545,0.000,0.101,0.110,0.000,6.102,0.157,5.866,0.079,8120,15600,,1.00,1,0,4112x2570,L,2
3201,33.938,30.652,1.881,0.450,0.000,0.095,0.084,0.000,2.632,0.058,2.498,0.077,8120,15600,,1.00,1,0,4112x2570,L,2
3202,34.215,30.591,2.137,0.504,0.000,0.092,0.125,0.000,6.105,0.183,5.843,0.079,8120,15600,,1.00,1,0,4112x2570,L,2
3203,33.316,29.629,1.971,0.510,0.000,0.109,0.127,0.000,2.634,0.057,2.499,0.078,8120,15600,,1.00,1,0,4112x2570,L,2
3204,35.189,31.447,2.200,0.526,0.000,0.100,0.103,0.000,6.105,0.175,5.850,0.081,8120,15600,,1.00,1,0,4112x2570,L,2
3205,35.866,31.683,2.157,0.848,0.000,0.102,0.220,0.000,2.633,0.057,2.500,0.076,8120,15600,mode_uhd,2.00,2,0,8224x5140,L,2
3206,80.932,29.768,2.204,0.738,0.000,0.123,0.114,0.000,9.440,0.052,9.301,0.086,8120,15600,,2.00,2,0,8224x5140,L,2
3207,62.751,59.007,2.080,0.557,0.000,0.107,0.108,0.000,9.443,0.056,9.301,0.086,8120,15600,,2.00,2,0,8224x5140,L,2
3208,64.297,60.565,2.157,0.504,0.000,0.103,0.108,0.000,14.196,0.159,13.962,0.075,8120,15600,,2.00,2,0,8224x5140,L,2
3209,65.102,61.296,2.058,0.540,0.000,0.107,0.106,0.000,8.422,0.054,8.318,0.050,8120,15600,,2.00,2,0,8224x5140,L,2
3210,64.230,60.669,2.072,0.487,0.000,0.098,0.114,0.000,11.320,0.177,11.090,0.054,8120,15600,,2.00,2,0,8224x5140,L,2
3211,61.262,57.746,1.964,0.509,0.000,0.095,0.106,0.000,9.424,0.056,9.300,0.068,8120,15600,,2.00,2,0,8224x5140,L,2
3212,63.684,60.022,2.159,0.516,0.000,0.095,0.134,0.000,5.371,0.061,5.261,0.049,8120,15600,,2.00,2,0,8224x5140,L,2
3213,50.492,46.323,2.350,0.572,0.000,0.108,0.113,0.000,9.429,0.054,9.301,0.074,8120,15600,,2.00,2,0,8224x5140,L,2
3214,50.708,46.993,2.164,0.538,0.000,0.103,0.098,0.000,5.071,0.074,4.920,0.077,8120,15600,,2.00,2,0,8224x5140,L,2
3215,51.587,47.867,2.125,0.519,0.000,0.102,0.130,0.000,3.236,0.020,3.165,0.052,8120,15600,,2.00,2,0,8224x5140,L,2
3216,64.723,61.200,1.933,0.516,0.000,0.105,0.122,0.000,5.637,0.079,5.507,0.051,8120,15600,,2.00,2,0,8224x5140,L,2
3217,47.339,43.420,2.222,0.547,0.000,0.108,0.131,0.000,9.428,0.053,9.304,0.070,8120,15600,,2.00,2,0,8224x5140,L,2
3218,51.426,47.429,2.233,0.604,0.000,0.113,0.102,0.000,4.859,0.073,4.704,0.082,8120,15600,,2.00,2,0,8224x5140,L,2
3219,46.827,43.382,1.900,0.481,0.000,0.103,0.116,0.000,3.156,0.023,3.081,0.052,8120,15600,,2.00,2,0,8224x5140,L,2
3220,44.727,41.442,1.875,0.476,0.000,0.094,0.101,0.000,5.425,0.069,5.307,0.049,8120,15600,,2.00,2,0,8224x5140,L,2
3221,51.049,47.383,2.112,0.518,0.000,0.098,0.101,0.000,3.515,0.022,3.440,0.052,8120,15600,,2.00,2,0,8224x5140,L,2
3222,50.765,47.107,2.145,0.523,0.000,0.097,0.129,0.000,5.937,0.070,5.812,0.055,8120,15600,,2.00,2,0,8224x5140,L,2
3223,51.625,47.623,2.228,0.562,0.000,0.115,0.108,0.000,4.700,0.025,4.620,0.055,8120,15600,,2.00,2,0,8224x5140,L,2
3224,50.283,46.481,2.223,0.550,0.000,0.104,0.106,0.000,10.546,0.168,10.324,0.055,8120,15600,,2.00,2,0,8224x5140,L,2
3225,50.245,46.496,2.110,0.527,0.000,0.103,0.167,0.000,3.484,0.022,3.413,0.049,8120,15600,,2.00,2,0,8224x5140,L,2
3226,47.139,43.434,2.157,0.509,0.000,0.102,0.112,0.000,10.191,0.165,9.975,0.051,8120,15600,,2.00,2,0,8224x5140,L,2
3227,50.819,47.271,2.033,0.463,0.000,0.097,0.131,0.000,3.248,0.021,3.175,0.051,8120,15600,,2.00,2,0,8224x5140,L,2
3228,46.750,42.846,2.185,0.555,0.000,0.106,0.121,0.000,5.291,0.057,5.182,0.052,8120,15600,,2.00,2,0,8224x5140,L,2
3229,47.540,43.793,2.144,0.514,0.000,0.104,0.142,0.000,3.502,0.022,3.427,0.053,8120,15600,,2.00,2,0,8224x5140,L,2
3230,49.385,45.917,1.931,0.493,0.000,0.107,0.105,0.000,5.465,0.079,5.330,0.055,8120,15600,,2.00,2,0,8224x5140,L,2
3231,51.025,47.279,2.151,0.532,0.000,0.104,0.101,0.000,3.988,0.026,3.909,0.053,8120,15600,,2.00,2,0,8224x5140,L,2
3232,50.015,46.398,2.146,0.502,0.000,0.100,0.101,0.000,13.720,0.180,13.489,0.050,8120,15600,,2.00,2,0,8224x5140,L,2
3233,44.157,40.914,1.843,0.427,0.000,0.090,0.129,0.000,3.116,0.023,3.041,0.052,8120,15600,,2.00,2,0,8224x5140,L,2
3234,32.258,28.314,2.278,0.547,0.000,0.111,0.122,0.000,5.159,0.075,5.031,0.052,8120,15600,,2.00,2,0,8224x5140,L,2
3235,35.905,31.971,2.115,0.561,0.000,0.109,0.121,0.000,3.620,0.022,3.543,0.054,8120,15600,,2.00,2,0,8224x5140,L,2
3236,51.224,47.670,1.989,0.479,0.000,0.108,0.170,0.000,5.824,0.081,5.688,0.055,8120,15600,,2.00,2,0,8224x5140,L,2
3237,49.413,45.328,2.285,0.563,0.000,0.117,0.114,0.000,9.427,0.054,9.302,0.071,8120,15600,,2.00,2,0,8224x5140,L,2
3238,50.978,47.237,2.142,0.527,0.000,0.103,0.150,0.000,13.937,0.171,13.698,0.068,8120,15600,,2.00,2,0,8224x5140,L,2
3239,51.690,47.669,2.209,0.567,0.000,0.110,0.128,0.000,5.189,0.031,5.095,0.062,8120,15600,,2.00,2,0,8224x5140,L,2
3240,47.757,44.382,1.886,0.484,0.000,0.100,0.124,0.000,6.819,0.083,6.676,0.060,8120,15600,,2.00,2,0,8224x5140,L,2
3241,44.523,41.147,1.883,0.470,0.000,0.095,0.123,0.000,4.040,0.026,3.962,0.052,8120,15600,,2.00,2,0,8224x5140,L,2
3242,30.680,27.432,1.903,0.445,0.000,0.096,0.101,0.000,6.043,0.088,5.902,0.054,8120,15600,,2.00,2,0,8224x5140,L,2
3243,33.196,29.832,1.899,0.465,0.000,0.097,0.108,0.000,3.516,0.025,3.436,0.056,8120,15600,,2.00,2,0,8224x5140,L,2
3244,34.005,30.583,2.019,0.478,0.000,0.093,0.122,0.000,5.428,0.072,5.305,0.051,8120,15600,,2.00,2,0,8224x5140,L,2
3245,33.440,29.489,2.134,0.520,0.000,0.116,0.178,0.000,3.409,0.023,3.333,0.053,8120,15600,,2.00,2,0,8224x5140,L,2
3246,33.163,29.728,1.966,0.481,0.000,0.099,0.095,0.000,4.952,0.077,4.823,0.052,8120,15600,,2.00,2,0,8224x5140,L,2
3247,32.468,28.614,2.174,0.553,0.000,0.112,0.109,0.000,3.072,0.021,3.000,0.052,8120,15600,,2.00,2,0,8224x5140,L,2
3248,31.909,28.593,1.929,0.469,0.000,0.092,0.110,0.000,4.757,0.060,4.644,0.053,8120,15600,,2.00,2,0,8224x5140,L,2
3249,34.805,31.036,2.186,0.526,0.000,0.105,0.128,0.000,3.095,0.022,3.022,0.051,8120,15600,,2.00,2,0,8224x5140,L,2
3250,33.860,30.018,2.091,0.555,0.000,0.118,0.146,0.000,4.813,0.070,4.692,0.051,8120,15600,,2.00,2,0,8224x5140,L,2
3251,35.151,31.137,2.267,0.525,0.000,0.112,0.124,0.000,3.073,0.020,3.001,0.052,8120,15600,,2.00,2,0,8224x5140,L,2
3252,35.048,31.396,2.201,0.505,0.000,0.103,0.100,0.000,5.162,0.065,5.047,0.050,8120,15600,,2.00,2,0,8224x5140,L,2
3253,48.830,45.271,2.107,0.460,0.000,0.094,0.092,0.000,3.700,0.025,3.624,0.051,8120,15600,,2.00,2,0,8224x5140,L,2
3254,34.760,31.428,1.993,0.467,0.000,0.087,0.091,0.000,6.104,0.075,5.975,0.053,8120,15600,,2.00,2,0,8224x5140,L,2
3255,50.639,46.973,2.152,0.502,0.000,0.098,0.099,0.000,4.046,0.026,3.965,0.055,8120,15600,,2.00,2,0,8224x5140,L,2
3256,51.472,47.968,2.174,0.468,0.000,0.090,0.096,0.000,12.351,4.306,7.985,0.059,8120,15600,,2.00,2,0,8224x5140,L,2
3257,49.011,45.246,2.039,0.544,0.000,0.103,0.114,0.000,3.676,0.025,3.597,0.053,8120,15600,,2.00,2,0,8224x5140,L,2
3258,48.521,45.114,1.983,0.479,0.000,0.096,0.097,0.000,14.735,0.160,14.501,0.075,8120,15600,,2.00,2,0,8224x5140,L,2
3259,48.252,44.799,2.000,0.492,0.000,0.095,0.094,0.000,3.521,0.022,3.421,0.078,8120,15600,,2.00,2,0,8224x5140,L,2
3260,33.210,29.842,1.974,0.470,0.000,0.087,0.126,0.000,5.238,0.061,5.121,0.056,8120,15600,,2.00,2,0,8224x5140,L,2
3261,32.962,29.326,1.975,0.515,0.000,0.099,0.102,0.000,3.302,0.020,3.228,0.054,8120,15600,,2.00,2,0,8224x5140,L,2
3262,32.605,29.296,1.928,0.452,0.000,0.094,0.098,0.000,5.742,0.078,5.608,0.057,8120,15600,,2.00,2,0,8224x5140,L,2
3263,31.656,28.361,1.907,0.457,0.000,0.085,0.096,0.000,3.662,0.024,3.586,0.052,8120,15600,,2.00,2,0,8224x5140,L,2
3264,31.636,28.422,1.910,0.444,0.000,0.076,0.135,0.000,6.176,0.094,6.023,0.059,8120,15600,,2.00,2,0,8224x5140,L,2
3265,35.046,31.144,2.188,0.542,0.000,0.103,0.097,0.000,4.045,0.026,3.964,0.055,8120,15600,,2.00,2,0,8224x5140,L,2
3266,34.390,31.148,1.903,0.460,0.000,0.088,0.082,0.000,6.964,0.088,6.817,0.059,8120,15600,,2.00,2,0,8224x5140,L,2
3267,31.763,28.614,1.846,0.420,0.000,0.087,0.091,0.000,4.842,0.033,4.747,0.062,8120,15600,,2.00,2,0,8224x5140,L,2
3268,31.382,28.118,1.930,0.456,0.000,0.095,0.094,0.000,9.263,0.106,9.096,0.060,8120,15600,,2.00,2,0,8224x5140,L,2
3269,32.083,28.642,2.053,0.428,0.000,0.086,0.120,0.000,6.006,0.057,5.888,0.062,8120,15600,,2.00,2,0,8224x5140,L,2
3270,32.515,29.053,1.973,0.491,0.000,0.096,0.102,0.000,12.378,0.169,12.146,0.064,8120,15600,,2.00,2,0,8224x5140,L,2
3271,32.396,29.052,1.913,0.456,0.000,0.093,0.088,0.000,7.372,0.054,7.257,0.060,8120,15600,,2.00,2,0,8224x5140,L,2
3272,32.106,28.908,1.889,0.452,0.000,0.086,0.090,0.000,7.757,0.097,7.596,0.064,8120,15600,,2.00,2,0,8224x5140,L,2
3273,31.512,28.325,1.894,0.418,0.000,0.080,0.094,0.000,3.498,0.023,3.421,0.054,8120,15600,,2.00,2,0,8224x5140,L,2
3274,31.512,28.376,1.890,0.431,0.000,0.074,0.090,0.000,4.857,0.061,4.741,0.054,8120,15600,,2.00,2,0,8224x5140,L,2
3275,32.250,28.852,1.950,0.461,0.000,0.086,0.102,0.000,3.072,0.021,3.001,0.051,8120,15600,,2.00,2,0,8224x5140,L,2
3276,32.816,29.252,2.146,0.478,0.000,0.095,0.094,0.000,4.554,0.062,4.439,0.053,8120,15600,,2.00,2,0,8224x5140,L,2
3277,33.556,30.176,1.967,0.450,0.000,0.090,0.114,0.000,2.785,0.021,2.716,0.049,8120,15600,,2.00,2,0,8224x5140,L,2
3278,33.616,29.987,2.049,0.489,0.000,0.112,0.114,0.000,4.253,0.055,4.146,0.052,8120,15600,,2.00,2,0,8224x5140,L,2
3279,34.065,30.329,2.177,0.521,0.000,0.101,0.112,0.000,2.757,0.018,2.690,0.049,8120,15600,,2.00,2,0,8224x5140,L,2
3280,34.056,30.227,2.238,0.517,0.000,0.101,0.120,0.000,3.905,0.053,3.800,0.052,8120,15600,,2.00,2,0,8224x5140,L,2
3281,33.014,29.646,1.909,0.477,0.000,0.094,0.098,0.000,2.501,0.018,2.436,0.048,8120,15600,,2.00,2,0,8224x5140,L,2
3282,31.390,28.251,1.903,0.423,0.000,0.069,0.105,0.000,3.772,0.054,3.667,0.052,8120,15600,,2.00,2,0,8224x5140,L,2
3283,31.686,28.385,1.935,0.436,0.000,0.078,0.090,0.000,2.391,0.017,2.327,0.047,8120,15600,,2.00,2,0,8224x5140,L,2
3284,32.704,29.409,1.934,0.462,0.000,0.093,0.099,0.000,3.656,0.053,3.552,0.051,8120,15600,,2.00,2,0,8224x5140,L,2
3285,31.971,28.440,1.958,0.506,0.000,0.081,0.107,0.000,2.340,0.016,2.277,0.047,8120,15600,,2.00,2,0,8224x5140,L,2
3286,17.516,14.224,1.966,0.467,0.000,0.089,0.087,0.000,3.516,0.045,3.419,0.052,8120,15600,,2.00,2,0,8224x5140,L,2
3287,17.923,14.735,1.879,0.412,0.000,0.081,0.087,0.000,2.338,0.017,2.274,0.047,8120,15600,,2.00,2,0,8224x5140,L,2
3288,32.358,29.139,1.910,0.446,0.000,0.085,0.096,0.000,3.686,0.049,3.585,0.052,8120,15600,,2.00,2,0,8224x5140,L,2
3289,32.164,28.747,1.946,0.461,0.000,0.090,0.102,0.000,2.351,0.016,2.287,0.047,8120,15600,,2.00,2,0,8224x5140,L,2
3290,17.300,14.190,1.906,0.405,0.000,0.070,0.082,0.000,3.759,0.048,3.660,0.051,8120,15600,,2.00,2,0,8224x5140,L,2
3291,31.838,28.506,1.956,0.454,0.000,0.097,0.090,0.000,2.467,0.018,2.401,0.048,8120,15600,,2.00,2,0,8224x5140,L,2
3292,17.357,14.282,1.874,0.403,0.000,0.070,0.095,0.000,4.027,0.058,3.919,0.050,8120,15600,,2.00,2,0,8224x5140,L,2
3293,19.050,15.437,2.153,0.492,0.000,0.093,0.092,0.000,2.630,0.017,2.565,0.048,8120,15600,,2.00,2,0,8224x5140,L,2
3294,35.452,31.924,2.149,0.495,0.000,0.090,0.086,0.000,4.362,0.072,4.238,0.052,8120,15600,,2.00,2,0,8224x5140,L,2
3295,31.790,28.584,1.890,0.425,0.000,0.086,0.090,0.000,2.776,0.020,2.708,0.048,8120,15600,,2.00,2,0,8224x5140,L,2
3296,31.589,28.455,1.896,0.430,0.000,0.076,0.087,0.000,4.658,0.063,4.544,0.051,8120,15600,,2.00,2,0,8224x5140,L,2
3297,31.708,28.521,1.917,0.423,0.000,0.073,0.089,0.000,3.188,0.023,3.116,0.049,8120,15600,,2.00,2,0,8224x5140,L,2
3298,31.935,28.599,1.933,0.449,0.000,0.089,0.102,0.000,5.297,0.068,5.174,0.055,8120,15600,,2.00,2,0,