frame,cpu_frame_ms,cpu_physics_ms,cpu_mesh_ms,cpu_egui_ms,cpu_check_win_ms,cpu_shadow_segs_ms,cpu_submit_ms,cpu_celebration_ms,gpu_total_ms,gpu_shadow_ms,gpu_hdr_ms,gpu_bloom_ms,rope_verts,rope_tris,event,render_scale,render_mode,dragging,render_size,skip,table_shadow_mode
23315,8.131,1.187,0.511,1.495,0.000,0.020,0.065,0.000,4.774,0.027,4.670,0.076,8120,15600,,2.00,2,0,8224x5140,N,3
23316,8.383,0.000,0.477,0.207,0.000,0.025,0.075,0.000,4.625,0.038,4.516,0.071,8120,15600,,2.00,2,0,8224x5140,N,3
23317,8.214,1.033,0.509,0.142,0.000,0.030,0.090,0.000,4.563,0.037,4.450,0.076,8120,15600,,2.00,2,0,8224x5140,N,3
23318,8.368,0.000,0.554,0.104,0.000,0.023,0.111,0.000,4.598,0.041,4.478,0.079,8120,15600,,2.00,2,0,8224x5140,N,3
23319,8.416,1.472,0.620,0.112,0.000,0.029,0.132,0.000,4.545,0.045,4.420,0.080,8120,15600,,2.00,2,0,8224x5140,N,3
23320,8.152,0.000,0.683,0.114,0.000,0.025,0.103,0.000,4.514,0.046,4.389,0.079,8120,15600,,2.00,2,0,8224x5140,N,3
23321,8.275,1.576,0.542,0.084,0.000,0.023,0.073,0.000,4.597,0.049,4.468,0.080,8120,15600,,2.00,2,0,8224x5140,N,3
23322,8.374,0.000,0.580,0.093,0.000,0.020,0.094,0.000,4.531,0.049,4.401,0.080,8120,15600,,2.00,2,0,8224x5140,N,3
23323,9.135,1.328,0.572,0.074,0.000,0.020,0.206,0.000,4.528,0.050,4.400,0.079,8120,15600,,2.00,2,0,8224x5140,N,3
23324,7.491,0.001,0.915,0.299,0.000,0.072,0.067,0.000,4.281,0.035,4.169,0.077,8120,15600,,2.00,2,0,8224x5140,N,3
23325,8.317,1.210,0.550,0.084,0.000,0.019,0.077,0.000,4.536,0.027,4.429,0.080,8120,15600,,2.00,2,0,8224x5140,N,3
23326,8.690,0.000,0.577,0.060,0.000,0.028,0.149,0.000,4.575,0.046,4.448,0.081,8120,15600,,2.00,2,0,8224x5140,N,3
23327,7.947,1.523,0.878,0.294,0.000,0.078,0.077,0.000,4.371,0.033,4.262,0.077,8120,15600,,2.00,2,0,8224x5140,N,3
23328,8.273,0.000,0.538,0.068,0.000,0.019,0.073,0.000,4.497,0.027,4.396,0.073,8120,15600,,2.00,2,0,8224x5140,N,3
23329,8.345,1.266,0.495,0.119,0.000,0.028,0.080,0.000,4.450,0.049,4.337,0.063,8120,15600,,2.00,2,0,8224x5140,N,3
23330,8.246,0.000,0.408,0.064,0.000,0.017,0.062,0.000,4.324,0.031,4.229,0.064,8120,15600,,2.00,2,0,8224x5140,N,3
23331,8.288,0.795,0.382,0.068,0.000,0.019,0.058,0.000,4.328,0.031,4.232,0.064,8120,15600,,2.00,2,0,8224x5140,N,3
23332,8.335,0.000,0.366,0.069,0.000,0.020,0.048,0.000,4.445,0.032,4.349,0.063,8120,15600,,2.00,2,0,8224x5140,N,3
23333,8.232,0.655,0.292,0.054,0.000,0.013,0.069,0.000,4.603,0.033,4.496,0.075,8120,15600,,2.00,2,0,8224x5140,N,3
23334,8.359,0.000,0.350,0.047,0.000,0.014,0.067,0.000,4.495,0.032,4.398,0.065,8120,15600,,2.00,2,0,8224x5140,N,3
23335,8.242,0.836,0.300,0.046,0.000,0.013,0.053,0.000,4.479,0.033,4.382,0.064,8120,15600,,2.00,2,0,8224x5140,N,3
23336,8.266,0.000,0.313,0.044,0.000,0.013,0.045,0.000,4.619,0.032,4.522,0.065,8120,15600,,2.00,2,0,8224x5140,N,3
23337,8.352,0.691,0.268,0.034,0.000,0.010,0.063,0.000,4.667,0.032,4.555,0.080,8120,15600,,2.00,2,0,8224x5140,N,3
23338,8.323,0.000,0.298,0.037,0.000,0.014,0.053,0.000,4.787,0.033,4.690,0.064,8120,15600,,2.00,2,0,8224x5140,N,3
23339,8.285,0.763,0.264,0.030,0.000,0.009,0.050,0.000,4.785,0.033,4.687,0.065,8120,15600,,2.00,2,0,8224x5140,N,3
23340,8.285,0.000,0.266,0.034,0.000,0.009,0.030,0.000,4.954,0.032,4.839,0.083,8120,15600,,2.00,2,0,8224x5140,N,3
23341,8.362,0.566,0.236,0.030,0.000,0.011,0.043,0.000,5.063,0.028,4.959,0.076,8120,15600,,2.00,2,0,8224x5140,N,3
23342,8.323,0.000,0.253,0.026,0.000,0.011,0.045,0.000,4.999,0.032,4.897,0.069,8120,15600,,2.00,2,0,8224x5140,N,3
23343,8.293,0.685,0.270,0.030,0.000,0.009,0.031,0.000,5.089,0.031,4.977,0.081,8120,15600,,2.00,2,0,8224x5140,N,3
23344,8.362,0.000,0.269,0.036,0.000,0.008,0.033,0.000,5.151,0.028,5.037,0.086,8120,15600,,2.00,2,0,8224x5140,N,3
23345,8.425,0.567,0.245,0.036,0.000,0.011,0.050,0.000,4.996,0.031,4.897,0.067,8120,15600,,2.00,2,0,8224x5140,N,3
23346,8.339,0.000,0.412,0.058,0.000,0.016,0.047,0.000,5.155,0.031,5.043,0.081,8120,15600,,2.00,2,0,8224x5140,N,3
23347,8.226,0.638,0.240,0.050,0.000,0.014,0.040,0.000,4.992,0.027,4.894,0.071,8120,15600,,2.00,2,0,8224x5140,N,3
23348,8.439,0.000,0.254,0.034,0.000,0.012,0.054,0.000,5.145,0.031,5.034,0.080,8120,15600,,2.00,2,0,8224x5140,N,3
23349,8.247,0.579,0.266,0.059,0.000,0.016,0.065,0.000,5.029,0.028,4.931,0.070,8120,15600,,2.00,2,0,8224x5140,N,3
23350,8.328,0.000,0.266,0.041,0.000,0.014,0.038,0.000,5.004,0.032,4.906,0.066,8120,15600,,2.00,2,0,8224x5140,N,3
23351,8.458,0.590,0.239,0.047,0.000,0.018,0.047,0.000,4.999,0.029,4.897,0.073,8120,15600,,2.00,2,0,8224x5140,N,3
23352,16.747,0.000,0.283,0.061,0.000,0.016,0.051,0.000,5.004,0.032,4.901,0.070,8120,15600,,2.00,2,0,8224x5140,N,3
23353,8.088,0.581,0.262,0.056,0.000,0.019,0.038,0.000,5.126,0.055,4.990,0.081,8120,15600,,2.00,2,0,8224x5140,N,3
23354,8.572,0.543,0.230,0.033,0.000,0.009,0.084,0.000,5.251,0.045,5.124,0.082,8120,15600,,2.00,2,0,8224x5140,N,3
23355,8.257,0.000,0.304,0.064,0.000,0.018,0.055,0.000,4.995,0.028,4.897,0.070,8120,15600,,2.00,2,0,8224x5140,N,3
23356,8.305,0.729,0.284,0.083,0.000,0.022,0.062,0.000,5.021,0.031,4.921,0.069,8120,15600,,2.00,2,0,8224x5140,N,3
23357,8.328,0.000,0.318,0.057,0.000,0.016,0.074,0.000,4.994,0.027,4.898,0.069,8120,15600,,2.00,2,0,8224x5140,N,3
23358,8.520,0.758,0.303,0.085,0.000,0.023,0.073,0.000,5.006,0.031,4.897,0.078,8120,15600,,2.00,2,0,8224x5140,N,3
23359,8.019,0.001,0.340,0.081,0.000,0.021,0.054,0.000,5.066,0.032,4.953,0.082,8120,15600,,2.00,2,0,8224x5140,N,3
23360,8.358,0.787,0.288,0.051,0.000,0.015,0.050,0.000,5.040,0.027,4.931,0.082,8120,15600,,2.00,2,0,8224x5140,N,3
23361,8.346,0.000,0.326,0.037,0.000,0.011,0.089,0.000,5.144,0.032,5.017,0.095,8120,15600,,2.00,2,0,8224x5140,N,3
23362,8.250,0.685,0.275,0.034,0.000,0.010,0.041,0.000,5.066,0.028,4.959,0.079,8120,15600,,2.00,2,0,8224x5140,N,3
23363,8.446,0.000,0.335,0.034,0.000,0.013,0.058,0.000,5.189,0.031,5.064,0.094,8120,15600,,2.00,2,0,8224x5140,N,3
23364,8.404,0.906,0.305,0.050,0.000,0.015,0.044,0.000,5.115,0.028,4.990,0.097,8120,15600,,2.00,2,0,8224x5140,N,3
23365,8.148,0.000,0.469,0.040,0.000,0.011,0.056,0.000,5.281,0.029,5.155,0.097,8120,15600,,2.00,2,0,8224x5140,N,3
23366,8.424,1.040,0.328,0.041,0.000,0.012,0.067,0.000,5.105,0.027,4.992,0.085,8120,15600,,2.00,2,0,8224x5140,N,3
23367,8.215,0.000,0.395,0.052,0.000,0.014,0.053,0.000,5.065,0.032,4.950,0.083,8120,15600,,2.00,2,0,8224x5140,N,3
23368,8.366,1.014,0.341,0.040,0.000,0.013,0.056,0.000,4.972,0.029,4.863,0.081,8120,15600,,2.00,2,0,8224x5140,N,3
23369,8.486,0.000,0.391,0.039,0.000,0.017,0.077,0.000,4.970,0.032,4.859,0.078,8120,15600,,2.00,2,0,8224x5140,N,3
23370,8.102,1.152,0.402,0.058,0.000,0.020,0.059,0.000,4.677,0.033,4.566,0.078,8120,15600,,2.00,2,0,8224x5140,N,3
23371,8.352,0.000,0.434,0.041,0.000,0.013,0.079,0.000,4.631,0.028,4.527,0.076,8120,15600,,2.00,2,0,8224x5140,N,3
23372,8.397,1.130,0.399,0.045,0.000,0.014,0.079,0.000,4.490,0.034,4.377,0.078,8120,15600,,2.00,2,0,8224x5140,N,3
23373,8.247,0.000,0.462,0.050,0.000,0.021,0.055,0.000,4.539,0.038,4.420,0.081,8120,15600,,2.00,2,0,8224x5140,N,3
23374,8.413,0.923,0.417,0.047,0.000,0.020,0.063,0.000,4.417,0.038,4.302,0.077,8120,15600,,2.00,2,0,8224x5140,N,3
23375,8.285,0.000,0.488,0.047,0.000,0.021,0.064,0.000,4.306,0.038,4.188,0.080,8120,15600,,2.00,2,0,8224x5140,N,3
23376,8.359,1.067,0.491,0.047,0.000,0.021,0.077,0.000,4.250,0.038,4.142,0.071,8120,15600,,2.00,2,0,8224x5140,N,3
23377,8.302,0.000,0.462,0.082,0.000,0.029,0.063,0.000,4.285,0.038,4.165,0.081,8120,15600,,2.00,2,0,8224x5140,N,3
23378,8.367,1.046,0.518,0.057,0.000,0.018,0.069,0.000,4.129,0.040,4.011,0.078,8120,15600,,2.00,2,0,8224x5140,N,3
23379,8.471,0.000,0.506,0.051,0.000,0.018,0.088,0.000,4.083,0.042,3.961,0.080,8120,15600,,2.00,2,0,8224x5140,N,3
23380,8.166,1.277,0.503,0.072,0.000,0.024,0.076,0.000,4.100,0.044,3.979,0.076,8120,15600,,2.00,2,0,8224x5140,N,3
23381,8.213,0.000,0.528,0.057,0.000,0.022,0.072,0.000,4.217,0.048,4.093,0.076,8120,15600,,2.00,2,0,8224x5140,N,3
23382,8.451,1.021,0.453,0.050,0.000,0.018,0.102,0.000,4.101,0.040,3.982,0.079,8120,15600,,2.00,2,0,8224x5140,N,3
23383,8.383,0.000,0.585,0.061,0.000,0.020,0.155,0.000,4.104,0.039,3.991,0.074,8120,15600,,2.00,2,0,8224x5140,N,3
23384,7.752,1.095,0.638,0.092,0.000,0.045,0.081,0.000,4.136,0.046,4.016,0.075,8120,15600,,2.00,2,0,8224x5140,N,3
23385,7.987,0.001,0.552,0.092,0.000,0.022,0.084,0.000,4.099,0.044,3.977,0.079,8120,15600,,2.00,2,0,8224x5140,N,3
23386,8.072,0.864,0.507,0.082,0.000,0.033,0.065,0.000,4.262,0.047,4.151,0.064,8120,15600,,2.00,2,0,8224x5140,N,3
23387,8.147,0.000,0.351,0.056,0.000,0.016,0.067,0.000,3.949,0.032,3.854,0.063,8120,15600,,2.00,2,0,8224x5140,N,3
23388,8.098,0.829,0.324,0.047,0.000,0.015,0.055,0.000,4.025,0.030,3.930,0.065,8120,15600,,2.00,2,0,8224x5140,N,3
23389,8.615,0.000,0.349,0.040,0.000,0.013,0.042,0.000,8.364,2.432,5.868,0.064,8120,15600,,2.00,2,0,8224x5140,N,3
23390,7.810,0.650,0.302,0.040,0.000,0.012,0.040,0.000,3.359,0.020,3.276,0.063,8120,15600,,2.00,2,0,8224x5140,N,3
23391,8.420,0.000,0.261,0.032,0.000,0.011,0.036,0.000,3.431,0.022,3.280,0.129,8120,15600,,2.00,2,0,8224x5140,N,3
23392,16.644,0.565,0.284,0.038,0.000,0.012,0.037,0.000,2.987,0.018,2.869,0.100,8120,15600,,2.00,2,0,8224x5140,N,3
23393,16.478,0.580,0.253,0.039,0.000,0.011,0.067,0.000,2.967,0.021,2.884,0.062,8120,15600,,2.00,2,0,8224x5140,N,3
23394,8.262,0.581,0.256,0.038,0.000,0.011,0.044,0.000,2.706,0.019,2.628,0.058,8120,15600,,2.00,2,0,8224x5140,N,3
23395,8.248,0.000,0.275,0.029,0.000,0.009,0.035,0.000,2.673,0.019,2.595,0.060,8120,15600,,2.00,2,0,8224x5140,N,3
23396,8.281,0.570,0.254,0.027,0.000,0.009,0.051,0.000,2.648,0.018,2.571,0.059,8120,15600,,2.00,2,0,8224x5140,N,3
23397,8.202,0.000,0.264,0.027,0.000,0.009,0.041,0.000,2.530,0.019,2.453,0.058,8120,15600,,2.00,2,0,8224x5140,N,3
23398,8.366,0.577,0.253,0.028,0.000,0.008,0.043,0.000,2.397,0.018,2.321,0.058,8120,15600,,2.00,2,0,8224x5140,N,3
23399,8.201,0.000,0.265,0.027,0.000,0.008,0.039,0.000,2.392,0.017,2.319,0.056,8120,15600,,2.00,2,0,8224x5140,N,3
23400,8.200,0.623,0.275,0.033,0.000,0.012,0.047,0.000,2.336,0.018,2.259,0.060,8120,15600,,2.00,2,0,8224x5140,N,3
23401,8.295,0.000,0.282,0.032,0.000,0.010,0.055,0.000,2.301,0.017,2.228,0.057,8120,15600,,2.00,2,0,8224x5140,N,3
23402,8.215,0.617,0.295,0.037,0.000,0.013,0.044,0.000,2.288,0.018,2.210,0.060,8120,15600,,2.00,2,0,8224x5140,N,3
23403,8.221,0.000,0.437,0.036,0.000,0.013,0.053,0.000,2.282,0.017,2.206,0.059,8120,15600,,2.00,2,0,8224x5140,N,3
23404,8.279,0.638,0.299,0.032,0.000,0.012,0.054,0.000,2.202,0.017,2.122,0.062,8120,15600,,2.00,2,0,8224x5140,N,3
23405,8.368,0.000,0.345,0.033,0.000,0.015,0.043,0.000,2.194,0.016,2.118,0.059,8120,15600,,2.00,2,0,8224x5140,N,3
23406,8.201,0.733,0.294,0.035,0.000,0.012,0.054,0.000,2.192,0.018,2.115,0.059,8120,15600,,2.00,2,0,8224x5140,N,3
23407,8.116,0.000,0.315,0.029,0.000,0.010,0.038,0.000,2.214,0.017,2.137,0.060,8120,15600,,2.00,2,0,8224x5140,N,3
23408,8.238,0.658,0.323,0.034,0.000,0.011,0.053,0.000,2.201,0.018,2.126,0.057,8120,15600,,2.00,2,0,8224x5140,N,3
23409,8.410,0.000,0.326,0.039,0.000,0.012,0.058,0.000,2.190,0.018,2.117,0.055,8120,15600,,2.00,2,0,8224x5140,N,3
23410,8.194,0.693,0.340,0.032,0.000,0.011,0.040,0.000,2.191,0.017,2.116,0.058,8120,15600,,2.00,2,0,8224x5140,N,3
23411,8.236,0.000,0.341,0.030,0.000,0.011,0.038,0.000,2.200,0.017,2.126,0.056,8120,15600,,2.00,2,0,8224x5140,N,3
23412,8.383,0.669,0.304,0.029,0.000,0.009,0.056,0.000,2.205,0.022,2.129,0.054,8120,15600,,2.00,2,0,8224x5140,N,3
23413,8.195,0.000,0.408,0.036,0.000,0.011,0.073,0.000,2.193,0.022,2.114,0.057,8120,15600,,2.00,2,0,8224x5140,N,3
23414,8.201,0.688,0.352,0.037,0.000,0.012,0.045,0.000,2.233,0.022,2.155,0.057,8120,15600,,2.00,2,0,8224x5140,N,3
23415,8.232,0.000,0.374,0.032,0.000,0.009,0.061,0.000,2.207,0.022,2.128,0.057,8120,15600,,2.00,2,0,8224x5140,N,3
23416,8.325,0.641,0.324,0.031,0.000,0.012,0.042,0.000,2.222,0.023,2.142,0.057,8120,15600,,2.00,2,0,8224x5140,N,3
23417,8.263,0.000,0.343,0.030,0.000,0.011,0.054,0.000,2.237,0.023,2.156,0.058,8120,15600,,2.00,2,0,8224x5140,N,3
23418,8.250,0.702,0.316,0.031,0.000,0.011,0.057,0.000,2.242,0.022,2.163,0.057,8120,15600,,2.00,2,0,8224x5140,N,3
23419,8.036,0.000,0.298,0.035,0.000,0.012,0.048,0.000,2.188,0.016,2.111,0.061,8120,15600,,2.00,2,0,8224x5140,N,3
23420,8.313,0.642,0.286,0.032,0.000,0.014,0.052,0.000,2.200,0.018,2.122,0.060,8120,15600,,2.00,2,0,8224x5140,N,3
23421,8.350,0.000,0.357,0.039,0.000,0.014,0.051,0.000,2.283,0.018,2.207,0.059,8120,15600,,2.00,2,0,8224x5140,N,3
23422,8.205,0.743,0.313,0.033,0.000,0.011,0.049,0.000,2.282,0.017,2.208,0.057,8120,15600,,2.00,2,0,8224x5140,N,3
23423,8.299,0.000,0.324,0.030,0.000,0.021,0.042,0.000,2.283,0.017,2.206,0.059,8120,15600,,2.00,2,0,8224x5140,N,3
23424,8.190,0.718,0.291,0.024,0.000,0.009,0.040,0.000,2.301,0.018,2.226,0.058,8120,15600,,2.00,2,0,8224x5140,N,3
23425,8.262,0.000,0.360,0.034,0.000,0.010,0.060,0.000,2.451,0.022,2.370,0.059,8120,15600,,2.00,2,0,8224x5140,N,3
23426,8.136,0.666,0.310,0.030,0.000,0.010,0.051,0.000,2.412,0.023,2.331,0.059,8120,15600,,2.00,2,0,8224x5140,N,3
23427,8.314,0.000,0.324,0.054,0.000,0.014,0.050,0.000,2.389,0.018,2.316,0.056,8120,15600,,2.00,2,0,8224x5140,N,3
23428,8.261,0.712,0.288,0.032,0.000,0.011,0.042,0.000,2.616,0.018,2.542,0.056,8120,15600,,2.00,2,0,8224x5140,N,3
23429,8.055,0.000,0.284,0.040,0.000,0.012,0.042,0.000,2.652,0.018,2.575,0.058,8120,15600,,2.00,2,0,8224x5140,N,3
23430,8.360,0.629,0.340,0.036,0.000,0.011,0.040,0.000,2.663,0.018,2.587,0.058,8120,15600,,2.00,2,0,8224x5140,N,3
23431,8.222,0.000,0.428,0.032,0.000,0.014,0.049,0.000,2.740,0.020,2.660,0.061,8120,15600,,2.00,2,0,8224x5140,N,3
23432,8.230,0.622,0.319,0.032,0.000,0.012,0.060,0.000,2.999,0.020,2.921,0.058,8120,15600,,2.00,2,0,8224x5140,N,3
23433,8.216,0.000,0.443,0.035,0.000,0.012,0.050,0.000,2.979,0.020,2.896,0.063,8120,15600,,2.00,2,0,8224x5140,N,3
23434,8.425,0.623,0.340,0.045,0.000,0.017,0.059,0.000,2.972,0.022,2.892,0.059,8120,15600,,2.00,2,0,8224x5140,N,3
23435,8.104,0.000,0.308,0.063,0.000,0.022,0.060,0.000,3.224,0.023,3.143,0.059,8120,15600,,2.00,2,0,8224x5140,N,3
23436,8.153,0.718,0.330,0.079,0.000,0.026,0.067,0.000,3.358,0.022,3.278,0.059,8120,15600,,2.00,2,0,8224x5140,N,3
23437,7.948,0.000,0.309,0.074,0.000,0.021,0.043,0.000,3.394,0.022,3.311,0.061,8120,15600,,2.00,2,0,8224x5140,N,3
23438,8.311,0.769,0.282,0.053,0.000,0.015,0.057,0.000,3.832,0.026,3.745,0.061,8120,15600,,2.00,2,0,8224x5140,N,3
23439,8.150,0.000,0.282,0.052,0.000,0.017,0.059,0.000,3.917,0.025,3.830,0.062,8120,15600,,2.00,2,0,8224x5140,N,3
23440,8.289,0.634,0.273,0.042,0.000,0.014,0.049,0.000,3.922,0.025,3.830,0.067,8120,15600,,2.00,2,0,8224x5140,N,3
23441,8.143,0.000,0.296,0.041,0.000,0.014,0.046,0.000,4.174,0.032,4.067,0.074,8120,15600,,2.00,2,0,8224x5140,N,3
23442,8.259,0.749,0.266,0.036,0.000,0.011,0.040,0.000,4.711,0.033,4.602,0.075,8120,15600,,2.00,2,0,8224x5140,N,3
23443,8.274,0.000,0.280,0.039,0.000,0.010,0.048,0.000,5.132,0.031,5.022,0.078,8120,15600,,2.00,2,0,8224x5140,N,3
23444,8.161,0.635,0.289,0.043,0.000,0.013,0.035,0.000,5.075,0.027,4.965,0.083,8120,15600,,2.00,2,0,8224x5140,N,3
23445,8.321,0.000,0.286,0.030,0.000,0.012,0.039,0.000,5.159,0.028,5.050,0.082,8120,15600,,2.00,2,0,8224x5140,N,3
23446,8.260,0.571,0.271,0.039,0.000,0.014,0.042,0.000,4.990,0.028,4.898,0.064,8120,15600,,2.00,2,0,8224x5140,N,3
23447,8.297,0.000,0.256,0.037,0.000,0.012,0.057,0.000,5.003,0.033,4.898,0.071,8120,15600,,2.00,2,0,8224x5140,N,3
23448,8.181,0.622,0.249,0.075,0.000,0.020,0.055,0.000,4.993,0.028,4.897,0.069,8120,15600,,2.00,2,0,8224x5140,N,3
23449,8.070,0.000,0.274,0.062,0.000,0.017,0.051,0.000,5.185,0.031,5.085,0.068,8120,15600,,2.00,2,0,8224x5140,N,3
23450,8.232,0.506,0.249,0.038,0.000,0.017,0.038,0.000,5.113,0.046,5.000,0.067,8120,15600,,2.00,2,0,8224x5140,N,3
23451,8.278,0.000,0.272,0.047,0.000,0.017,0.060,0.000,5.389,0.058,5.264,0.067,8120,15600,,2.00,2,0,8224x5140,N,3
23452,8.184,0.656,0.250,0.046,0.000,0.013,0.040,0.000,5.220,0.046,5.107,0.068,8120,15600,,2.00,2,0,8224x5140,N,3
23453,8.197,0.000,0.258,0.037,0.000,0.012,0.038,0.000,5.260,0.045,5.133,0.082,8120,15600,,2.00,2,0,8224x5140,N,3
23454,8.264,0.533,0.221,0.027,0.000,0.009,0.039,0.000,5.282,0.046,5.167,0.069,8120,15600,,2.00,2,0,8224x5140,N,3
23455,8.300,0.000,0.239,0.025,0.000,0.008,0.036,0.000,5.288,0.045,5.174,0.069,8120,15600,,2.00,2,0,8224x5140,N,3
23456,8.201,0.606,0.238,0.032,0.000,0.014,0.028,0.000,5.257,0.046,5.144,0.067,8120,15600,,2.00,2,0,8224x5140,N,3
23457,8.310,0.000,0.250,0.022,0.000,0.009,0.041,0.000,5.367,0.047,5.254,0.066,8120,15600,,2.00,2,0,8224x5140,N,3
23458,8.222,0.552,0.219,0.032,0.000,0.011,0.038,0.000,5.227,0.045,5.104,0.078,8120,15600,,2.00,2,0,8224x5140,N,3
23459,8.237,0.000,0.263,0.024,0.000,0.008,0.036,0.000,4.996,0.030,4.899,0.067,8120,15600,,2.00,2,0,8224x5140,N,3
23460,8.303,0.607,0.362,0.028,0.000,0.010,0.042,0.000,5.015,0.032,4.902,0.081,8120,15600,,2.00,2,0,8224x5140,N,3
23461,8.380,0.000,0.286,0.029,0.000,0.009,0.039,0.000,5.029,0.027,4.925,0.077,8120,15600,,2.00,2,0,8224x5140,N,3
23462,8.306,0.496,0.208,0.027,0.000,0.010,0.047,0.000,5.042,0.029,4.945,0.067,8120,15600,,2.00,2,0,8224x5140,N,3
23463,8.431,0.000,0.279,0.049,0.000,0.015,0.058,0.000,4.995,0.031,4.898,0.067,8120,15600,,2.00,2,0,8224x5140,N,3
23464,8.288,0.676,0.278,0.067,0.000,0.021,0.054,0.000,4.998,0.031,4.899,0.068,8120,15600,,2.00,2,0,8224x5140,N,3
23465,8.263,0.000,0.297,0.063,0.000,0.019,0.044,0.000,4.990,0.027,4.895,0.068,8120,15600,,2.00,2,0,8224x5140,N,3
23466,8.369,0.570,0.255,0.053,0.000,0.014,0.043,0.000,4.997,0.031,4.897,0.068,8120,15600,,2.00,2,0,8224x5140,N,3
23467,8.320,0.000,0.309,0.048,0.000,0.015,0.062,0.000,5.113,0.029,4.997,0.087,8120,15600,,2.00,2,0,8224x5140,N,3
23468,8.294,0.607,0.251,0.055,0.000,0.014,0.045,0.000,5.138,0.027,5.033,0.078,8120,15600,,2.00,2,0,8224x5140,N,3
23469,8.353,0.000,0.283,0.040,0.000,0.014,0.042,0.000,5.086,0.028,4.969,0.090,8120,15600,,2.00,2,0,8224x5140,N,3
23470,8.237,0.594,0.224,0.029,0.000,0.010,0.037,0.000,5.107,0.031,4.993,0.084,8120,15600,,2.00,2,0,8224x5140,N,3
23471,8.406,0.000,0.279,0.028,0.000,0.009,0.038,0.000,5.034,0.027,4.937,0.070,8120,15600,,2.00,2,0,8224x5140,N,3
23472,8.286,0.594,0.234,0.041,0.000,0.012,0.051,0.000,5.045,0.031,4.929,0.086,8120,15600,,2.00,2,0,8224x5140,N,3
23473,8.300,0.000,0.271,0.033,0.000,0.012,0.035,0.000,5.157,0.029,5.040,0.087,8120,15600,,2.00,2,0,8224x5140,N,3
23474,8.422,0.538,0.252,0.032,0.000,0.014,0.056,0.000,5.090,0.028,4.980,0.081,8120,15600,,2.00,2,0,8224x5140,N,3
23475,8.565,0.000,0.277,0.041,0.000,0.011,0.048,0.000,5.185,0.034,5.070,0.081,8120,15600,,2.00,2,0,8224x5140,N,3
23476,8.050,0.746,0.266,0.030,0.000,0.009,0.041,0.000,5.209,0.028,5.101,0.080,8120,15600,,2.00,2,0,8224x5140,N,3
23477,8.271,0.000,0.289,0.026,0.000,0.008,0.032,0.000,5.185,0.028,5.064,0.092,8120,15600,,2.00,2,0,8224x5140,N,3
23478,8.382,0.786,0.260,0.027,0.000,0.008,0.049,0.000,5.109,0.029,4.985,0.094,8120,15600,,2.00,2,0,8224x5140,N,3
23479,8.637,0.000,0.287,0.032,0.000,0.011,0.059,0.000,4.943,0.031,4.850,0.062,8120,15600,,2.00,2,0,8224x5140,N,3
23480,8.096,0.626,0.305,0.069,0.000,0.022,0.056,0.000,4.698,0.031,4.605,0.062,8120,15600,,2.00,2,0,8224x5140,N,3
23481,8.336,0.000,0.288,0.061,0.000,0.021,0.056,0.000,4.715,0.031,4.608,0.077,8120,15600,,2.00,2,0,8224x5140,N,3
23482,8.264,0.757,0.280,0.057,0.000,0.018,0.048,0.000,4.589,0.032,4.494,0.063,8120,15600,,2.00,2,0,8224x5140,N,3
23483,8.400,0.000,0.288,0.046,0.000,0.013,0.084,0.000,4.470,0.031,4.375,0.064,8120,15600,,2.00,2,0,8224x5140,N,3
23484,8.225,0.725,0.295,0.055,0.000,0.017,0.059,0.000,4.466,0.032,4.370,0.064,8120,15600,,2.00,2,0,8224x5140,N,3
23485,8.275,0.000,0.297,0.044,0.000,0.014,0.042,0.000,4.350,0.032,4.254,0.064,8120,15600,,2.00,2,0,8224x5140,N,3
23486,8.299,0.670,0.312,0.043,0.000,0.015,0.044,0.000,4.348,0.031,4.253,0.064,8120,15600,,2.00,2,0,8224x5140,N,3
23487,8.432,0.000,0.289,0.032,0.000,0.015,0.063,0.000,4.349,0.032,4.254,0.063,8120,15600,,2.00,2,0,8224x5140,N,3
23488,8.225,0.681,0.270,0.068,0.000,0.022,0.047,0.000,4.335,0.031,4.241,0.064,8120,15600,,2.00,2,0,8224x5140,N,3
23489,8.432,0.000,0.256,0.056,0.000,0.020,0.057,0.000,4.228,0.032,4.131,0.065,8120,15600,,2.00,2,0,8224x5140,N,3
23490,8.244,0.666,0.262,0.071,0.000,0.019,0.049,0.000,4.189,0.032,4.092,0.064,8120,15600,,2.00,2,0,8224x5140,N,3
23491,8.310,0.000,0.280,0.062,0.000,0.022,0.049,0.000,4.220,0.032,4.123,0.064,8120,15600,,2.00,2,0,8224x5140,N,3
23492,8.362,0.638,0.250,0.058,0.000,0.019,0.054,0.000,4.207,0.031,4.112,0.064,8120,15600,,2.00,2,0,8224x5140,N,3
23493,8.357,0.000,0.280,0.058,0.000,0.019,0.057,0.000,4.195,0.032,4.101,0.062,8120,15600,,2.00,2,0,8224x5140,N,3
23494,8.263,0.648,0.262,0.081,0.000,0.023,0.058,0.000,4.315,0.032,4.221,0.063,8120,15600,,2.00,2,0,8224x5140,N,3
23495,8.268,0.000,0.301,0.057,0.000,0.017,0.046,0.000,4.331,0.033,4.237,0.062,8120,15600,,2.00,2,0,8224x5140,N,3
23496,8.325,0.551,0.238,0.062,0.000,0.021,0.041,0.000,4.337,0.031,4.245,0.062,8120,15600,,2.00,2,0,8224x5140,N,3
23497,16.647,0.000,0.275,0.057,0.000,0.019,0.045,0.000,4.342,0.032,4.246,0.064,8120,15600,,2.00,2,0,8224x5140,N,3
23498,8.273,0.498,0.232,0.061,0.000,0.021,0.044,0.000,4.467,0.033,4.372,0.062,8120,15600,,2.00,2,0,8224x5140,N,3
23499,8.405,0.491,0.234,0.055,0.000,0.020,0.057,0.000,4.491,0.032,4.396,0.063,8120,15600,,2.00,2,0,8224x5140,N,3
23500,8.325,0.000,0.287,0.057,0.000,0.020,0.051,0.000,4.457,0.031,4.365,0.061,8120,15600,,2.00,2,0,8224x5140,N,3
23501,8.266,0.636,0.237,0.067,0.000,0.021,0.065,0.000,4.598,0.031,4.503,0.064,8120,15600,,2.00,2,0,8224x5140,N,3
23502,8.332,0.000,0.309,0.065,0.000,0.016,0.048,0.000,4.610,0.032,4.515,0.063,8120,15600,,2.00,2,0,8224x5140,N,3
23503,8.304,0.628,0.251,0.061,0.000,0.019,0.045,0.000,4.756,0.032,4.662,0.062,8120,15600,,2.00,2,0,8224x5140,N,3
23504,8.339,0.000,0.293,0.052,0.000,0.017,0.059,0.000,4.753,0.031,4.661,0.061,8120,15600,,2.00,2,0,8224x5140,N,3
23505,8.309,0.644,0.271,0.071,0.000,0.020,0.072,0.000,4.876,0.032,4.784,0.061,8120,15600,,2.00,2,0,8224x5140,N,3
23506,8.278,0.000,0.287,0.057,0.000,0.020,0.051,0.000,4.878,0.031,4.787,0.060,8120,15600,,2.00,2,0,8224x5140,N,3
23507,8.330,0.573,0.254,0.076,0.000,0.022,0.061,0.000,4.882,0.031,4.789,0.062,8120,15600,,2.00,2,0,8224x5140,N,3
23508,8.340,0.000,0.278,0.059,0.000,0.016,0.053,0.000,4.992,0.031,4.899,0.063,8120,15600,,2.00,2,0,8224x5140,N,3
23509,8.272,0.639,0.261,0.068,0.000,0.018,0.053,0.000,4.994,0.028,4.897,0.069,8120,15600,,2.00,2,0,8224x5140,N,3
23510,8.288,0.000,0.283,0.051,0.000,0.014,0.047,0.000,4.999,0.032,4.899,0.068,8120,15600,,2.00,2,0,8224x5140,N,3
23511,8.333,0.627,0.234,0.051,0.000,0.016,0.040,0.000,4.990,0.028,4.895,0.068,8120,15600,,2.00,2,0,8224x5140,N,3
23512,8.349,0.000,0.265,0.048,0.000,0.015,0.046,0.000,4.997,0.032,4.896,0.068,8120,15600,,2.00,2,0,8224x5140,N,3
23513,8.263,0.539,0.241,0.050,0.000,0.018,0.041,0.000,4.993,0.028,4.897,0.069,8120,15600,,2.00,2,0,8224x5140,N,3
23514,8.385,0.000,0.276,0.043,0.000,0.016,0.052,0.000,4.997,0.031,4.897,0.069,8120,15600,,2.00,2,0,8224x5140,N,3
23515,8.266,0.637,0.239,0.061,0.000,0.017,0.037,0.000,5.000,0.031,4.901,0.068,8120,15600,,2.00,2,0,8224x5140,N,3
23516,8.350,0.000,0.278,0.052,0.000,0.016,0.047,0.000,4.985,0.027,4.894,0.064,8120,15600,,2.00,2,0,8224x5140,N,3
23517,8.360,0.531,0.242,0.057,0.000,0.015,0.045,0.000,4.995,0.033,4.898,0.065,8120,15600,,2.00,2,0,8224x5140,N,3
23518,8.331,0.000,0.302,0.051,0.000,0.016,0.052,0.000,4.990,0.028,4.896,0.066,8120,15600,,2.00,2,0,8224x5140,N,3
23519,8.337,0.501,0.264,0.059,0.000,0.018,0.047,0.000,4.996,0.032,4.897,0.067,8120,15600,,2.00,2,0,8224x5140,N,3
23520,8.267,0.000,0.287,0.052,0.000,0.017,0.050,0.000,5.321,0.046,5.193,0.082,8120,15600,,2.00,2,0,8224x5140,N,3
23521,8.300,0.499,0.223,0.039,0.000,0.012,0.042,0.000,5.103,0.026,4.991,0.086,8120,15600,,2.00,2,0,8224x5140,N,3
23522,8.294,0.000,0.269,0.042,0.000,0.012,0.038,0.000,5.212,0.029,5.092,0.091,8120,15600,,2.00,2,0,8224x5140,N,3
23523,8.330,0.482,0.382,0.027,0.000,0.009,0.037,0.000,5.104,0.029,4.993,0.082,8120,15600,,2.00,2,0,8224x5140,N,3
23524,8.495,0.000,0.256,0.028,0.000,0.010,0.037,0.000,5.172,0.032,5.058,0.082,8120,15600,,2.00,2,0,8224x5140,N,3
23525,8.129,0.513,0.236,0.027,0.000,0.008,0.045,0.000,5.097,0.028,4.980,0.088,8120,15600,,2.00,2,0,8224x5140,N,3
23526,8.356,0.000,0.275,0.027,0.000,0.009,0.039,0.000,5.035,0.028,4.935,0.072,8120,15600,,2.00,2,0,8224x5140,N,3
23527,8.290,0.600,0.239,0.027,0.000,0.009,0.036,0.000,5.147,0.031,5.032,0.084,8120,15600,,2.00,2,0,8224x5140,N,3
23528,8.523,0.000,0.405,0.024,0.000,0.014,0.057,0.000,5.086,0.027,4.985,0.075,8120,15600,,2.00,2,0,8224x5140,N,3
23529,8.171,0.769,0.260,0.039,0.000,0.012,0.037,0.000,5.060,0.033,4.947,0.081,8120,15600,,2.00,2,0,8224x5140,N,3
23530,8.366,0.000,0.299,0.033,0.000,0.018,0.034,0.000,5.090,0.027,4.988,0.074,8120,15600,,2.00,2,0,8224x5140,N,3
23531,8.209,0.774,0.277,0.029,0.000,0.009,0.032,0.000,5.130,0.033,5.013,0.084,8120,15600,,2.00,2,0,8224x5140,N,3
23532,8.366,0.000,0.302,0.028,0.000,0.009,0.035,0.000,5.211,0.029,5.087,0.095,8120,15600,,2.00,2,0,8224x5140,N,3
23533,8.003,0.719,0.285,0.039,0.000,0.010,0.058,0.000,5.136,0.030,5.024,0.082,8120,15600,tshadow_sdf,2.00,2,0,8224x5140,S,0
23534,80.482,0.000,0.328,0.034,0.000,0.012,0.071,0.000,77.627,0.029,77.516,0.082,8120,15600,,2.00,2,0,8224x5140,S,0
23535,65.310,3.092,0.362,0.072,0.000,0.020,0.041,0.000,63.304,0.014,63.245,0.046,8120,15600,,2.00,2,0,8224x5140,S,0
23536,65.071,1.993,0.237,0.041,0.000,0.011,0.031,0.000,63.304,0.013,63.244,0.047,8120,15600,,2.00,2,0,8224x5140,S,0
23537,65.916,1.664,0.214,0.025,0.000,0.007,0.037,0.000,63.310,0.014,63.249,0.048,8120,15600,,2.00,2,0,8224x5140,S,0
23538,65.890,1.791,0.257,0.054,0.000,0.017,0.051,0.000,63.299,0.013,63.242,0.044,8120,15600,,2.00,2,0,8224x5140,S,0
23539,66.012,1.913,0.221,0.054,0.000,0.014,0.057,0.000,63.304,0.013,63.247,0.044,8120,15600,,2.00,2,0,8224x5140,S,0
23540,65.306,2.112,0.267,0.058,0.000,0.016,0.055,0.000,63.299,0.014,63.241,0.044,8120,15600,,2.00,2,0,8224x5140,S,0
23541,66.253,2.014,0.258,0.050,0.000,0.015,0.065,0.000,63.308,0.014,63.249,0.044,8120,15600,,2.00,2,0,8224x5140,S,0
23542,65.698,2.387,0.260,0.056,0.000,0.015,0.057,0.000,63.312,0.013,63.245,0.054,8120,15600,,2.00,2,0,8224x5140,S,0
23543,66.125,2.726,0.325,0.045,0.000,0.012,0.046,0.000,63.312,0.014,63.244,0.054,8120,15600,,2.00,2,0,8224x5140,S,0
23544,65.688,2.489,0.279,0.034,0.000,0.010,0.033,0.000,63.302,0.013,63.239,0.049,8120,15600,,2.00,2,0,8224x5140,S,0
23545,66.081,1.654,0.193,0.022,0.000,0.006,0.044,0.000,63.308,0.013,63.240,0.055,8120,15600,,2.00,2,0,8224x5140,S,0
23546,66.272,1.876,0.219,0.029,0.000,0.011,0.046,0.000,63.310,0.013,63.235,0.062,8120,15600,,2.00,2,0,8224x5140,S,0
23547,66.119,1.683,0.213,0.021,0.000,0.006,0.060,0.000,63.303,0.013,63.241,0.048,8120,15600,,2.00,2,0,8224x5140,S,0
23548,65.187,1.943,0.228,0.052,0.000,0.014,0.050,0.000,63.299,0.013,63.234,0.051,8120,15600,,2.00,2,0,8224x5140,S,0
23549,66.127,1.624,0.205,0.026,0.000,0.009,0.038,0.000,63.313,0.017,63.243,0.054,8120,15600,,2.00,2,0,8224x5140,S,0
23550,66.436,1.880,0.210,0.028,0.000,0.009,0.045,0.000,63.303,0.017,63.234,0.052,8120,15600,,2.00,2,0,8224x5140,S,0
23551,66.027,1.775,0.238,0.031,0.000,0.011,0.037,0.000,63.334,0.019,63.264,0.051,8120,15600,,2.00,2,0,8224x5140,S,0
23552,65.616,1.240,0.221,0.024,0.000,0.011,0.048,0.000,63.325,0.016,63.252,0.056,8120,15600,,2.00,2,0,8224x5140,S,0
23553,65.589,1.622,0.215,0.023,0.000,0.008,0.073,0.000,63.308,0.015,63.239,0.053,8120,15600,,2.00,2,0,8224x5140,S,0
23554,65.433,2.479,0.290,0.062,0.000,0.016,0.059,0.000,63.303,0.013,63.243,0.047,8120,15600,,2.00,2,0,8224x5140,S,0
23555,66.342,1.966,0.262,0.059,0.000,0.016,0.055,0.000,63.311,0.013,63.249,0.049,8120,15600,,2.00,2,0,8224x5140,S,0
23556,65.728,2.282,0.269,0.059,0.000,0.014,0.058,0.000,63.298,0.014,63.236,0.049,8120,15600,,2.00,2,0,8224x5140,S,0
23557,66.148,2.650,0.312,0.061,0.000,0.016,0.057,0.000,63.301,0.013,63.236,0.052,8120,15600,,2.00,2,0,8224x5140,S,0
23558,66.039,2.729,0.291,0.054,0.000,0.015,0.037,0.000,63.311,0.014,63.244,0.053,8120,15600,,2.00,2,0,8224x5140,S,0
23559,66.214,1.885,0.219,0.027,0.000,0.008,0.035,0.000,63.325,0.017,63.256,0.053,8120,15600,,2.00,2,0,8224x5140,S,0
23560,66.148,1.714,0.192,0.026,0.000,0.007,0.046,0.000,63.313,0.018,63.245,0.049,8120,15600,,2.00,2,0,8224x5140,S,0
23561,66.224,1.787,0.238,0.043,0.000,0.013,0.037,0.000,63.311,0.013,63.243,0.054,8120,15600,,2.00,2,0,8224x5140,S,0
23562,65.956,1.658,0.217,0.027,0.000,0.008,0.034,0.000,63.324,0.013,63.256,0.054,8120,15600,,2.00,2,0,8224x5140,S,0
23563,66.072,1.661,0.219,0.030,0.000,0.009,0.084,0.000,63.294,0.016,63.229,0.049,8120,15600,,2.00,2,0,8224x5140,S,0
23564,66.007,1.662,0.212,0.026,0.000,0.009,0.036,0.000,63.311,0.017,63.241,0.053,8120,15600,,2.00,2,0,8224x5140,S,0
23565,66.160,1.665,0.222,0.022,0.000,0.007,0.052,0.000,63.305,0.013,63.246,0.045,8120,15600,,2.00,2,0,8224x5140,S,0
23566,65.982,1.742,0.239,0.044,0.000,0.015,0.056,0.000,63.302,0.014,63.243,0.045,8120,15600,,2.00,2,0,8224x5140,S,0
23567,66.200,1.800,0.248,0.053,0.000,0.017,0.073,0.000,63.298,0.013,63.236,0.048,8120,15600,,2.00,2,0,8224x5140,S,0
23568,65.515,2.341,0.282,0.050,0.000,0.016,0.055,0.000,63.301,0.013,63.239,0.049,8120,15600,,2.00,2,0,8224x5140,S,0
23569,66.387,2.258,0.268,0.054,0.000,0.015,0.048,0.000,63.307,0.013,63.248,0.046,8120,15600,,2.00,2,0,8224x5140,S,0
23570,65.972,1.867,0.232,0.054,0.000,0.014,0.060,0.000,63.303,0.014,63.244,0.045,8120,15600,,2.00,2,0,8224x5140,S,0
23571,65.787,2.289,0.262,0.065,0.000,0.016,0.083,0.000,63.308,0.014,63.249,0.045,8120,15600,,2.00,2,0,8224x5140,S,0
23572,66.110,2.665,0.314,0.064,0.000,0.017,0.057,0.000,63.302,0.013,63.241,0.048,8120,15600,,2.00,2,0,8224x5140,S,0
23573,66.084,2.725,0.316,0.051,0.000,0.014,0.053,0.000,63.301,0.013,63.234,0.054,8120,15600,,2.00,2,0,8224x5140,S,0
23574,65.362,2.020,0.227,0.038,0.000,0.011,0.060,0.000,63.299,0.017,63.235,0.047,8120,15600,,2.00,2,0,8224x5140,S,0
23575,67.453,1.852,0.232,0.048,0.000,0.014,0.066,0.000,65.090,0.013,65.030,0.047,8120,15600,,2.00,2,0,8224x5140,S,0
23576,65.273,1.919,0.284,0.060,0.000,0.016,0.044,0.000,63.306,0.013,63.239,0.054,8120,15600,,2.00,2,0,8224x5140,S,0
23577,67.054,1.412,0.205,0.033,0.000,0.009,0.049,0.000,65.091,0.013,65.032,0.046,8120,15600,,2.00,2,0,8224x5140,S,0
23578,67.173,1.707,0.233,0.050,0.000,0.015,0.046,0.000,63.312,0.013,63.243,0.056,8120,15600,,2.00,2,0,8224x5140,S,0
23579,65.762,1.775,0.228,0.048,0.000,0.012,0.055,0.000,63.335,0.014,63.251,0.070,8120,15600,,2.00,2,0,8224x5140,S,0
23580,65.808,1.784,0.233,0.051,0.000,0.015,0.062,0.000,63.310,0.014,63.247,0.050,8120,15600,,2.00,2,0,8224x5140,S,0
23581,66.267,1.962,0.245,0.059,0.000,0.019,0.067,0.000,63.308,0.013,63.246,0.049,8120,15600,,2.00,2,0,8224x5140,S,0
23582,67.820,2.082,0.251,0.054,0.000,0.016,0.047,0.000,65.066,0.017,65.002,0.047,8120,15600,,2.00,2,0,8224x5140,S,0
23583,65.946,1.849,0.230,0.039,0.000,0.010,0.047,0.000,63.308,0.014,63.248,0.046,8120,15600,,2.00,2,0,8224x5140,S,0
23584,66.026,1.971,0.229,0.069,0.000,0.016,0.054,0.000,63.301,0.013,63.244,0.044,8120,15600,,2.00,2,0,8224x5140,S,0
23585,65.910,1.755,0.220,0.050,0.000,0.014,0.061,0.000,63.308,0.014,63.248,0.046,8120,15600,,2.00,2,0,8224x5140,S,0
23586,66.002,1.912,0.276,0.054,0.000,0.016,0.062,0.000,63.302,0.014,63.241,0.047,8120,15600,,2.00,2,0,8224x5140,S,0
23587,65.995,1.927,0.264,0.061,0.000,0.019,0.070,0.000,63.295,0.013,63.237,0.045,8120,15600,,2.00,2,0,8224x5140,S,0
23588,65.587,2.096,0.415,0.090,0.000,0.026,0.060,0.000,63.304,0.014,63.246,0.045,8120,15600,,2.00,2,0,8224x5140,S,0
23589,66.500,1.930,0.244,0.058,0.000,0.016,0.054,0.000,63.306,0.013,63.240,0.052,8120,15600,,2.00,2,0,8224x5140,S,0
23590,66.411,1.911,0.236,0.052,0.000,0.015,0.049,0.000,63.305,0.014,63.241,0.050,8120,15600,,2.00,2,0,8224x5140,S,0
23591,66.177,1.881,0.216,0.031,0.000,0.012,0.047,0.000,63.319,0.013,63.251,0.055,8120,15600,,2.00,2,0,8224x5140,S,0
23592,66.083,1.954,0.236,0.040,0.000,0.013,0.053,0.000,63.303,0.014,63.238,0.051,8120,15600,,2.00,2,0,8224x5140,S,0
23593,65.520,2.299,0.267,0.038,0.000,0.011,0.038,0.000,63.314,0.013,63.244,0.056,8120,15600,,2.00,2,0,8224x5140,S,0
23594,66.094,1.739,0.214,0.024,0.000,0.007,0.028,0.000,63.311,0.016,63.240,0.055,8120,15600,,2.00,2,0,8224x5140,S,0
23595,66.261,1.700,0.244,0.021,0.000,0.008,0.051,0.000,63.314,0.017,63.251,0.047,8120,15600,,2.00,2,0,8224x5140,S,0
23596,66.126,1.710,0.236,0.037,0.000,0.011,0.043,0.000,63.300,0.013,63.240,0.047,8120,15600,,2.00,2,0,8224x5140,S,0
23597,65.115,1.864,0.217,0.030,0.000,0.010,0.040,0.000,63.318,0.017,63.250,0.051,8120,15600,,2.00,2,0,8224x5140,S,0
23598,66.043,1.842,0.215,0.026,0.000,0.008,0.056,0.000,63.308,0.013,63.249,0.046,8120,15600,,2.00,2,0,8224x5140,S,0
23599,65.873,1.752,0.236,0.051,0.000,0.014,0.058,0.000,63.311,0.013,63.253,0.045,8120,15600,,2.00,2,0,8224x5140,S,0
23600,66.212,2.128,0.268,0.061,0.000,0.018,0.067,0.000,63.292,0.013,63.234,0.044,8120,15600,,2.00,2,0,8224x5140,S,0
23601,65.646,2.271,0.261,0.062,0.000,0.016,0.079,0.000,63.296,0.013,63.236,0.047,8120,15600,,2.00,2,0,8224x5140,S,0
23602,66.045,2.647,0.295,0.061,0.000,0.017,0.061,0.000,63.307,0.013,63.246,0.048,8120,15600,,2.00,2,0,8224x5140,S,0
23603,66.307,2.961,0.345,0.052,0.000,0.017,0.052,0.000,63.300,0.013,63.240,0.047,8120,15600,,2.00,2,0,8224x5140,S,0
23604,65.874,1.512,0.236,0.059,0.000,0.016,0.076,0.000,63.306,0.014,63.246,0.046,8120,15600,,2.00,2,0,8224x5140,S,0
23605,65.715,2.706,0.307,0.075,0.000,0.022,0.049,0.000,63.308,0.013,63.250,0.045,8120,15600,,2.00,2,0,8224x5140,S,0
23606,65.692,1.721,0.242,0.057,0.000,0.018,0.041,0.000,63.304,0.014,63.245,0.046,8120,15600,tshadow_pcf,2.00,2,0,8224x5140,P,1
23607,8.043,1.765,0.246,0.060,0.000,0.019,0.048,0.000,5.708,0.013,5.644,0.051,8120,15600,,2.00,2,0,8224x5140,P,1
23608,7.853,0.484,0.224,0.047,0.000,0.014,0.039,0.000,5.707,0.013,5.642,0.052,8120,15600,,2.00,2,0,8224x5140,P,1
23609,8.611,0.000,0.306,0.053,0.000,0.015,0.043,0.000,5.709,0.014,5.643,0.052,8120,15600,,2.00,2,0,8224x5140,P,1
23610,7.863,0.469,0.237,0.047,0.000,0.014,0.041,0.000,5.710,0.013,5.645,0.051,8120,15600,,2.00,2,0,8224x5140,P,1
23611,8.598,0.000,0.276,0.051,0.000,0.022,0.040,0.000,5.708,0.013,5.642,0.052,8120,15600,,2.00,2,0,8224x5140,P,1
23612,7.973,0.482,0.243,0.056,0.000,0.015,0.104,0.000,5.708,0.014,5.643,0.051,8120,15600,,2.00,2,0,8224x5140,P,1
23613,8.755,0.000,0.388,0.060,0.000,0.017,0.041,0.000,5.706,0.014,5.642,0.050,8120,15600,,2.00,2,0,8224x5140,P,1
23614,7.896,0.474,0.269,0.052,0.000,0.015,0.043,0.000,5.707,0.013,5.643,0.051,8120,15600,,2.00,2,0,8224x5140,P,1
23615,8.652,0.000,0.251,0.048,0.000,0.014,0.051,0.000,5.710,0.013,5.644,0.053,8120,15600,,2.00,2,0,8224x5140,P,1
23616,8.014,0.571,0.237,0.059,0.000,0.017,0.049,0.000,5.709,0.014,5.643,0.052,8120,15600,,2.00,2,0,8224x5140,P,1
23617,8.625,0.000,0.301,0.056,0.000,0.015,0.043,0.000,5.708,0.013,5.642,0.053,8120,15600,,2.00,2,0,8224x5140,P,1
23618,7.909,0.525,0.224,0.047,0.000,0.014,0.042,0.000,5.708,0.013,5.642,0.052,8120,15600,,2.00,2,0,8224x5140,P,1
23619,8.639,0.000,0.298,0.051,0.000,0.021,0.044,0.000,5.702,0.014,5.642,0.046,8120,15600,,2.00,2,0,8224x5140,P,1
23620,7.938,0.503,0.248,0.057,0.000,0.015,0.038,0.000,5.701,0.013,5.640,0.048,8120,15600,,2.00,2,0,8224x5140,P,1
23621,8.677,0.000,0.325,0.054,0.000,0.018,0.071,0.000,5.708,0.014,5.641,0.054,8120,15600,,2.00,2,0,8224x5140,P,1
23622,8.005,0.493,0.253,0.067,0.000,0.021,0.051,0.000,5.709,0.013,5.644,0.052,8120,15600,,2.00,2,0,8224x5140,P,1
23623,8.596,0.000,0.302,0.064,0.000,0.019,0.056,0.000,5.709,0.014,5.643,0.053,8120,15600,,2.00,2,0,8224x5140,P,1
23624,7.946,0.595,0.225,0.033,0.000,0.011,0.038,0.000,5.715,0.017,5.644,0.053,8120,15600,,2.00,2,0,8224x5140,P,1
23625,8.512,0.000,0.290,0.030,0.000,0.012,0.032,0.000,5.713,0.014,5.643,0.057,8120,15600,,2.00,2,0,8224x5140,P,1
23626,8.070,0.461,0.222,0.022,0.000,0.007,0.041,0.000,5.715,0.016,5.645,0.053,8120,15600,,2.00,2,0,8224x5140,P,1
23627,8.510,0.000,0.267,0.024,0.000,0.009,0.055,0.000,5.717,0.017,5.645,0.054,8120,15600,,2.00,2,0,8224x5140,P,1
23628,8.225,0.659,0.252,0.029,0.000,0.013,0.062,0.000,5.704,0.014,5.643,0.047,8120,15600,,2.00,2,0,8224x5140,P,1
23629,8.678,0.000,0.277,0.063,0.000,0.018,0.050,0.000,5.702,0.014,5.643,0.046,8120,15600,,2.00,2,0,8224x5140,P,1
23630,7.915,0.558,0.237,0.055,0.000,0.016,0.038,0.000,5.711,0.014,5.642,0.056,8120,15600,,2.00,2,0,8224x5140,P,1
23631,8.570,0.000,0.311,0.030,0.000,0.011,0.048,0.000,5.712,0.014,5.643,0.056,8120,15600,,2.00,2,0,8224x5140,P,1
23632,8.045,0.622,0.244,0.030,0.000,0.010,0.037,0.000,5.716,0.017,5.643,0.056,8120,15600,,2.00,2,0,8224x5140,P,1
23633,8.509,0.000,0.277,0.033,0.000,0.010,0.040,0.000,5.712,0.013,5.641,0.057,8120,15600,,2.00,2,0,8224x5140,P,1
23634,8.135,0.586,0.244,0.024,0.000,0.008,0.030,0.000,5.713,0.014,5.642,0.058,8120,15600,,2.00,2,0,8224x5140,P,1
23635,8.515,0.000,0.323,0.024,0.000,0.009,0.039,0.000,5.715,0.014,5.643,0.058,8120,15600,,2.00,2,0,8224x5140,P,1
23636,8.225,0.589,0.269,0.024,0.000,0.012,0.063,0.000,5.713,0.015,5.644,0.054,8120,15600,,2.00,2,0,8224x5140,P,1
23637,8.675,0.000,0.333,0.042,0.000,0.017,0.043,0.000,5.714,0.013,5.644,0.056,8120,15600,,2.00,2,0,8224x5140,P,1
23638,8.154,0.749,0.277,0.034,0.000,0.012,0.041,0.000,5.711,0.013,5.641,0.057,8120,15600,,2.00,2,0,8224x5140,P,1
23639,8.613,0.000,0.356,0.028,0.000,0.014,0.049,0.000,5.717,0.016,5.644,0.057,8120,15600,,2.00,2,0,8224x5140,P,1
23640,8.240,0.843,0.273,0.031,0.000,0.009,0.054,0.000,5.714,0.017,5.643,0.054,8120,15600,,2.00,2,0,8224x5140,P,1
23641,8.599,0.000,0.318,0.028,0.000,0.009,0.064,0.000,5.718,0.018,5.646,0.055,8120,15600,,2.00,2,0,8224x5140,P,1
23642,8.372,0.844,0.314,0.041,0.000,0.013,0.053,0.000,5.711,0.014,5.642,0.055,8120,15600,,2.00,2,0,8224x5140,P,1
23643,8.625,0.000,0.332,0.034,0.000,0.010,0.050,0.000,5.714,0.016,5.643,0.054,8120,15600,,2.00,2,0,8224x5140,P,1
23644,8.192,0.746,0.303,0.030,0.000,0.010,0.061,0.000,5.718,0.017,5.644,0.057,8120,15600,,2.00,2,0,8224x5140,P,1
23645,8.660,0.000,0.342,0.031,0.000,0.011,0.058,0.000,5.714,0.013,5.644,0.058,8120,15600,,2.00,2,0,8224x5140,P,1
23646,8.318,0.744,0.328,0.034,0.000,0.011,0.064,0.000,5.713,0.017,5.643,0.054,8120,15600,,2.00,2,0,8224x5140,P,1
23647,8.689,0.000,0.338,0.048,0.000,0.014,0.043,0.000,5.710,0.013,5.642,0.054,8120,15600,,2.00,2,0,8224x5140,P,1
23648,8.186,0.730,0.300,0.041,0.000,0.013,0.043,0.000,5.711,0.016,5.645,0.050,8120,15600,,2.00,2,0,8224x5140,P,1
23649,8.650,0.000,0.337,0.035,0.000,0.011,0.062,0.000,5.714,0.014,5.644,0.057,8120,15600,,2.00,2,0,8224x5140,P,1
23650,8.179,0.703,0.305,0.029,0.000,0.012,0.054,0.000,5.719,0.017,5.645,0.057,8120,15600,,2.00,2,0,8224x5140,P,1
23651,8.663,0.000,0.334,0.032,0.000,0.010,0.059,0.000,5.713,0.014,5.644,0.056,8120,15600,,2.00,2,0,8224x5140,P,1
23652,8.262,0.765,0.325,0.033,0.000,0.010,0.050,0.000,0.069,0.014,0.000,0.056,8120,15600,,2.00,2,0,8224x5140,P,1
23653,8.641,0.000,0.345,0.033,0.000,0.010,0.054,0.000,5.711,0.014,5.644,0.053,8120,15600,,2.00,2,0,8224x5140,P,1
23654,8.260,0.770,0.329,0.034,0.000,0.010,0.054,0.000,5.709,0.014,5.640,0.056,8120,15600,,2.00,2,0,8224x5140,P,1
23655,8.700,0.000,0.388,0.034,0.000,0.011,0.055,0.000,5.713,0.014,5.644,0.055,8120,15600,,2.00,2,0,8224x5140,P,1
23656,8.392,0.856,0.362,0.031,0.000,0.011,0.046,0.000,5.715,0.017,5.642,0.055,8120,15600,,2.00,2,0,8224x5140,P,1
23657,8.707,0.000,0.387,0.034,0.000,0.011,0.059,0.000,5.714,0.014,5.645,0.056,8120,15600,,2.00,2,0,8224x5140,P,1
23658,8.392,0.854,0.349,0.031,0.000,0.011,0.060,0.000,5.707,0.014,5.640,0.053,8120,15600,,2.00,2,0,8224x5140,P,1
23659,8.846,0.000,0.447,0.040,0.000,0.013,0.066,0.000,5.712,0.014,5.643,0.055,8120,15600,,2.00,2,0,8224x5140,P,1
23660,8.585,0.954,0.390,0.044,0.000,0.016,0.058,0.000,5.709,0.013,5.643,0.053,8120,15600,,2.00,2,0,8224x5140,P,1
23661,8.397,0.744,0.341,0.053,0.000,0.015,0.059,0.000,5.704,0.013,5.640,0.051,8120,15600,,2.00,2,0,8224x5140,P,1
23662,8.893,0.000,0.414,0.071,0.000,0.021,0.085,0.000,5.701,0.013,5.639,0.049,8120,15600,,2.00,2,0,8224x5140,P,1
23663,8.377,0.814,0.322,0.063,0.000,0.018,0.045,0.000,5.708,0.014,5.644,0.050,8120,15600,,2.00,2,0,8224x5140,P,1
23664,8.679,0.000,0.320,0.041,0.000,0.012,0.049,0.000,5.709,0.014,5.642,0.053,8120,15600,,2.00,2,0,8224x5140,P,1
23665,8.068,0.704,0.279,0.037,0.000,0.012,0.037,0.000,5.708,0.014,5.643,0.051,8120,15600,,2.00,2,0,8224x5140,P,1
23666,8.537,0.000,0.304,0.031,0.000,0.009,0.039,0.000,5.710,0.014,5.644,0.053,8120,15600,,2.00,2,0,8224x5140,P,1
23667,8.053,0.724,0.265,0.032,0.000,0.011,0.034,0.000,5.711,0.017,5.642,0.052,8120,15600,,2.00,2,0,8224x5140,P,1
23668,8.597,0.000,0.388,0.029,0.000,0.012,0.049,0.000,5.711,0.016,5.643,0.052,8120,15600,,2.00,2,0,8224x5140,P,1
23669,7.819,0.552,0.247,0.026,0.000,0.008,0.028,0.000,5.710,0.014,5.643,0.053,8120,15600,,2.00,2,0,8224x5140,P,1
23670,8.396,0.000,0.258,0.022,0.000,0.007,0.033,0.000,5.712,0.017,5.644,0.051,8120,15600,,2.00,2,0,8224x5140,P,1
23671,7.752,0.505,0.225,0.023,0.000,0.007,0.045,0.000,5.712,0.016,5.644,0.051,8120,15600,,2.00,2,0,8224x5140,P,1
23672,8.450,0.000,0.261,0.021,0.000,0.007,0.034,0.000,5.710,0.017,5.642,0.051,8120,15600,,2.00,2,0,8224x5140,P,1
23673,7.800,0.527,0.226,0.023,0.000,0.008,0.040,0.000,5.713,0.017,5.644,0.053,8120,15600,,2.00,2,0,8224x5140,P,1
23674,8.477,0.000,0.257,0.036,0.000,0.010,0.038,0.000,5.706,0.013,5.643,0.050,8120,15600,,2.00,2,0,8224x5140,P,1
23675,8.644,0.000,0.296,0.032,0.000,0.010,0.038,0.000,5.709,0.014,5.643,0.052,8120,15600,,2.00,2,0,8224x5140,P,1
23676,7.788,0.525,0.252,0.026,0.000,0.009,0.035,0.000,5.711,0.017,5.643,0.051,8120,15600,,2.00,2,0,8224x5140,P,1
23677,8.427,0.000,0.264,0.025,0.000,0.009,0.043,0.000,5.708,0.013,5.643,0.052,8120,15600,,2.00,2,0,8224x5140,P,1
23678,7.738,0.494,0.230,0.021,0.000,0.009,0.030,0.000,5.705,0.013,5.640,0.052,8120,15600,,2.00,2,0,8224x5140,P,1
23679,8.466,0.000,0.258,0.027,0.000,0.010,0.029,0.000,5.709,0.014,5.642,0.053,8120,15600,,2.00,2,0,8224x5140,P,1
23680,7.746,0.480,0.222,0.022,0.000,0.008,0.038,0.000,5.710,0.017,5.643,0.050,8120,15600,,2.00,2,0,8224x5140,P,1
23681,8.452,0.000,0.242,0.031,0.000,0.009,0.033,0.000,5.712,0.013,5.643,0.056,8120,15600,,2.00,2,0,8224x5140,P,1
23682,7.745,0.482,0.229,0.023,0.000,0.008,0.049,0.000,5.717,0.016,5.647,0.054,8120,15600,,2.00,2,0,8224x5140,P,1
23683,8.505,0.000,0.275,0.026,0.000,0.009,0.042,0.000,0.067,0.014,0.000,0.053,8120,15600,,2.00,2,0,8224x5140,P,1
23684,7.791,0.526,0.229,0.022,0.000,0.007,0.029,0.000,5.711,0.014,5.642,0.055,8120,15600,,2.00,2,0,8224x5140,P,1
23685,8.525,0.000,0.310,0.023,0.000,0.007,0.033,0.000,5.713,0.013,5.645,0.055,8120,15600,,2.00,2,0,8224x5140,P,1
23686,7.845,0.557,0.236,0.021,0.000,0.007,0.032,0.000,5.710,0.014,5.641,0.055,8120,15600,,2.00,2,0,8224x5140,P,1
23687,8.505,0.000,0.284,0.021,0.000,0.009,0.045,0.000,5.715,0.013,5.645,0.056,8120,15600,,2.00,2,0,8224x5140,P,1
23688,7.953,0.624,0.255,0.027,0.000,0.009,0.032,0.000,5.711,0.017,5.644,0.050,8120,15600,,2.00,2,0,8224x5140,P,1
23689,8.556,0.000,0.290,0.026,0.000,0.008,0.038,0.000,5.712,0.017,5.644,0.050,8120,15600,,2.00,2,0,8224x5140,P,1
23690,8.249,0.773,0.298,0.032,0.000,0.012,0.088,0.000,5.713,0.016,5.645,0.052,8120,15600,,2.00,2,0,8224x5140,P,1
23691,8.635,0.000,0.320,0.031,0.000,0.012,0.044,0.000,5.717,0.016,5.644,0.057,8120,15600,,2.00,2,0,8224x5140,P,1
23692,8.279,0.756,0.349,0.034,0.000,0.010,0.054,0.000,5.713,0.017,5.644,0.052,8120,15600,,2.00,2,0,8224x5140,P,1
23693,8.725,0.000,0.309,0.055,0.000,0.016,0.050,0.000,5.706,0.014,5.641,0.051,8120,15600,,2.00,2,0,8224x5140,P,1
23694,7.969,0.591,0.271,0.054,0.000,0.016,0.043,0.000,0.064,0.014,0.000,0.050,8120,15600,,2.00,2,0,8224x5140,P,1
23695,8.418,0.000,0.270,0.041,0.000,0.011,0.038,0.000,5.710,0.017,5.642,0.051,8120,15600,,2.00,2,0,8224x5140,P,1
23696,7.726,0.504,0.224,0.032,0.000,0.010,0.022,0.000,5.712,0.016,5.643,0.052,8120,15600,,2.00,2,0,8224x5140,P,1
23697,8.404,0.000,0.307,0.021,0.000,0.008,0.028,0.000,5.709,0.013,5.643,0.053,8120,15600,,2.00,2,0,8224x5140,P,1
23698,7.716,0.492,0.202,0.018,0.000,0.006,0.026,0.000,5.706,0.014,5.642,0.050,8120,15600,,2.00,2,0,8224x5140,P,1
23699,8.433,0.000,0.266,0.020,0.000,0.007,0.026,0.000,5.713,0.014,5.644,0.054,8120,15600,,2.00,2,0,8224x5140,P,1
23700,7.756,0.495,0.222,0.018,0.000,0.007,0.026,0.000,5.714,0.017,5.644,0.053,8120,15600,,2.00,2,0,8224x5140,P,1
23701,8.509,0.000,0.272,0.022,0.000,0.012,0.039,0.000,5.711,0.013,5.642,0.056,8120,15600,,2.00,2,0,8224x5140,P,1
23702,7.937,0.616,0.242,0.025,0.000,0.009,0.040,0.000,5.720,0.016,5.644,0.060,8120,15600,,2.00,2,0,8224x5140,P,1
23703,8.520,0.000,0.292,0.022,0.000,0.007,0.030,0.000,5.719,0.016,5.643,0.059,8120,15600,,2.00,2,0,8224x5140,P,1
23704,8.147,0.559,0.247,0.021,0.000,0.007,0.032,0.000,5.720,0.017,5.645,0.058,8120,15600,,2.00,2,0,8224x5140,P,1
23705,8.487,0.000,0.302,0.022,0.000,0.008,0.029,0.000,5.717,0.014,5.643,0.060,8120,15600,,2.00,2,0,8224x5140,P,1
23706,8.161,0.601,0.247,0.022,0.000,0.007,0.029,0.000,5.719,0.016,5.643,0.059,8120,15600,,2.00,2,0,8224x5140,P,1
23707,8.519,0.000,0.298,0.023,0.000,0.014,0.039,0.000,5.720,0.017,5.644,0.059,8120,15600,,2.00,2,0,8224x5140,P,1
23708,8.150,0.644,0.278,0.024,0.000,0.008,0.032,0.000,5.714,0.014,5.641,0.059,8120,15600,,2.00,2,0,8224x5140,P,1
23709,8.541,0.000,0.331,0.025,0.000,0.008,0.038,0.000,5.717,0.014,5.643,0.060,8120,15600,,2.00,2,0,8224x5140,P,1
23710,8.132,0.632,0.263,0.026,0.000,0.008,0.033,0.000,5.722,0.018,5.645,0.059,8120,15600,,2.00,2,0,8224x5140,P,1
23711,8.605,0.000,0.337,0.030,0.000,0.012,0.055,0.000,5.714,0.013,5.643,0.058,8120,15600,,2.00,2,0,8224x5140,P,1
23712,8.099,0.692,0.325,0.029,0.000,0.009,0.057,0.000,5.716,0.013,5.643,0.059,8120,15600,,2.00,2,0,8224x5140,P,1
23713,8.429,0.000,0.374,0.033,0.000,0.015,0.058,0.000,5.709,0.014,5.642,0.054,8120,15600,,2.00,2,0,8224x5140,P,1
23714,8.345,0.774,0.334,0.038,0.000,0.010,0.056,0.000,5.709,0.013,5.641,0.055,8120,15600,,2.00,2,0,8224x5140,P,1
23715,8.226,0.000,0.368,0.031,0.000,0.010,0.043,0.000,5.720,0.015,5.646,0.058,8120,15600,,2.00,2,0,8224x5140,P,1
23716,8.359,0.852,0.341,0.037,0.000,0.011,0.041,0.000,5.714,0.013,5.642,0.058,8120,15600,,2.00,2,0,8224x5140,P,1
23717,8.347,0.000,0.388,0.036,0.000,0.012,0.045,0.000,5.712,0.014,5.644,0.055,8120,15600,,2.00,2,0,8224x5140,P,1
23718,8.453,0.921,0.369,0.033,0.000,0.011,0.043,0.000,5.714,0.014,5.643,0.058,8120,15600,,2.00,2,0,8224x5140,P,1
23719,8.287,0.000,0.394,0.034,0.000,0.010,0.058,0.000,5.715,0.013,5.642,0.060,8120,15600,,2.00,2,0,8224x5140,P,1
23720,8.271,1.165,0.389,0.047,0.000,0.016,0.065,0.000,5.715,0.013,5.642,0.060,8120,15600,,2.00,2,0,8224x5140,P,1
23721,8.864,0.000,0.452,0.041,0.000,0.014,0.077,0.000,5.716,0.014,5.642,0.060,8120,15600,,2.00,2,0,8224x5140,P,1
23722,8.634,0.988,0.410,0.040,0.000,0.013,0.049,0.000,5.720,0.016,5.644,0.059,8120,15600,,2.00,2,0,8224x5140,P,1
23723,7.685,0.000,0.441,0.039,0.000,0.018,0.049,0.000,5.720,0.017,5.644,0.060,8120,15600,,2.00,2,0,8224x5140,P,1
23724,8.714,0.998,0.452,0.043,0.000,0.013,0.080,0.000,5.717,0.013,5.644,0.059,8120,15600,,2.00,2,0,8224x5140,P,1
23725,7.760,0.000,0.427,0.047,0.000,0.013,0.075,0.000,5.717,0.013,5.644,0.060,8120,15600,,2.00,2,0,8224x5140,P,1
23726,8.322,1.176,0.479,0.051,0.000,0.016,0.083,0.000,5.715,0.014,5.643,0.058,8120,15600,,2.00,2,0,8224x5140,P,1
23727,8.342,0.000,0.508,0.047,0.000,0.015,0.080,0.000,5.715,0.014,5.644,0.058,8120,15600,,2.00,2,0,8224x5140,P,1
23728,8.269,1.175,0.516,0.048,0.000,0.016,0.062,0.000,5.713,0.014,5.643,0.057,8120,15600,,2.00,2,0,8224x5140,P,1
23729,8.776,0.000,0.520,0.047,0.000,0.015,0.124,0.000,5.714,0.013,5.642,0.059,8120,15600,,2.00,2,0,8224x5140,P,1
23730,8.854,1.472,0.593,0.123,0.000,0.043,0.111,0.000,5.712,0.014,5.641,0.057,8120,15600,,2.00,2,0,8224x5140,P,1
23731,8.453,0.001,0.655,0.123,0.000,0.038,0.108,0.000,5.713,0.013,5.641,0.059,8120,15600,,2.00,2,0,8224x5140,P,1
23732,8.841,1.552,0.616,0.116,0.000,0.038,0.123,0.000,5.709,0.014,5.641,0.054,8120,15600,,2.00,2,0,8224x5140,P,1
23733,8.724,0.000,0.698,0.125,0.000,0.037,0.132,0.000,0.068,0.014,0.000,0.054,8120,15600,,2.00,2,0,8224x5140,P,1
23734,9.397,1.863,0.651,0.126,0.000,0.046,0.122,0.000,5.711,0.013,5.642,0.055,8120,15600,,2.00,2,0,8224x5140,P,1
23735,8.787,0.000,0.887,0.144,0.000,0.048,0.116,0.000,5.735,0.037,5.646,0.053,8120,15600,,2.00,2,0,8224x5140,P,1
23736,9.136,1.764,0.615,0.118,0.000,0.039,0.119,0.000,5.710,0.014,5.643,0.054,8120,15600,,2.00,2,0,8224x5140,P,1
23737,9.005,1.631,0.638,0.118,0.000,0.036,0.113,0.000,5.793,0.022,5.718,0.053,8120,15600,,2.00,2,0,8224x5140,P,1
23738,8.504,0.000,0.721,0.121,0.000,0.036,0.117,0.000,5.708,0.014,5.640,0.054,8120,15600,,2.00,2,0,8224x5140,P,1
23739,9.284,1.911,0.692,0.135,0.000,0.040,0.111,0.000,5.711,0.014,5.642,0.055,8120,15600,,2.00,2,0,8224x5140,P,1
23740,8.671,0.001,0.774,0.111,0.000,0.037,0.121,0.000,5.739,0.038,5.646,0.056,8120,15600,,2.00,2,0,8224x5140,P,1
23741,9.149,1.709,0.724,0.118,0.000,0.040,0.123,0.000,5.711,0.013,5.642,0.056,8120,15600,,2.00,2,0,8224x5140,P,1
23742,8.710,0.000,0.876,0.122,0.000,0.036,0.106,0.000,5.772,0.041,5.677,0.054,8120,15600,,2.00,2,0,8224x5140,P,1
23743,9.258,1.786,0.695,0.121,0.000,0.042,0.125,0.000,5.711,0.014,5.644,0.054,8120,15600,,2.00,2,0,8224x5140,P,1
23744,9.710,0.000,0.857,0.124,0.000,0.039,0.145,0.000,5.736,0.032,5.650,0.055,8120,15600,,2.00,2,0,8224x5140,P,1
23745,9.255,1.818,0.716,0.126,0.000,0.049,0.118,0.000,5.722,0.021,5.648,0.053,8120,15600,,2.00,2,0,8224x5140,P,1
23746,8.157,0.000,0.734,0.124,0.000,0.047,0.064,0.000,5.709,0.014,5.641,0.053,8120,15600,,2.00,2,0,8224x5140,P,1
23747,8.726,0.971,0.423,0.062,0.000,0.017,0.083,0.000,5.709,0.014,5.641,0.055,8120,15600,,2.00,2,0,8224x5140,P,1
23748,7.720,0.000,0.438,0.068,0.000,0.017,0.062,0.000,5.713,0.013,5.641,0.059,8120,15600,,2.00,2,0,8224x5140,P,1
23749,8.675,1.047,0.386,0.046,0.000,0.014,0.058,0.000,5.713,0.014,5.643,0.056,8120,15600,,2.00,2,0,8224x5140,P,1
23750,7.611,0.000,0.392,0.037,0.000,0.012,0.062,0.000,5.714,0.014,5.645,0.055,8120,15600,,2.00,2,0,8224x5140,P,1
23751,8.714,1.066,0.414,0.046,0.000,0.013,0.050,0.000,5.716,0.014,5.643,0.060,8120,15600,,2.00,2,0,8224x5140,P,1
23752,7.657,0.000,0.426,0.047,0.000,0.013,0.062,0.000,5.720,0.017,5.642,0.060,8120,15600,,2.00,2,0,8224x5140,P,1
23753,8.636,1.005,0.410,0.044,0.000,0.013,0.052,0.000,5.713,0.014,5.643,0.057,8120,15600,,2.00,2,0,8224x5140,P,1
23754,8.880,0.000,0.446,0.044,0.000,0.013,0.058,0.000,5.713,0.013,5.643,0.056,8120,15600,,2.00,2,0,8224x5140,P,1
23755,7.811,1.171,0.515,0.050,0.000,0.015,0.062,0.000,5.712,0.013,5.643,0.056,8120,15600,,2.00,2,0,8224x5140,P,1
23756,7.823,0.000,0.438,0.044,0.000,0.014,0.083,0.000,5.712,0.014,5.643,0.055,8120,15600,,2.00,2,0,8224x5140,P,1
23757,7.925,1.159,0.519,0.052,0.000,0.017,0.082,0.000,5.718,0.014,5.646,0.058,8120,15600,,2.00,2,0,8224x5140,P,1
23758,7.872,0.000,0.517,0.052,0.000,0.022,0.093,0.000,5.713,0.013,5.640,0.059,8120,15600,,2.00,2,0,8224x5140,P,1
23759,8.378,1.161,0.507,0.056,0.000,0.019,0.111,0.000,5.716,0.014,5.642,0.060,8120,15600,,2.00,2,0,8224x5140,P,1
23760,8.131,0.000,0.629,0.118,0.000,0.043,0.070,0.000,5.713,0.013,5.642,0.058,8120,15600,,2.00,2,0,8224x5140,P,1
23761,8.347,1.469,0.598,0.119,0.000,0.041,0.062,0.000,5.714,0.014,5.644,0.056,8120,15600,,2.00,2,0,8224x5140,P,1
23762,7.689,0.000,0.437,0.049,0.000,0.015,0.062,0.000,5.716,0.014,5.643,0.059,8120,15600,,2.00,2,0,8224x5140,P,1
23763,8.671,1.010,0.423,0.047,0.000,0.014,0.075,0.000,5.715,0.013,5.645,0.057,8120,15600,,2.00,2,0,8224x5140,P,1
23764,7.684,0.000,0.435,0.046,0.000,0.025,0.050,0.000,5.714,0.014,5.643,0.058,8120,15600,,2.00,2,0,8224x5140,P,1
23765,8.624,0.968,0.416,0.040,0.000,0.013,0.074,0.000,5.714,0.014,5.642,0.058,8120,15600,,2.00,2,0,8224x5140,P,1
23766,7.955,0.000,0.435,0.042,0.000,0.017,0.071,0.000,5.715,0.014,5.643,0.058,8120,15600,,2.00,2,0,8224x5140,P,1
23767,8.600,0.964,0.406,0.041,0.000,0.014,0.054,0.000,5.717,0.014,5.645,0.059,8120,15600,,2.00,2,0,8224x5140,P,1
23768,8.924,0.000,0.459,0.040,0.000,0.012,0.068,0.000,5.716,0.014,5.643,0.059,8120,15600,,2.00,2,0,8224x5140,P,1
23769,7.751,1.152,0.450,0.050,0.000,0.018,0.078,0.000,5.720,0.017,5.644,0.059,8120,15600,,2.00,2,0,8224x5140,P,1
23770,7.996,0.000,0.441,0.041,0.000,0.018,0.061,0.000,5.720,0.016,5.645,0.059,8120,15600,,2.00,2,0,8224x5140,P,1
23771,8.756,1.071,0.431,0.043,0.000,0.014,0.062,0.000,5.717,0.014,5.642,0.062,8120,15600,,2.00,2,0,8224x5140,P,1
23772,8.844,0.000,0.448,0.043,0.000,0.014,0.060,0.000,5.715,0.013,5.641,0.061,8120,15600,,2.00,2,0,8224x5140,P,1
23773,8.661,1.006,0.414,0.040,0.000,0.013,0.058,0.000,5.717,0.014,5.643,0.060,8120,15600,,2.00,2,0,8224x5140,P,1
23774,7.681,0.000,0.442,0.044,0.000,0.013,0.076,0.000,5.717,0.014,5.644,0.060,8120,15600,,2.00,2,0,8224x5140,P,1
23775,8.651,0.973,0.415,0.037,0.000,0.013,0.082,0.000,5.715,0.014,5.642,0.059,8120,15600,,2.00,2,0,8224x5140,P,1
23776,7.701,0.000,0.440,0.039,0.000,0.020,0.078,0.000,5.714,0.013,5.643,0.057,8120,15600,,2.00,2,0,8224x5140,P,1
23777,8.633,0.967,0.425,0.040,0.000,0.014,0.061,0.000,5.710,0.017,5.642,0.051,8120,15600,,2.00,2,0,8224x5140,P,1
23778,8.804,0.000,0.438,0.040,0.000,0.013,0.063,0.000,5.714,0.013,5.643,0.058,8120,15600,,2.00,2,0,8224x5140,P,1
23779,8.608,0.951,0.443,0.040,0.000,0.013,0.052,0.000,5.714,0.017,5.643,0.054,8120,15600,,2.00,2,0,8224x5140,P,1
23780,9.030,0.000,0.586,0.051,0.000,0.020,0.061,0.000,5.712,0.014,5.644,0.054,8120,15600,,2.00,2,0,8224x5140,P,1
23781,8.697,0.957,0.448,0.069,0.000,0.020,0.053,0.000,5.711,0.013,5.643,0.055,8120,15600,,2.00,2,0,8224x5140,P,1
23782,8.878,0.000,0.461,0.056,0.000,0.019,0.050,0.000,5.707,0.014,5.644,0.049,8120,15600,,2.00,2,0,8224x5140,P,1
23783,8.206,0.663,0.320,0.064,0.000,0.018,0.043,0.000,5.710,0.013,5.644,0.053,8120,15600,,2.00,2,0,8224x5140,P,1
23784,8.737,0.000,0.347,0.039,0.000,0.012,0.052,0.000,5.710,0.013,5.642,0.055,8120,15600,,2.00,2,0,8224x5140,P,1
23785,8.251,0.761,0.357,0.036,0.000,0.011,0.073,0.000,5.708,0.014,5.641,0.054,8120,15600,,2.00,2,0,8224x5140,P,1
23786,8.618,0.000,0.348,0.041,0.000,0.013,0.041,0.000,5.711,0.014,5.642,0.055,8120,15600,,2.00,2,0,8224x5140,P,1
23787,8.143,0.783,0.279,0.033,0.000,0.010,0.045,0.000,5.712,0.014,5.643,0.056,8120,15600,,2.00,2,0,8224x5140,P,1
23788,8.481,0.000,0.302,0.030,0.000,0.009,0.031,0.000,5.713,0.016,5.644,0.052,8120,15600,,2.00,2,0,8224x5140,P,1
23789,7.887,0.574,0.258,0.027,0.000,0.008,0.050,0.000,5.714,0.017,5.644,0.053,8120,15600,,2.00,2,0,8224x5140,P,1
23790,8.482,0.000,0.292,0.027,0.000,0.009,0.047,0.000,5.710,0.014,5.642,0.054,8120,15600,,2.00,2,0,8224x5140,P,1
23791,7.961,0.603,0.293,0.028,0.000,0.009,0.039,0.000,5.709,0.013,5.642,0.053,8120,15600,,2.00,2,0,8224x5140,P,1
23792,8.567,0.000,0.267,0.025,0.000,0.009,0.066,0.000,5.709,0.013,5.643,0.053,8120,15600,,2.00,2,0,8224x5140,P,1
23793,7.933,0.506,0.256,0.037,0.000,0.011,0.046,0.000,5.709,0.014,5.645,0.050,8120,15600,,2.00,2,0,8224x5140,P,1
23794,8.534,0.000,0.264,0.054,0.000,0.014,0.046,0.000,5.709,0.013,5.640,0.056,8120,15600,,2.00,2,0,8224x5140,P,1
23795,7.811,0.495,0.240,0.042,0.000,0.013,0.045,0.000,5.714,0.017,5.644,0.053,8120,15600,,2.00,2,0,8224x5140,P,1
23796,8.444,0.000,0.261,0.037,0.000,0.010,0.035,0.000,5.713,0.014,5.644,0.055,8120,15600,,2.00,2,0,8224x5140,P,1
23797,7.725,0.507,0.213,0.032,0.000,0.010,0.027,0.000,5.716,0.016,5.643,0.056,8120,15600,,2.00,2,0,8224x5140,P,1
23798,8.636,0.000,0.377,0.032,0.000,0.009,0.035,0.000,5.709,0.014,5.642,0.053,8120,15600,,2.00,2,0,8224x5140,P,1
23799,7.753,0.456,0.219,0.031,0.000,0.010,0.038,0.000,5.713,0.013,5.643,0.057,8120,15600,,2.00,2,0,8224x5140,P,1
23800,8.517,0.000,0.303,0.036,0.000,0.011,0.035,0.000,5.710,0.014,5.643,0.053,8120,15600,,2.00,2,0,8224x5140,P,1
23801,7.755,0.477,0.210,0.027,0.000,0.010,0.037,0.000,5.708,0.013,5.642,0.053,8120,15600,,2.00,2,0,8224x5140,P,1
23802,8.545,0.000,0.264,0.020,0.000,0.007,0.067,0.000,5.718,0.016,5.643,0.059,8120,15600,,2.00,2,0,8224x5140,P,1
23803,7.734,0.479,0.217,0.024,0.000,0.007,0.028,0.000,5.725,0.018,5.647,0.060,8120,15600,,2.00,2,0,8224x5140,P,1
23804,8.476,0.000,0.269,0.021,0.000,0.007,0.024,0.000,5.721,0.016,5.645,0.060,8120,15600,,2.00,2,0,8224x5140,P,1
23805,7.786,0.511,0.232,0.021,0.000,0.007,0.047,0.000,5.717,0.017,5.644,0.055,8120,15600,,2.00,2,0,8224x5140,P,1
23806,8.474,0.000,0.274,0.023,0.000,0.009,0.029,0.000,5.713,0.013,5.643,0.056,8120,15600,,2.00,2,0,8224x5140,P,1
23807,7.879,0.558,0.241,0.022,0.000,0.010,0.032,0.000,5.720,0.013,5.643,0.063,8120,15600,,2.00,2,0,8224x5140,P,1
23808,8.504,0.000,0.300,0.024,0.000,0.009,0.030,0.000,5.715,0.014,5.641,0.060,8120,15600,,2.00,2,0,8224x5140,P,1
23809,8.016,0.611,0.247,0.023,0.000,0.008,0.048,0.000,5.718,0.017,5.643,0.058,8120,15600,,2.00,2,0,8224x5140,P,1
23810,8.568,0.000,0.325,0.030,0.000,0.012,0.034,0.000,5.720,0.017,5.644,0.059,8120,15600,,2.00,2,0,8224x5140,P,1
23811,8.045,0.678,0.268,0.025,0.000,0.010,0.045,0.000,5.712,0.013,5.641,0.058,8120,15600,,2.00,2,0,8224x5140,P,1
23812,8.531,0.000,0.317,0.025,0.000,0.009,0.031,0.000,5.714,0.014,5.640,0.059,8120,15600,,2.00,2,0,8224x5140,P,1
23813,8.032,0.639,0.285,0.024,0.000,0.008,0.071,0.000,5.717,0.016,5.642,0.058,8120,15600,,2.00,2,0,8224x5140,P,1
23814,8.610,0.000,0.319,0.026,0.000,0.015,0.047,0.000,5.718,0.014,5.644,0.060,8120,15600,,2.00,2,0,8224x5140,P,1
23815,8.169,0.728,0.309,0.027,0.000,0.009,0.044,0.000,5.720,0.017,5.646,0.057,8120,15600,,2.00,2,0,8224x5140,P,1
23816,8.586,0.000,0.327,0.028,0.000,0.009,0.036,0.000,5.725,0.016,5.645,0.063,8120,15600,,2.00,2,0,8224x5140,P,1
23817,8.158,0.705,0.306,0.027,0.000,0.010,0.038,0.000,5.718,0.016,5.645,0.057,8120,15600,,2.00,2,0,8224x5140,P,1
23818,8.111,0.000,0.370,0.030,0.000,0.010,0.064,0.000,5.715,0.013,5.642,0.059,8120,15600,,2.00,2,0,8224x5140,P,1
23819,8.464,0.916,0.345,0.048,0.000,0.016,0.048,0.000,5.716,0.013,5.645,0.058,8120,15600,,2.00,2,0,8224x5140,P,1
23820,8.077,0.000,0.367,0.051,0.000,0.012,0.041,0.000,5.718,0.016,5.644,0.058,8120,15600,,2.00,2,0,8224x5140,P,1
23821,8.561,1.051,0.335,0.032,0.000,0.011,0.063,0.000,5.721,0.017,5.646,0.058,8120,15600,,2.00,2,0,8224x5140,P,1
23822,8.127,0.000,0.435,0.037,0.000,0.012,0.067,0.000,5.720,0.016,5.644,0.059,8120,15600,,2.00,2,0,8224x5140,P,1
23823,8.580,0.954,0.379,0.036,0.000,0.011,0.056,0.000,5.717,0.013,5.644,0.060,8120,15600,,2.00,2,0,8224x5140,P,1
23824,8.822,0.000,0.412,0.037,0.000,0.016,0.072,0.000,5.718,0.014,5.645,0.060,8120,15600,,2.00,2,0,8224x5140,P,1
23825,8.666,0.998,0.430,0.042,0.000,0.014,0.054,0.000,5.719,0.016,5.645,0.058,8120,15600,,2.00,2,0,8224x5140,P,1
23826,7.769,0.000,0.427,0.043,0.000,0.013,0.074,0.000,5.722,0.016,5.643,0.063,8120,15600,,2.00,2,0,8224x5140,P,1
23827,8.750,1.033,0.440,0.043,0.000,0.015,0.073,0.000,5.715,0.013,5.646,0.056,8120,15600,,2.00,2,0,8224x5140,P,1
23828,7.669,0.000,0.430,0.046,0.000,0.014,0.065,0.000,5.722,0.016,5.643,0.063,8120,15600,,2.00,2,0,8224x5140,P,1
23829,8.042,1.161,0.476,0.043,0.000,0.015,0.048,0.000,5.714,0.014,5.645,0.056,8120,15600,,2.00,2,0,8224x5140,P,1
23830,8.377,0.000,0.602,0.040,0.000,0.013,0.075,0.000,5.720,0.013,5.643,0.064,8120,15600,,2.00,2,0,8224x5140,P,1
23831,8.317,1.177,0.485,0.048,0.000,0.015,0.075,0.000,5.714,0.014,5.644,0.056,8120,15600,,2.00,2,0,8224x5140,P,1
23832,9.766,0.000,0.508,0.047,0.000,0.015,0.198,0.000,5.709,0.013,5.642,0.054,8120,15600,,2.00,2,0,8224x5140,P,1
23833,8.471,1.503,0.588,0.136,0.000,0.040,0.082,0.000,5.727,0.021,5.650,0.056,8120,15600,,2.00,2,0,8224x5140,P,1
23834,8.339,0.000,0.525,0.064,0.000,0.023,0.113,0.000,5.715,0.013,5.643,0.059,8120,15600,,2.00,2,0,8224x5140,P,1
23835,8.383,1.461,0.595,0.129,0.000,0.037,0.079,0.000,5.715,0.014,5.642,0.059,8120,15600,,2.00,2,0,8224x5140,P,1
23836,8.315,0.000,0.521,0.055,0.000,0.024,0.105,0.000,5.717,0.014,5.643,0.060,8120,15600,,2.00,2,0,8224x5140,P,1
23837,8.448,1.471,0.637,0.131,0.000,0.044,0.081,0.000,5.710,0.013,5.642,0.055,8120,15600,,2.00,2,0,8224x5140,P,1
23838,8.332,0.000,0.500,0.062,0.000,0.021,0.108,0.000,0.068,0.013,0.000,0.055,8120,15600,,2.00,2,0,8224x5140,P,1
23839,8.500,1.442,0.594,0.124,0.000,0.039,0.172,0.000,5.715,0.013,5.645,0.058,8120,15600,,2.00,2,0,8224x5140,P,1
23840,8.078,0.000,0.553,0.087,0.000,0.026,0.078,0.000,5.718,0.014,5.646,0.058,8120,15600,,2.00,2,0,8224x5140,P,1
23841,8.370,1.200,0.499,0.058,0.000,0.019,0.108,0.000,5.715,0.013,5.643,0.059,8120,15600,,2.00,2,0,8224x5140,P,1
23842,8.499,0.000,0.639,0.122,0.000,0.041,0.121,0.000,5.711,0.013,5.642,0.056,8120,15600,,2.00,2,0,8224x5140,P,1
23843,8.301,1.412,0.584,0.122,0.000,0.038,0.093,0.000,5.709,0.013,5.641,0.054,8120,15600,,2.00,2,0,8224x5140,P,1
23844,9.662,0.000,0.517,0.060,0.000,0.020,0.196,0.000,5.713,0.014,5.644,0.055,8120,15600,,2.00,2,0,8224x5140,P,1
23845,8.683,1.534,0.612,0.128,0.000,0.042,0.101,0.000,5.722,0.021,5.646,0.055,8120,15600,,2.00,2,0,8224x5140,P,1
23846,8.701,1.464,0.568,0.118,0.000,0.037,0.098,0.000,5.711,0.013,5.644,0.054,8120,15600,,2.00,2,0,8224x5140,P,1
23847,8.438,0.000,0.619,0.123,0.000,0.038,0.110,0.000,5.706,0.013,5.639,0.055,8120,15600,,2.00,2,0,8224x5140,P,1
23848,8.135,1.291,0.521,0.063,0.000,0.023,0.100,0.000,5.710,0.013,5.644,0.052,8120,15600,,2.00,2,0,8224x5140,P,1
23849,7.760,0.000,0.449,0.051,0.000,0.017,0.077,0.000,5.713,0.013,5.647,0.053,8120,15600,,2.00,2,0,8224x5140,P,1
23850,7.757,1.171,0.386,0.068,0.000,0.019,0.064,0.000,5.714,0.014,5.642,0.058,8120,15600,,2.00,2,0,8224x5140,P,1
23851,8.840,0.000,0.410,0.052,0.000,0.016,0.089,0.000,5.721,0.013,5.644,0.064,8120,15600,,2.00,2,0,8224x5140,P,1
23852,7.699,1.142,0.393,0.052,0.000,0.018,0.068,0.000,5.718,0.017,5.644,0.057,8120,15600,,2.00,2,0,8224x5140,P,1
23853,7.708,0.000,0.436,0.050,0.000,0.016,0.066,0.000,5.708,0.013,5.642,0.052,8120,15600,,2.00,2,0,8224x5140,P,1
23854,8.857,0.000,0.421,0.049,0.000,0.014,0.081,0.000,5.714,0.014,5.643,0.057,8120,15600,,2.00,2,0,8224x5140,P,1
23855,7.727,1.114,0.440,0.050,0.000,0.017,0.070,0.000,5.715,0.014,5.644,0.058,8120,15600,,2.00,2,0,8224x5140,P,1
23856,7.824,0.000,0.572,0.043,0.000,0.020,0.066,0.000,5.716,0.014,5.643,0.059,8120,15600,,2.00,2,0,8224x5140,P,1
23857,8.736,1.006,0.435,0.041,0.000,0.015,0.079,0.000,5.719,0.013,5.645,0.061,8120,15600,,2.00,2,0,8224x5140,P,1
23858,7.857,0.000,0.510,0.049,0.000,0.018,0.074,0.000,5.710,0.014,5.641,0.056,8120,15600,,2.00,2,0,8224x5140,P,1
23859,8.989,1.177,0.488,0.054,0.000,0.019,0.090,0.000,0.070,0.014,0.000,0.056,8120,15600,,2.00,2,0,8224x5140,P,1
23860,8.934,0.000,0.512,0.049,0.000,0.016,0.062,0.000,5.716,0.014,5.644,0.058,8120,15600,,2.00,2,0,8224x5140,P,1
23861,7.840,1.160,0.516,0.054,0.000,0.015,0.078,0.000,5.710,0.014,5.642,0.054,8120,15600,,2.00,2,0,8224x5140,P,1
23862,7.785,0.000,0.497,0.051,0.000,0.020,0.064,0.000,5.715,0.014,5.643,0.058,8120,15600,,2.00,2,0,8224x5140,P,1
23863,7.786,1.144,0.502,0.048,0.000,0.018,0.069,0.000,5.714,0.014,5.642,0.058,8120,15600,,2.00,2,0,8224x5140,P,1
23864,9.730,0.000,0.491,0.046,0.000,0.015,0.203,0.000,5.711,0.014,5.641,0.056,8120,15600,,2.00,2,0,8224x5140,P,1
23865,8.502,1.502,0.634,0.124,0.000,0.044,0.076,0.000,5.721,0.023,5.645,0.053,8120,15600,,2.00,2,0,8224x5140,P,1
23866,9.406,0.000,0.511,0.065,0.000,0.019,0.137,0.000,5.712,0.014,5.646,0.052,8120,15600,,2.00,2,0,8224x5140,P,1
23867,8.653,1.446,0.582,0.125,0.000,0.037,0.101,0.000,5.743,0.037,5.651,0.055,8120,15600,,2.00,2,0,8224x5140,P,1
23868,8.212,1.410,0.556,0.112,0.000,0.039,0.053,0.000,5.709,0.013,5.640,0.056,8120,15600,,2.00,2,0,8224x5140,P,1
23869,8.816,0.000,0.425,0.054,0.000,0.015,0.082,0.000,5.714,0.013,5.644,0.058,8120,15600,,2.00,2,0,8224x5140,P,1
23870,7.742,1.147,0.430,0.050,0.000,0.018,0.064,0.000,5.716,0.014,5.643,0.059,8120,15600,,2.00,2,0,8224x5140,P,1
23871,8.852,0.000,0.452,0.045,0.000,0.015,0.070,0.000,5.723,0.014,5.646,0.064,8120,15600,,2.00,2,0,8224x5140,P,1
23872,8.709,1.044,0.426,0.041,0.000,0.014,0.056,0.000,5.713,0.013,5.644,0.055,8120,15600,,2.00,2,0,8224x5140,P,1
23873,7.693,0.000,0.441,0.046,0.000,0.013,0.069,0.000,5.722,0.017,5.646,0.059,8120,15600,,2.00,2,0,8224x5140,P,1
23874,8.612,0.966,0.416,0.046,0.000,0.013,0.078,0.000,5.714,0.013,5.642,0.059,8120,15600,,2.00,2,0,8224x5140,P,1
23875,7.964,0.000,0.619,0.053,0.000,0.020,0.067,0.000,5.711,0.013,5.643,0.054,8120,15600,,2.00,2,0,8224x5140,P,1
23876,8.718,1.035,0.452,0.048,0.000,0.016,0.061,0.000,5.714,0.014,5.645,0.055,8120,15600,,2.00,2,0,8224x5140,P,1
23877,7.655,0.000,0.395,0.037,0.000,0.017,0.053,0.000,5.712,0.017,5.643,0.053,8120,15600,,2.00,2,0,8224x5140,P,1
23878,8.472,0.839,0.392,0.054,0.000,0.017,0.078,0.000,5.707,0.014,5.642,0.051,8120,15600,,2.00,2,0,8224x5140,P,1
23879,8.998,0.000,0.418,0.071,0.000,0.020,0.076,0.000,5.714,0.013,5.642,0.058,8120,15600,,2.00,2,0,8224x5140,P,1
23880,8.343,0.769,0.357,0.066,0.000,0.018,0.074,0.000,5.712,0.016,5.643,0.054,8120,15600,,2.00,2,0,8224x5140,P,1
23881,8.487,0.000,0.356,0.063,0.000,0.017,0.052,0.000,5.711,0.014,5.643,0.054,8120,15600,,2.00,2,0,8224x5140,P,1
23882,8.519,0.751,0.319,0.064,0.000,0.019,0.088,0.000,5.708,0.014,5.643,0.051,8120,15600,,2.00,2,0,8224x5140,P,1
23883,8.791,0.000,0.412,0.061,0.000,0.019,0.065,0.000,5.711,0.013,5.643,0.055,8120,15600,,2.00,2,0,8224x5140,P,1
23884,8.466,0.953,0.342,0.045,0.000,0.013,0.043,0.000,5.715,0.014,5.645,0.056,8120,15600,,2.00,2,0,8224x5140,P,1
23885,8.666,0.000,0.324,0.039,0.000,0.011,0.057,0.000,5.715,0.017,5.644,0.054,8120,15600,,2.00,2,0,8224x5140,P,1
23886,8.701,0.996,0.341,0.054,0.000,0.016,0.066,0.000,5.710,0.013,5.643,0.054,8120,15600,,2.00,2,0,8224x5140,P,1
23887,7.667,0.000,0.398,0.060,0.000,0.018,0.064,0.000,5.715,0.013,5.646,0.056,8120,15600,,2.00,2,0,8224x5140,P,1
23888,8.528,1.002,0.342,0.044,0.000,0.013,0.056,0.000,5.717,0.013,5.643,0.060,8120,15600,,2.00,2,0,8224x5140,P,1
23889,8.664,0.000,0.356,0.035,0.000,0.013,0.046,0.000,5.716,0.013,5.642,0.060,8120,15600,,2.00,2,0,8224x5140,P,1
23890,8.593,1.056,0.368,0.040,0.000,0.016,0.045,0.000,5.718,0.014,5.645,0.059,8120,15600,,2.00,2,0,8224x5140,P,1
23891,8.713,0.000,0.356,0.039,0.000,0.012,0.090,0.000,5.715,0.014,5.644,0.058,8120,15600,,2.00,2,0,8224x5140,P,1
23892,8.610,1.024,0.382,0.054,0.000,0.018,0.068,0.000,5.710,0.014,5.641,0.056,8120,15600,,2.00,2,0,8224x5140,P,1
23893,8.917,0.000,0.371,0.044,0.000,0.014,0.065,0.000,5.713,0.014,5.643,0.057,8120,15600,,2.00,2,0,8224x5140,P,1
23894,8.784,1.050,0.416,0.056,0.000,0.018,0.074,0.000,5.718,0.017,5.644,0.056,8120,15600,,2.00,2,0,8224x5140,P,1
23895,8.662,0.000,0.361,0.056,0.000,0.017,0.058,0.000,5.713,0.013,5.644,0.056,8120,15600,,2.00,2,0,8224x5140,P,1
23896,8.478,0.981,0.344,0.046,0.000,0.013,0.047,0.000,5.712,0.016,5.645,0.051,8120,15600,,2.00,2,0,8224x5140,P,1
23897,8.577,0.000,0.343,0.038,0.000,0.012,0.036,0.000,5.715,0.014,5.644,0.057,8120,15600,,2.00,2,0,8224x5140,P,1
23898,8.246,0.725,0.457,0.030,0.000,0.009,0.032,0.000,5.715,0.017,5.642,0.056,8120,15600,,2.00,2,0,8224x5140,P,1
23899,8.588,0.000,0.294,0.026,0.000,0.009,0.039,0.000,5.709,0.014,5.641,0.054,8120,15600,,2.00,2,0,8224x5140,P,1
23900,8.073,0.581,0.312,0.050,0.000,0.015,0.041,0.000,5.708,0.014,5.641,0.052,8120,15600,,2.00,2,0,8224x5140,P,1
23901,8.770,0.000,0.405,0.053,0.000,0.015,0.047,0.000,5.707,0.014,5.643,0.051,8120,15600,,2.00,2,0,8224x5140,P,1
23902,8.009,0.624,0.245,0.059,0.000,0.016,0.053,0.000,5.709,0.014,5.643,0.053,8120,15600,,2.00,2,0,8224x5140,P,1
23903,8.533,0.000,0.291,0.036,0.000,0.010,0.039,0.000,5.714,0.016,5.643,0.055,8120,15600,,2.00,2,0,8224x5140,P,1
23904,7.989,0.670,0.259,0.039,0.000,0.013,0.033,0.000,5.716,0.018,5.644,0.054,8120,15600,,2.00,2,0,8224x5140,P,1
23905,8.519,0.000,0.258,0.031,0.000,0.010,0.055,0.000,5.714,0.014,5.643,0.057,8120,15600,,2.00,2,0,8224x5140,P,1
23906,7.879,0.583,0.232,0.034,0.000,0.010,0.035,0.000,5.713,0.017,5.642,0.055,8120,15600,,2.00,2,0,8224x5140,P,1
23907,8.436,0.000,0.256,0.029,0.000,0.009,0.031,0.000,5.715,0.016,5.643,0.055,8120,15600,,2.00,2,0,8224x5140,P,1
23908,7.805,0.551,0.225,0.023,0.000,0.008,0.047,0.000,5.713,0.017,5.642,0.054,8120,15600,,2.00,2,0,8224x5140,P,1
23909,8.431,0.000,0.247,0.028,0.000,0.009,0.029,0.000,5.716,0.017,5.645,0.054,8120,15600,,2.00,2,0,8224x5140,P,1
23910,7.791,0.556,0.217,0.023,0.000,0.008,0.027,0.000,5.714,0.017,5.642,0.055,8120,15600,,2.00,2,0,8224x5140,P,1
23911,8.370,0.000,0.239,0.025,0.000,0.008,0.022,0.000,5.715,0.017,5.644,0.053,8120,15600,,2.00,2,0,8224x5140,P,1
23912,8.042,0.493,0.255,0.023,0.000,0.007,0.041,0.000,5.709,0.016,5.642,0.050,8120,15600,,2.00,2,0,8224x5140,P,1
23913,8.494,0.000,0.243,0.045,0.000,0.014,0.034,0.000,5.709,0.014,5.642,0.053,8120,15600,,2.00,2,0,8224x5140,P,1
23914,8.093,0.516,0.225,0.045,0.000,0.012,0.046,0.000,5.711,0.014,5.643,0.054,8120,15600,,2.00,2,0,8224x5140,P,1
23915,8.452,0.000,0.267,0.026,0.000,0.009,0.032,0.000,5.714,0.018,5.642,0.055,8120,15600,,2.00,2,0,8224x5140,P,1
23916,8.207,0.516,0.266,0.028,0.000,0.008,0.042,0.000,5.712,0.014,5.642,0.056,8120,15600,,2.00,2,0,8224x5140,P,1
23917,8.479,0.000,0.273,0.025,0.000,0.008,0.036,0.000,5.713,0.017,5.644,0.052,8120,15600,,2.00,2,0,8224x5140,P,1
23918,8.226,0.603,0.256,0.029,0.000,0.009,0.039,0.000,5.712,0.017,5.643,0.052,8120,15600,,2.00,2,0,8224x5140,P,1
23919,8.453,0.000,0.248,0.039,0.000,0.012,0.037,0.000,5.711,0.014,5.644,0.054,8120,15600,,2.00,2,0,8224x5140,P,1
23920,8.226,0.509,0.221,0.028,0.000,0.008,0.036,0.000,5.713,0.014,5.644,0.055,8120,15600,,2.00,2,0,8224x5140,P,1
23921,8.462,0.000,0.273,0.025,0.000,0.009,0.031,0.000,5.717,0.018,5.641,0.058,8120,15600,,2.00,2,0,8224x5140,P,1
23922,8.111,0.619,0.224,0.026,0.000,0.010,0.029,0.000,5.718,0.017,5.645,0.056,8120,15600,,2.00,2,0,8224x5140,P,1
23923,8.518,0.000,0.261,0.021,0.000,0.008,0.038,0.000,5.708,0.013,5.643,0.052,8120,15600,,2.00,2,0,8224x5140,P,1
23924,9.036,0.629,0.256,0.049,0.000,0.015,0.054,0.000,5.708,0.014,5.643,0.051,8120,15600,,2.00,2,0,8224x5140,P,1
23925,8.796,0.000,0.289,0.070,0.000,0.020,0.068,0.000,5.708,0.013,5.643,0.052,8120,15600,,2.00,2,0,8224x5140,P,1
23926,8.268,0.714,0.287,0.075,0.000,0.020,0.063,0.000,5.707,0.014,5.641,0.052,8120,15600,,2.00,2,0,8224x5140,P,1
23927,8.806,0.000,0.314,0.072,0.000,0.020,0.067,0.000,5.710,0.014,5.643,0.053,8120,15600,,2.00,2,0,8224x5140,P,1
23928,8.528,0.753,0.302,0.076,0.000,0.025,0.090,0.000,5.710,0.014,5.643,0.054,8120,15600,,2.00,2,0,8224x5140,P,1
23929,8.797,0.000,0.306,0.083,0.000,0.022,0.056,0.000,5.710,0.014,5.643,0.053,8120,15600,,2.00,2,0,8224x5140,P,1
23930,8.133,0.650,0.267,0.070,0.003,0.019,0.057,0.000,5.713,0.013,5.643,0.057,8120,15600,,2.00,2,0,8224x5140,P,1
23931,8.544,0.000,0.291,0.053,0.000,0.015,0.038,0.000,5.716,0.013,5.645,0.058,8120,15600,,2.00,2,0,8224x5140,P,1
23932,7.875,0.606,0.241,0.037,0.000,0.010,0.050,0.000,5.711,0.014,5.641,0.056,8120,15600,,2.00,2,0,8224x5140,P,1
23933,8.581,0.000,0.293,0.036,0.000,0.016,0.042,0.000,0.070,0.013,0.000,0.057,8120,15600,,2.00,2,0,8224x5140,P,1
23934,8.006,0.673,0.221,0.036,0.000,0.010,0.039,0.000,5.713,0.014,5.642,0.057,8120,15600,,2.00,2,0,8224x5140,P,1
23935,8.511,0.000,0.265,0.039,0.000,0.012,0.040,0.000,5.715,0.016,5.643,0.056,8120,15600,,2.00,2,0,8224x5140,P,1
23936,7.925,0.601,0.245,0.031,0.000,0.012,0.041,0.000,5.715,0.013,5.645,0.056,8120,15600,,2.00,2,0,8224x5140,P,1
23937,8.495,0.000,0.266,0.032,0.000,0.011,0.036,0.000,5.715,0.013,5.645,0.056,8120,15600,,2.00,2,0,8224x5140,P,1
23938,7.882,0.570,0.218,0.030,0.000,0.012,0.051,0.000,5.713,0.013,5.643,0.057,8120,15600,,2.00,2,0,8224x5140,P,1
23939,8.469,0.000,0.276,0.030,0.000,0.009,0.047,0.000,5.714,0.014,5.644,0.056,8120,15600,,2.00,2,0,8224x5140,P,1
23940,7.799,0.523,0.232,0.024,0.000,0.010,0.042,0.000,5.715,0.016,5.643,0.056,8120,15600,,2.00,2,0,8224x5140,P,1
23941,8.455,0.000,0.259,0.027,0.000,0.010,0.040,0.000,5.716,0.017,5.642,0.056,8120,15600,,2.00,2,0,8224x5140,P,1
23942,7.867,0.602,0.225,0.024,0.000,0.008,0.037,0.000,5.710,0.014,5.642,0.055,8120,15600,,2.00,2,0,8224x5140,P,1
23943,8.418,0.000,0.264,0.023,0.000,0.007,0.033,0.000,5.712,0.014,5.642,0.056,8120,15600,,2.00,2,0,8224x5140,P,1
23944,7.804,0.523,0.225,0.021,0.000,0.009,0.032,0.000,5.711,0.013,5.642,0.056,8120,15600,,2.00,2,0,8224x5140,P,1
23945,8.434,0.000,0.262,0.025,0.000,0.010,0.039,0.000,5.718,0.017,5.644,0.056,8120,15600,,2.00,2,0,8224x5140,P,1
23946,7.788,0.533,0.222,0.025,0.000,0.008,0.031,0.000,5.715,0.017,5.643,0.056,8120,15600,,2.00,2,0,8224x5140,P,1
23947,8.463,0.000,0.260,0.027,0.000,0.009,0.038,0.000,5.714,0.017,5.643,0.054,8120,15600,,2.00,2,0,8224x5140,P,1
23948,8.228,0.505,0.241,0.025,0.000,0.011,0.035,0.000,5.707,0.013,5.643,0.051,8120,15600,,2.00,2,0,8224x5140,P,1
23949,9.170,0.000,0.406,0.019,0.000,0.009,0.129,0.000,5.708,0.014,5.643,0.052,8120,15600,,2.00,2,0,8224x5140,P,1
23950,8.475,1.425,0.685,0.116,0.002,0.039,0.112,0.000,5.720,0.020,5.646,0.055,8120,15600,,2.00,2,0,8224x5140,P,1
23951,8.358,0.000,0.506,0.072,0.000,0.024,0.113,0.000,5.712,0.014,5.642,0.057,8120,15600,,2.00,2,0,8224x5140,P,1
23952,8.812,1.565,0.563,0.130,0.000,0.040,0.098,0.000,5.713,0.013,5.644,0.056,8120,15600,,2.00,2,0,8224x5140,P,1
23953,8.308,0.000,0.616,0.119,0.000,0.034,0.103,0.000,5.711,0.014,5.641,0.055,8120,15600,,2.00,2,0,8224x5140,P,1
23954,8.670,1.492,0.545,0.114,0.000,0.034,0.101,0.000,5.709,0.014,5.641,0.054,8120,15600,,2.00,2,0,8224x5140,P,1
23955,8.487,0.000,0.666,0.105,0.000,0.033,0.121,0.000,5.709,0.014,5.641,0.054,8120,15600,,2.00,2,0,8224x5140,P,1
23956,8.965,1.707,0.630,0.106,0.000,0.035,0.110,0.000,5.711,0.013,5.641,0.056,8120,15600,,2.00,2,0,8224x5140,P,1
23957,8.401,0.000,0.641,0.098,0.000,0.030,0.110,0.000,5.711,0.013,5.642,0.055,8120,15600,,2.00,2,0,8224x5140,P,1
23958,8.923,1.642,0.611,0.105,0.000,0.032,0.111,0.000,5.710,0.013,5.644,0.053,8120,15600,,2.00,2,0,8224x5140,P,1
23959,8.666,0.000,0.815,0.111,0.000,0.039,0.135,0.000,5.710,0.013,5.642,0.054,8120,15600,,2.00,2,0,8224x5140,P,1
23960,9.450,2.060,0.650,0.114,0.000,0.034,0.143,0.000,5.713,0.013,5.645,0.055,8120,15600,,2.00,2,0,8224x5140,P,1
23961,9.391,2.055,0.659,0.096,0.000,0.030,0.108,0.000,5.739,0.037,5.647,0.055,8120,15600,,2.00,2,0,8224x5140,P,1
23962,8.717,0.000,0.853,0.118,0.000,0.037,0.124,0.000,5.746,0.038,5.654,0.055,8120,15600,,2.00,2,0,8224x5140,P,1
23963,8.163,2.028,0.687,0.111,0.000,0.034,0.098,0.000,5.710,0.014,5.641,0.056,8120,15600,,2.00,2,0,8224x5140,P,1
23964,8.393,0.000,0.688,0.098,0.000,0.031,0.098,0.000,5.711,0.013,5.642,0.056,8120,15600,,2.00,2,0,8224x5140,P,1
23965,8.706,1.483,0.705,0.107,0.000,0.038,0.105,0.000,5.711,0.013,5.643,0.054,8120,15600,,2.00,2,0,8224x5140,P,1
23966,7.954,0.000,0.538,0.070,0.000,0.030,0.085,0.000,5.715,0.013,5.643,0.059,8120,15600,,2.00,2,0,8224x5140,P,1
23967,8.020,1.305,0.506,0.055,0.000,0.020,0.080,0.000,5.716,0.013,5.644,0.059,8120,15600,,2.00,2,0,8224x5140,P,1
23968,7.802,0.000,0.500,0.053,0.000,0.024,0.078,0.000,5.714,0.014,5.641,0.059,8120,15600,,2.00,2,0,8224x5140,P,1
23969,7.852,1.218,0.526,0.059,0.000,0.016,0.061,0.000,5.716,0.014,5.643,0.059,8120,15600,,2.00,2,0,8224x5140,P,1
23970,7.702,0.000,0.442,0.042,0.000,0.013,0.081,0.000,5.722,0.017,5.643,0.062,8120,15600,,2.00,2,0,8224x5140,P,1
23971,7.676,1.142,0.439,0.047,0.000,0.015,0.058,0.000,5.715,0.014,5.643,0.058,8120,15600,,2.00,2,0,8224x5140,P,1
23972,7.611,0.000,0.406,0.041,0.000,0.012,0.055,0.000,5.712,0.013,5.643,0.055,8120,15600,,2.00,2,0,8224x5140,P,1
23973,8.775,0.000,0.415,0.042,0.000,0.012,0.043,0.000,5.712,0.014,5.641,0.057,8120,15600,,2.00,2,0,8224x5140,P,1
23974,8.241,0.756,0.299,0.032,0.000,0.011,0.042,0.000,5.717,0.016,5.643,0.058,8120,15600,,2.00,2,0,8224x5140,P,1
23975,8.626,0.000,0.333,0.031,0.000,0.013,0.038,0.000,5.713,0.013,5.641,0.059,8120,15600,,2.00,2,0,8224x5140,P,1
23976,8.137,0.726,0.300,0.032,0.000,0.009,0.039,0.000,5.714,0.014,5.643,0.057,8120,15600,,2.00,2,0,8224x5140,P,1
23977,8.620,0.000,0.338,0.028,0.000,0.009,0.046,0.000,5.717,0.013,5.642,0.062,8120,15600,,2.00,2,0,8224x5140,P,1
23978,8.152,0.686,0.314,0.029,0.000,0.009,0.059,0.000,5.715,0.014,5.641,0.060,8120,15600,,2.00,2,0,8224x5140,P,1
23979,8.261,0.723,0.325,0.031,0.000,0.011,0.059,0.000,5.716,0.013,5.644,0.059,8120,15600,,2.00,2,0,8224x5140,P,1
23980,8.811,0.000,0.382,0.032,0.000,0.011,0.062,0.000,5.709,0.013,5.643,0.052,8120,15600,,2.00,2,0,8224x5140,P,1
23981,8.471,0.763,0.343,0.071,0.000,0.018,0.098,0.000,5.707,0.014,5.641,0.053,8120,15600,,2.00,2,0,8224x5140,P,1
23982,8.814,0.000,0.419,0.053,0.000,0.016,0.072,0.000,5.717,0.014,5.643,0.060,8120,15600,,2.00,2,0,8224x5140,P,1
23983,9.415,0.770,0.353,0.041,0.000,0.013,0.060,0.000,5.725,0.018,5.644,0.063,8120,15600,,2.00,2,0,8224x5140,P,1
23984,8.691,0.000,0.379,0.043,0.000,0.014,0.048,0.000,5.734,0.014,5.643,0.078,8120,15600,,2.00,2,0,8224x5140,P,1
23985,8.137,0.646,0.338,0.045,0.000,0.015,0.038,0.000,5.714,0.013,5.642,0.059,8120,15600,,2.00,2,0,8224x5140,P,1
23986,8.617,0.000,0.311,0.038,0.000,0.012,0.055,0.000,5.714,0.013,5.642,0.059,8120,15600,,2.00,2,0,8224x5140,P,1
23987,8.572,0.839,0.317,0.064,0.000,0.020,0.068,0.000,5.709,0.014,5.644,0.051,8120,15600,,2.00,2,0,8224x5140,P,1
23988,8.663,0.000,0.352,0.068,0.000,0.021,0.056,0.000,5.709,0.013,5.644,0.052,8120,15600,,2.00,2,0,8224x5140,P,1
23989,8.316,0.848,0.315,0.057,0.000,0.022,0.053,0.000,5.709,0.014,5.644,0.050,8120,15600,,2.00,2,0,8224x5140,P,1
23990,8.651,0.000,0.327,0.057,0.000,0.018,0.041,0.000,5.713,0.014,5.644,0.055,8120,15600,,2.00,2,0,8224x5140,P,1
23991,8.277,0.841,0.296,0.037,0.000,0.013,0.046,0.000,5.710,0.014,5.641,0.056,8120,15600,,2.00,2,0,8224x5140,P,1
23992,8.553,0.000,0.317,0.031,0.000,0.013,0.035,0.000,5.718,0.014,5.642,0.061,8120,15600,,2.00,2,0,8224x5140,P,1
23993,8.150,0.699,0.289,0.027,0.000,0.008,0.043,0.000,5.712,0.013,5.642,0.057,8120,15600,,2.00,2,0,8224x5140,P,1
23994,8.600,0.000,0.336,0.039,0.000,0.012,0.065,0.000,5.717,0.013,5.644,0.059,8120,15600,,2.00,2,0,8224x5140,P,1
23995,8.368,0.870,0.316,0.042,0.000,0.014,0.050,0.000,5.712,0.014,5.643,0.055,8120,15600,,2.00,2,0,8224x5140,P,1
23996,8.789,0.000,0.368,0.038,0.000,0.012,0.061,0.000,5.718,0.014,5.643,0.061,8120,15600,,2.00,2,0,8224x5140,P,1
23997,8.635,0.885,0.354,0.058,0.000,0.016,0.051,0.000,5.712,0.014,5.644,0.054,8120,15600,,2.00,2,0,8224x5140,P,1
23998,8.626,0.000,0.339,0.043,0.000,0.016,0.044,0.000,5.710,0.014,5.641,0.055,8120,15600,,2.00,2,0,8224x5140,P,1
23999,8.396,0.874,0.361,0.037,0.000,0.011,0.049,0.000,5.716,0.018,5.643,0.056,8120,15600,,2.00,2,0,8224x5140,P,1
24000,8.596,0.000,0.360,0.036,0.000,0.012,0.039,0.000,5.716,0.013,5.645,0.058,8120,15600,,2.00,2,0,8224x5140,P,1
24001,8.272,0.727,0.313,0.032,0.000,0.011,0.061,0.000,5.715,0.018,5.643,0.054,8120,15600,,2.00,2,0,8224x5140,P,1
24002,8.591,0.000,0.317,0.066,0.000,0.017,0.039,0.000,5.711,0.013,5.642,0.056,8120,15600,,2.00,2,0,8224x5140,P,1
24003,7.911,0.568,0.270,0.038,0.000,0.013,0.033,0.000,5.717,0.017,5.642,0.057,8120,15600,,2.00,2,0,8224x5140,P,1
24004,8.505,0.000,0.279,0.031,0.000,0.008,0.050,0.000,5.721,0.016,5.645,0.060,8120,15600,,2.00,2,0,8224x5140,P,1
24005,7.873,0.523,0.255,0.027,0.000,0.008,0.034,0.000,5.718,0.017,5.644,0.057,8120,15600,,2.00,2,0,8224x5140,P,1
24006,8.521,0.000,0.281,0.024,0.000,0.008,0.037,0.000,5.720,0.017,5.643,0.059,8120,15600,,2.00,2,0,8224x5140,P,1
24007,7.876,0.572,0.255,0.025,0.000,0.007,0.028,0.000,5.719,0.017,5.643,0.059,8120,15600,,2.00,2,0,8224x5140,P,1
24008,8.582,0.000,0.325,0.023,0.000,0.009,0.069,0.000,5.725,0.017,5.645,0.063,8120,15600,,2.00,2,0,8224x5140,P,1
24009,8.111,0.692,0.277,0.030,0.000,0.010,0.039,0.000,5.717,0.013,5.644,0.060,8120,15600,,2.00,2,0,8224x5140,P,1
24010,8.564,0.000,0.329,0.027,0.000,0.009,0.043,0.000,5.719,0.017,5.646,0.056,8120,15600,,2.00,2,0,8224x5140,P,1
24011,8.111,0.686,0.289,0.027,0.000,0.009,0.055,0.000,5.718,0.017,5.644,0.057,8120,15600,,2.00,2,0,8224x5140,P,1
24012,8.646,0.000,0.395,0.026,0.000,0.009,0.036,0.000,5.719,0.016,5.644,0.058,8120,15600,,2.00,2,0,8224x5140,P,1
24013,8.157,0.697,0.329,0.028,0.000,0.009,0.055,0.000,5.718,0.013,5.648,0.057,8120,15600,,2.00,2,0,8224x5140,P,1
24014,8.810,0.000,0.355,0.035,0.000,0.013,0.068,0.000,5.720,0.014,5.643,0.063,8120,15600,,2.00,2,0,8224x5140,P,1
24015,8.421,0.916,0.316,0.044,0.000,0.018,0.051,0.000,5.719,0.017,5.647,0.055,8120,15600,,2.00,2,0,8224x5140,P,1
24016,8.608,0.000,0.332,0.033,0.000,0.011,0.037,0.000,5.719,0.016,5.646,0.057,8120,15600,,2.00,2,0,8224x5140,P,1
24017,8.252,0.757,0.290,0.028,0.000,0.011,0.065,0.000,5.717,0.013,5.643,0.060,8120,15600,,2.00,2,0,8224x5140,P,1
24018,8.770,0.000,0.385,0.032,0.000,0.012,0.060,0.000,5.716,0.014,5.643,0.060,8120,15600,,2.00,2,0,8224x5140,P,1
24019,8.514,0.996,0.359,0.038,0.000,0.012,0.048,0.000,5.713,0.013,5.642,0.057,8120,15600,,2.00,2,0,8224x5140,P,1
24020,8.661,0.000,0.331,0.048,0.000,0.015,0.053,0.000,5.712,0.014,5.643,0.055,8120,15600,,2.00,2,0,8224x5140,P,1
24021,8.277,0.608,0.333,0.054,0.000,0.015,0.057,0.000,0.068,0.013,0.000,0.055,8120,15600,,2.00,2,0,8224x5140,P,1
24022,8.696,0.000,0.313,0.078,0.000,0.020,0.085,0.000,0.063,0.014,0.000,0.049,8120,15600,,2.00,2,0,8224x5140,P,1
24023,8.088,0.687,0.281,0.040,0.000,0.013,0.043,0.000,5.713,0.014,5.644,0.055,8120,15600,,2.00,2,0,8224x5140,P,1
24024,8.531,0.000,0.283,0.033,0.000,0.011,0.062,0.000,5.715,0.014,5.644,0.057,8120,15600,,2.00,2,0,8224x5140,P,1
24025,7.972,0.641,0.269,0.033,0.000,0.013,0.049,0.000,5.716,0.017,5.644,0.056,8120,15600,,2.00,2,0,8224x5140,P,1
24026,8.450,0.000,0.275,0.028,0.000,0.010,0.039,0.000,5.718,0.016,5.645,0.056,8120,15600,,2.00,2,0,8224x5140,P,1
24027,7.840,0.529,0.281,0.023,0.000,0.007,0.042,0.000,0.073,0.017,0.000,0.057,8120,15600,,2.00,2,0,8224x5140,P,1
24028,8.448,0.000,0.263,0.026,0.000,0.010,0.043,0.000,5.714,0.014,5.644,0.057,8120,15600,,2.00,2,0,8224x5140,P,1
24029,7.944,0.681,0.236,0.030,0.000,0.009,0.037,0.000,5.712,0.016,5.641,0.054,8120,15600,,2.00,2,0,8224x5140,P,1
24030,8.461,0.000,0.241,0.023,0.000,0.007,0.048,0.000,5.716,0.017,5.643,0.055,8120,15600,,2.00,2,0,8224x5140,P,1
24031,7.919,0.520,0.279,0.029,0.000,0.009,0.040,0.000,5.711,0.016,5.643,0.051,8120,15600,,2.00,2,0,8224x5140,P,1
24032,8.505,0.000,0.266,0.039,0.000,0.011,0.038,0.000,5.711,0.014,5.642,0.055,8120,15600,,2.00,2,0,8224x5140,P,1
24033,7.830,0.471,0.274,0.032,0.000,0.010,0.040,0.000,5.712,0.014,5.645,0.053,8120,15600,,2.00,2,0,8224x5140,P,1
24034,8.474,0.000,0.267,0.033,0.000,0.009,0.040,0.000,5.710,0.017,5.641,0.053,8120,15600,,2.00,2,0,8224x5140,P,1
24035,7.909,0.602,0.223,0.031,0.000,0.008,0.037,0.000,5.716,0.017,5.645,0.054,8120,15600,,2.00,2,0,8224x5140,P,1
24036,8.430,0.000,0.268,0.028,0.000,0.008,0.029,0.000,5.715,0.017,5.642,0.056,8120,15600,,2.00,2,0,8224x5140,P,1
24037,7.816,0.545,0.221,0.024,0.000,0.008,0.032,0.000,5.713,0.017,5.644,0.051,8120,15600,,2.00,2,0,8224x5140,P,1
24038,8.572,0.000,0.277,0.022,0.000,0.007,0.045,0.000,5.715,0.017,5.646,0.052,8120,15600,,2.00,2,0,8224x5140,P,1
24039,7.948,0.506,0.240,0.046,0.000,0.015,0.038,0.000,5.710,0.013,5.643,0.053,8120,15600,,2.00,2,0,8224x5140,P,1
24040,8.455,0.000,0.263,0.025,0.000,0.009,0.054,0.000,5.713,0.017,5.642,0.055,8120,15600,,2.00,2,0,8224x5140,P,1
24041,8.314,0.623,0.237,0.027,0.000,0.010,0.041,0.000,5.717,0.018,5.643,0.055,8120,15600,,2.00,2,0,8224x5140,P,1
24042,8.672,0.000,0.312,0.042,0.000,0.015,0.051,0.000,5.707,0.013,5.642,0.052,8120,15600,,2.00,2,0,8224x5140,P,1
24043,7.992,0.577,0.260,0.050,0.000,0.013,0.061,0.000,5.705,0.013,5.640,0.052,8120,15600,,2.00,2,0,8224x5140,P,1
24044,8.605,0.000,0.307,0.034,0.000,0.013,0.047,0.000,5.718,0.016,5.643,0.059,8120,15600,,2.00,2,0,8224x5140,P,1
24045,8.032,0.667,0.268,0.031,0.000,0.011,0.035,0.000,5.721,0.017,5.644,0.059,8120,15600,,2.00,2,0,8224x5140,P,1
24046,8.681,0.000,0.319,0.025,0.000,0.013,0.041,0.000,5.716,0.016,5.641,0.059,8120,15600,,2.00,2,0,8224x5140,P,1
24047,7.994,0.636,0.263,0.026,0.000,0.008,0.035,0.000,5.714,0.018,5.640,0.056,8120,15600,,2.00,2,0,8224x5140,P,1
24048,8.607,0.000,0.334,0.025,0.000,0.009,0.044,0.000,5.707,0.013,5.643,0.052,8120,15600,,2.00,2,0,8224x5140,P,1
24049,8.294,0.626,0.306,0.047,0.000,0.015,0.069,0.000,5.714,0.017,5.643,0.053,8120,15600,,2.00,2,0,8224x5140,P,1
24050,8.990,0.001,0.446,0.080,0.000,0.021,0.058,0.000,5.710,0.014,5.641,0.055,8120,15600,,2.00,2,0,8224x5140,P,1
24051,8.587,0.832,0.348,0.084,0.000,0.022,0.080,0.000,5.707,0.014,5.645,0.048,8120,15600,,2.00,2,0,8224x5140,P,1
24052,8.732,0.000,0.373,0.083,0.000,0.025,0.048,0.000,5.713,0.014,5.645,0.054,8120,15600,,2.00,2,0,8224x5140,P,1
24053,8.289,0.751,0.278,0.058,0.000,0.016,0.049,0.000,5.711,0.014,5.642,0.055,8120,15600,,2.00,2,0,8224x5140,P,1
24054,8.639,0.000,0.313,0.051,0.000,0.015,0.049,0.000,5.719,0.013,5.645,0.061,8120,15600,,2.00,2,0,8224x5140,P,1
24055,8.138,0.712,0.297,0.043,0.000,0.012,0.036,0.000,0.072,0.014,0.000,0.058,8120,15600,,2.00,2,0,8224x5140,P,1
24056,8.641,0.000,0.302,0.031,0.000,0.010,0.042,0.000,5.713,0.014,5.645,0.054,8120,15600,,2.00,2,0,8224x5140,P,1
24057,8.155,0.680,0.304,0.038,0.000,0.012,0.047,0.000,5.718,0.014,5.644,0.059,8120,15600,,2.00,2,0,8224x5140,P,1
24058,8.653,0.000,0.344,0.034,0.000,0.011,0.046,0.000,5.722,0.017,5.646,0.059,8120,15600,,2.00,2,0,8224x5140,P,1
24059,8.392,0.935,0.313,0.035,0.000,0.011,0.041,0.000,5.715,0.014,5.644,0.057,8120,15600,,2.00,2,0,8224x5140,P,1
24060,8.672,0.000,0.329,0.030,0.000,0.012,0.072,0.000,5.715,0.014,5.644,0.057,8120,15600,,2.00,2,0,8224x5140,P,1
24061,8.512,0.889,0.324,0.040,0.000,0.015,0.055,0.000,5.713,0.013,5.643,0.057,8120,15600,,2.00,2,0,8224x5140,P,1
24062,8.813,0.000,0.365,0.035,0.000,0.012,0.064,0.000,5.713,0.013,5.644,0.056,8120,15600,,2.00,2,0,8224x5140,P,1
24063,8.555,0.986,0.341,0.047,0.000,0.016,0.050,0.000,5.713,0.013,5.645,0.055,8120,15600,,2.00,2,0,8224x5140,P,1
24064,8.690,0.000,0.355,0.036,0.000,0.012,0.042,0.000,5.721,0.016,5.644,0.060,8120,15600,,2.00,2,0,8224x5140,P,1
24065,8.593,0.993,0.340,0.035,0.000,0.012,0.092,0.000,5.714,0.017,5.641,0.056,8120,15600,,2.00,2,0,8224x5140,P,1
24066,7.730,1.138,0.404,0.055,0.000,0.020,0.057,0.000,5.720,0.014,5.643,0.063,8120,15600,,2.00,2,0,8224x5140,P,1
24067,7.750,0.000,0.420,0.041,0.000,0.014,0.059,0.000,5.717,0.014,5.645,0.058,8120,15600,,2.00,2,0,8224x5140,P,1
24068,7.729,0.000,0.422,0.041,0.000,0.018,0.091,0.000,5.714,0.014,5.642,0.058,8120,15600,,2.00,2,0,8224x5140,P,1
24069,8.596,0.987,0.378,0.045,0.000,0.014,0.049,0.000,5.715,0.013,5.646,0.056,8120,15600,,2.00,2,0,8224x5140,P,1
24070,8.805,0.000,0.397,0.038,0.000,0.013,0.112,0.000,5.710,0.013,5.642,0.055,8120,15600,,2.00,2,0,8224x5140,P,1
24071,8.492,0.897,0.382,0.041,0.000,0.013,0.058,0.000,5.712,0.014,5.643,0.055,8120,15600,,2.00,2,0,8224x5140,P,1
24072,7.830,0.000,0.394,0.033,0.000,0.011,0.093,0.000,5.714,0.014,5.643,0.057,8120,15600,,2.00,2,0,8224x5140,P,1
24073,7.924,1.294,0.431,0.063,0.000,0.022,0.079,0.000,5.714,0.013,5.642,0.059,8120,15600,,2.00,2,0,8224x5140,P,1
24074,7.754,0.000,0.457,0.050,0.000,0.022,0.073,0.000,5.712,0.013,5.644,0.055,8120,15600,,2.00,2,0,8224x5140,P,1
24075,8.632,0.985,0.416,0.044,0.000,0.016,0.052,0.000,5.718,0.014,5.644,0.060,8120,15600,,2.00,2,0,8224x5140,P,1
24076,7.727,0.000,0.419,0.042,0.000,0.016,0.079,0.000,5.717,0.014,5.645,0.058,8120,15600,,2.00,2,0,8224x5140,P,1
24077,8.834,1.111,0.424,0.046,0.000,0.016,0.073,0.000,5.713,0.014,5.641,0.058,8120,15600,,2.00,2,0,8224x5140,P,1
24078,7.775,0.000,0.442,0.042,0.000,0.021,0.073,0.000,5.719,0.017,5.645,0.057,8120,15600,,2.00,2,0,8224x5140,P,1
24079,7.863,1.216,0.463,0.042,0.000,0.014,0.078,0.000,5.720,0.014,5.645,0.062,8120,15600,,2.00,2,0,8224x5140,P,1
24080,7.756,0.000,0.499,0.047,0.000,0.020,0.049,0.000,5.715,0.013,5.645,0.057,8120,15600,,2.00,2,0,8224x5140,P,1
24081,8.643,1.009,0.413,0.040,0.000,0.013,0.065,0.000,5.719,0.016,5.641,0.062,8120,15600,,2.00,2,0,8224x5140,P,1
24082,7.668,0.000,0.430,0.037,0.000,0.019,0.080,0.000,5.710,0.013,5.643,0.054,8120,15600,,2.00,2,0,8224x5140,P,1
24083,8.218,1.134,0.435,0.051,0.000,0.017,0.077,0.000,5.716,0.014,5.643,0.059,8120,15600,,2.00,2,0,8224x5140,P,1
24084,8.319,0.000,0.437,0.045,0.000,0.013,0.047,0.000,5.715,0.013,5.640,0.061,8120,15600,,2.00,2,0,8224x5140,P,1
24085,8.640,0.994,0.421,0.039,0.000,0.013,0.051,0.000,5.717,0.014,5.644,0.059,8120,15600,,2.00,2,0,8224x5140,P,1
24086,7.954,0.000,0.429,0.038,0.000,0.013,0.062,0.000,5.717,0.013,5.641,0.062,8120,15600,,2.00,2,0,8224x5140,P,1
24087,8.682,1.000,0.421,0.039,0.000,0.012,0.089,0.000,5.717,0.014,5.644,0.059,8120,15600,,2.00,2,0,8224x5140,P,1
24088,8.045,0.000,0.462,0.052,0.000,0.025,0.070,0.000,5.720,0.014,5.646,0.060,8120,15600,,2.00,2,0,8224x5140,P,1
24089,8.813,1.071,0.437,0.047,0.000,0.016,0.065,0.000,5.715,0.014,5.642,0.060,8120,15600,,2.00,2,0,8224x5140,P,1
24090,7.758,0.000,0.434,0.046,0.000,0.019,0.063,0.000,5.719,0.016,5.645,0.058,8120,15600,,2.00,2,0,8224x5140,P,1
24091,8.374,1.316,0.428,0.043,0.000,0.014,0.111,0.000,5.720,0.017,5.644,0.059,8120,15600,,2.00,2,0,8224x5140,P,1
24092,8.346,0.000,0.442,0.048,0.000,0.016,0.062,0.000,5.713,0.016,5.643,0.055,8120,15600,,2.00,2,0,8224x5140,P,1
24093,8.669,0.996,0.433,0.042,0.000,0.013,0.062,0.000,5.716,0.013,5.642,0.060,8120,15600,,2.00,2,0,8224x5140,P,1
24094,7.909,0.000,0.432,0.044,0.000,0.013,0.061,0.000,5.715,0.013,5.643,0.059,8120,15600,,2.00,2,0,8224x5140,P,1
24095,8.571,0.986,0.427,0.038,0.000,0.012,0.064,0.000,5.711,0.014,5.642,0.055,8120,15600,,2.00,2,0,8224x5140,P,1
24096,8.006,0.000,0.376,0.034,0.000,0.012,0.046,0.000,5.718,0.016,5.643,0.059,8120,15600,,2.00,2,0,8224x5140,P,1
24097,8.376,0.885,0.335,0.034,0.000,0.012,0.040,0.000,5.716,0.014,5.644,0.057,8120,15600,,2.00,2,0,8224x5140,P,1
24098,8.705,0.000,0.358,0.033,0.000,0.014,0.084,0.000,5.718,0.016,5.644,0.058,8120,15600,,2.00,2,0,8224x5140,P,1
24099,8.365,0.824,0.346,0.032,0.000,0.013,0.056,0.000,5.712,0.014,5.641,0.057,8120,15600,,2.00,2,0,8224x5140,P,1
24100,8.781,0.000,0.409,0.037,0.000,0.011,0.052,0.000,5.714,0.014,5.642,0.058,8120,15600,,2.00,2,0,8224x5140,P,1
24101,8.492,0.873,0.388,0.042,0.000,0.014,0.051,0.000,5.711,0.017,5.642,0.053,8120,15600,,2.00,2,0,8224x5140,P,1
24102,7.574,0.000,0.387,0.040,0.000,0.013,0.071,0.000,5.716,0.016,5.643,0.057,8120,15600,,2.00,2,0,8224x5140,P,1
24103,8.023,1.109,0.380,0.047,0.000,0.015,0.047,0.000,5.714,0.014,5.645,0.056,8120,15600,,2.00,2,0,8224x5140,P,1
24104,8.615,0.000,0.356,0.035,0.000,0.012,0.053,0.000,5.713,0.014,5.644,0.055,8120,15600,,2.00,2,0,8224x5140,P,1
24105,8.041,0.673,0.306,0.030,0.000,0.012,0.032,0.000,5.710,0.014,5.641,0.056,8120,15600,,2.00,2,0,8224x5140,P,1
24106,8.504,0.000,0.315,0.024,0.000,0.009,0.037,0.000,5.716,0.016,5.644,0.056,8120,15600,,2.00,2,0,8224x5140,P,1
24107,8.043,0.538,0.289,0.024,0.000,0.007,0.037,0.000,5.715,0.017,5.644,0.055,8120,15600,,2.00,2,0,8224x5140,P,1
24108,8.435,0.000,0.265,0.026,0.000,0.015,0.029,0.000,5.717,0.017,5.644,0.056,8120,15600,,2.00,2,0,8224x5140,P,1
24109,8.222,0.586,0.252,0.023,0.000,0.008,0.032,0.000,5.723,0.016,5.644,0.062,8120,15600,,2.00,2,0,8224x5140,P,1
24110,8.535,0.000,0.311,0.025,0.000,0.009,0.049,0.000,5.719,0.014,5.646,0.059,8120,15600,,2.00,2,0,8224x5140,P,1
24111,8.097,0.625,0.263,0.027,0.000,0.010,0.044,0.000,5.717,0.013,5.642,0.061,8120,15600,,2.00,2,0,8224x5140,P,1
24112,8.504,0.000,0.299,0.024,0.000,0.010,0.032,0.000,5.720,0.017,5.644,0.060,8120,15600,,2.00,2,0,8224x5140,P,1
24113,8.201,0.618,0.252,0.024,0.000,0.007,0.042,0.000,5.712,0.014,5.642,0.056,8120,15600,,2.00,2,0,8224x5140,P,1
24114,8.574,0.000,0.319,0.032,0.000,0.011,0.036,0.000,5.717,0.017,5.646,0.054,8120,15600,,2.00,2,0,8224x5140,P,1
24115,8.126,0.657,0.299,0.032,0.000,0.009,0.058,0.000,5.724,0.016,5.644,0.063,8120,15600,,2.00,2,0,8224x5140,P,1
24116,8.574,0.000,0.343,0.026,0.000,0.009,0.034,0.000,5.718,0.014,5.645,0.060,8120,15600,,2.00,2,0,8224x5140,P,1
24117,8.132,0.672,0.326,0.040,0.000,0.009,0.039,0.000,5.713,0.013,5.643,0.057,8120,15600,,2.00,2,0,8224x5140,P,1
24118,8.622,0.000,0.335,0.028,0.000,0.009,0.051,0.000,5.717,0.017,5.643,0.057,8120,15600,,2.00,2,0,8224x5140,P,1
24119,8.220,0.739,0.325,0.030,0.000,0.009,0.052,0.000,5.712,0.013,5.642,0.056,8120,15600,,2.00,2,0,8224x5140,P,1
24120,8.605,0.000,0.319,0.029,0.000,0.010,0.053,0.000,5.708,0.014,5.643,0.051,8120,15600,,2.00,2,0,8224x5140,P,1
24121,16.280,0.756,0.318,0.030,0.000,0.010,0.045,0.000,5.714,0.013,5.644,0.056,8120,15600,,2.00,2,0,8224x5140,P,1
24122,8.599,0.829,0.382,0.050,0.000,0.017,0.113,0.000,5.716,0.018,5.646,0.052,8120,15600,,2.00,2,0,8224x5140,P,1
24123,8.885,0.000,0.440,0.086,0.000,0.026,0.091,0.000,5.710,0.013,5.643,0.053,8120,15600,,2.00,2,0,8224x5140,P,1
24124,8.885,1.065,0.385,0.092,0.000,0.022,0.073,0.000,5.712,0.014,5.644,0.055,8120,15600,,2.00,2,0,8224x5140,P,1
24125,7.677,0.000,0.431,0.065,0.000,0.020,0.056,0.000,5.714,0.013,5.643,0.058,8120,15600,,2.00,2,0,8224x5140,P,1
24126,8.743,1.077,0.387,0.045,0.000,0.015,0.058,0.000,5.710,0.013,5.643,0.054,8120,15600,,2.00,2,0,8224x5140,P,1
24127,8.848,0.000,0.414,0.052,0.000,0.016,0.075,0.000,5.715,0.014,5.644,0.058,8120,15600,,2.00,2,0,8224x5140,P,1
24128,7.806,1.271,0.411,0.050,0.000,0.018,0.072,0.000,5.710,0.013,5.640,0.057,8120,15600,,2.00,2,0,8224x5140,P,1
24129,8.769,0.000,0.438,0.046,0.000,0.014,0.077,0.000,5.714,0.014,5.643,0.057,8120,15600,,2.00,2,0,8224x5140,P,1
24130,7.668,1.075,0.471,0.047,0.000,0.017,0.060,0.000,5.716,0.014,5.645,0.058,8120,15600,,2.00,2,0,8224x5140,P,1
24131,8.869,0.000,0.436,0.044,0.000,0.015,0.068,0.000,5.715,0.014,5.643,0.058,8120,15600,,2.00,2,0,8224x5140,P,1
24132,8.981,1.200,0.483,0.042,0.000,0.014,0.078,0.000,5.719,0.017,5.644,0.058,8120,15600,,2.00,2,0,8224x5140,P,1
24133,7.801,0.000,0.506,0.051,0.000,0.016,0.074,0.000,5.713,0.013,5.645,0.055,8120,15600,,2.00,2,0,8224x5140,P,1
24134,7.818,1.172,0.493,0.050,0.000,0.015,0.078,0.000,5.710,0.013,5.643,0.054,8120,15600,,2.00,2,0,8224x5140,P,1
24135,8.356,0.000,0.498,0.051,0.000,0.015,0.111,0.000,5.712,0.014,5.645,0.054,8120,15600,,2.00,2,0,8224x5140,P,1
24136,8.523,1.492,0.659,0.119,0.000,0.047,0.065,0.000,5.709,0.013,5.641,0.054,8120,15600,,2.00,2,0,8224x5140,P,1
24137,8.464,0.000,0.558,0.054,0.000,0.018,0.118,0.000,5.712,0.014,5.644,0.055,8120,15600,,2.00,2,0,8224x5140,P,1
24138,8.375,1.492,0.647,0.133,0.000,0.049,0.078,0.000,5.709,0.014,5.640,0.055,8120,15600,,2.00,2,0,8224x5140,P,1
24139,8.947,0.000,0.448,0.066,0.000,0.020,0.072,0.000,5.708,0.013,5.642,0.052,8120,15600,,2.00,2,0,8224x5140,P,1
24140,8.845,1.102,0.351,0.065,0.000,0.019,0.072,0.000,5.715,0.019,5.643,0.053,8120,15600,,2.00,2,0,8224x5140,P,1
24141,8.850,0.000,0.414,0.066,0.000,0.019,0.057,0.000,5.707,0.014,5.642,0.052,8120,15600,,2.00,2,0,8224x5140,P,1
24142,8.322,0.829,0.292,0.070,0.000,0.020,0.045,0.000,5.708,0.014,5.643,0.052,8120,15600,,2.00,2,0,8224x5140,P,1
24143,8.622,0.000,0.352,0.047,0.000,0.013,0.043,0.000,5.707,0.014,5.642,0.052,8120,15600,,2.00,2,0,8224x5140,P,1
24144,8.167,0.755,0.305,0.036,0.000,0.013,0.067,0.000,5.711,0.017,5.642,0.052,8120,15600,,2.00,2,0,8224x5140,P,1
24145,8.152,0.752,0.293,0.042,0.000,0.013,0.038,0.000,5.706,0.013,5.642,0.051,8120,15600,,2.00,2,0,8224x5140,P,1
24146,8.493,0.000,0.297,0.033,0.000,0.010,0.032,0.000,5.711,0.016,5.644,0.050,8120,15600,,2.00,2,0,8224x5140,P,1
24147,8.014,0.669,0.254,0.026,0.000,0.008,0.068,0.000,5.707,0.013,5.643,0.051,8120,15600,,2.00,2,0,8224x5140,P,1
24148,8.583,0.000,0.282,0.034,0.000,0.011,0.034,0.000,5.707,0.013,5.644,0.051,8120,15600,,2.00,2,0,8224x5140,P,1
24149,8.624,0.000,0.308,0.028,0.000,0.009,0.058,0.000,5.712,0.017,5.644,0.051,8120,15600,,2.00,2,0,8224x5140,P,1
24150,8.043,0.581,0.251,0.041,0.000,0.012,0.049,0.000,5.705,0.014,5.643,0.049,8120,15600,,2.00,2,0,8224x5140,P,1
24151,8.103,0.516,0.261,0.060,0.000,0.016,0.050,0.000,5.707,0.014,5.644,0.050,8120,15600,,2.00,2,0,8224x5140,P,1
24152,8.631,0.000,0.277,0.065,0.000,0.019,0.054,0.000,5.707,0.014,5.642,0.051,8120,15600,,2.00,2,0,8224x5140,P,1
24153,8.163,0.564,0.254,0.058,0.000,0.018,0.078,0.000,5.708,0.014,5.643,0.051,8120,15600,,2.00,2,0,8224x5140,P,1
24154,8.635,0.000,0.274,0.060,0.000,0.020,0.051,0.000,5.705,0.013,5.642,0.050,8120,15600,,2.00,2,0,8224x5140,P,1
24155,8.127,0.532,0.291,0.058,0.000,0.016,0.059,0.000,5.703,0.014,5.641,0.048,8120,15600,,2.00,2,0,8224x5140,P,1
24156,8.649,0.000,0.281,0.071,0.000,0.021,0.045,0.000,5.705,0.013,5.642,0.049,8120,15600,,2.00,2,0,8224x5140,P,1
24157,8.038,0.504,0.270,0.056,0.000,0.015,0.052,0.000,5.704,0.014,5.641,0.050,8120,15600,,2.00,2,0,8224x5140,P,1
24158,8.694,0.000,0.262,0.066,0.000,0.019,0.054,0.000,5.702,0.014,5.640,0.048,8120,15600,,2.00,2,0,8224x5140,P,1
24159,8.159,0.608,0.245,0.060,0.000,0.017,0.057,0.000,5.706,0.013,5.644,0.049,8120,15600,,2.00,2,0,8224x5140,P,1
24160,8.516,0.000,0.270,0.071,0.000,0.021,0.041,0.000,5.705,0.013,5.643,0.048,8120,15600,,2.00,2,0,8224x5140,P,1
24161,8.137,0.631,0.276,0.060,0.000,0.018,0.047,0.000,5.707,0.013,5.641,0.052,8120,15600,,2.00,2,0,8224x5140,P,1
24162,8.725,0.000,0.287,0.054,0.000,0.017,0.059,0.000,5.705,0.013,5.641,0.050,8120,15600,,2.00,2,0,8224x5140,P,1
24163,8.135,0.649,0.251,0.067,0.000,0.017,0.043,0.000,5.708,0.013,5.643,0.052,8120,15600,,2.00,2,0,8224x5140,P,1
24164,8.709,0.000,0.309,0.058,0.000,0.016,0.105,0.000,5.707,0.014,5.641,0.052,8120,15600,,2.00,2,0,8224x5140,P,1
24165,8.067,0.532,0.238,0.051,0.000,0.016,0.062,0.000,5.703,0.013,5.640,0.050,8120,15600,,2.00,2,0,8224x5140,P,1
24166,8.726,0.000,0.317,0.076,0.000,0.023,0.044,0.000,5.705,0.014,5.641,0.050,8120,15600,,2.00,2,0,8224x5140,P,1
24167,8.043,0.595,0.235,0.060,0.000,0.018,0.047,0.000,5.705,0.014,5.641,0.050,8120,15600,,2.00,2,0,8224x5140,P,1
24168,8.680,0.000,0.289,0.064,0.000,0.018,0.052,0.000,5.708,0.014,5.644,0.051,8120,15600,,2.00,2,0,8224x5140,P,1
24169,8.072,0.622,0.237,0.055,0.000,0.017,0.047,0.000,5.705,0.014,5.639,0.052,8120,15600,,2.00,2,0,8224x5140,P,1
24170,8.673,0.000,0.291,0.059,0.000,0.015,0.053,0.000,5.707,0.013,5.642,0.051,8120,15600,,2.00,2,0,8224x5140,P,1
24171,8.011,0.531,0.241,0.064,0.000,0.019,0.045,0.000,5.705,0.014,5.641,0.051,8120,15600,,2.00,2,0,8224x5140,P,1
24172,8.652,0.000,0.307,0.063,0.000,0.020,0.050,0.000,5.710,0.013,5.644,0.052,8120,15600,,2.00,2,0,8224x5140,P,1
24173,7.974,0.509,0.244,0.056,0.000,0.015,0.048,0.000,5.708,0.014,5.642,0.052,8120,15600,,2.00,2,0,8224x5140,P,1
24174,8.643,0.000,0.320,0.061,0.000,0.019,0.045,0.000,5.707,0.013,5.642,0.052,8120,15600,,2.00,2,0,8224x5140,P,1
24175,7.897,0.484,0.241,0.049,0.000,0.017,0.036,0.000,5.707,0.013,5.642,0.052,8120,15600,,2.00,2,0,8224x5140,P,1
24176,8.611,0.000,0.298,0.051,0.000,0.016,0.049,0.000,5.705,0.014,5.640,0.051,8120,15600,,2.00,2,0,8224x5140,P,1
24177,7.901,0.484,0.247,0.053,0.000,0.015,0.045,0.000,5.707,0.013,5.642,0.052,8120,15600,,2.00,2,0,8224x5140,P,1
24178,8.661,0.000,0.314,0.050,0.000,0.014,0.045,0.000,5.707,0.013,5.642,0.053,8120,15600,,2.00,2,0,8224x5140,P,1
24179,8.067,0.632,0.236,0.058,0.000,0.020,0.042,0.000,5.706,0.014,5.641,0.050,8120,15600,,2.00,2,0,8224x5140,P,1
24180,8.701,0.000,0.383,0.055,0.000,0.015,0.045,0.000,5.709,0.013,5.644,0.051,8120,15600,,2.00,2,0,8224x5140,P,1
24181,7.978,0.524,0.247,0.052,0.000,0.017,0.051,0.000,5.708,0.014,5.642,0.053,8120,15600,,2.00,2,0,8224x5140,P,1
24182,8.676,0.000,0.323,0.064,0.000,0.016,0.041,0.000,5.702,0.014,5.639,0.050,8120,15600,,2.00,2,0,8224x5140,P,1
24183,8.021,0.559,0.245,0.056,0.000,0.016,0.051,0.000,5.708,0.014,5.643,0.052,8120,15600,,2.00,2,0,8224x5140,P,1
24184,8.773,0.000,0.348,0.059,0.000,0.019,0.048,0.000,5.709,0.013,5.645,0.050,8120,15600,,2.00,2,0,8224x5140,P,1
24185,8.063,0.615,0.282,0.066,0.000,0.016,0.051,0.000,5.713,0.014,5.643,0.056,8120,15600,,2.00,2,0,8224x5140,P,1
24186,8.519,0.000,0.306,0.049,0.000,0.016,0.028,0.000,5.716,0.013,5.644,0.059,8120,15600,,2.00,2,0,8224x5140,P,1
24187,7.950,0.631,0.219,0.028,0.000,0.008,0.063,0.000,5.718,0.017,5.643,0.058,8120,15600,,2.00,2,0,8224x5140,P,1
24188,8.617,0.000,0.320,0.036,0.000,0.012,0.046,0.000,5.710,0.014,5.644,0.052,8120,15600,,2.00,2,0,8224x5140,P,1
24189,8.135,0.714,0.279,0.033,0.000,0.010,0.039,0.000,5.714,0.016,5.642,0.057,8120,15600,,2.00,2,0,8224x5140,P,1
24190,8.595,0.000,0.309,0.030,0.000,0.011,0.048,0.000,5.714,0.017,5.642,0.055,8120,15600,,2.00,2,0,8224x5140,P,1
24191,8.218,0.749,0.296,0.030,0.000,0.010,0.071,0.000,5.711,0.013,5.645,0.053,8120,15600,,2.00,2,0,8224x5140,P,1
24192,7.590,0.000,0.363,0.043,0.000,0.016,0.048,0.000,5.712,0.014,5.644,0.054,8120,15600,,2.00,2,0,8224x5140,P,1
24193,8.349,0.867,0.312,0.034,0.000,0.012,0.049,0.000,5.711,0.014,5.642,0.056,8120,15600,,2.00,2,0,8224x5140,P,1
24194,8.647,0.000,0.327,0.031,0.000,0.010,0.049,0.000,5.715,0.014,5.645,0.056,8120,15600,,2.00,2,0,8224x5140,P,1
24195,8.543,1.004,0.327,0.033,0.000,0.010,0.068,0.000,5.709,0.013,5.642,0.054,8120,15600,,2.00,2,0,8224x5140,P,1
24196,8.701,0.000,0.379,0.035,0.000,0.012,0.046,0.000,5.713,0.014,5.644,0.055,8120,15600,,2.00,2,0,8224x5140,P,1
24197,8.335,0.834,0.327,0.033,0.000,0.011,0.043,0.000,5.708,0.014,5.641,0.053,8120,15600,,2.00,2,0,8224x5140,P,1
24198,8.682,0.000,0.362,0.029,0.000,0.010,0.054,0.000,5.714,0.013,5.645,0.055,8120,15600,,2.00,2,0,8224x5140,P,1
24199,8.457,0.887,0.358,0.038,0.000,0.011,0.065,0.000,5.714,0.014,5.644,0.056,8120,15600,,2.00,2,0,8224x5140,P,1
24200,8.750,0.000,0.411,0.034,0.000,0.013,0.055,0.000,5.714,0.014,5.644,0.056,8120,15600,,2.00,2,0,8224x5140,P,1
24201,8.497,0.894,0.371,0.037,0.000,0.011,0.063,0.000,5.712,0.014,5.642,0.056,8120,15600,,2.00,2,0,8224x5140,P,1
24202,7.656,0.000,0.423,0.036,0.000,0.013,0.054,0.000,5.714,0.017,5.643,0.054,8120,15600,,2.00,2,0,8224x5140,P,1
24203,8.741,1.004,0.431,0.050,0.000,0.014,0.060,0.000,5.707,0.013,5.642,0.052,8120,15600,,2.00,2,0,8224x5140,P,1
24204,8.828,0.000,0.427,0.066,0.000,0.020,0.069,0.000,5.709,0.014,5.642,0.053,8120,15600,,2.00,2,0,8224x5140,P,1
24205,8.249,0.691,0.344,0.059,0.000,0.015,0.041,0.000,5.709,0.013,5.643,0.053,8120,15600,,2.00,2,0,8224x5140,P,1
24206,8.658,0.000,0.309,0.051,0.000,0.015,0.045,0.000,5.707,0.014,5.640,0.053,8120,15600,,2.00,2,0,8224x5140,P,1
24207,8.085,0.573,0.315,0.050,0.000,0.016,0.043,0.000,5.709,0.014,5.643,0.052,8120,15600,,2.00,2,0,8224x5140,P,1
24208,8.751,0.000,0.394,0.056,0.000,0.021,0.041,0.000,5.713,0.013,5.646,0.053,8120,15600,,2.00,2,0,8224x5140,P,1
24209,8.006,0.504,0.292,0.054,0.000,0.015,0.044,0.000,5.711,0.013,5.645,0.053,8120,15600,,2.00,2,0,8224x5140,P,1
24210,8.639,0.000,0.302,0.057,0.000,0.017,0.045,0.000,5.707,0.013,5.642,0.051,8120,15600,,2.00,2,0,8224x5140,P,1
24211,7.902,0.480,0.228,0.049,0.000,0.015,0.056,0.000,5.709,0.014,5.643,0.052,8120,15600,,2.00,2,0,8224x5140,P,1
24212,8.648,0.000,0.289,0.061,0.000,0.020,0.043,0.000,5.708,0.013,5.642,0.052,8120,15600,,2.00,2,0,8224x5140,P,1
24213,7.957,0.535,0.242,0.051,0.000,0.016,0.048,0.000,5.709,0.014,5.643,0.052,8120,15600,,2.00,2,0,8224x5140,P,1
24214,8.594,0.000,0.292,0.055,0.000,0.017,0.045,0.000,5.709,0.013,5.643,0.052,8120,15600,,2.00,2,0,8224x5140,P,1
24215,7.880,0.484,0.239,0.044,0.000,0.014,0.040,0.000,5.714,0.013,5.647,0.053,8120,15600,,2.00,2,0,8224x5140,P,1
24216,8.568,0.000,0.274,0.051,0.000,0.015,0.050,0.000,5.708,0.014,5.641,0.053,8120,15600,,2.00,2,0,8224x5140,P,1
24217,7.876,0.482,0.250,0.050,0.000,0.015,0.046,0.000,5.708,0.014,5.642,0.052,8120,15600,,2.00,2,0,8224x5140,P,1
24218,8.559,0.000,0.266,0.046,0.000,0.014,0.049,0.000,5.710,0.014,5.643,0.052,8120,15600,,2.00,2,0,8224x5140,P,1
24219,7.859,0.492,0.234,0.045,0.000,0.015,0.038,0.000,5.709,0.013,5.643,0.052,8120,15600,,2.00,2,0,8224x5140,P,1
24220,8.552,0.000,0.266,0.052,0.000,0.014,0.043,0.000,5.709,0.013,5.643,0.053,8120,15600,,2.00,2,0,8224x5140,P,1
24221,7.895,0.483,0.239,0.049,0.000,0.014,0.045,0.000,5.709,0.014,5.643,0.051,8120,15600,,2.00,2,0,8224x5140,P,1
24222,8.608,0.000,0.306,0.048,0.000,0.016,0.043,0.000,5.711,0.014,5.645,0.052,8120,15600,,2.00,2,0,8224x5140,P,1
24223,7.936,0.479,0.232,0.049,0.000,0.015,0.042,0.000,5.708,0.013,5.643,0.052,8120,15600,,2.00,2,0,8224x5140,P,1
24224,8.550,0.000,0.291,0.043,0.000,0.013,0.043,0.000,5.708,0.013,5.643,0.052,8120,15600,,2.00,2,0,8224x5140,P,1
24225,7.846,0.477,0.225,0.046,0.000,0.013,0.041,0.000,5.709,0.014,5.643,0.053,8120,15600,,2.00,2,0,8224x5140,P,1
24226,8.643,0.000,0.293,0.053,0.000,0.015,0.044,0.000,5.705,0.013,5.641,0.052,8120,15600,,2.00,2,0,8224x5140,P,1
24227,7.946,0.490,0.274,0.049,0.000,0.015,0.041,0.000,5.702,0.013,5.643,0.046,8120,15600,,2.00,2,0,8224x5140,P,1
24228,8.719,0.000,0.302,0.054,0.000,0.016,0.065,0.000,5.703,0.014,5.641,0.049,8120,15600,,2.00,2,0,8224x5140,P,1
24229,8.068,0.624,0.242,0.059,0.000,0.018,0.048,0.000,5.705,0.013,5.641,0.051,8120,15600,,2.00,2,0,8224x5140,P,1
24230,8.740,0.000,0.429,0.056,0.000,0.015,0.057,0.000,5.707,0.014,5.642,0.051,8120,15600,,2.00,2,0,8224x5140,P,1
24231,7.865,0.479,0.221,0.045,0.000,0.014,0.046,0.000,5.708,0.014,5.643,0.052,8120,15600,,2.00,2,0,8224x5140,P,1
24232,8.559,0.000,0.292,0.044,0.000,0.014,0.035,0.000,5.709,0.014,5.642,0.052,8120,15600,,2.00,2,0,8224x5140,P,1
24233,7.754,0.507,0.210,0.032,0.000,0.009,0.029,0.000,5.711,0.014,5.641,0.057,8120,15600,,2.00,2,0,8224x5140,P,1
24234,8.663,0.000,0.300,0.024,0.000,0.010,0.039,0.000,5.712,0.016,5.643,0.053,8120,15600,,2.00,2,0,8224x5140,P,1
24235,7.855,0.523,0.253,0.023,0.000,0.008,0.048,0.000,5.713,0.017,5.643,0.053,8120,15600,,2.00,2,0,8224x5140,P,1
24236,8.555,0.000,0.293,0.030,0.000,0.011,0.033,0.000,5.710,0.014,5.644,0.053,8120,15600,,2.00,2,0,8224x5140,P,1
24237,7.888,0.595,0.227,0.023,0.000,0.008,0.036,0.000,5.709,0.013,5.643,0.052,8120,15600,,2.00,2,0,8224x5140,P,1
24238,8.495,0.000,0.277,0.028,0.000,0.011,0.029,0.000,5.714,0.014,5.646,0.054,8120,15600,,2.00,2,0,8224x5140,P,1
24239,7.974,0.687,0.227,0.021,0.000,0.007,0.034,0.000,5.716,0.016,5.645,0.055,8120,15600,,2.00,2,0,8224x5140,P,1
24240,8.553,0.000,0.294,0.024,0.000,0.008,0.041,0.000,5.710,0.014,5.644,0.052,8120,15600,,2.00,2,0,8224x5140,P,1
24241,7.972,0.627,0.251,0.024,0.000,0.008,0.030,0.000,5.707,0.013,5.641,0.053,8120,15600,,2.00,2,0,8224x5140,P,1
24242,8.505,0.000,0.294,0.022,0.000,0.008,0.030,0.000,5.716,0.017,5.645,0.054,8120,15600,,2.00,2,0,8224x5140,P,1
24243,7.882,0.599,0.244,0.023,0.000,0.007,0.029,0.000,5.712,0.013,5.643,0.056,8120,15600,,2.00,2,0,8224x5140,P,1
24244,8.565,0.000,0.319,0.029,0.000,0.009,0.031,0.000,5.713,0.013,5.644,0.055,8120,15600,,2.00,2,0,8224x5140,P,1
24245,7.966,0.633,0.263,0.024,0.000,0.008,0.032,0.000,5.710,0.014,5.642,0.055,8120,15600,,2.00,2,0,8224x5140,P,1
24246,8.561,0.000,0.308,0.025,0.000,0.008,0.038,0.000,5.713,0.014,5.643,0.056,8120,15600,,2.00,2,0,8224x5140,P,1
24247,8.251,0.698,0.285,0.029,0.000,0.009,0.065,0.000,5.713,0.014,5.644,0.055,8120,15600,,2.00,2,0,8224x5140,P,1
24248,8.693,0.000,0.367,0.029,0.000,0.012,0.048,0.000,5.712,0.014,5.642,0.056,8120,15600,,2.00,2,0,8224x5140,P,1
24249,8.150,0.711,0.294,0.028,0.000,0.010,0.039,0.000,5.717,0.017,5.646,0.054,8120,15600,,2.00,2,0,8224x5140,P,1
24250,8.622,0.000,0.340,0.031,0.000,0.009,0.043,0.000,5.715,0.014,5.646,0.056,8120,15600,,2.00,2,0,8224x5140,P,1
24251,8.271,0.766,0.314,0.030,0.000,0.010,0.075,0.000,5.711,0.013,5.642,0.055,8120,15600,,2.00,2,0,8224x5140,P,1
24252,8.781,0.000,0.383,0.040,0.000,0.014,0.056,0.000,5.708,0.013,5.642,0.053,8120,15600,,2.00,2,0,8224x5140,P,1
24253,8.432,0.801,0.377,0.053,0.000,0.016,0.051,0.000,5.709,0.014,5.644,0.052,8120,15600,,2.00,2,0,8224x5140,P,1
24254,8.653,0.000,0.358,0.046,0.000,0.015,0.051,0.000,5.714,0.014,5.644,0.056,8120,15600,,2.00,2,0,8224x5140,P,1
24255,8.394,0.922,0.300,0.034,0.000,0.011,0.042,0.000,5.709,0.014,5.643,0.052,8120,15600,,2.00,2,0,8224x5140,P,1
24256,8.660,0.000,0.363,0.031,0.000,0.011,0.041,0.000,5.713,0.014,5.644,0.055,8120,15600,,2.00,2,0,8224x5140,P,1
24257,8.328,0.843,0.329,0.032,0.000,0.011,0.042,0.000,5.711,0.014,5.642,0.055,8120,15600,,2.00,2,0,8224x5140,P,1
24258,8.653,0.000,0.363,0.031,0.000,0.011,0.043,0.000,5.709,0.013,5.643,0.052,8120,15600,,2.00,2,0,8224x5140,P,1
24259,8.186,0.686,0.312,0.043,0.000,0.013,0.044,0.000,5.710,0.014,5.643,0.052,8120,15600,,2.00,2,0,8224x5140,P,1
24260,8.642,0.000,0.319,0.047,0.000,0.015,0.042,0.000,5.709,0.014,5.643,0.052,8120,15600,,2.00,2,0,8224x5140,P,1
24261,8.025,0.577,0.287,0.049,0.000,0.015,0.039,0.000,5.706,0.014,5.640,0.052,8120,15600,,2.00,2,0,8224x5140,P,1
24262,8.551,0.000,0.305,0.041,0.000,0.015,0.063,0.000,5.707,0.014,5.641,0.052,8120,15600,,2.00,2,0,8224x5140,P,1
24263,8.204,0.769,0.300,0.041,0.000,0.014,0.051,0.000,5.710,0.013,5.643,0.054,8120,15600,,2.00,2,0,8224x5140,P,1
24264,8.526,0.000,0.304,0.030,0.000,0.010,0.051,0.000,5.711,0.016,5.642,0.053,8120,15600,,2.00,2,0,8224x5140,P,1
24265,8.109,0.750,0.266,0.032,0.000,0.011,0.042,0.000,5.712,0.017,5.644,0.052,8120,15600,,2.00,2,0,8224x5140,P,1
24266,8.431,0.000,0.269,0.025,0.000,0.009,0.034,0.000,5.711,0.013,5.643,0.054,8120,15600,,2.00,2,0,8224x5140,P,1
24267,7.854,0.596,0.242,0.023,0.000,0.008,0.028,0.000,5.710,0.017,5.641,0.052,8120,15600,,2.00,2,0,8224x5140,P,1
24268,8.449,0.000,0.302,0.026,0.000,0.008,0.027,0.000,5.712,0.016,5.643,0.052,8120,15600,,2.00,2,0,8224x5140,P,1
24269,7.957,0.506,0.231,0.026,0.000,0.008,0.049,0.000,5.706,0.017,5.642,0.047,8120,15600,tshadow_planar,2.00,2,0,8224x5140,L,2
24270,9.689,0.000,0.280,0.044,0.000,0.013,0.070,0.000,7.100,2.260,4.798,0.041,8120,15600,,2.00,2,0,8224x5140,L,2
24271,8.970,0.511,0.244,0.036,0.000,0.013,0.041,0.000,7.113,0.041,7.029,0.042,8120,15600,,2.00,2,0,8224x5140,L,2
24272,9.650,0.000,0.270,0.031,0.000,0.008,0.054,0.000,7.098,0.045,7.010,0.042,8120,15600,,2.00,2,0,8224x5140,L,2
24273,9.039,0.587,0.227,0.038,0.000,0.009,0.037,0.000,7.106,0.042,7.023,0.041,8120,15600,,2.00,2,0,8224x5140,L,2
24274,9.610,0.000,0.269,0.030,0.000,0.010,0.029,0.000,7.104,0.024,7.038,0.041,8120,15600,,2.00,2,0,8224x5140,L,2
24275,8.949,0.544,0.225,0.027,0.000,0.008,0.038,0.000,7.126,0.017,7.066,0.042,8120,15600,,2.00,2,0,8224x5140,L,2
24276,9.598,0.000,0.286,0.024,0.000,0.007,0.036,0.000,7.084,0.026,7.016,0.042,8120,15600,,2.00,2,0,8224x5140,L,2
24277,8.979,0.509,0.230,0.026,0.000,0.007,0.041,0.000,7.095,0.025,7.028,0.042,8120,15600,,2.00,2,0,8224x5140,L,2
24278,8.997,0.554,0.229,0.033,0.000,0.009,0.045,0.000,7.142,0.017,7.082,0.043,8120,15600,,2.00,2,0,8224x5140,L,2
24279,9.667,0.000,0.276,0.031,0.000,0.009,0.047,0.000,6.993,0.026,6.927,0.041,8120,15600,,2.00,2,0,8224x5140,L,2
24280,8.958,0.535,0.233,0.024,0.000,0.008,0.038,0.000,7.065,0.021,7.002,0.042,8120,15600,,2.00,2,0,8224x5140,L,2
24281,9.633,0.000,0.283,0.024,0.000,0.009,0.030,0.000,7.067,0.026,6.999,0.042,8120,15600,,2.00,2,0,8224x5140,L,2
24282,9.037,0.548,0.240,0.026,0.000,0.008,0.085,0.000,7.108,0.037,7.029,0.042,8120,15600,,2.00,2,0,8224x5140,L,2
24283,9.732,0.000,0.291,0.033,0.000,0.010,0.042,0.000,7.106,0.022,7.042,0.043,8120,15600,,2.00,2,0,8224x5140,L,2
24284,9.252,0.779,0.257,0.030,0.000,0.009,0.032,0.000,7.118,0.041,7.033,0.044,8120,15600,,2.00,2,0,8224x5140,L,2
24285,9.126,0.636,0.256,0.028,0.000,0.008,0.050,0.000,7.070,0.023,7.006,0.041,8120,15600,,2.00,2,0,8224x5140,L,2
24286,9.744,0.000,0.309,0.027,0.000,0.009,0.050,0.000,7.102,0.033,7.026,0.044,8120,15600,,2.00,2,0,8224x5140,L,2
24287,9.165,0.675,0.271,0.033,0.000,0.009,0.045,0.000,7.004,0.028,6.931,0.045,8120,15600,,2.00,2,0,8224x5140,L,2
24288,9.714,0.000,0.308,0.028,0.000,0.009,0.040,0.000,7.073,0.023,7.008,0.042,8120,15600,,2.00,2,0,8224x5140,L,2
24289,9.258,0.702,0.299,0.031,0.000,0.009,0.041,0.000,7.095,0.037,7.013,0.044,8120,15600,,2.00,2,0,8224x5140,L,2
24290,9.725,0.000,0.328,0.032,0.000,0.009,0.055,0.000,7.027,0.013,6.972,0.042,8120,15600,,2.00,2,0,8224x5140,L,2
24291,9.189,0.691,0.299,0.029,0.000,0.009,0.067,0.000,7.103,0.024,7.033,0.046,8120,15600,,2.00,2,0,8224x5140,L,2
24292,9.872,0.000,0.348,0.034,0.000,0.011,0.050,0.000,7.095,0.026,7.022,0.047,8120,15600,,2.00,2,0,8224x5140,L,2
24293,9.432,0.795,0.322,0.035,0.000,0.010,0.055,0.000,7.077,0.026,7.009,0.042,8120,15600,,2.00,2,0,8224x5140,L,2
24294,9.400,0.780,0.323,0.033,0.000,0.010,0.046,0.000,7.124,0.048,7.034,0.042,8120,15600,,2.00,2,0,8224x5140,L,2
24295,9.822,0.000,0.350,0.034,0.000,0.010,0.049,0.000,7.096,0.021,7.033,0.042,8120,15600,,2.00,2,0,8224x5140,L,2
24296,9.550,0.858,0.366,0.036,0.000,0.011,0.061,0.000,7.088,0.021,7.022,0.045,8120,15600,,2.00,2,0,8224x5140,L,2
24297,9.880,0.000,0.398,0.037,0.000,0.011,0.056,0.000,7.088,0.031,7.012,0.045,8120,15600,,2.00,2,0,8224x5140,L,2
24298,9.591,0.868,0.354,0.038,0.000,0.011,0.082,0.000,7.148,0.044,7.062,0.042,8120,15600,,2.00,2,0,8224x5140,L,2
24299,9.961,1.068,0.436,0.052,0.000,0.016,0.062,0.000,7.013,0.013,6.955,0.045,8120,15600,,2.00,2,0,8224x5140,L,2
24300,9.998,0.000,0.427,0.046,0.000,0.014,0.057,0.000,7.031,0.014,6.972,0.044,8120,15600,,2.00,2,0,8224x5140,L,2
24301,9.885,1.005,0.420,0.048,0.000,0.013,0.062,0.000,7.079,0.027,7.010,0.042,8120,15600,,2.00,2,0,8224x5140,L,2
24302,10.145,0.000,0.528,0.057,0.000,0.017,0.064,0.000,7.044,0.013,6.990,0.041,8120,15600,,2.00,2,0,8224x5140,L,2
24303,9.622,0.926,0.372,0.063,0.000,0.015,0.043,0.000,7.023,0.014,6.968,0.041,8120,15600,,2.00,2,0,8224x5140,L,2
24304,9.241,0.682,0.325,0.043,0.000,0.013,0.036,0.000,7.102,0.025,7.035,0.042,8120,15600,,2.00,2,0,8224x5140,L,2
24305,9.601,0.000,0.282,0.033,0.000,0.009,0.035,0.000,7.116,0.034,7.041,0.041,8120,15600,,2.00,2,0,8224x5140,L,2
24306,9.003,0.570,0.268,0.025,0.000,0.008,0.036,0.000,7.128,0.039,7.047,0.042,8120,15600,,2.00,2,0,8224x5140,L,2
24307,9.574,0.000,0.294,0.026,0.000,0.008,0.031,0.000,7.094,0.026,7.026,0.041,8120,15600,,2.00,2,0,8224x5140,L,2
24308,8.928,0.493,0.252,0.022,0.000,0.007,0.029,0.000,7.064,0.025,6.994,0.046,8120,15600,,2.00,2,0,8224x5140,L,2
24309,9.686,0.000,0.271,0.034,0.000,0.007,0.036,0.000,7.099,0.042,7.015,0.041,8120,15600,,2.00,2,0,8224x5140,L,2
24310,8.962,0.538,0.224,0.025,0.000,0.007,0.033,0.000,7.076,0.016,7.016,0.045,8120,15600,,2.00,2,0,8224x5140,L,2
24311,9.623,0.000,0.277,0.025,0.000,0.008,0.031,0.000,7.100,0.021,7.036,0.042,8120,15600,,2.00,2,0,8224x5140,L,2
24312,9.089,0.609,0.264,0.025,0.000,0.008,0.053,0.000,7.034,0.014,6.979,0.042,8120,15600,,2.00,2,0,8224x5140,L,2
24313,9.124,0.607,0.276,0.026,0.000,0.009,0.048,0.000,7.082,0.035,7.002,0.045,8120,15600,,2.00,2,0,8224x5140,L,2
24314,9.724,0.000,0.291,0.028,0.000,0.010,0.044,0.000,7.065,0.026,6.997,0.042,8120,15600,,2.00,2,0,8224x5140,L,2
24315,9.179,0.641,0.261,0.025,0.000,0.008,0.049,0.000,7.072,0.028,6.999,0.045,8120,15600,,2.00,2,0,8224x5140,L,2
24316,9.741,0.000,0.307,0.024,0.000,0.009,0.054,0.000,7.079,0.021,7.017,0.042,8120,15600,,2.00,2,0,8224x5140,L,2
24317,9.381,0.702,0.296,0.030,0.000,0.009,0.078,0.000,7.086,0.028,7.013,0.045,8120,15600,,2.00,2,0,8224x5140,L,2
24318,9.824,0.000,0.335,0.042,0.000,0.014,0.050,0.000,7.077,0.030,7.003,0.044,8120,15600,,2.00,2,0,8224x5140,L,2
24319,9.610,0.918,0.307,0.035,0.000,0.011,0.062,0.000,7.073,0.022,7.001,0.050,8120,15600,,2.00,2,0,8224x5140,L,2
24320,9.310,0.688,0.315,0.030,0.000,0.010,0.049,0.000,7.072,0.022,7.004,0.046,8120,15600,,2.00,2,0,8224x5140,L,2
24321,9.943,0.000,0.378,0.029,0.000,0.010,0.062,0.000,7.059,0.027,6.987,0.045,8120,15600,,2.00,2,0,8224x5140,L,2
24322,9.475,0.765,0.360,0.035,0.000,0.010,0.067,0.000,7.080,0.027,7.005,0.048,8120,15600,,2.00,2,0,8224x5140,L,2
24323,9.903,0.000,0.373,0.037,0.000,0.012,0.059,0.000,7.095,0.016,7.037,0.042,8120,15600,,2.00,2,0,8224x5140,L,2
24324,9.934,1.154,0.373,0.042,0.000,0.012,0.081,0.000,7.076,0.028,7.004,0.044,8120,15600,,2.00,2,0,8224x5140,L,2
24325,9.906,0.000,0.392,0.042,0.000,0.012,0.069,0.000,7.080,0.025,7.012,0.044,8120,15600,,2.00,2,0,8224x5140,L,2
24326,9.619,0.846,0.366,0.036,0.000,0.012,0.062,0.000,7.105,0.042,7.018,0.045,8120,15600,,2.00,2,0,8224x5140,L,2
24327,9.783,0.959,0.409,0.044,0.000,0.015,0.071,0.000,7.063,0.025,6.996,0.043,8120,15600,,2.00,2,0,8224x5140,L,2
24328,9.994,0.000,0.452,0.048,0.000,0.018,0.053,0.000,7.176,0.013,7.121,0.042,8120,15600,,2.00,2,0,8224x5140,L,2
24329,9.853,0.977,0.415,0.047,0.000,0.012,0.075,0.000,7.093,0.031,7.020,0.042,8120,15600,,2.00,2,0,8224x5140,L,2
24330,10.163,0.000,0.535,0.055,0.000,0.019,0.090,0.000,7.106,0.027,7.036,0.042,8120,15600,,2.00,2,0,8224x5140,L,2
24331,10.266,1.291,0.495,0.056,0.000,0.017,0.067,0.000,7.061,0.013,7.002,0.045,8120,15600,,2.00,2,0,8224x5140,L,2
24332,10.171,1.202,0.481,0.066,0.000,0.016,0.089,0.000,7.005,0.025,6.930,0.050,8120,15600,,2.00,2,0,8224x5140,L,2
24333,10.303,0.000,0.619,0.062,0.000,0.018,0.060,0.000,7.119,0.076,7.001,0.042,8120,15600,,2.00,2,0,8224x5140,L,2
24334,10.553,1.169,0.487,0.058,0.000,0.015,0.118,0.000,7.023,0.014,6.967,0.042,8120,15600,,2.00,2,0,8224x5140,L,2
24335,10.104,1.611,0.598,0.123,0.000,0.037,0.117,0.000,7.111,0.072,6.998,0.041,8120,15600,,2.00,2,0,8224x5140,L,2
24336,11.351,0.000,0.639,0.131,0.000,0.035,0.250,0.000,7.013,0.013,6.958,0.042,8120,15600,,2.00,2,0,8224x5140,L,2
24337,10.358,1.770,0.711,0.138,0.000,0.043,0.124,0.000,6.973,0.015,6.918,0.040,8120,15600,,2.00,2,0,8224x5140,L,2
24338,9.923,0.000,0.729,0.126,0.000,0.038,0.138,0.000,7.017,0.013,6.963,0.041,8120,15600,,2.00,2,0,8224x5140,L,2
24339,10.595,1.870,0.589,0.118,0.000,0.032,0.151,0.000,7.001,0.013,6.947,0.041,8120,15600,,2.00,2,0,8224x5140,L,2
24340,10.838,2.079,0.776,0.111,0.000,0.036,0.148,0.000,6.979,0.074,6.863,0.041,8120,15600,,2.00,2,0,8224x5140,L,2
24341,10.934,0.001,0.720,0.064,0.000,0.022,0.187,0.000,7.140,0.071,7.026,0.043,8120,15600,,2.00,2,0,8224x5140,L,2
24342,10.068,1.566,0.612,0.134,0.000,0.039,0.113,0.000,6.981,0.038,6.900,0.043,8120,15600,,2.00,2,0,8224x5140,L,2
24343,9.555,1.520,0.547,0.125,0.000,0.034,0.074,0.000,7.069,0.014,7.013,0.042,8120,15600,,2.00,2,0,8224x5140,L,2
24344,10.184,0.000,0.528,0.063,0.000,0.018,0.073,0.000,7.031,0.014,6.975,0.042,8120,15600,,2.00,2,0,8224x5140,L,2
24345,9.643,0.850,0.366,0.057,0.000,0.014,0.053,0.000,7.010,0.014,6.952,0.044,8120,15600,,2.00,2,0,8224x5140,L,2
24346,10.008,0.000,0.428,0.053,0.000,0.016,0.058,0.000,7.074,0.014,7.018,0.042,8120,15600,,2.00,2,0,8224x5140,L,2
24347,9.633,0.854,0.371,0.043,0.000,0.011,0.052,0.000,7.055,0.025,6.987,0.042,8120,15600,,2.00,2,0,8224x5140,L,2
24348,9.824,0.966,0.427,0.048,0.000,0.017,0.081,0.000,7.012,0.014,6.957,0.041,8120,15600,,2.00,2,0,8224x5140,L,2
24349,10.082,0.000,0.468,0.055,0.000,0.021,0.073,0.000,7.080,0.024,7.015,0.042,8120,15600,,2.00,2,0,8224x5140,L,2
24350,10.084,1.260,0.420,0.047,0.000,0.014,0.057,0.000,6.948,0.014,6.892,0.042,8120,15600,,2.00,2,0,8224x5140,L,2
24351,10.030,0.000,0.423,0.044,0.000,0.014,0.074,0.000,7.063,0.029,6.992,0.042,8120,15600,,2.00,2,0,8224x5140,L,2
24352,10.250,1.288,0.478,0.050,0.000,0.016,0.080,0.000,7.046,0.014,6.988,0.045,8120,15600,,2.00,2,0,8224x5140,L,2
24353,10.247,1.172,0.496,0.051,0.000,0.018,0.081,0.000,6.999,0.030,6.924,0.045,8120,15600,,2.00,2,0,8224x5140,L,2
24354,10.734,0.000,0.530,0.065,0.000,0.025,0.127,0.000,7.110,0.046,7.014,0.050,8120,15600,,2.00,2,0,8224x5140,L,2
24355,10.089,1.566,0.582,0.124,0.000,0.036,0.130,0.000,7.129,0.079,7.003,0.048,8120,15600,,2.00,2,0,8224x5140,L,2
24356,10.992,0.000,0.621,0.127,0.000,0.035,0.199,0.000,7.061,0.013,7.005,0.043,8120,15600,,2.00,2,0,8224x5140,L,2
24357,10.269,1.753,0.610,0.132,0.000,0.031,0.117,0.000,6.974,0.037,6.896,0.041,8120,15600,,2.00,2,0,8224x5140,L,2
24358,10.098,1.595,0.599,0.130,0.000,0.037,0.115,0.000,7.063,0.014,7.008,0.042,8120,15600,,2.00,2,0,8224x5140,L,2
24359,9.822,0.001,0.718,0.136,0.000,0.034,0.121,0.000,7.039,0.013,6.981,0.044,8120,15600,,2.00,2,0,8224x5140,L,2
24360,10.348,1.928,0.633,0.131,0.000,0.035,0.117,0.000,7.038,0.014,6.983,0.041,8120,15600,,2.00,2,0,8224x5140,L,2
24361,10.181,1.641,0.630,0.121,0.000,0.034,0.124,0.000,7.012,0.013,6.956,0.042,8120,15600,,2.00,2,0,8224x5140,L,2
24362,9.967,0.000,0.816,0.120,0.000,0.037,0.131,0.000,7.004,0.014,6.949,0.041,8120,15600,,2.00,2,0,8224x5140,L,2
24363,9.875,1.699,0.677,0.106,0.000,0.033,0.078,0.000,7.033,0.014,6.978,0.041,8120,15600,,2.00,2,0,8224x5140,L,2
24364,10.240,0.000,0.640,0.053,0.000,0.020,0.092,0.000,7.036,0.040,6.954,0.042,8120,15600,,2.00,2,0,8224x5140,L,2
24365,9.791,0.868,0.424,0.073,0.000,0.020,0.070,0.000,7.108,0.014,7.053,0.042,8120,15600,,2.00,2,0,8224x5140,L,2
24366,9.376,0.661,0.353,0.058,0.000,0.016,0.054,0.000,7.075,0.038,6.995,0.042,8120,15600,,2.00,2,0,8224x5140,L,2
24367,9.799,0.000,0.361,0.045,0.000,0.010,0.067,0.000,7.085,0.014,7.030,0.041,8120,15600,,2.00,2,0,8224x5140,L,2
24368,9.388,0.760,0.314,0.045,0.000,0.012,0.050,0.000,7.069,0.026,7.001,0.042,8120,15600,,2.00,2,0,8224x5140,L,2
24369,9.819,0.000,0.315,0.043,0.000,0.011,0.055,0.000,7.097,0.014,7.041,0.041,8120,15600,,2.00,2,0,8224x5140,L,2
24370,9.313,0.713,0.301,0.053,0.000,0.011,0.047,0.000,7.095,0.030,7.024,0.041,8120,15600,,2.00,2,0,8224x5140,L,2
24371,9.730,0.000,0.272,0.041,0.000,0.010,0.052,0.000,7.119,0.028,7.049,0.042,8120,15600,,2.00,2,0,8224x5140,L,2
24372,9.080,0.549,0.256,0.046,0.000,0.012,0.041,0.000,7.079,0.037,7.000,0.042,8120,15600,,2.00,2,0,8224x5140,L,2
24373,10.106,0.482,0.288,0.038,0.000,0.008,0.047,0.000,7.097,0.029,7.026,0.042,8120,15600,,2.00,2,0,8224x5140,L,2
24374,9.787,0.000,0.272,0.050,0.000,0.011,0.052,0.000,7.099,0.023,7.035,0.041,8120,15600,,2.00,2,0,8224x5140,L,2
24375,9.216,0.606,0.266,0.059,0.000,0.014,0.046,0.000,7.074,0.014,7.020,0.041,8120,15600,,2.00,2,0,8224x5140,L,2
24376,9.706,0.000,0.294,0.052,0.000,0.012,0.034,0.000,7.086,0.013,7.032,0.041,8120,15600,,2.00,2,0,8224x5140,L,2
24377,8.989,0.558,0.239,0.039,0.000,0.009,0.037,0.000,7.137,0.043,7.053,0.041,8120,15600,,2.00,2,0,8224x5140,L,2
24378,9.603,0.000,0.275,0.033,0.000,0.008,0.038,0.000,7.090,0.024,7.025,0.042,8120,15600,,2.00,2,0,8224x5140,L,2
24379,9.011,0.505,0.255,0.027,0.000,0.007,0.056,0.000,7.061,0.026,6.994,0.041,8120,15600,,2.00,2,0,8224x5140,L,2
24380,9.149,0.665,0.251,0.044,0.000,0.012,0.035,0.000,7.073,0.016,7.014,0.042,8120,15600,,2.00,2,0,8224x5140,L,2
24381,9.608,0.000,0.242,0.035,0.000,0.009,0.051,0.000,7.112,0.025,7.045,0.043,8120,15600,,2.00,2,0,8224x5140,L,2
24382,9.160,0.657,0.232,0.032,0.000,0.010,0.057,0.000,7.089,0.030,7.017,0.042,8120,15600,,2.00,2,0,8224x5140,L,2
24383,9.661,0.000,0.263,0.027,0.000,0.009,0.037,0.000,7.102,0.043,7.017,0.041,8120,15600,,2.00,2,0,8224x5140,L,2
24384,8.969,0.520,0.234,0.025,0.000,0.007,0.044,0.000,7.080,0.034,7.004,0.042,8120,15600,,2.00,2,0,8224x5140,L,2
24385,9.703,0.000,0.297,0.024,0.000,0.008,0.034,0.000,7.063,0.028,6.994,0.041,8120,15600,,2.00,2,0,8224x5140,L,2
24386,8.998,0.559,0.248,0.023,0.000,0.007,0.041,0.000,7.101,0.024,7.030,0.046,8120,15600,,2.00,2,0,8224x5140,L,2
24387,9.692,0.000,0.290,0.030,0.000,0.008,0.039,0.000,7.090,0.027,7.022,0.041,8120,15600,,2.00,2,0,8224x5140,L,2
24388,9.089,0.594,0.250,0.026,0.000,0.007,0.037,0.000,7.102,0.045,7.011,0.045,8120,15600,,2.00,2,0,8224x5140,L,2
24389,9.197,0.609,0.305,0.034,0.000,0.009,0.080,0.000,7.085,0.033,7.004,0.048,8120,15600,,2.00,2,0,8224x5140,L,2
24390,9.892,0.000,0.349,0.040,0.000,0.013,0.055,0.000,7.053,0.013,6.996,0.044,8120,15600,,2.00,2,0,8224x5140,L,2
24391,9.273,0.779,0.273,0.048,0.000,0.013,0.043,0.000,7.070,0.035,6.994,0.042,8120,15600,,2.00,2,0,8224x5140,L,2
24392,9.579,0.000,0.255,0.030,0.000,0.009,0.030,0.000,7.102,0.042,7.018,0.041,8120,15600,,2.00,2,0,8224x5140,L,2
24393,8.974,0.557,0.247,0.026,0.000,0.008,0.028,0.000,7.073,0.023,7.009,0.041,8120,15600,,2.00,2,0,8224x5140,L,2
24394,9.544,0.000,0.261,0.027,0.000,0.007,0.048,0.000,7.077,0.027,7.008,0.041,8120,15600,,2.00,2,0,8224x5140,L,2
24395,8.981,0.520,0.229,0.023,0.000,0.008,0.031,0.000,7.090,0.022,7.023,0.045,8120,15600,,2.00,2,0,8224x5140,L,2
24396,9.638,0.000,0.260,0.031,0.000,0.009,0.053,0.000,7.090,0.036,7.012,0.042,8120,15600,,2.00,2,0,8224x5140,L,2
24397,9.110,0.610,0.257,0.029,0.000,0.010,0.034,0.000,7.106,0.018,7.046,0.042,8120,15600,,2.00,2,0,8224x5140,L,2
24398,9.002,0.553,0.226,0.026,0.000,0.008,0.051,0.000,7.111,0.039,7.030,0.042,8120,15600,,2.00,2,0,8224x5140,L,2
24399,9.758,0.000,0.331,0.025,0.000,0.008,0.053,0.000,7.080,0.025,7.013,0.042,8120,15600,,2.00,2,0,8224x5140,L,2
24400,9.080,0.584,0.254,0.026,0.000,0.011,0.045,0.000,7.110,0.045,7.020,0.045,8120,15600,,2.00,2,0,8224x5140,L,2
24401,9.713,0.000,0.285,0.026,0.000,0.008,0.045,0.000,7.068,0.026,6.997,0.045,8120,15600,,2.00,2,0,8224x5140,L,2
24402,9.057,0.589,0.256,0.027,0.000,0.008,0.034,0.000,7.131,0.035,7.054,0.041,8120,15600,,2.00,2,0,8224x5140,L,2
24403,9.696,0.000,0.301,0.031,0.000,0.009,0.036,0.000,7.048,0.013,6.993,0.042,8120,15600,,2.00,2,0,8224x5140,L,2
24404,9.122,0.622,0.272,0.026,0.000,0.008,0.036,0.000,7.089,0.039,7.006,0.044,8120,15600,,2.00,2,0,8224x5140,L,2
24405,9.127,0.625,0.280,0.027,0.000,0.011,0.045,0.000,7.081,0.026,7.009,0.045,8120,15600,,2.00,2,0,8224x5140,L,2
24406,9.821,0.000,0.314,0.027,0.000,0.008,0.055,0.000,7.126,0.041,7.043,0.042,8120,15600,,2.00,2,0,8224x5140,L,2
24407,9.426,0.792,0.300,0.051,0.000,0.012,0.046,0.000,7.118,0.042,7.031,0.045,8120,15600,,2.00,2,0,8224x5140,L,2
24408,9.805,0.000,0.337,0.030,0.000,0.011,0.043,0.000,7.093,0.041,7.008,0.045,8120,15600,,2.00,2,0,8224x5140,L,2
24409,9.408,0.764,0.322,0.033,0.000,0.010,0.058,0.000,7.011,0.014,6.951,0.046,8120,15600,,2.00,2,0,8224x5140,L,2
24410,9.867,0.000,0.359,0.034,0.000,0.011,0.062,0.000,7.076,0.021,7.013,0.042,8120,15600,,2.00,2,0,8224x5140,L,2
24411,9.442,0.788,0.323,0.042,0.000,0.011,0.047,0.000,7.071,0.028,6.998,0.045,8120,15600,,2.00,2,0,8224x5140,L,2
24412,9.463,0.780,0.326,0.032,0.000,0.013,0.075,0.000,7.076,0.024,7.007,0.044,8120,15600,,2.00,2,0,8224x5140,L,2
24413,9.935,0.000,0.396,0.037,0.000,0.012,0.066,0.000,7.100,0.021,7.034,0.045,8120,15600,,2.00,2,0,8224x5140,L,2
24414,9.633,0.891,0.380,0.037,0.000,0.012,0.045,0.000,7.054,0.029,6.981,0.045,8120,15600,,2.00,2,0,8224x5140,L,2
24415,9.945,0.000,0.396,0.038,0.000,0.011,0.076,0.000,7.099,0.042,7.013,0.044,8120,15600,,2.00,2,0,8224x5140,L,2
24416,9.830,0.958,0.424,0.045,0.000,0.014,0.079,0.000,7.020,0.014,6.962,0.044,8120,15600,,2.00,2,0,8224x5140,L,2
24417,9.829,0.997,0.421,0.049,0.000,0.017,0.052,0.000,7.053,0.038,6.972,0.042,8120,15600,,2.00,2,0,8224x5140,L,2
24418,9.957,0.000,0.430,0.044,0.000,0.013,0.055,0.000,7.082,0.024,7.014,0.044,8120,15600,,2.00,2,0,8224x5140,L,2
24419,9.873,0.975,0.434,0.044,0.000,0.017,0.077,0.000,7.066,0.036,6.989,0.042,8120,15600,,2.00,2,0,8224x5140,L,2
24420,10.110,0.000,0.494,0.051,0.000,0.020,0.087,0.000,7.036,0.033,6.960,0.043,8120,15600,,2.00,2,0,8224x5140,L,2
24421,10.886,1.147,0.491,0.053,0.000,0.019,0.183,0.000,6.990,0.027,6.921,0.042,8120,15600,,2.00,2,0,8224x5140,L,2
24422,10.081,1.583,0.550,0.120,0.000,0.036,0.112,0.000,7.040,0.043,6.956,0.042,8120,15600,,2.00,2,0,8224x5140,L,2
24423,10.923,0.000,0.605,0.125,0.000,0.031,0.230,0.000,7.037,0.013,6.983,0.041,8120,15600,,2.00,2,0,8224x5140,L,2
24424,10.206,1.794,0.580,0.128,0.000,0.036,0.118,0.000,7.019,0.015,6.963,0.041,8120,15600,,2.00,2,0,8224x5140,L,2
24425,11.094,0.001,0.695,0.124,0.000,0.035,0.232,0.000,7.034,0.014,6.979,0.042,8120,15600,,2.00,2,0,8224x5140,L,2
24426,10.826,2.057,0.656,0.163,0.000,0.051,0.140,0.000,7.011,0.021,6.948,0.042,8120,15600,,2.00,2,0,8224x5140,L,2
24427,10.623,2.035,0.745,0.127,0.000,0.036,0.121,0.000,6.887,0.038,6.808,0.041,8120,15600,,2.00,2,0,8224x5140,L,2
24428,10.232,0.000,0.914,0.137,0.000,0.037,0.149,0.000,7.132,0.076,7.015,0.041,8120,15600,,2.00,2,0,8224x5140,L,2
24429,10.449,1.971,0.620,0.114,0.000,0.029,0.143,0.000,6.986,0.013,6.931,0.041,8120,15600,,2.00,2,0,8224x5140,L,2
24430,10.915,2.033,0.749,0.126,0.000,0.034,0.172,0.000,7.132,0.077,7.014,0.042,8120,15600,,2.00,2,0,8224x5140,L,2
24431,11.295,0.001,0.877,0.137,0.000,0.040,0.205,0.000,0.062,0.020,0.000,0.042,8120,15600,,2.00,2,0,8224x5140,L,2
24432,10.132,2.034,0.698,0.128,0.000,0.040,0.084,0.000,6.910,0.031,6.836,0.042,8120,15600,,2.00,2,0,8224x5140,L,2
24433,9.870,1.028,0.421,0.057,0.000,0.016,0.067,0.000,7.041,0.028,6.971,0.042,8120,15600,,2.00,2,0,8224x5140,L,2
24434,9.964,0.000,0.421,0.051,0.000,0.017,0.078,0.000,6.967,0.014,6.910,0.044,8120,15600,,2.00,2,0,8224x5140,L,2
24435,9.617,0.861,0.369,0.047,0.000,0.013,0.050,0.000,7.000,0.025,6.931,0.044,8120,15600,,2.00,2,0,8224x5140,L,2
24436,9.936,0.000,0.402,0.042,0.000,0.012,0.063,0.000,7.111,0.046,7.022,0.043,8120,15600,,2.00,2,0,8224x5140,L,2
24437,9.816,0.970,0.422,0.047,0.000,0.012,0.061,0.000,7.002,0.013,6.947,0.042,8120,15600,,2.00,2,0,8224x5140,L,2
24438,9.845,0.980,0.446,0.047,0.000,0.016,0.060,0.000,7.013,0.014,6.956,0.042,8120,15600,,2.00,2,0,8224x5140,L,2
24439,9.995,0.000,0.420,0.043,0.000,0.012,0.083,0.000,7.061,0.025,6.993,0.043,8120,15600,,2.00,2,0,8224x5140,L,2
24440,9.995,1.005,0.467,0.051,0.000,0.016,0.085,0.000,7.000,0.014,6.944,0.043,8120,15600,,2.00,2,0,8224x5140,L,2
24441,10.140,0.000,0.492,0.056,0.000,0.022,0.082,0.000,7.034,0.022,6.967,0.045,8120,15600,,2.00,2,0,8224x5140,L,2
24442,10.186,1.184,0.530,0.051,0.000,0.019,0.073,0.000,7.000,0.014,6.940,0.046,8120,15600,,2.00,2,0,8224x5140,L,2
24443,10.076,1.081,0.507,0.058,0.000,0.016,0.075,0.000,7.017,0.014,6.959,0.044,8120,15600,,2.00,2,0,8224x5140,L,2
24444,10.188,0.000,0.517,0.050,0.000,0.019,0.090,0.000,7.115,0.027,7.044,0.045,8120,15600,,2.00,2,0,8224x5140,L,2
24445,10.226,1.174,0.505,0.055,0.000,0.016,0.092,0.000,7.118,0.083,6.993,0.042,8120,15600,,2.00,2,0,8224x5140,L,2
24446,10.827,0.000,0.517,0.059,0.000,0.017,0.185,0.000,7.100,0.014,7.045,0.041,8120,15600,,2.00,2,0,8224x5140,L,2
24447,11.158,1.474,0.577,0.128,0.000,0.039,0.141,0.000,7.032,0.014,6.976,0.042,8120,15600,,2.00,2,0,8224x5140,L,2
24448,10.578,1.364,0.599,0.091,0.000,0.030,0.085,0.000,7.000,0.029,6.929,0.042,8120,15600,,2.00,2,0,8224x5140,L,2
24449,10.282,0.000,0.627,0.088,0.000,0.023,0.063,0.000,7.120,0.067,7.012,0.042,8120,15600,,2.00,2,0,8224x5140,L,2
24450,10.166,1.161,0.529,0.055,0.000,0.015,0.077,0.000,7.027,0.036,6.950,0.042,8120,15600,,2.00,2,0,8224x5140,L,2
24451,10.241,1.147,0.477,0.050,0.000,0.015,0.101,0.000,6.987,0.038,6.905,0.044,8120,15600,,2.00,2,0,8224x5140,L,2
24452,10.751,0.000,0.574,0.076,0.000,0.027,0.120,0.000,7.127,0.068,7.018,0.041,8120,15600,,2.00,2,0,8224x5140,L,2
24453,9.799,1.562,0.602,0.122,0.000,0.039,0.093,0.000,7.134,0.078,7.011,0.045,8120,15600,,2.00,2,0,8224x5140,L,2
24454,10.778,0.000,0.558,0.069,0.000,0.026,0.125,0.000,6.944,0.014,6.886,0.045,8120,15600,,2.00,2,0,8224x5140,L,2
24455,11.109,1.540,0.553,0.120,0.000,0.037,0.111,0.000,7.026,0.015,6.968,0.042,8120,15600,,2.00,2,0,8224x5140,L,2
24456,11.435,1.517,0.586,0.119,0.000,0.034,0.203,0.000,7.113,0.053,7.018,0.041,8120,15600,,2.00,2,0,8224x5140,L,2
24457,10.981,0.001,0.767,0.151,0.000,0.036,0.116,0.000,7.037,0.035,6.960,0.042,8120,15600,,2.00,2,0,8224x5140,L,2
24458,11.818,1.504,0.633,0.125,0.000,0.038,0.228,0.000,7.191,0.082,7.068,0.042,8120,15600,,2.00,2,0,8224x5140,L,2
24459,10.064,1.501,0.643,0.133,0.000,0.036,0.113,0.000,7.007,0.034,6.931,0.042,8120,15600,,2.00,2,0,8224x5140,L,2
24460,10.898,0.000,0.581,0.126,0.000,0.034,0.144,0.000,7.094,0.014,7.038,0.042,8120,15600,,2.00,2,0,8224x5140,L,2
24461,9.977,1.533,0.598,0.122,0.000,0.033,0.111,0.000,6.989,0.015,6.932,0.042,8120,15600,,2.00,2,0,8224x5140,L,2
24462,10.282,1.667,0.661,0.130,0.000,0.033,0.124,0.000,7.061,0.013,7.006,0.042,8120,15600,,2.00,2,0,8224x5140,L,2
24463,11.637,0.000,0.698,0.128,0.000,0.033,0.289,0.000,7.038,0.013,6.984,0.041,8120,15600,,2.00,2,0,8224x5140,L,2
24464,10.139,2.021,0.642,0.126,0.000,0.036,0.106,0.000,6.984,0.018,6.925,0.042,8120,15600,,2.00,2,0,8224x5140,L,2
24465,10.044,0.991,0.498,0.090,0.000,0.027,0.085,0.000,7.110,0.013,7.055,0.041,8120,15600,,2.00,2,0,8224x5140,L,2
24466,10.115,0.000,0.411,0.073,0.000,0.017,0.058,0.000,7.096,0.014,7.039,0.043,8120,15600,,2.00,2,0,8224x5140,L,2
24467,9.718,0.884,0.341,0.066,0.000,0.017,0.065,0.000,7.055,0.033,6.981,0.041,8120,15600,,2.00,2,0,8224x5140,L,2
24468,9.818,0.000,0.354,0.060,0.000,0.014,0.056,0.000,7.041,0.014,6.985,0.041,8120,15600,,2.00,2,0,8224x5140,L,2
24469,9.549,0.920,0.314,0.046,0.000,0.011,0.073,0.000,7.096,0.025,7.029,0.041,8120,15600,,2.00,2,0,8224x5140,L,2
24470,9.358,0.770,0.318,0.041,0.000,0.010,0.059,0.000,7.089,0.030,7.015,0.043,8120,15600,,2.00,2,0,8224x5140,L,2
24471,9.825,0.000,0.330,0.041,0.000,0.012,0.046,0.000,7.080,0.024,7.014,0.043,8120,15600,,2.00,2,0,8224x5140,L,2
24472,9.396,0.780,0.306,0.034,0.000,0.014,0.052,0.000,7.064,0.025,6.997,0.042,8120,15600,,2.00,2,0,8224x5140,L,2
24473,9.692,0.000,0.313,0.045,0.000,0.010,0.052,0.000,7.081,0.014,7.024,0.042,8120,15600,,2.00,2,0,8224x5140,L,2
24474,9.265,0.625,0.291,0.039,0.000,0.011,0.049,0.000,7.165,0.028,7.096,0.042,8120,15600,,2.00,2,0,8224x5140,L,2
24475,9.649,0.000,0.265,0.058,0.000,0.012,0.043,0.000,7.087,0.014,7.032,0.041,8120,15600,,2.00,2,0,8224x5140,L,2
24476,9.020,0.520,0.273,0.043,0.000,0.013,0.035,0.000,7.075,0.024,7.009,0.041,8120,15600,,2.00,2,0,8224x5140,L,2
24477,8.908,0.485,0.236,0.033,0.000,0.008,0.033,0.000,7.085,0.023,7.020,0.042,8120,15600,,2.00,2,0,8224x5140,L,2
24478,9.710,0.000,0.398,0.037,0.000,0.009,0.037,0.000,7.105,0.017,7.047,0.041,8120,15600,,2.00,2,0,8224x5140,L,2
24479,8.878,0.475,0.206,0.030,0.000,0.007,0.039,0.000,7.101,0.041,7.019,0.041,8120,15600,,2.00,2,0,8224x5140,L,2
24480,9.558,0.000,0.241,0.033,0.000,0.008,0.045,0.000,7.075,0.026,7.008,0.041,8120,15600,,2.00,2,0,8224x5140,L,2
24481,9.194,0.602,0.220,0.034,0.000,0.009,0.053,0.000,7.141,0.045,7.055,0.042,8120,15600,,2.00,2,0,8224x5140,L,2
24482,9.820,0.000,0.291,0.055,0.000,0.015,0.056,0.000,7.119,0.031,7.047,0.041,8120,15600,,2.00,2,0,8224x5140,L,2
24483,9.094,0.553,0.231,0.047,0.000,0.012,0.062,0.000,7.107,0.024,7.041,0.042,8120,15600,,2.00,2,0,8224x5140,L,2
24484,9.770,0.000,0.284,0.049,0.000,0.012,0.038,0.000,7.108,0.014,7.052,0.042,8120,15600,,2.00,2,0,8224x5140,L,2
24485,9.041,0.597,0.211,0.029,0.000,0.008,0.051,0.000,7.075,0.026,7.005,0.045,8120,15600,,2.00,2,0,8224x5140,L,2
24486,9.100,0.622,0.227,0.025,0.000,0.008,0.055,0.000,7.110,0.038,7.027,0.045,8120,15600,,2.00,2,0,8224x5140,L,2
24487,9.721,0.000,0.288,0.032,0.000,0.011,0.035,0.000,7.080,0.023,7.017,0.041,8120,15600,,2.00,2,0,8224x5140,L,2
24488,9.034,0.595,0.222,0.027,0.000,0.008,0.037,0.000,7.112,0.027,7.041,0.045,8120,15600,,2.00,2,0,8224x5140,L,2
24489,9.727,0.000,0.277,0.029,0.000,0.008,0.039,0.000,7.148,0.036,7.067,0.045,8120,15600,,2.00,2,0,8224x5140,L,2
24490,9.335,0.574,0.290,0.046,0.000,0.013,0.058,0.000,7.089,0.023,7.023,0.043,8120,15600,,2.00,2,0,8224x5140,L,2
24491,9.832,0.000,0.320,0.056,0.000,0.013,0.056,0.000,7.073,0.035,6.996,0.042,8120,15600,,2.00,2,0,8224x5140,L,2
24492,9.172,0.628,0.273,0.043,0.000,0.012,0.037,0.000,7.063,0.030,6.987,0.045,8120,15600,,2.00,2,0,8224x5140,L,2
24493,9.374,0.807,0.276,0.031,0.000,0.010,0.070,0.000,7.074,0.025,7.004,0.045,8120,15600,,2.00,2,0,8224x5140,L,2
24494,9.865,0.000,0.332,0.041,0.000,0.013,0.051,0.000,7.098,0.046,7.007,0.045,8120,15600,,2.00,2,0,8224x5140,L,2
24495,9.597,0.843,0.289,0.039,0.000,0.011,0.048,0.000,7.092,0.031,7.018,0.042,8120,15600,,2.00,2,0,8224x5140,L,2
24496,9.841,0.000,0.346,0.031,0.000,0.009,0.064,0.000,7.060,0.026,6.992,0.042,8120,15600,,2.00,2,0,8224x5140,L,2
24497,9.424,0.804,0.309,0.035,0.000,0.011,0.039,0.000,7.106,0.038,7.026,0.042,8120,15600,,2.00,2,0,8224x5140,L,2
24498,9.873,0.000,0.339,0.033,0.000,0.010,0.053,0.000,7.119,0.040,7.037,0.042,8120,15600,,2.00,2,0,8224x5140,L,2
24499,9.635,0.926,0.301,0.036,0.000,0.012,0.076,0.000,7.086,0.017,7.025,0.044,8120,15600,,2.00,2,0,8224x5140,L,2
24500,9.569,0.864,0.340,0.039,0.000,0.013,0.046,0.000,7.115,0.042,7.030,0.043,8120,15600,,2.00,2,0,8224x5140,L,2
24501,9.846,0.000,0.361,0.036,0.000,0.012,0.065,0.000,7.112,0.038,7.032,0.042,8120,15600,,2.00,2,0,8224x5140,L,2
24502,9.509,0.810,0.330,0.034,0.000,0.011,0.049,0.000,7.113,0.046,7.024,0.042,8120,15600,,2.00,2,0,8224x5140,L,2
24503,9.945,0.000,0.383,0.038,0.000,0.012,0.068,0.000,7.064,0.024,6.998,0.042,8120,15600,,2.00,2,0,8224x5140,L,2
24504,9.744,0.972,0.366,0.048,0.000,0.013,0.075,0.000,7.074,0.023,7.005,0.046,8120,15600,,2.00,2,0,8224x5140,L,2
24505,9.744,0.911,0.401,0.041,0.000,0.013,0.060,0.000,7.064,0.024,6.996,0.044,8120,15600,,2.00,2,0,8224x5140,L,2
24506,10.032,0.000,0.439,0.042,0.000,0.014,0.068,0.000,7.050,0.024,6.982,0.044,8120,15600,,2.00,2,0,8224x5140,L,2
24507,9.794,0.974,0.431,0.043,0.000,0.013,0.048,0.000,7.092,0.027,7.024,0.041,8120,15600,,2.00,2,0,8224x5140,L,2
24508,10.075,0.000,0.420,0.045,0.000,0.013,0.075,0.000,7.115,0.036,7.036,0.042,8120,15600,,2.00,2,0,8224x5140,L,2
24509,9.927,1.051,0.422,0.067,0.000,0.018,0.082,0.000,6.969,0.014,6.914,0.041,8120,15600,,2.00,2,0,8224x5140,L,2
24510,10.177,0.000,0.515,0.058,0.000,0.023,0.082,0.000,7.035,0.014,6.980,0.041,8120,15600,,2.00,2,0,8224x5140,L,2
24511,10.109,1.156,0.487,0.054,0.000,0.015,0.064,0.000,7.079,0.022,7.012,0.044,8120,15600,,2.00,2,0,8224x5140,L,2
24512,10.181,1.157,0.516,0.080,0.000,0.015,0.065,0.000,7.054,0.034,6.975,0.045,8120,15600,,2.00,2,0,8224x5140,L,2
24513,10.804,0.000,0.515,0.096,0.000,0.029,0.129,0.000,7.130,0.080,7.008,0.041,8120,15600,,2.00,2,0,8224x5140,L,2
24514,9.689,1.447,0.625,0.140,0.000,0.040,0.091,0.000,6.925,0.036,6.847,0.041,8120,15600,,2.00,2,0,8224x5140,L,2
24515,9.481,1.587,0.509,0.071,0.000,0.020,0.081,0.000,7.052,0.014,6.995,0.044,8120,15600,,2.00,2,0,8224x5140,L,2
24516,10.768,0.000,0.508,0.059,0.000,0.018,0.169,0.000,6.997,0.029,6.922,0.046,8120,15600,,2.00,2,0,8224x5140,L,2
24517,11.690,1.531,0.631,0.131,0.000,0.042,0.315,0.000,6.893,0.036,6.815,0.042,8120,15600,,2.00,2,0,8224x5140,L,2
24518,11.288,0.001,0.848,0.145,0.000,0.048,0.143,0.000,6.967,0.015,6.910,0.042,8120,15600,,2.00,2,0,8224x5140,L,2
24519,10.338,1.652,0.688,0.146,0.000,0.044,0.152,0.000,6.988,0.015,6.931,0.042,8120,15600,,2.00,2,0,8224x5140,L,2
24520,10.060,1.573,0.606,0.128,0.000,0.041,0.138,0.000,6.987,0.014,6.932,0.041,8120,15600,,2.00,2,0,8224x5140,L,2
24521,11.005,0.000,0.663,0.130,0.000,0.038,0.125,0.000,7.792,0.505,7.246,0.041,8120,15600,,2.00,2,0,8224x5140,L,2
24522,10.351,1.808,0.669,0.127,0.000,0.044,0.153,0.000,6.908,0.022,6.845,0.042,8120,15600,,2.00,2,0,8224x5140,L,2
24523,10.301,1.632,0.646,0.139,0.000,0.037,0.130,0.000,6.983,0.013,6.928,0.041,8120,15600,,2.00,2,0,8224x5140,L,2
24524,11.275,0.001,0.678,0.135,0.000,0.039,0.214,0.000,7.002,0.014,6.948,0.041,8120,15600,,2.00,2,0,8224x5140,L,2
24525,10.329,1.646,0.683,0.140,0.000,0.047,0.130,0.000,6.950,0.018,6.891,0.041,8120,15600,,2.00,2,0,8224x5140,L,2
24526,10.045,1.632,0.671,0.126,0.000,0.040,0.116,0.000,6.982,0.013,6.928,0.041,8120,15600,,2.00,2,0,8224x5140,L,2
24527,10.899,0.000,0.674,0.124,0.000,0.037,0.162,0.000,7.016,0.013,6.962,0.041,8120,15600,,2.00,2,0,8224x5140,L,2
24528,10.267,1.754,0.600,0.111,0.000,0.034,0.138,0.000,6.951,0.032,6.878,0.042,8120,15600,,2.00,2,0,8224x5140,L,2
24529,11.108,0.000,0.705,0.122,0.000,0.034,0.246,0.000,7.018,0.014,6.964,0.041,8120,15600,,2.00,2,0,8224x5140,L,2
24530,10.177,1.694,0.606,0.122,0.000,0.033,0.111,0.000,6.892,0.030,6.819,0.042,8120,15600,,2.00,2,0,8224x5140,L,2
24531,10.492,1.721,0.673,0.137,0.000,0.035,0.151,0.000,6.997,0.013,6.942,0.042,8120,15600,,2.00,2,0,8224x5140,L,2
24532,12.700,0.000,1.009,0.134,0.000,0.040,0.146,0.000,8.894,0.077,8.776,0.041,8120,15600,,2.00,2,0,8224x5140,L,2
24533,10.931,2.153,0.791,0.152,0.000,0.045,0.138,0.000,6.966,0.035,6.891,0.041,8120,15600,,2.00,2,0,8224x5140,L,2
24534,10.313,1.805,0.630,0.117,0.000,0.039,0.156,0.000,6.953,0.015,6.894,0.044,8120,15600,,2.00,2,0,8224x5140,L,2
24535,10.900,0.000,0.706,0.134,0.000,0.038,0.130,0.000,7.026,0.014,6.969,0.043,8120,15600,,2.00,2,0,8224x5140,L,2
24536,10.537,2.018,0.590,0.112,0.000,0.035,0.114,0.000,6.928,0.015,6.872,0.041,8120,15600,,2.00,2,0,8224x5140,L,2
24537,10.387,1.844,0.638,0.118,0.000,0.038,0.135,0.000,7.012,0.014,6.957,0.041,8120,15600,,2.00,2,0,8224x5140,L,2
24538,11.271,0.000,0.867,0.118,0.000,0.046,0.202,0.000,7.161,0.080,7.038,0.042,8120,15600,,2.00,2,0,8224x5140,L,2
24539,10.248,1.670,0.641,0.124,0.000,0.037,0.119,0.000,6.930,0.034,6.855,0.041,8120,15600,,2.00,2,0,8224x5140,L,2
24540,9.955,1.629,0.682,0.123,0.000,0.041,0.099,0.000,7.036,0.014,6.982,0.041,8120,15600,,2.00,2,0,8224x5140,L,2
24541,10.158,0.000,0.475,0.087,0.000,0.022,0.076,0.000,7.101,0.013,7.046,0.042,8120,15600,,2.00,2,0,8224x5140,L,2
24542,9.889,1.017,0.391,0.063,0.000,0.015,0.087,0.000,7.084,0.043,6.999,0.042,8120,15600,,2.00,2,0,8224x5140,L,2
24543,10.026,0.000,0.417,0.048,0.000,0.015,0.071,0.000,7.080,0.039,6.997,0.044,8120,15600,,2.00,2,0,8224x5140,L,2
24544,11.254,1.270,0.409,0.045,0.000,0.023,0.066,0.000,7.616,0.043,7.026,0.546,8120,15600,,2.00,2,0,8224x5140,L,2
24545,10.008,1.073,0.457,0.047,0.000,0.017,0.082,0.000,7.597,0.024,7.011,0.562,8120,15600,,2.00,2,0,8224x5140,L,2
24546,10.133,0.000,0.486,0.058,0.000,0.017,0.078,0.000,6.972,0.013,6.913,0.046,8120,15600,,2.00,2,0,8224x5140,L,2
24547,10.168,1.235,0.429,0.052,0.000,0.014,0.071,0.000,7.070,0.017,7.008,0.045,8120,15600,,2.00,2,0,8224x5140,L,2
24548,10.260,1.286,0.500,0.049,0.000,0.016,0.065,0.000,7.120,0.066,7.011,0.043,8120,15600,,2.00,2,0,8224x5140,L,2
24549,10.181,0.000,0.507,0.054,0.000,0.021,0.069,0.000,7.076,0.026,7.005,0.045,8120,15600,,2.00,2,0,8224x5140,L,2
24550,10.179,1.207,0.486,0.055,0.000,0.016,0.085,0.000,7.132,0.066,7.021,0.045,8120,15600,,2.00,2,0,8224x5140,L,2
24551,11.105,0.000,0.502,0.059,0.000,0.015,0.198,0.000,7.015,0.027,6.944,0.044,8120,15600,,2.00,2,0,8224x5140,L,2
24552,11.535,1.659,0.589,0.123,0.000,0.040,0.202,0.000,6.901,0.020,6.840,0.041,8120,15600,,2.00,2,0,8224x5140,L,2
24553,10.077,1.552,0.593,0.115,0.000,0.034,0.117,0.000,6.974,0.036,6.896,0.042,8120,15600,,2.00,2,0,8224x5140,L,2
24554,10.965,0.001,0.606,0.119,0.000,0.034,0.212,0.000,7.014,0.014,6.957,0.042,8120,15600,,2.00,2,0,8224x5140,L,2
24555,10.395,1.736,0.690,0.123,0.000,0.036,0.116,0.000,6.879,0.039,6.799,0.041,8120,15600,,2.00,2,0,8224x5140,L,2
24556,10.319,1.741,0.672,0.145,0.000,0.038,0.147,0.000,6.971,0.014,6.916,0.042,8120,15600,,2.00,2,0,8224x5140,L,2
24557,9.955,0.001,0.754,0.125,0.000,0.034,0.130,0.000,7.010,0.013,6.955,0.042,8120,15600,,2.00,2,0,8224x5140,L,2
24558,9.938,1.872,0.645,0.129,0.000,0.039,0.104,0.000,7.035,0.014,6.979,0.042,8120,15600,,2.00,2,0,8224x5140,L,2
24559,9.954,0.000,0.445,0.061,0.000,0.017,0.054,0.000,6.957,0.014,6.902,0.041,8120,15600,,2.00,2,0,8224x5140,L,2
24560,9.526,0.872,0.337,0.042,0.000,0.011,0.046,0.000,7.077,0.025,7.010,0.041,8120,15600,,2.00,2,0,8224x5140,L,2
24561,9.466,0.908,0.313,0.042,0.000,0.014,0.050,0.000,7.025,0.013,6.970,0.041,8120,15600,,2.00,2,0,8224x5140,L,2
24562,9.640,0.000,0.296,0.031,0.000,0.010,0.054,0.000,7.090,0.041,7.007,0.043,8120,15600,,2.00,2,0,8224x5140,L,2
24563,9.223,0.601,0.267,0.038,0.000,0.012,0.043,0.000,7.074,0.029,7.003,0.041,8120,15600,,2.00,2,0,8224x5140,L,2
24564,9.720,0.000,0.284,0.052,0.000,0.012,0.062,0.000,7.117,0.026,7.047,0.044,8120,15600,,2.00,2,0,8224x5140,L,2
24565,9.258,0.651,0.257,0.054,0.000,0.013,0.046,0.000,7.143,0.014,7.088,0.041,8120,15600,,2.00,2,0,8224x5140,L,2
24566,9.671,0.000,0.292,0.054,0.000,0.013,0.031,0.000,7.090,0.032,7.016,0.042,8120,15600,,2.00,2,0,8224x5140,L,2
24567,8.969,0.544,0.228,0.036,0.000,0.009,0.041,0.000,7.099,0.017,7.040,0.042,8120,15600,,2.00,2,0,8224x5140,L,2
24568,8.945,0.510,0.230,0.032,0.000,0.007,0.050,0.000,7.107,0.044,7.022,0.042,8120,15600,,2.00,2,0,8224x5140,L,2
24569,10.747,0.000,0.271,0.035,0.000,0.010,0.040,0.000,8.748,0.023,7.040,1.684,8120,15600,,2.00,2,0,8224x5140,L,2
24570,9.155,0.641,0.259,0.028,0.000,0.008,0.055,0.000,6.938,0.028,6.839,0.071,8120,15600,,2.00,2,0,8224x5140,L,2
24571,9.684,0.000,0.292,0.037,0.000,0.014,0.044,0.000,7.112,0.032,7.038,0.042,8120,15600,,2.00,2,0,8224x5140,L,2
24572,9.149,0.606,0.229,0.041,0.000,0.011,0.049,0.000,7.129,0.038,7.050,0.042,8120,15600,,2.00,2,0,8224x5140,L,2
24573,9.743,0.000,0.410,0.033,0.000,0.008,0.030,0.000,7.104,0.014,7.048,0.042,8120,15600,,2.00,2,0,8224x5140,L,2
24574,8.900,0.526,0.213,0.028,0.000,0.007,0.031,0.000,7.110,0.024,7.043,0.043,8120,15600,,2.00,2,0,8224x5140,L,2
24575,10.070,0.485,0.216,0.025,0.000,0.007,0.035,0.000,7.091,0.023,7.027,0.042,8120,15600,,2.00,2,0,8224x5140,L,2
24576,9.600,0.000,0.235,0.025,0.000,0.008,0.039,0.000,7.071,0.020,7.010,0.041,8120,15600,,2.00,2,0,8224x5140,L,2
24577,8.991,0.581,0.221,0.035,0.000,0.010,0.034,0.000,7.010,0.027,6.942,0.041,8120,15600,,2.00,2,0,8224x5140,L,2
24578,9.553,0.000,0.260,0.029,0.000,0.009,0.037,0.000,7.097,0.026,7.030,0.042,8120,15600,,2.00,2,0,8224x5140,L,2
24579,8.953,0.526,0.216,0.026,0.000,0.007,0.047,0.000,7.109,0.030,7.037,0.041,8120,15600,,2.00,2,0,8224x5140,L,2
24580,9.662,0.000,0.313,0.025,0.000,0.008,0.034,0.000,7.092,0.027,7.024,0.041,8120,15600,,2.00,2,0,8224x5140,L,2
24581,8.853,0.448,0.220,0.025,0.000,0.007,0.040,0.000,7.121,0.038,7.038,0.044,8120,15600,,2.00,2,0,8224x5140,L,2
24582,8.995,0.506,0.275,0.024,0.000,0.011,0.031,0.000,7.073,0.022,7.009,0.042,8120,15600,,2.00,2,0,8224x5140,L,2
24583,9.729,0.000,0.309,0.029,0.000,0.011,0.043,0.000,7.062,0.024,6.997,0.042,8120,15600,,2.00,2,0,8224x5140,L,2
24584,9.047,0.619,0.223,0.024,0.000,0.008,0.037,0.000,7.061,0.016,7.003,0.041,8120,15600,,2.00,2,0,8224x5140,L,2
24585,9.653,0.000,0.285,0.028,0.000,0.010,0.034,0.000,7.064,0.031,6.991,0.042,8120,15600,,2.00,2,0,8224x5140,L,2
24586,9.093,0.605,0.243,0.024,0.000,0.007,0.040,0.000,7.051,0.023,6.987,0.041,8120,15600,,2.00,2,0,8224x5140,L,2
24587,9.752,0.000,0.316,0.035,0.000,0.012,0.041,0.000,7.101,0.021,7.037,0.042,8120,15600,,2.00,2,0,8224x5140,L,2
24588,9.037,0.575,0.238,0.026,0.000,0.008,0.049,0.000,7.098,0.037,7.017,0.044,8120,15600,,2.00,2,0,8224x5140,L,2
24589,9.812,0.000,0.306,0.030,0.000,0.012,0.056,0.000,7.073,0.027,7.004,0.042,8120,15600,,2.00,2,0,8224x5140,L,2
24590,9.215,0.688,0.280,0.039,0.000,0.012,0.041,0.000,7.108,0.022,7.041,0.044,8120,15600,,2.00,2,0,8224x5140,L,2
24591,9.336,0.620,0.264,0.035,0.000,0.009,0.066,0.000,7.087,0.033,7.012,0.041,8120,15600,,2.00,2,0,8224x5140,L,2
24592,9.913,0.000,0.342,0.062,0.000,0.016,0.108,0.000,7.080,0.014,7.024,0.042,8120,15600,,2.00,2,0,8224x5140,L,2
24593,9.373,0.621,0.297,0.045,0.000,0.011,0.052,0.000,7.143,0.029,7.072,0.042,8120,15600,,2.00,2,0,8224x5140,L,2
24594,9.982,0.000,0.326,0.059,0.000,0.015,0.095,0.000,7.056,0.014,7.000,0.042,8120,15600,,2.00,2,0,8224x5140,L,2
24595,9.599,0.795,0.353,0.080,0.000,0.022,0.063,0.000,7.068,0.013,7.013,0.041,8120,15600,,2.00,2,0,8224x5140,L,2
24596,9.863,0.000,0.362,0.067,0.000,0.016,0.054,0.000,7.057,0.030,6.986,0.042,8120,15600,,2.00,2,0,8224x5140,L,2
24597,9.377,0.700,0.326,0.041,0.000,0.011,0.075,0.000,7.048,0.014,6.990,0.044,8120,15600,,2.00,2,0,8224x5140,L,2
24598,9.872,0.998,0.362,0.047,0.000,0.016,0.061,0.000,7.098,0.024,7.031,0.042,8120,15600,,2.00,2,0,8224x5140,L,2
24599,9.885,0.000,0.386,0.046,0.000,0.015,0.061,0.000,6.991,0.013,6.933,0.045,8120,15600,,2.00,2,0,8224x5140,L,2
24600,9.789,1.027,0.350,0.046,0.000,0.014,0.058,0.000,6.992,0.035,6.914,0.042,8120,15600,,2.00,2,0,8224x5140,L,2
24601,9.957,0.000,0.356,0.038,0.000,0.013,0.071,0.000,7.119,0.038,7.039,0.042,8120,15600,,2.00,2,0,8224x5140,L,2
24602,9.724,0.940,0.362,0.043,0.000,0.014,0.067,0.000,7.075,0.025,7.005,0.045,8120,15600,,2.00,2,0,8224x5140,L,2
24603,9.655,0.912,0.367,0.042,0.000,0.013,0.079,0.000,6.990,0.014,6.934,0.042,8120,15600,,2.00,2,0,8224x5140,L,2
24604,9.964,0.000,0.404,0.041,0.000,0.015,0.065,0.000,7.061,0.031,6.988,0.042,8120,15600,,2.00,2,0,8224x5140,L,2
24605,9.826,0.977,0.380,0.043,0.000,0.013,0.083,0.000,7.065,0.029,6.992,0.044,8120,15600,,2.00,2,0,8224x5140,L,2
24606,10.197,0.000,0.431,0.043,0.000,0.015,0.087,0.000,7.039,0.013,6.984,0.042,8120,15600,,2.00,2,0,8224x5140,L,2
24607,10.067,1.115,0.406,0.075,0.000,0.019,0.078,0.000,7.020,0.036,6.941,0.042,8120,15600,,2.00,2,0,8224x5140,L,2
24608,9.534,0.773,0.344,0.049,0.000,0.013,0.056,0.000,7.022,0.014,6.963,0.045,8120,15600,,2.00,2,0,8224x5140,L,2
24609,10.089,0.000,0.397,0.034,0.000,0.010,0.121,0.000,7.048,0.025,6.980,0.043,8120,15600,,2.00,2,0,8224x5140,L,2
24610,9.833,0.995,0.398,0.047,0.000,0.014,0.066,0.000,7.014,0.025,6.947,0.042,8120,15600,,2.00,2,0,8224x5140,L,2
24611,9.941,0.000,0.409,0.041,0.000,0.013,0.050,0.000,7.104,0.044,7.015,0.045,8120,15600,,2.00,2,0,8224x5140,L,2
24612,9.683,0.905,0.384,0.044,0.000,0.013,0.083,0.000,7.116,0.046,7.025,0.045,8120,15600,,2.00,2,0,8224x5140,L,2
24613,9.730,0.873,0.373,0.047,0.000,0.015,0.072,0.000,6.972,0.014,6.911,0.047,8120,15600,,2.00,2,0,8224x5140,L,2
24614,10.036,0.000,0.439,0.047,0.000,0.015,0.068,0.000,7.027,0.014,6.971,0.042,8120,15600,,2.00,2,0,8224x5140,L,2
24615,9.898,1.014,0.441,0.047,0.000,0.014,0.065,0.000,7.036,0.028,6.966,0.042,8120,15600,,2.00,2,0,8224x5140,L,2
24616,10.091,0.000,0.439,0.042,0.000,0.014,0.084,0.000,7.037,0.045,6.948,0.044,8120,15600,,2.00,2,0,8224x5140,L,2
24617,10.173,1.183,0.491,0.056,0.000,0.023,0.078,0.000,7.057,0.025,6.990,0.042,8120,15600,,2.00,2,0,8224x5140,L,2
24618,10.154,1.173,0.490,0.055,0.000,0.017,0.079,0.000,7.025,0.028,6.955,0.042,8120,15600,,2.00,2,0,8224x5140,L,2
24619,10.948,0.000,0.491,0.056,0.000,0.016,0.198,0.000,7.095,0.024,7.027,0.044,8120,15600,,2.00,2,0,8224x5140,L,2
24620,10.003,1.540,0.569,0.124,0.000,0.038,0.108,0.000,7.076,0.073,6.962,0.042,8120,15600,,2.00,2,0,8224x5140,L,2
24621,10.788,0.000,0.588,0.122,0.000,0.032,0.112,0.000,7.080,0.014,7.025,0.041,8120,15600,,2.00,2,0,8224x5140,L,2
24622,10.092,1.741,0.552,0.107,0.000,0.030,0.107,0.000,6.960,0.015,6.903,0.042,8120,15600,,2.00,2,0,8224x5140,L,2
24623,9.956,1.518,0.573,0.063,0.000,0.026,0.116,0.000,7.079,0.014,7.023,0.042,8120,15600,,2.00,2,0,8224x5140,L,2
24624,9.732,0.000,0.617,0.122,0.000,0.037,0.122,0.000,6.972,0.014,6.917,0.041,8120,15600,,2.00,2,0,8224x5140,L,2
24625,10.119,1.612,0.566,0.118,0.000,0.032,0.123,0.000,7.060,0.014,7.004,0.042,8120,15600,,2.00,2,0,8224x5140,L,2
24626,11.135,0.000,0.690,0.141,0.000,0.036,0.195,0.000,7.025,0.014,6.970,0.041,8120,15600,,2.00,2,0,8224x5140,L,2
24627,10.295,1.744,0.617,0.138,0.000,0.032,0.128,0.000,7.037,0.039,6.956,0.041,8120,15600,,2.00,2,0,8224x5140,L,2
24628,10.330,1.729,0.659,0.133,0.000,0.036,0.125,0.000,6.956,0.013,6.901,0.041,8120,15600,,2.00,2,0,8224x5140,L,2
24629,11.095,0.000,0.677,0.127,0.000,0.036,0.206,0.000,7.043,0.014,6.987,0.042,8120,15600,,2.00,2,0,8224x5140,L,2
24630,10.185,1.711,0.642,0.126,0.000,0.032,0.114,0.000,6.961,0.034,6.886,0.041,8120,15600,,2.00,2,0,8224x5140,L,2
24631,9.812,1.602,0.644,0.122,0.000,0.034,0.082,0.000,7.053,0.014,6.998,0.041,8120,15600,,2.00,2,0,8224x5140,L,2
24632,10.081,0.000,0.532,0.080,0.000,0.022,0.079,0.000,6.960,0.014,6.902,0.045,8120,15600,,2.00,2,0,8224x5140,L,2
24633,9.304,1.462,0.481,0.063,0.000,0.017,0.080,0.000,6.979,0.028,6.902,0.048,8120,15600,,2.00,2,0,8224x5140,L,2
24634,10.068,0.000,0.499,0.053,0.000,0.017,0.056,0.000,6.988,0.026,6.919,0.043,8120,15600,,2.00,2,0,8224x5140,L,2
24635,9.924,1.046,0.415,0.049,0.000,0.014,0.076,0.000,7.079,0.030,7.005,0.044,8120,15600,,2.00,2,0,8224x5140,L,2
24636,9.833,0.981,0.416,0.048,0.000,0.014,0.076,0.000,7.102,0.031,7.027,0.045,8120,15600,,2.00,2,0,8224x5140,L,2
24637,9.995,0.000,0.449,0.046,0.000,0.013,0.049,0.000,6.980,0.023,6.913,0.044,8120,15600,,2.00,2,0,8224x5140,L,2
24638,9.822,0.981,0.416,0.043,0.000,0.016,0.061,0.000,7.057,0.027,6.988,0.042,8120,15600,,2.00,2,0,8224x5140,L,2
24639,10.041,0.000,0.432,0.044,0.000,0.013,0.082,0.000,7.110,0.040,7.027,0.043,8120,15600,,2.00,2,0,8224x5140,L,2
24640,9.888,0.997,0.439,0.047,0.000,0.015,0.083,0.000,7.013,0.014,6.957,0.042,8120,15600,,2.00,2,0,8224x5140,L,2
24641,9.822,0.977,0.422,0.046,0.000,0.014,0.068,0.000,6.962,0.021,6.900,0.042,8120,15600,,2.00,2,0,8224x5140,L,2
24642,9.995,0.000,0.438,0.052,0.000,0.014,0.070,0.000,7.076,0.032,7.000,0.044,8120,15600,,2.00,2,0,8224x5140,L,2
24643,9.504,0.789,0.354,0.040,0.000,0.011,0.043,0.000,7.080,0.028,7.007,0.045,8120,15600,,2.00,2,0,8224x5140,L,2
24644,9.839,0.000,0.356,0.037,0.000,0.011,0.041,0.000,7.060,0.028,6.985,0.047,8120,15600,,2.00,2,0,8224x5140,L,2
24645,9.455,0.762,0.336,0.035,0.000,0.011,0.055,0.000,7.071,0.022,7.002,0.046,8120,15600,,2.00,2,0,8224x5140,L,2
24646,9.915,0.000,0.413,0.039,0.000,0.012,0.084,0.000,7.055,0.025,6.986,0.043,8120,15600,,2.00,2,0,8224x5140,L,2
24647,10.066,1.071,0.419,0.076,0.000,0.023,0.078,0.000,7.066,0.023,7.001,0.042,8120,15600,,2.00,2,0,8224x5140,L,2
24648,9.882,1.091,0.388,0.052,0.000,0.018,0.077,0.000,7.066,0.036,6.988,0.041,8120,15600,,2.00,2,0,8224x5140,L,2
24649,9.801,0.000,0.395,0.041,0.000,0.014,0.044,0.000,7.024,0.014,6.969,0.041,8120,15600,,2.00,2,0,8224x5140,L,2
24650,9.217,0.694,0.293,0.032,0.000,0.010,0.046,0.000,7.102,0.034,7.026,0.042,8120,15600,,2.00,2,0,8224x5140,L,2
24651,9.657,0.000,0.324,0.031,0.000,0.009,0.039,0.000,7.071,0.029,7.000,0.042,8120,15600,,2.00,2,0,8224x5140,L,2
24652,8.857,0.568,0.247,0.026,0.000,0.008,0.028,0.000,7.085,0.037,7.007,0.042,8120,15600,,2.00,2,0,8224x5140,L,2
24653,8.937,0.534,0.238,0.025,0.000,0.009,0.028,0.000,7.080,0.026,7.009,0.045,8120,15600,,2.00,2,0,8224x5140,L,2
24654,9.623,0.000,0.270,0.029,0.000,0.008,0.034,0.000,7.121,0.042,7.034,0.045,8120,15600,,2.00,2,0,8224x5140,L,2
24655,9.007,0.565,0.241,0.025,0.000,0.007,0.039,0.000,7.088,0.036,7.011,0.041,8120,15600,,2.00,2,0,8224x5140,L,2
24656,9.679,0.000,0.283,0.025,0.000,0.009,0.033,0.000,7.100,0.041,7.017,0.042,8120,15600,,2.00,2,0,8224x5140,L,2
24657,9.080,0.589,0.267,0.026,0.000,0.008,0.043,0.000,7.066,0.026,6.999,0.041,8120,15600,,2.00,2,0,8224x5140,L,2
24658,9.684,0.000,0.297,0.027,0.000,0.008,0.037,0.000,7.060,0.023,6.995,0.041,8120,15600,,2.00,2,0,8224x5140,L,2
24659,9.147,0.640,0.268,0.027,0.000,0.008,0.060,0.000,7.074,0.020,7.009,0.045,8120,15600,,2.00,2,0,8224x5140,L,2
24660,9.766,0.000,0.318,0.032,0.000,0.012,0.054,0.000,7.066,0.022,7.002,0.042,8120,15600,,2.00,2,0,8224x5140,L,2
24661,9.192,0.630,0.262,0.025,0.000,0.009,0.062,0.000,7.062,0.024,6.993,0.044,8120,15600,,2.00,2,0,8224x5140,L,2
24662,9.253,0.700,0.283,0.028,0.000,0.009,0.067,0.000,7.075,0.020,7.013,0.043,8120,15600,,2.00,2,0,8224x5140,L,2
24663,9.817,0.000,0.346,0.036,0.000,0.012,0.041,0.000,7.063,0.018,6.999,0.046,8120,15600,,2.00,2,0,8224x5140,L,2
24664,9.332,0.705,0.314,0.030,0.000,0.010,0.053,0.000,7.064,0.024,6.994,0.045,8120,15600,,2.00,2,0,8224x5140,L,2
24665,9.910,0.000,0.393,0.031,0.000,0.013,0.082,0.000,6.980,0.014,6.920,0.045,8120,15600,,2.00,2,0,8224x5140,L,2
24666,9.398,0.763,0.329,0.033,0.000,0.010,0.050,0.000,7.156,0.028,7.085,0.042,8120,15600,,2.00,2,0,8224x5140,L,2
24667,9.880,0.000,0.350,0.039,0.000,0.011,0.057,0.000,7.100,0.022,7.035,0.042,8120,15600,,2.00,2,0,8224x5140,L,2
24668,9.367,0.673,0.296,0.049,0.000,0.012,0.051,0.000,7.024,0.013,6.968,0.043,8120,15600,,2.00,2,0,8224x5140,L,2
24669,9.168,0.565,0.273,0.053,0.000,0.013,0.050,0.000,7.018,0.026,6.951,0.041,8120,15600,,2.00,2,0,8224x5140,L,2
24670,9.714,0.000,0.319,0.049,0.000,0.012,0.043,0.000,7.086,0.034,7.011,0.041,8120,15600,,2.00,2,0,8224x5140,L,2
24671,9.173,0.597,0.264,0.035,0.000,0.009,0.066,0.000,7.092,0.028,7.018,0.046,8120,15600,,2.00,2,0,8224x5140,L,2
24672,9.662,0.000,0.306,0.043,0.000,0.011,0.038,0.000,7.092,0.025,7.021,0.046,8120,15600,,2.00,2,0,8224x5140,L,2
24673,9.015,0.596,0.231,0.028,0.000,0.009,0.038,0.000,7.117,0.035,7.041,0.042,8120,15600,,2.00,2,0,8224x5140,L,2
24674,9.663,0.000,0.297,0.029,0.000,0.008,0.034,0.000,7.122,0.039,7.040,0.042,8120,15600,,2.00,2,0,8224x5140,L,2
24675,9.104,0.667,0.239,0.032,0.000,0.009,0.046,0.000,7.072,0.028,7.003,0.042,8120,15600,,2.00,2,0,8224x5140,L,2
24676,9.018,0.564,0.234,0.034,0.000,0.009,0.041,0.000,7.104,0.042,7.020,0.043,8120,15600,,2.00,2,0,8224x5140,L,2
24677,9.581,0.000,0.254,0.030,0.000,0.010,0.030,0.000,7.100,0.024,7.034,0.042,8120,15600,,2.00,2,0,8224x5140,L,2
24678,8.905,0.505,0.218,0.025,0.000,0.007,0.051,0.000,7.073,0.026,7.006,0.041,8120,15600,,2.00,2,0,8224x5140,L,2
24679,9.728,0.000,0.273,0.033,0.000,0.010,0.044,0.000,7.102,0.023,7.036,0.042,8120,15600,,2.00,2,0,8224x5140,L,2
24680,8.864,0.457,0.221,0.030,0.000,0.009,0.035,0.000,7.102,0.032,7.028,0.042,8120,15600,,2.00,2,0,8224x5140,L,2
24681,9.626,0.000,0.248,0.029,0.000,0.013,0.038,0.000,7.062,0.020,7.001,0.041,8120,15600,,2.00,2,0,8224x5140,L,2
24682,9.074,0.632,0.236,0.032,0.000,0.010,0.034,0.000,7.097,0.024,7.031,0.042,8120,15600,,2.00,2,0,8224x5140,L,2
24683,9.668,0.000,0.270,0.025,0.000,0.009,0.042,0.000,7.134,0.024,7.069,0.041,8120,15600,,2.00,2,0,8224x5140,L,2
24684,10.281,0.534,0.230,0.039,0.000,0.010,0.047,0.000,7.122,0.013,7.068,0.041,8120,15600,,2.00,2,0,8224x5140,L,2
24685,10.096,0.449,0.226,0.046,0.000,0.011,0.038,0.000,7.117,0.021,7.055,0.041,8120,15600,,2.00,2,0,8224x5140,L,2
24686,9.756,0.000,0.308,0.039,0.000,0.012,0.052,0.000,7.055,0.028,6.987,0.041,8120,15600,,2.00,2,0,8224x5140,L,2
24687,9.006,0.570,0.236,0.028,0.000,0.009,0.031,0.000,7.116,0.035,7.040,0.041,8120,15600,,2.00,2,0,8224x5140,L,2
24688,9.681,0.000,0.283,0.028,0.000,0.009,0.051,0.000,7.095,0.031,7.021,0.043,8120,15600,,2.00,2,0,8224x5140,L,2
24689,9.146,0.686,0.229,0.026,0.000,0.009,0.050,0.000,7.105,0.031,7.032,0.042,8120,15600,,2.00,2,0,8224x5140,L,2
24690,9.751,0.000,0.344,0.028,0.000,0.009,0.047,0.000,7.026,0.013,6.970,0.042,8120,15600,,2.00,2,0,8224x5140,L,2
24691,9.084,0.600,0.244,0.025,0.000,0.008,0.032,0.000,7.110,0.018,7.050,0.043,8120,15600,,2.00,2,0,8224x5140,L,2
24692,9.096,0.612,0.260,0.030,0.000,0.009,0.047,0.000,7.117,0.030,7.044,0.042,8120,15600,,2.00,2,0,8224x5140,L,2
24693,9.700,0.000,0.318,0.028,0.000,0.008,0.038,0.000,7.088,0.023,7.023,0.042,8120,15600,,2.00,2,0,8224x5140,L,2
24694,9.276,0.618,0.259,0.032,0.000,0.010,0.050,0.000,7.145,0.051,7.051,0.043,8120,15600,,2.00,2,0,8224x5140,L,2
24695,9.748,0.000,0.325,0.039,0.000,0.010,0.042,0.000,7.081,0.030,7.010,0.041,8120,15600,,2.00,2,0,8224x5140,L,2
24696,9.061,0.600,0.259,0.030,0.000,0.009,0.034,0.000,7.112,0.039,7.032,0.041,8120,15600,,2.00,2,0,8224x5140,L,2
24697,9.719,0.000,0.297,0.032,0.000,0.008,0.061,0.000,7.103,0.025,7.036,0.042,8120,15600,,2.00,2,0,8224x5140,L,2
24698,9.295,0.680,0.295,0.041,0.000,0.014,0.052,0.000,6.961,0.014,6.902,0.045,8120,15600,,2.00,2,0,8224x5140,L,2
24699,9.333,0.819,0.271,0.032,0.000,0.011,0.036,0.000,7.068,0.023,7.004,0.041,8120,15600,,2.00,2,0,8224x5140,L,2
24700,9.744,0.000,0.318,0.031,0.000,0.011,0.063,0.000,7.134,0.041,7.050,0.043,8120,15600,,2.00,2,0,8224x5140,L,2
24701,9.375,0.721,0.317,0.051,0.000,0.012,0.051,0.000,7.034,0.013,6.978,0.043,8120,15600,,2.00,2,0,8224x5140,L,2
24702,9.707,0.000,0.279,0.048,0.000,0.011,0.042,0.000,7.060,0.014,7.005,0.042,8120,15600,,2.00,2,0,8224x5140,L,2
24703,9.068,0.534,0.247,0.045,0.000,0.011,0.056,0.000,7.099,0.028,7.027,0.044,8120,15600,,2.00,2,0,8224x5140,L,2
24704,9.687,0.000,0.272,0.046,0.000,0.012,0.031,0.000,7.098,0.014,7.041,0.043,8120,15600,,2.00,2,0,8224x5140,L,2
24705,8.958,0.526,0.228,0.030,0.000,0.008,0.051,0.000,7.107,0.045,7.018,0.045,8120,15600,,2.00,2,0,8224x5140,L,2
24706,9.187,0.701,0.237,0.032,0.000,0.010,0.036,0.000,7.094,0.024,7.026,0.045,8120,15600,,2.00,2,0,8224x5140,L,2
24707,9.692,0.000,0.278,0.029,0.000,0.010,0.039,0.000,7.082,0.027,7.013,0.042,8120,15600,,2.00,2,0,8224x5140,L,2
24708,9.091,0.624,0.274,0.026,0.000,0.008,0.033,0.000,7.096,0.027,7.024,0.045,8120,15600,,2.00,2,0,8224x5140,L,2
24709,9.668,0.000,0.290,0.030,0.000,0.009,0.050,0.000,7.071,0.025,7.004,0.042,8120,15600,,2.00,2,0,8224x5140,L,2
24710,9.089,0.631,0.248,0.027,0.000,0.008,0.034,0.000,7.106,0.039,7.022,0.046,8120,15600,,2.00,2,0,8224x5140,L,2
24711,9.665,0.000,0.312,0.028,0.000,0.009,0.036,0.000,7.088,0.029,7.016,0.043,8120,15600,,2.00,2,0,8224x5140,L,2
24712,9.097,0.639,0.260,0.029,0.000,0.008,0.033,0.000,7.126,0.044,7.040,0.042,8120,15600,,2.00,2,0,8224x5140,L,2
24713,9.720,0.000,0.305,0.028,0.000,0.009,0.040,0.000,7.100,0.028,7.030,0.042,8120,15600,,2.00,2,0,8224x5140,L,2
24714,9.241,0.697,0.290,0.030,0.000,0.009,0.071,0.000,7.066,0.014,7.010,0.042,8120,15600,,2.00,2,0,8224x5140,L,2
24715,9.398,0.761,0.307,0.035,0.000,0.012,0.053,0.000,7.065,0.014,7.009,0.042,8120,15600,,2.00,2,0,8224x5140,L,2
24716,9.814,0.000,0.339,0.032,0.000,0.012,0.052,0.000,6.984,0.014,6.928,0.042,8120,15600,,2.00,2,0,8224x5140,L,2
24717,9.621,0.796,0.368,0.036,0.000,0.012,0.062,0.000,7.092,0.034,7.015,0.042,8120,15600,,2.00,2,0,8224x5140,L,2
24718,10.059,0.000,0.388,0.043,0.000,0.013,0.082,0.000,7.127,0.027,7.058,0.043,8120,15600,,2.00,2,0,8224x5140,L,2
24719,9.614,0.815,0.387,0.066,0.000,0.018,0.075,0.000,7.045,0.014,6.989,0.042,8120,15600,,2.00,2,0,8224x5140,L,2
24720,9.624,0.906,0.340,0.063,0.000,0.015,0.048,0.000,7.074,0.014,7.018,0.043,8120,15600,,2.00,2,0,8224x5140,L,2
24721,9.741,0.000,0.331,0.052,0.000,0.012,0.062,0.000,7.048,0.014,6.993,0.041,8120,15600,,2.00,2,0,8224x5140,L,2
24722,9.168,0.577,0.298,0.048,0.000,0.012,0.056,0.000,7.041,0.013,6.985,0.042,8120,15600,,2.00,2,0,8224x5140,L,2
24723,9.701,0.000,0.405,0.037,0.000,0.009,0.039,0.000,7.075,0.038,6.995,0.042,8120,15600,,2.00,2,0,8224x5140,L,2
24724,9.022,0.495,0.235,0.037,0.000,0.009,0.094,0.000,7.044,0.017,6.985,0.041,8120,15600,,2.00,2,0,8224x5140,L,2
24725,9.797,0.000,0.304,0.053,0.000,0.014,0.049,0.000,7.096,0.026,7.028,0.042,8120,15600,,2.00,2,0,8224x5140,L,2
24726,9.072,0.512,0.231,0.052,0.000,0.012,0.051,0.000,7.114,0.037,7.034,0.042,8120,15600,,2.00,2,0,8224x5140,L,2
24727,9.724,0.000,0.302,0.053,0.000,0.013,0.043,0.000,7.078,0.036,6.999,0.043,8120,15600,,2.00,2,0,8224x5140,L,2
24728,9.685,0.633,0.221,0.043,0.000,0.011,0.106,0.000,7.088,0.041,7.005,0.042,8120,15600,,2.00,2,0,8224x5140,L,2
24729,10.845,1.431,0.549,0.045,0.000,0.017,0.127,0.000,7.092,0.014,7.036,0.042,8120,15600,,2.00,2,0,8224x5140,L,2
24730,10.663,0.001,0.577,0.102,0.000,0.038,0.096,0.000,0.086,0.044,0.000,0.042,8120,15600,,2.00,2,0,8224x5140,L,2
24731,9.399,1.439,0.583,0.120,0.000,0.036,0.064,0.000,7.131,0.048,7.041,0.042,8120,15600,,2.00,2,0,8224x5140,L,2
24732,9.783,0.644,0.264,0.059,0.000,0.013,0.115,0.000,7.081,0.041,6.997,0.042,8120,15600,,2.00,2,0,8224x5140,L,2
24733,10.174,0.000,0.656,0.120,0.000,0.037,0.045,0.000,7.062,0.014,7.007,0.041,8120,15600,,2.00,2,0,8224x5140,L,2
24734,9.019,0.529,0.224,0.051,0.000,0.011,0.050,0.000,7.079,0.022,7.016,0.041,8120,15600,,2.00,2,0,8224x5140,L,2
24735,9.840,0.000,0.388,0.040,0.000,0.009,0.051,0.000,7.063,0.013,7.007,0.043,8120,15600,,2.00,2,0,8224x5140,L,2
24736,9.383,0.635,0.352,0.052,0.000,0.012,0.067,0.000,7.087,0.029,7.016,0.042,8120,15600,,2.00,2,0,8224x5140,L,2
24737,9.859,0.000,0.289,0.051,0.000,0.015,0.074,0.000,7.122,0.014,7.066,0.043,8120,15600,,2.00,2,0,8224x5140,L,2
24738,9.426,0.639,0.261,0.084,0.000,0.032,0.058,0.000,7.083,0.014,7.026,0.043,8120,15600,,2.00,2,0,8224x5140,L,2
24739,10.198,0.521,0.244,0.060,0.000,0.013,0.112,0.000,7.137,0.013,7.081,0.043,8120,15600,,2.00,2,0,8224x5140,L,2
24740,9.953,0.000,0.281,0.073,0.000,0.018,0.065,0.000,7.097,0.013,7.041,0.043,8120,15600,,2.00,2,0,8224x5140,L,2
24741,9.193,0.607,0.236,0.068,0.000,0.015,0.058,0.000,7.104,0.014,7.048,0.042,8120,15600,,2.00,2,0,8224x5140,L,2
24742,9.753,0.000,0.305,0.067,0.000,0.017,0.042,0.000,7.106,0.014,7.050,0.042,8120,15600,,2.00,2,0,8224x5140,L,2
24743,9.240,0.619,0.228,0.052,0.000,0.013,0.052,0.000,7.160,0.044,7.073,0.042,8120,15600,,2.00,2,0,8224x5140,L,2
24744,9.812,0.000,0.281,0.057,0.000,0.012,0.047,0.000,7.099,0.014,7.044,0.042,8120,15600,,2.00,2,0,8224x5140,L,2
24745,9.148,0.524,0.249,0.058,0.000,0.014,0.048,0.000,7.111,0.035,7.033,0.042,8120,15600,,2.00,2,0,8224x5140,L,2
24746,10.282,0.492,0.245,0.054,0.000,0.013,0.055,0.000,7.162,0.025,7.094,0.043,8120,15600,,2.00,2,0,8224x5140,L,2
24747,9.785,0.000,0.284,0.074,0.000,0.017,0.045,0.000,7.068,0.014,7.013,0.041,8120,15600,,2.00,2,0,8224x5140,L,2
24748,9.306,0.656,0.305,0.052,0.000,0.013,0.045,0.000,7.094,0.014,7.038,0.043,8120,15600,,2.00,2,0,8224x5140,L,2
24749,9.836,0.000,0.275,0.052,0.000,0.012,0.055,0.000,7.115,0.035,7.036,0.043,8120,15600,,2.00,2,0,8224x5140,L,2
24750,9.285,0.628,0.235,0.060,0.000,0.018,0.053,0.000,7.104,0.033,7.030,0.042,8120,15600,,2.00,2,0,8224x5140,L,2
24751,9.125,0.537,0.233,0.062,0.000,0.014,0.048,0.000,7.098,0.029,7.028,0.042,8120,15600,,2.00,2,0,8224x5140,L,2
24752,9.754,0.000,0.266,0.060,0.000,0.015,0.040,0.000,7.157,0.013,7.102,0.042,8120,15600,,2.00,2,0,8224x5140,L,2
24753,9.189,0.624,0.237,0.053,0.000,0.013,0.045,0.000,7.094,0.033,7.019,0.042,8120,15600,,2.00,2,0,8224x5140,L,2
24754,9.777,0.000,0.284,0.051,0.000,0.013,0.055,0.000,7.093,0.034,7.019,0.041,8120,15600,,2.00,2,0,8224x5140,L,2
24755,9.087,0.526,0.233,0.047,0.000,0.014,0.044,0.000,7.090,0.014,7.036,0.040,8120,15600,,2.00,2,0,8224x5140,L,2
24756,9.764,0.000,0.276,0.049,0.000,0.013,0.037,0.000,7.143,0.035,7.065,0.043,8120,15600,,2.00,2,0,8224x5140,L,2
24757,10.331,0.488,0.263,0.046,0.000,0.012,0.079,0.000,7.107,0.027,7.037,0.044,8120,15600,,2.00,2,0,8224x5140,L,2
24758,10.167,0.493,0.247,0.048,0.000,0.012,0.037,0.000,7.113,0.045,7.026,0.042,8120,15600,,2.00,2,0,8224x5140,L,2
24759,9.699,0.000,0.266,0.040,0.000,0.009,0.038,0.000,7.071,0.027,7.003,0.041,8120,15600,,2.00,2,0,8224x5140,L,2
24760,8.947,0.471,0.208,0.028,0.000,0.007,0.038,0.000,7.091,0.037,7.010,0.043,8120,15600,,2.00,2,0,8224x5140,L,2
24761,9.644,0.000,0.276,0.037,0.000,0.010,0.039,0.000,7.112,0.048,7.023,0.042,8120,15600,,2.00,2,0,8224x5140,L,2
24762,9.166,0.631,0.226,0.029,0.000,0.008,0.046,0.000,7.120,0.035,7.043,0.042,8120,15600,,2.00,2,0,8224x5140,L,2
24763,9.702,0.000,0.268,0.040,0.000,0.011,0.045,0.000,7.119,0.014,7.060,0.045,8120,15600,,2.00,2,0,8224x5140,L,2
24764,9.162,0.687,0.235,0.035,0.000,0.010,0.059,0.000,7.112,0.037,7.032,0.044,8120,15600,,2.00,2,0,8224x5140,L,2
24765,9.141,0.671,0.275,0.028,0.000,0.009,0.030,0.000,7.081,0.029,7.011,0.042,8120,15600,,2.00,2,0,8224x5140,L,2
24766,9.658,0.000,0.274,0.031,0.000,0.008,0.057,0.000,7.095,0.029,7.024,0.042,8120,15600,,2.00,2,0,8224x5140,L,2
24767,9.238,0.742,0.258,0.029,0.000,0.010,0.036,0.000,7.080,0.027,7.011,0.042,8120,15600,,2.00,2,0,8224x5140,L,2
24768,9.676,0.000,0.315,0.028,0.000,0.012,0.033,0.000,7.066,0.026,6.998,0.042,8120,15600,,2.00,2,0,8224x5140,L,2
24769,9.145,0.658,0.251,0.027,0.000,0.008,0.040,0.000,7.138,0.035,7.061,0.042,8120,15600,,2.00,2,0,8224x5140,L,2
24770,9.739,0.000,0.299,0.029,0.000,0.011,0.047,0.000,7.096,0.024,7.031,0.042,8120,15600,,2.00,2,0,8224x5140,L,2
24771,9.417,0.747,0.327,0.038,0.000,0.010,0.043,0.000,7.160,0.025,7.093,0.042,8120,15600,,2.00,2,0,8224x5140,L,2
24772,9.225,0.558,0.290,0.059,0.000,0.013,0.049,0.000,7.106,0.029,7.034,0.043,8120,15600,,2.00,2,0,8224x5140,L,2
24773,10.081,0.000,0.409,0.066,0.000,0.016,0.073,0.000,7.181,0.040,7.100,0.042,8120,15600,,2.00,2,0,8224x5140,L,2
24774,9.256,0.611,0.270,0.060,0.000,0.016,0.058,0.000,7.123,0.026,7.055,0.043,8120,15600,,2.00,2,0,8224x5140,L,2
24775,9.745,0.000,0.285,0.050,0.000,0.015,0.048,0.000,7.043,0.014,6.987,0.042,8120,15600,,2.00,2,0,8224x5140,L,2
24776,9.119,0.510,0.269,0.048,0.000,0.013,0.072,0.000,7.132,0.028,7.061,0.043,8120,15600,,2.00,2,0,8224x5140,L,2
24777,9.898,0.000,0.292,0.063,0.000,0.021,0.053,0.000,7.192,0.014,7.136,0.042,8120,15600,,2.00,2,0,8224x5140,L,2
24778,9.300,0.595,0.251,0.058,0.000,0.019,0.046,0.000,7.181,0.032,7.107,0.042,8120,15600,,2.00,2,0,8224x5140,L,2
24779,9.307,0.612,0.251,0.060,0.000,0.016,0.062,0.000,7.151,0.013,7.096,0.042,8120,15600,,2.00,2,0,8224x5140,L,2
24780,9.827,0.000,0.273,0.056,0.000,0.017,0.060,0.000,7.173,0.013,7.116,0.043,8120,15600,,2.00,2,0,8224x5140,L,2
24781,9.400,0.640,0.292,0.065,0.000,0.019,0.060,0.000,7.083,0.014,7.027,0.043,8120,15600,,2.00,2,0,8224x5140,L,2
24782,9.885,0.000,0.295,0.061,0.000,0.015,0.054,0.000,7.329,0.013,7.272,0.044,8120,15600,,2.00,2,0,8224x5140,L,2
24783,9.280,0.594,0.251,0.060,0.000,0.019,0.049,0.000,7.193,0.013,7.137,0.043,8120,15600,,2.00,2,0,8224x5140,L,2
24784,9.764,0.000,0.273,0.055,0.000,0.018,0.048,0.000,7.092,0.013,7.035,0.043,8120,15600,,2.00,2,0,8224x5140,L,2
24785,9.243,0.611,0.240,0.056,0.000,0.014,0.074,0.000,7.147,0.027,7.076,0.044,8120,15600,,2.00,2,0,8224x5140,L,2
24786,9.155,0.601,0.227,0.055,0.000,0.014,0.047,0.000,7.155,0.040,7.072,0.043,8120,15600,,2.00,2,0,8224x5140,L,2
24787,9.732,0.000,0.264,0.055,0.000,0.013,0.049,0.000,7.102,0.013,7.047,0.042,8120,15600,,2.00,2,0,8224x5140,L,2
24788,9.187,0.618,0.226,0.053,0.000,0.013,0.041,0.000,7.073,0.014,7.016,0.043,8120,15600,,2.00,2,0,8224x5140,L,2
24789,9.751,0.000,0.267,0.052,0.000,0.013,0.051,0.000,7.121,0.026,7.052,0.043,8120,15600,,2.00,2,0,8224x5140,L,2
24790,9.133,0.521,0.241,0.053,0.000,0.013,0.045,0.000,7.131,0.014,7.074,0.043,8120,15600,,2.00,2,0,8224x5140,L,2
24791,9.793,0.000,0.267,0.052,0.000,0.013,0.054,0.000,7.116,0.026,7.048,0.042,8120,15600,,2.00,2,0,8224x5140,L,2
24792,9.206,0.590,0.244,0.061,0.000,0.015,0.042,0.000,7.099,0.014,7.044,0.042,8120,15600,,2.00,2,0,8224x5140,L,2
24793,10.367,0.524,0.235,0.050,0.000,0.013,0.066,0.000,7.198,0.014,7.142,0.042,8120,15600,,2.00,2,0,8224x5140,L,2
24794,9.900,0.000,0.280,0.065,0.000,0.019,0.061,0.000,7.165,0.013,7.108,0.044,8120,15600,,2.00,2,0,8224x5140,L,2
24795,9.282,0.611,0.263,0.064,0.000,0.018,0.048,0.000,7.169,0.014,7.113,0.042,8120,15600,,2.00,2,0,8224x5140,L,2
24796,9.911,0.000,0.289,0.062,0.000,0.017,0.062,0.000,7.021,0.037,6.943,0.041,8120,15600,,2.00,2,0,8224x5140,L,2
24797,9.300,0.626,0.251,0.069,0.000,0.016,0.055,0.000,7.049,0.013,6.994,0.041,8120,15600,,2.00,2,0,8224x5140,L,2
24798,9.253,0.554,0.239,0.061,0.000,0.014,0.055,0.000,7.103,0.013,7.047,0.042,8120,15600,,2.00,2,0,8224x5140,L,2
24799,9.829,0.000,0.287,0.065,0.000,0.016,0.054,0.000,7.122,0.013,7.066,0.042,8120,15600,,2.00,2,0,8224x5140,L,2
24800,9.226,0.619,0.247,0.056,0.000,0.014,0.048,0.000,7.125,0.013,7.067,0.045,8120,15600,,2.00,2,0,8224x5140,L,2
24801,9.739,0.000,0.265,0.047,0.000,0.012,0.045,0.000,7.119,0.013,7.064,0.042,8120,15600,,2.00,2,0,8224x5140,L,2
24802,9.184,0.642,0.227,0.048,0.000,0.012,0.044,0.000,7.051,0.014,6.995,0.042,8120,15600,,2.00,2,0,8224x5140,L,2
24803,9.725,0.000,0.281,0.049,0.000,0.011,0.043,0.000,7.081,0.031,7.009,0.041,8120,15600,,2.00,2,0,8224x5140,L,2
24804,9.050,0.516,0.231,0.045,0.000,0.011,0.049,0.000,7.085,0.025,7.018,0.043,8120,15600,,2.00,2,0,8224x5140,L,2
24805,10.268,0.517,0.245,0.046,0.000,0.010,0.052,0.000,7.039,0.014,6.984,0.041,8120,15600,,2.00,2,0,8224x5140,L,2
24806,9.815,0.000,0.329,0.054,0.000,0.014,0.043,0.000,7.022,0.013,6.968,0.041,8120,15600,,2.00,2,0,8224x5140,L,2
24807,10.189,0.513,0.243,0.047,0.000,0.012,0.047,0.000,7.056,0.013,7.001,0.042,8120,15600,,2.00,2,0,8224x5140,L,2
24808,9.703,0.000,0.255,0.046,0.000,0.013,0.044,0.000,7.101,0.014,7.042,0.045,8120,15600,,2.00,2,0,8224x5140,L,2
24809,21.053,0.498,0.236,0.045,0.000,0.012,0.063,0.000,7.125,0.032,7.050,0.044,8120,15600,,2.00,2,0,8224x5140,L,2
24810,7.976,0.441,0.266,0.049,0.000,0.015,0.075,0.000,7.147,0.046,7.056,0.045,8120,15600,,2.00,2,0,8224x5140,L,2
24811,10.347,0.606,0.266,0.062,0.000,0.017,0.045,0.000,7.206,0.014,7.149,0.043,8120,15600,,2.00,2,0,8224x5140,L,2
24812,8.087,0.593,0.270,0.062,0.000,0.020,0.042,0.000,7.338,0.030,7.265,0.042,8120,15600,,2.00,2,0,8224x5140,L,2
24813,9.683,0.000,0.241,0.057,0.000,0.015,0.053,0.000,7.373,0.036,7.296,0.042,8120,15600,,2.00,2,0,8224x5140,L,2
24814,8.637,0.464,0.250,0.050,0.000,0.014,0.049,0.000,7.114,0.014,7.058,0.043,8120,15600,,2.00,2,0,8224x5140,L,2
24815,12.504,0.000,0.260,0.053,0.000,0.013,0.043,0.000,7.420,0.014,7.366,0.041,8120,15600,,2.00,2,0,8224x5140,L,2
24816,6.799,0.448,0.264,0.051,0.000,0.017,0.049,0.000,7.173,0.045,7.086,0.042,8120,15600,,2.00,2,0,8224x5140,L,2
24817,5.858,0.595,0.272,0.092,0.000,0.023,0.044,0.000,7.287,0.014,7.232,0.042,8120,15600,,2.00,2,0,8224x5140,L,2
24818,8.840,0.000,0.395,0.059,0.000,0.017,0.063,0.000,7.279,0.014,7.208,0.057,8120,15600,,2.00,2,0,8224x5140,L,2
24819,9.317,0.628,0.294,0.059,0.000,0.019,0.062,0.000,7.271,0.014,7.215,0.042,8120,15600,,2.00,2,0,8224x5140,L,2
24820,7.993,0.454,0.275,0.054,0.000,0.017,0.050,0.000,7.388,0.014,7.332,0.043,8120,15600,,2.00,2,0,8224x5140,L,2
24821,8.614,0.000,0.261,0.060,0.000,0.019,0.047,0.000,7.149,0.032,7.075,0.042,8120,15600,,2.00,2,0,8224x5140,L,2
24822,9.173,0.525,0.257,0.058,0.000,0.017,0.056,0.000,7.376,0.013,7.323,0.040,8120,15600,,2.00,2,0,8224x5140,L,2
24823,8.730,0.000,0.263,0.061,0.000,0.017,0.056,0.000,7.262,0.046,7.173,0.044,8120,15600,,2.00,2,0,8224x5140,L,2
24824,9.236,0.600,0.295,0.063,0.000,0.021,0.047,0.000,7.354,0.013,7.297,0.043,8120,15600,,2.00,2,0,8224x5140,L,2
24825,9.782,0.000,0.269,0.064,0.000,0.018,0.048,0.000,7.284,0.013,7.229,0.042,8120,15600,,2.00,2,0,8224x5140,L,2
24826,9.249,0.638,0.245,0.058,0.000,0.017,0.066,0.000,7.086,0.039,7.004,0.043,8120,15600,,2.00,2,0,8224x5140,L,2
24827,10.505,0.631,0.261,0.056,0.000,0.015,0.049,0.000,7.477,0.014,7.417,0.047,8120,15600,,2.00,2,0,8224x5140,L,2
24828,9.821,0.000,0.259,0.065,0.000,0.017,0.048,0.000,7.427,0.014,7.358,0.055,8120,15600,,2.00,2,0,8224x5140,L,2
24829,9.204,0.604,0.257,0.055,0.000,0.013,0.049,0.000,7.244,0.031,7.170,0.044,8120,15600,,2.00,2,0,8224x5140,L,2
24830,9.900,0.000,0.283,0.060,0.000,0.013,0.079,0.000,7.389,0.028,7.317,0.044,8120,15600,,2.00,2,0,8224x5140,L,2
24831,9.277,0.593,0.249,0.055,0.000,0.017,0.060,0.000,7.261,0.036,7.182,0.043,8120,15600,,2.00,2,0,8224x5140,L,2
24832,9.278,0.616,0.259,0.070,0.000,0.018,0.059,0.000,7.322,0.034,7.245,0.044,8120,15600,,2.00,2,0,8224x5140,L,2
24833,9.832,0.000,0.302,0.054,0.000,0.015,0.043,0.000,7.257,0.014,7.200,0.043,8120,15600,,2.00,2,0,8224x5140,L,2
24834,10.339,0.623,0.238,0.063,0.000,0.014,0.052,0.000,0.056,0.013,0.000,0.043,8120,15600,,2.00,2,0,8224x5140,L,2
24835,9.840,0.000,0.285,0.057,0.000,0.014,0.049,0.000,7.285,0.024,7.218,0.043,8120,15600,,2.00,2,0,8224x5140,L,2
24836,9.407,0.655,0.302,0.069,0.000,0.021,0.055,0.000,7.270,0.014,7.210,0.045,8120,15600,,2.00,2,0,8224x5140,L,2
24837,9.307,0.617,0.263,0.076,0.000,0.020,0.052,0.000,7.314,0.038,7.234,0.042,8120,15600,,2.00,2,0,8224x5140,L,2
24838,9.833,0.000,0.280,0.063,0.000,0.014,0.051,0.000,7.304,0.014,7.247,0.042,8120,15600,,2.00,2,0,8224x5140,L,2
24839,9.307,0.607,0.262,0.062,0.000,0.016,0.081,0.000,7.140,0.032,7.065,0.043,8120,15600,,2.00,2,0,8224x5140,L,2
24840,9.831,0.000,0.261,0.060,0.000,0.015,0.057,0.000,7.297,0.036,7.217,0.043,8120,15600,,2.00,2,0,8224x5140,L,2
24841,10.341,0.573,0.239,0.057,0.000,0.014,0.105,0.000,7.202,0.014,7.147,0.041,8120,15600,,2.00,2,0,8224x5140,L,2
24842,9.253,0.563,0.269,0.069,0.000,0.018,0.051,0.000,7.128,0.013,7.073,0.042,8120,15600,,2.00,2,0,8224x5140,L,2
24843,9.805,0.000,0.296,0.067,0.000,0.017,0.054,0.000,7.303,0.014,7.247,0.042,8120,15600,,2.00,2,0,8224x5140,L,2
24844,9.267,0.596,0.272,0.063,0.000,0.017,0.043,0.000,7.136,0.013,7.080,0.042,8120,15600,,2.00,2,0,8224x5140,L,2
24845,9.781,0.000,0.262,0.055,0.000,0.019,0.049,0.000,7.295,0.014,7.240,0.041,8120,15600,,2.00,2,0,8224x5140,L,2
24846,10.207,0.540,0.249,0.049,0.000,0.013,0.043,0.000,7.185,0.038,7.106,0.042,8120,15600,,2.00,2,0,8224x5140,L,2
24847,9.275,0.506,0.248,0.056,0.000,0.014,0.068,0.000,7.263,0.021,7.200,0.042,8120,15600,,2.00,2,0,8224x5140,L,2
24848,9.833,0.000,0.291,0.060,0.000,0.015,0.056,0.000,7.274,0.014,7.218,0.042,8120,15600,,2.00,2,0,8224x5140,L,2
24849,8.000,0.509,0.253,0.065,0.000,0.017,0.040,0.000,7.191,0.033,7.117,0.042,8120,15600,,2.00,2,0,8224x5140,L,2
24850,9.766,0.000,0.280,0.054,0.000,0.013,0.048,0.000,7.356,0.039,7.274,0.042,8120,15600,,2.00,2,0,8224x5140,L,2
24851,10.217,0.526,0.231,0.053,0.000,0.012,0.040,0.000,7.260,0.030,7.188,0.042,8120,15600,,2.00,2,0,8224x5140,L,2
24852,10.191,0.494,0.222,0.048,0.000,0.011,0.059,0.000,7.274,0.020,7.212,0.042,8120,15600,,2.00,2,0,8224x5140,L,2
24853,9.907,0.000,0.277,0.065,0.000,0.014,0.061,0.000,7.260,0.031,7.188,0.042,8120,15600,,2.00,2,0,8224x5140,L,2
24854,10.492,0.635,0.240,0.069,0.000,0.019,0.061,0.000,7.304,0.036,7.224,0.045,8120,15600,,2.00,2,0,8224x5140,L,2
24855,9.800,0.000,0.280,0.075,0.000,0.018,0.044,0.000,7.017,0.014,6.961,0.042,8120,15600,,2.00,2,0,8224x5140,L,2
24856,10.347,0.628,0.229,0.055,0.000,0.014,0.055,0.000,7.257,0.044,7.172,0.042,8120,15600,,2.00,2,0,8224x5140,L,2
24857,10.319,0.621,0.233,0.054,0.000,0.014,0.048,0.000,7.283,0.029,7.211,0.043,8120,15600,,2.00,2,0,8224x5140,L,2
24858,9.759,0.000,0.281,0.056,0.000,0.013,0.051,0.000,7.272,0.028,7.203,0.041,8120,15600,,2.00,2,0,8224x5140,L,2
24859,10.359,0.617,0.242,0.048,0.000,0.013,0.101,0.000,7.257,0.022,7.191,0.043,8120,15600,,2.00,2,0,8224x5140,L,2
24860,9.774,0.000,0.266,0.049,0.000,0.014,0.054,0.000,7.260,0.027,7.192,0.042,8120,15600,,2.00,2,0,8224x5140,L,2
24861,10.187,0.521,0.242,0.043,0.000,0.011,0.045,0.000,7.257,0.026,7.189,0.042,8120,15600,,2.00,2,0,8224x5140,L,2
24862,10.192,0.492,0.223,0.041,0.000,0.011,0.046,0.000,7.106,0.022,7.041,0.042,8120,15600,,2.00,2,0,8224x5140,L,2
24863,9.898,0.000,0.317,0.074,0.000,0.017,0.048,0.000,7.095,0.013,7.039,0.042,8120,15600,,2.00,2,0,8224x5140,L,2
24864,10.291,0.571,0.226,0.056,0.000,0.013,0.063,0.000,7.277,0.030,7.205,0.042,8120,15600,,2.00,2,0,8224x5140,L,2
24865,9.770,0.000,0.285,0.054,0.000,0.011,0.049,0.000,7.264,0.034,7.188,0.042,8120,15600,,2.00,2,0,8224x5140,L,2
24866,10.388,0.516,0.250,0.053,0.000,0.012,0.059,0.000,7.183,0.013,7.127,0.044,8120,15600,,2.00,2,0,8224x5140,L,2
24867,10.402,0.637,0.234,0.071,0.000,0.016,0.041,0.000,7.077,0.014,7.021,0.042,8120,15600,,2.00,2,0,8224x5140,L,2
24868,9.795,0.000,0.243,0.059,0.000,0.014,0.041,0.000,7.370,0.040,7.288,0.042,8120,15600,,2.00,2,0,8224x5140,L,2
24869,10.277,0.511,0.229,0.060,0.000,0.014,0.055,0.000,7.215,0.014,7.158,0.043,8120,15600,,2.00,2,0,8224x5140,L,2
24870,9.814,0.000,0.244,0.062,0.000,0.016,0.060,0.000,7.339,0.014,7.283,0.042,8120,15600,,2.00,2,0,8224x5140,L,2
24871,9.251,0.589,0.237,0.062,0.000,0.016,0.051,0.000,7.117,0.014,7.060,0.043,8120,15600,,2.00,2,0,8224x5140,L,2
24872,9.267,0.612,0.254,0.067,0.000,0.017,0.063,0.000,7.163,0.031,7.090,0.043,8120,15600,,2.00,2,0,8224x5140,L,2
24873,9.853,0.000,0.250,0.058,0.000,0.015,0.075,0.000,7.270,0.028,7.202,0.040,8120,15600,,2.00,2,0,8224x5140,L,2
24874,9.420,0.662,0.277,0.075,0.000,0.021,0.059,0.000,7.356,0.014,7.301,0.042,8120,15600,,2.00,2,0,8224x5140,L,2
24875,9.898,0.000,0.255,0.063,0.000,0.016,0.047,0.000,7.371,0.013,7.315,0.042,8120,15600,,2.00,2,0,8224x5140,L,2
24876,9.443,0.605,0.277,0.071,0.000,0.023,0.099,0.000,7.272,0.026,7.204,0.042,8120,15600,,2.00,2,0,8224x5140,L,2
24877,9.265,0.543,0.279,0.068,0.000,0.021,0.056,0.000,7.154,0.042,7.068,0.044,8120,15600,,2.00,2,0,8224x5140,L,2
24878,9.849,0.000,0.286,0.063,0.000,0.015,0.044,0.000,7.307,0.013,7.248,0.045,8120,15600,,2.00,2,0,8224x5140,L,2
24879,10.338,0.507,0.264,0.067,0.000,0.018,0.061,0.000,7.416,0.013,7.359,0.043,8120,15600,,2.00,2,0,8224x5140,L,2
24880,9.795,0.000,0.257,0.061,0.000,0.016,0.050,0.000,7.318,0.029,7.247,0.042,8120,15600,,2.00,2,0,8224x5140,L,2
24881,8.100,0.592,0.274,0.068,0.000,0.020,0.047,0.000,7.308,0.013,7.252,0.043,8120,15600,,2.00,2,0,8224x5140,L,2
24882,9.161,0.492,0.240,0.054,0.000,0.017,0.060,0.000,7.188,0.026,7.119,0.044,8120,15600,,2.00,2,0,8224x5140,L,2
24883,8.581,0.000,0.227,0.054,0.000,0.014,0.039,0.000,7.224,0.038,7.145,0.042,8120,15600,,2.00,2,0,8224x5140,L,2
24884,9.243,0.590,0.240,0.065,0.000,0.019,0.060,0.000,7.262,0.013,7.206,0.043,8120,15600,,2.00,2,0,8224x5140,L,2
24885,8.796,0.000,0.279,0.065,0.000,0.020,0.073,0.000,7.316,0.013,7.261,0.042,8120,15600,,2.00,2,0,8224x5140,L,2
24886,7.191,0.617,0.286,0.075,0.000,0.023,0.066,0.000,7.359,0.014,7.304,0.042,8120,15600,,2.00,2,0,8224x5140,L,2
24887,10.418,0.573,0.263,0.067,0.000,0.022,0.069,0.000,7.085,0.014,7.029,0.043,8120,15600,,2.00,2,0,8224x5140,L,2
24888,8.560,0.000,0.245,0.050,0.000,0.022,0.055,0.000,7.324,0.026,7.255,0.043,8120,15600,,2.00,2,0,8224x5140,L,2
24889,9.215,0.597,0.235,0.062,0.000,0.020,0.047,0.000,7.319,0.014,7.264,0.042,8120,15600,,2.00,2,0,8224x5140,L,2
24890,8.719,0.000,0.261,0.061,0.000,0.018,0.137,0.000,7.322,0.031,7.248,0.043,8120,15600,,2.00,2,0,8224x5140,L,2
24891,7.020,0.606,0.275,0.065,0.000,0.021,0.058,0.000,7.270,0.013,7.212,0.044,8120,15600,,2.00,2,0,8224x5140,L,2
24892,8.167,0.598,0.283,0.063,0.000,0.019,0.058,0.000,7.161,0.014,7.104,0.043,8120,15600,,2.00,2,0,8224x5140,L,2
24893,21.519,0.000,0.246,0.061,0.000,0.015,0.056,0.000,7.136,0.029,7.065,0.042,8120,15600,,2.00,2,0,8224x5140,L,2
24894,8.553,1.046,0.279,0.062,0.000,0.021,0.044,0.000,7.163,0.054,7.066,0.042,8120,15600,,2.00,2,0,8224x5140,L,2
24895,13.955,0.000,0.266,0.057,0.000,0.016,0.053,0.000,7.150,0.032,7.076,0.042,8120,15600,,2.00,2,0,8224x5140,L,2
24896,10.374,0.600,0.244,0.062,0.000,0.017,0.056,0.000,7.138,0.047,7.049,0.042,8120,15600,,2.00,2,0,8224x5140,L,2
24897,9.269,0.627,0.245,0.064,0.000,0.017,0.054,0.000,7.137,0.033,7.062,0.042,8120,15600,,2.00,2,0,8224x5140,L,2
24898,9.847,0.000,0.281,0.055,0.000,0.016,0.048,0.000,7.099,0.038,7.019,0.042,8120,15600,,2.00,2,0,8224x5140,L,2
24899,9.169,0.573,0.241,0.059,0.000,0.014,0.041,0.000,7.110,0.042,7.025,0.043,8120,15600,,2.00,2,0,8224x5140,L,2
24900,8.593,0.000,0.232,0.056,0.000,0.015,0.053,0.000,7.117,0.013,7.060,0.043,8120,15600,,2.00,2,0,8224x5140,L,2
24901,10.316,0.559,0.241,0.055,0.000,0.013,0.054,0.000,7.133,0.036,7.055,0.042,8120,15600,,2.00,2,0,8224x5140,L,2
24902,9.174,0.536,0.235,0.057,0.000,0.015,0.046,0.000,7.103,0.032,7.028,0.043,8120,15600,,2.00,2,0,8224x5140,L,2
24903,9.782,0.000,0.268,0.065,0.000,0.014,0.051,0.000,7.127,0.039,7.044,0.044,8120,15600,,2.00,2,0,8224x5140,L,2
24904,9.157,0.571,0.233,0.055,0.000,0.014,0.050,0.000,7.072,0.014,7.015,0.043,8120,15600,,2.00,2,0,8224x5140,L,2
24905,9.900,0.000,0.381,0.054,0.000,0.013,0.052,0.000,7.095,0.041,7.012,0.043,8120,15600,,2.00,2,0,8224x5140,L,2
24906,9.116,0.527,0.229,0.059,0.000,0.019,0.048,0.000,7.100,0.014,7.045,0.041,8120,15600,,2.00,2,0,8224x5140,L,2
24907,9.879,0.000,0.266,0.058,0.000,0.013,0.041,0.000,7.054,0.014,6.998,0.042,8120,15600,,2.00,2,0,8224x5140,L,2
24908,10.265,0.492,0.217,0.049,0.000,0.014,0.054,0.000,7.096,0.013,7.042,0.041,8120,15600,,2.00,2,0,8224x5140,L,2
24909,9.309,0.614,0.288,0.069,0.000,0.017,0.055,0.000,7.105,0.033,7.030,0.042,8120,15600,,2.00,2,0,8224x5140,L,2
24910,9.745,0.000,0.268,0.058,0.000,0.015,0.063,0.000,7.137,0.014,7.081,0.042,8120,15600,,2.00,2,0,8224x5140,L,2
24911,9.217,0.630,0.233,0.062,0.000,0.019,0.047,0.000,7.122,0.014,7.066,0.042,8120,15600,,2.00,2,0,8224x5140,L,2
24912,9.773,0.000,0.279,0.054,0.000,0.013,0.043,0.000,7.105,0.013,7.050,0.042,8120,15600,,2.00,2,0,8224x5140,L,2
24913,9.278,0.663,0.270,0.057,0.000,0.015,0.056,0.000,7.134,0.045,7.047,0.042,8120,15600,,2.00,2,0,8224x5140,L,2
24914,9.271,0.604,0.287,0.064,0.000,0.017,0.047,0.000,7.100,0.031,7.027,0.041,8120,15600,,2.00,2,0,8224x5140,L,2
24915,9.870,0.000,0.280,0.062,0.000,0.015,0.061,0.000,7.070,0.013,7.016,0.041,8120,15600,,2.00,2,0,8224x5140,L,2
24916,9.228,0.649,0.248,0.058,0.000,0.015,0.055,0.000,7.118,0.014,7.063,0.042,8120,15600,,2.00,2,0,8224x5140,L,2
24917,9.787,0.000,0.276,0.066,0.000,0.018,0.055,0.000,7.059,0.013,7.004,0.042,8120,15600,,2.00,2,0,8224x5140,L,2
24918,9.489,0.638,0.287,0.058,0.000,0.017,0.057,0.000,7.170,0.013,7.113,0.043,8120,15600,,2.00,2,0,8224x5140,L,2
24919,9.870,0.000,0.259,0.071,0.000,0.019,0.053,0.000,7.171,0.031,7.098,0.042,8120,15600,,2.00,2,0,8224x5140,L,2
24920,9.326,0.627,0.248,0.058,0.000,0.017,0.058,0.000,7.221,0.014,7.165,0.042,8120,15600,,2.00,2,0,8224x5140,L,2
24921,10.554,0.645,0.265,0.068,0.000,0.020,0.065,0.000,7.134,0.013,7.077,0.043,8120,15600,,2.00,2,0,8224x5140,L,2
24922,9.693,0.000,0.266,0.061,0.000,0.015,0.068,0.000,7.012,0.014,6.956,0.043,8120,15600,,2.00,2,0,8224x5140,L,2
24923,10.481,0.609,0.255,0.062,0.000,0.016,0.060,0.000,7.239,0.014,7.183,0.042,8120,15600,,2.00,2,0,8224x5140,L,2
24924,9.278,0.642,0.240,0.054,0.000,0.015,0.058,0.000,7.096,0.014,7.040,0.042,8120,15600,,2.00,2,0,8224x5140,L,2
24925,9.732,0.000,0.261,0.051,0.000,0.012,0.049,0.000,7.080,0.024,7.013,0.042,8120,15600,,2.00,2,0,8224x5140,L,2
24926,9.212,0.640,0.231,0.053,0.000,0.012,0.058,0.000,7.155,0.014,7.099,0.042,8120,15600,,2.00,2,0,8224x5140,L,2
24927,9.783,0.000,0.278,0.051,0.000,0.014,0.055,0.000,7.096,0.014,7.040,0.042,8120,15600,,2.00,2,0,8224x5140,L,2
24928,9.112,0.537,0.229,0.052,0.000,0.012,0.047,0.000,7.150,0.031,7.076,0.043,8120,15600,,2.00,2,0,8224x5140,L,2
24929,9.804,0.000,0.272,0.048,0.000,0.011,0.052,0.000,7.145,0.014,7.090,0.042,8120,15600,,2.00,2,0,8224x5140,L,2
24930,9.115,0.546,0.236,0.058,0.000,0.014,0.037,0.000,7.093,0.043,7.007,0.043,8120,15600,,2.00,2,0,8224x5140,L,2
24931,9.073,0.506,0.234,0.053,0.000,0.013,0.052,0.000,7.123,0.013,7.067,0.043,8120,15600,,2.00,2,0,8224x5140,L,2
24932,9.756,0.000,0.256,0.051,0.000,0.012,0.052,0.000,7.102,0.013,7.045,0.043,8120,15600,,2.00,2,0,8224x5140,L,2
24933,10.196,0.487,0.235,0.050,0.000,0.012,0.049,0.000,7.037,0.014,6.981,0.043,8120,15600,,2.00,2,0,8224x5140,L,2
24934,9.703,0.000,0.249,0.053,0.000,0.015,0.038,0.000,7.088,0.013,7.033,0.042,8120,15600,,2.00,2,0,8224x5140,L,2
24935,10.176,0.495,0.226,0.046,0.000,0.013,0.063,0.000,7.122,0.042,7.039,0.042,8120,15600,,2.00,2,0,8224x5140,L,2
24936,9.814,0.000,0.275,0.067,0.000,0.014,0.055,0.000,7.104,0.014,7.048,0.043,8120,15600,,2.00,2,0,8224x5140,L,2
24937,9.237,0.632,0.246,0.058,0.000,0.014,0.051,0.000,7.128,0.025,7.062,0.041,8120,15600,,2.00,2,0,8224x5140,L,2
24938,9.075,0.526,0.221,0.052,0.000,0.013,0.049,0.000,7.130,0.025,7.062,0.043,8120,15600,,2.00,2,0,8224x5140,L,2
24939,9.741,0.000,0.264,0.051,0.000,0.012,0.048,0.000,7.138,0.013,7.084,0.041,8120,15600,,2.00,2,0,8224x5140,L,2
24940,8.998,0.507,0.227,0.051,0.000,0.013,0.050,0.000,7.091,0.035,7.015,0.041,8120,15600,,2.00,2,0,8224x5140,L,2
24941,9.789,0.000,0.260,0.051,0.000,0.012,0.055,0.000,7.127,0.014,7.071,0.042,8120,15600,,2.00,2,0,8224x5140,L,2
24942,9.169,0.510,0.231,0.053,0.000,0.012,0.054,0.000,7.077,0.031,7.004,0.042,8120,15600,,2.00,2,0,8224x5140,L,2
24943,9.749,0.001,0.263,0.056,0.000,0.019,0.042,0.000,7.104,0.014,7.048,0.042,8120,15600,,2.00,2,0,8224x5140,L,2
24944,9.146,0.608,0.233,0.050,0.000,0.014,0.044,0.000,0.074,0.032,0.000,0.042,8120,15600,,2.00,2,0,8224x5140,L,2
24945,9.034,0.519,0.228,0.046,0.000,0.012,0.038,0.000,7.150,0.033,7.074,0.043,8120,15600,,2.00,2,0,8224x5140,L,2
24946,9.734,0.000,0.252,0.044,0.000,0.012,0.049,0.000,7.134,0.025,7.067,0.042,8120,15600,,2.00,2,0,8224x5140,L,2
24947,9.108,0.511,0.228,0.049,0.000,0.012,0.043,0.000,7.136,0.028,7.067,0.042,8120,15600,,2.00,2,0,8224x5140,L,2
24948,9.768,0.000,0.300,0.057,0.000,0.012,0.045,0.000,7.065,0.014,7.009,0.042,8120,15600,,2.00,2,0,8224x5140,L,2
24949,10.267,0.502,0.224,0.048,0.000,0.012,0.056,0.000,7.049,0.013,6.994,0.042,8120,15600,,2.00,2,0,8224x5140,L,2
24950,9.936,0.586,0.292,0.062,0.000,0.017,0.067,0.000,7.086,0.014,7.030,0.042,8120,15600,drag_start,2.00,2,1,8224x5140,L,2
24951,9.933,0.000,0.368,0.073,0.000,0.018,0.052,0.000,7.062,0.015,7.005,0.042,8120,15600,,2.00,2,1,8224x5140,L,2
24952,10.429,0.643,0.251,0.063,0.000,0.017,0.057,0.000,7.166,0.014,7.109,0.043,8120,15600,,2.00,2,1,8224x5140,L,2
24953,9.916,0.000,0.377,0.071,0.000,0.016,0.060,0.000,7.187,0.051,7.093,0.043,8120,15600,,2.00,2,1,8224x5140,L,2
24954,10.540,0.638,0.244,0.073,0.000,0.014,0.062,0.000,7.169,0.014,7.112,0.043,8120,15600,,2.00,2,1,8224x5140,L,2
24955,9.262,0.635,0.254,0.064,0.000,0.016,0.058,0.000,7.082,0.013,7.025,0.043,8120,15600,,2.00,2,1,8224x5140,L,2
24956,9.832,0.000,0.280,0.065,0.000,0.015,0.048,0.000,7.143,0.013,7.087,0.043,8120,15600,,2.00,2,1,8224x5140,L,2
24957,9.235,0.544,0.225,0.056,0.000,0.018,0.058,0.000,7.166,0.035,7.089,0.042,8120,15600,,2.00,2,1,8224x5140,L,2
24958,9.759,0.000,0.292,0.070,0.000,0.016,0.059,0.000,7.101,0.014,7.045,0.043,8120,15600,,2.00,2,1,8224x5140,L,2
24959,10.463,0.628,0.243,0.057,0.000,0.014,0.067,0.000,7.125,0.013,7.069,0.043,8120,15600,,2.00,2,1,8224x5140,L,2
24960,10.426,0.626,0.240,0.064,0.000,0.015,0.049,0.000,7.161,0.050,7.069,0.043,8120,15600,,2.00,2,1,8224x5140,L,2
24961,9.840,0.000,0.294,0.069,0.000,0.015,0.054,0.000,7.150,0.032,7.076,0.042,8120,15600,,2.00,2,1,8224x5140,L,2
24962,9.211,0.641,0.235,0.055,0.000,0.013,0.046,0.000,7.145,0.036,7.066,0.042,8120,15600,,2.00,2,1,8224x5140,L,2
24963,9.907,0.000,0.326,0.065,0.000,0.017,0.058,0.000,7.109,0.027,7.041,0.041,8120,15600,,2.00,2,1,8224x5140,L,2
24964,9.254,0.649,0.236,0.056,0.000,0.013,0.052,0.000,7.058,0.013,7.003,0.042,8120,15600,,2.00,2,1,8224x5140,L,2
24965,9.913,0.000,0.284,0.057,0.000,0.013,0.055,0.000,7.214,0.014,7.158,0.042,8120,15600,,2.00,2,1,8224x5140,L,2
24966,10.491,0.601,0.233,0.059,0.000,0.016,0.071,0.000,7.206,0.024,7.139,0.043,8120,15600,,2.00,2,1,8224x5140,L,2
24967,10.416,0.632,0.235,0.059,0.000,0.014,0.056,0.000,7.201,0.044,7.116,0.041,8120,15600,,2.00,2,1,8224x5140,L,2
24968,9.834,0.000,0.297,0.062,0.000,0.014,0.059,0.000,7.126,0.042,7.042,0.042,8120,15600,,2.00,2,1,8224x5140,L,2
24969,10.337,0.577,0.248,0.053,0.000,0.014,0.046,0.000,7.353,0.013,7.291,0.049,8120,15600,,2.00,2,1,8224x5140,L,2
24970,9.141,0.555,0.230,0.054,0.000,0.013,0.047,0.000,7.132,0.013,7.076,0.042,8120,15600,,2.00,2,1,8224x5140,L,2
24971,9.846,0.000,0.299,0.058,0.000,0.015,0.048,0.000,0.056,0.014,0.000,0.042,8120,15600,,2.00,2,1,8224x5140,L,2
24972,10.396,0.521,0.267,0.052,0.000,0.016,0.066,0.000,7.148,0.034,7.071,0.043,8120,15600,,2.00,2,1,8224x5140,L,2
24973,9.863,0.000,0.277,0.065,0.000,0.020,0.057,0.000,7.203,0.050,7.110,0.044,8120,15600,,2.00,2,1,8224x5140,L,2
24974,9.215,0.622,0.231,0.064,0.000,0.015,0.046,0.000,7.188,0.014,7.131,0.044,8120,15600,,2.00,2,1,8224x5140,L,2
24975,9.696,0.000,0.267,0.055,0.000,0.013,0.042,0.000,7.142,0.037,7.063,0.043,8120,15600,,2.00,2,1,8224x5140,L,2
24976,9.200,0.609,0.231,0.055,0.000,0.015,0.056,0.000,7.146,0.041,7.063,0.043,8120,15600,,2.00,2,1,8224x5140,L,2
24977,10.284,0.562,0.240,0.044,0.000,0.014,0.050,0.000,7.132,0.031,7.057,0.044,8120,15600,,2.00,2,1,8224x5140,L,2
24978,9.756,0.000,0.270,0.048,0.000,0.013,0.051,0.000,7.149,0.025,7.081,0.042,8120,15600,,2.00,2,1,8224x5140,L,2
24979,9.101,0.545,0.232,0.048,0.000,0.013,0.049,0.000,7.155,0.034,7.078,0.042,8120,15600,,2.00,2,1,8224x5140,L,2
24980,9.789,0.000,0.262,0.046,0.000,0.013,0.055,0.000,7.132,0.021,7.068,0.043,8120,15600,,2.00,2,1,8224x5140,L,2
24981,9.305,0.643,0.284,0.059,0.000,0.013,0.057,0.000,7.098,0.014,7.041,0.043,8120,15600,,2.00,2,1,8224x5140,L,2
24982,9.757,0.000,0.253,0.055,0.000,0.015,0.047,0.000,7.149,0.041,7.064,0.043,8120,15600,,2.00,2,1,8224x5140,L,2
24983,10.246,0.530,0.233,0.052,0.000,0.012,0.055,0.000,7.134,0.030,7.061,0.042,8120,15600,,2.00,2,1,8224x5140,L,2
24984,9.151,0.509,0.238,0.048,0.000,0.013,0.049,0.000,7.132,0.037,7.052,0.043,8120,15600,,2.00,2,1,8224x5140,L,2
24985,9.806,0.000,0.251,0.062,0.000,0.015,0.047,0.000,7.186,0.014,7.130,0.042,8120,15600,,2.00,2,1,8224x5140,L,2
24986,9.277,0.617,0.250,0.059,0.000,0.016,0.095,0.000,7.170,0.037,7.090,0.043,8120,15600,,2.00,2,1,8224x5140,L,2
24987,9.815,0.000,0.242,0.059,0.000,0.017,0.060,0.000,7.189,0.038,7.108,0.043,8120,15600,,2.00,2,1,8224x5140,L,2
24988,9.404,0.716,0.286,0.062,0.000,0.021,0.055,0.000,7.051,0.014,6.995,0.043,8120,15600,,2.00,2,1,8224x5140,L,2
24989,10.220,0.568,0.235,0.056,0.000,0.013,0.102,0.000,7.198,0.014,7.142,0.043,8120,15600,,2.00,2,1,8224x5140,L,2
24990,9.841,0.000,0.264,0.071,0.000,0.021,0.052,0.000,7.190,0.013,7.133,0.043,8120,15600,,2.00,2,1,8224x5140,L,2
24991,9.325,0.608,0.253,0.069,0.000,0.018,0.058,0.000,7.120,0.014,7.063,0.043,8120,15600,,2.00,2,1,8224x5140,L,2
24992,9.861,0.000,0.264,0.064,0.000,0.017,0.071,0.000,7.168,0.013,7.112,0.043,8120,15600,,2.00,2,1,8224x5140,L,2
24993,9.338,0.638,0.305,0.072,0.000,0.017,0.052,0.000,7.136,0.014,7.079,0.043,8120,15600,,2.00,2,1,8224x5140,L,2
24994,9.324,0.643,0.239,0.064,0.000,0.020,0.074,0.000,7.081,0.013,7.025,0.043,8120,15600,,2.00,2,1,8224x5140,L,2
24995,9.935,0.000,0.280,0.059,0.000,0.017,0.060,0.000,7.152,0.013,7.094,0.044,8120,15600,,2.00,2,1,8224x5140,L,2
24996,9.234,0.585,0.242,0.068,0.000,0.018,0.054,0.000,7.144,0.013,7.087,0.044,8120,15600,,2.00,2,1,8224x5140,L,2
24997,9.751,0.000,0.270,0.053,0.000,0.017,0.045,0.000,7.101,0.014,7.045,0.042,8120,15600,,2.00,2,1,8224x5140,L,2
24998,9.213,0.533,0.240,0.054,0.000,0.014,0.056,0.000,7.112,0.014,7.057,0.042,8120,15600,,2.00,2,1,8224x5140,L,2
24999,9.862,0.000,0.267,0.056,0.000,0.014,0.057,0.000,7.160,0.013,7.104,0.043,8120,15600,,2.00,2,1,8224x5140,L,2
25000,9.271,0.634,0.230,0.064,0.000,0.017,0.058,0.000,7.166,0.054,7.069,0.042,8120,15600,,2.00,2,1,8224x5140,L,2
25001,9.034,0.526,0.230,0.055,0.000,0.014,0.059,0.000,7.133,0.013,7.077,0.042,8120,15600,,2.00,2,1,8224x5140,L,2
25002,9.783,0.000,0.259,0.065,0.000,0.014,0.055,0.000,7.038,0.014,6.981,0.044,8120,15600,,2.00,2,1,8224x5140,L,2
25003,9.154,0.551,0.236,0.058,0.000,0.013,0.053,0.000,7.079,0.014,7.024,0.041,8120,15600,,2.00,2,1,8224x5140,L,2
25004,9.868,0.000,0.268,0.055,0.000,0.013,0.058,0.000,7.144,0.013,7.086,0.045,8120,15600,,2.00,2,1,8224x5140,L,2
25005,9.361,0.662,0.260,0.062,0.000,0.016,0.060,0.000,7.183,0.013,7.125,0.045,8120,15600,,2.00,2,1,8224x5140,L,2
25006,10.774,0.001,0.267,0.062,0.000,0.014,0.113,0.000,7.170,0.013,7.113,0.043,8120,15600,,2.00,2,1,8224x5140,L,2
25007,10.240,0.581,0.291,0.065,0.000,0.020,0.067,0.000,7.139,0.014,7.083,0.043,8120,15600,,2.00,2,1,8224x5140,L,2
25008,10.473,0.652,0.235,0.056,0.000,0.016,0.105,0.000,7.188,0.013,7.129,0.046,8120,15600,,2.00,2,1,8224x5140,L,2
25009,9.689,0.000,0.282,0.062,0.000,0.023,0.054,0.000,7.170,0.035,7.092,0.043,8120,15600,,2.00,2,1,8224x5140,L,2
25010,9.331,0.664,0.256,0.066,0.000,0.015,0.062,0.000,7.166,0.014,7.106,0.046,8120,15600,,2.00,2,1,8224x5140,L,2
25011,9.346,0.637,0.251,0.074,0.000,0.021,0.049,0.000,7.171,0.045,7.083,0.044,8120,15600,,2.00,2,1,8224x5140,L,2
25012,9.790,0.000,0.266,0.063,0.000,0.015,0.055,0.000,0.058,0.014,0.000,0.044,8120,15600,,2.00,2,1,8224x5140,L,2
25013,9.205,0.643,0.228,0.050,0.000,0.016,0.041,0.000,7.122,0.013,7.067,0.043,8120,15600,,2.00,2,1,8224x5140,L,2
25014,9.753,0.000,0.263,0.048,0.000,0.012,0.046,0.000,7.092,0.034,7.016,0.042,8120,15600,,2.00,2,1,8224x5140,L,2
25015,9.210,0.624,0.222,0.048,0.000,0.012,0.046,0.000,7.087,0.026,7.018,0.043,8120,15600,,2.00,2,1,8224x5140,L,2
25016,9.736,0.000,0.265,0.045,0.000,0.012,0.045,0.000,7.074,0.014,7.017,0.043,8120,15600,,2.00,2,1,8224x5140,L,2
25017,9.107,0.551,0.232,0.045,0.000,0.013,0.051,0.000,7.122,0.034,7.046,0.042,8120,15600,,2.00,2,1,8224x5140,L,2
25018,9.060,0.529,0.217,0.044,0.000,0.013,0.057,0.000,7.096,0.013,7.040,0.043,8120,15600,,2.00,2,1,8224x5140,L,2
25019,9.822,0.000,0.411,0.059,0.000,0.018,0.042,0.000,7.083,0.026,7.014,0.042,8120,15600,,2.00,2,1,8224x5140,L,2
25020,9.439,0.597,0.227,0.055,0.000,0.014,0.091,0.000,7.169,0.014,7.112,0.043,8120,15600,,2.00,2,1,8224x5140,L,2
25021,9.859,0.000,0.268,0.052,0.000,0.020,0.054,0.000,7.138,0.014,7.082,0.042,8120,15600,,2.00,2,1,8224x5140,L,2
25022,9.275,0.642,0.239,0.064,0.000,0.017,0.059,0.000,7.191,0.014,7.131,0.046,8120,15600,,2.00,2,1,8224x5140,L,2
25023,9.662,0.000,0.274,0.050,0.000,0.012,0.055,0.000,7.093,0.032,7.018,0.043,8120,15600,,2.00,2,1,8224x5140,L,2
25024,10.501,0.648,0.262,0.048,0.000,0.012,0.068,0.000,7.205,0.036,7.123,0.046,8120,15600,,2.00,2,1,8224x5140,L,2
25025,10.372,0.572,0.240,0.060,0.000,0.019,0.052,0.000,7.232,0.039,7.149,0.044,8120,15600,,2.00,2,1,8224x5140,L,2
25026,9.817,0.000,0.271,0.062,0.000,0.014,0.055,0.000,7.087,0.014,7.030,0.043,8120,15600,,2.00,2,1,8224x5140,L,2
25027,9.190,0.581,0.245,0.055,0.000,0.015,0.055,0.000,7.109,0.013,7.053,0.043,8120,15600,,2.00,2,1,8224x5140,L,2
25028,9.708,0.000,0.273,0.051,0.000,0.014,0.055,0.000,7.112,0.033,7.036,0.043,8120,15600,,2.00,2,1,8224x5140,L,2
25029,9.272,0.644,0.256,0.056,0.000,0.015,0.045,0.000,7.120,0.048,7.029,0.043,8120,15600,,2.00,2,1,8224x5140,L,2
25030,9.176,0.573,0.249,0.050,0.000,0.014,0.048,0.000,7.067,0.013,7.011,0.043,8120,15600,,2.00,2,1,8224x5140,L,2
25031,9.721,0.000,0.258,0.047,0.000,0.012,0.048,0.000,7.071,0.013,7.015,0.043,8120,15600,,2.00,2,1,8224x5140,L,2
25032,9.120,0.554,0.233,0.048,0.000,0.013,0.048,0.000,6.991,0.013,6.936,0.043,8120,15600,,2.00,2,1,8224x5140,L,2
25033,9.713,0.000,0.271,0.045,0.000,0.012,0.044,0.000,7.071,0.014,7.015,0.042,8120,15600,,2.00,2,1,8224x5140,L,2
25034,9.070,0.550,0.228,0.043,0.000,0.012,0.047,0.000,7.115,0.025,7.048,0.042,8120,15600,,2.00,2,1,8224x5140,L,2
25035,9.777,0.000,0.253,0.044,0.000,0.010,0.060,0.000,7.130,0.025,7.063,0.042,8120,15600,,2.00,2,1,8224x5140,L,2
25036,9.307,0.645,0.240,0.056,0.000,0.017,0.056,0.000,7.137,0.050,7.044,0.042,8120,15600,,2.00,2,1,8224x5140,L,2
25037,9.236,0.629,0.243,0.057,0.000,0.014,0.047,0.000,7.125,0.032,7.051,0.042,8120,15600,,2.00,2,1,8224x5140,L,2
25038,9.735,0.000,0.268,0.050,0.000,0.011,0.043,0.000,7.110,0.031,7.037,0.042,8120,15600,,2.00,2,1,8224x5140,L,2
25039,9.228,0.639,0.240,0.060,0.000,0.013,0.045,0.000,7.100,0.029,7.029,0.042,8120,15600,,2.00,2,1,8224x5140,L,2
25040,9.808,0.000,0.266,0.045,0.000,0.011,0.133,0.000,7.079,0.014,7.024,0.042,8120,15600,,2.00,2,1,8224x5140,L,2
25041,9.242,0.614,0.239,0.057,0.000,0.016,0.044,0.000,7.113,0.030,7.041,0.041,8120,15600,,2.00,2,1,8224x5140,L,2
25042,9.768,0.000,0.273,0.058,0.000,0.015,0.045,0.000,7.058,0.014,7.002,0.042,8120,15600,,2.00,2,1,8224x5140,L,2
25043,9.157,0.588,0.221,0.055,0.000,0.013,0.049,0.000,7.112,0.028,7.042,0.042,8120,15600,,2.00,2,1,8224x5140,L,2
25044,9.121,0.555,0.225,0.045,0.000,0.012,0.052,0.000,7.124,0.025,7.056,0.042,8120,15600,,2.00,2,1,8224x5140,L,2
25045,9.752,0.000,0.278,0.048,0.000,0.012,0.051,0.000,7.087,0.037,7.009,0.042,8120,15600,,2.00,2,1,8224x5140,L,2
25046,9.168,0.625,0.228,0.049,0.000,0.013,0.042,0.000,7.106,0.032,7.030,0.043,8120,15600,,2.00,2,1,8224x5140,L,2
25047,9.948,0.000,0.371,0.048,0.000,0.015,0.068,0.000,7.146,0.014,7.090,0.042,8120,15600,,2.00,2,1,8224x5140,L,2
25048,9.084,0.611,0.244,0.057,0.000,0.016,0.058,0.000,7.063,0.014,7.006,0.043,8120,15600,,2.00,2,1,8224x5140,L,2
25049,9.934,0.000,0.417,0.060,0.000,0.014,0.058,0.000,7.115,0.014,7.059,0.042,8120,15600,,2.00,2,1,8224x5140,L,2
25050,9.322,0.642,0.265,0.069,0.000,0.018,0.086,0.000,7.109,0.013,7.054,0.042,8120,15600,,2.00,2,1,8224x5140,L,2
25051,9.325,0.639,0.265,0.063,0.000,0.016,0.066,0.000,7.075,0.014,7.019,0.042,8120,15600,,2.00,2,1,8224x5140,L,2
25052,9.848,0.000,0.280,0.062,0.000,0.016,0.044,0.000,7.194,0.013,7.138,0.044,8120,15600,,2.00,2,1,8224x5140,L,2
25053,9.219,0.636,0.230,0.064,0.000,0.015,0.049,0.000,7.034,0.014,6.979,0.041,8120,15600,,2.00,2,1,8224x5140,L,2
25054,9.937,0.000,0.399,0.052,0.000,0.012,0.054,0.000,7.097,0.014,7.041,0.042,8120,15600,,2.00,2,1,8224x5140,L,2
25055,9.209,0.595,0.244,0.058,0.000,0.016,0.042,0.000,7.129,0.013,7.075,0.041,8120,15600,,2.00,2,1,8224x5140,L,2
25056,9.433,0.562,0.375,0.056,0.000,0.016,0.049,0.000,7.086,0.032,7.012,0.041,8120,15600,,2.00,2,1,8224x5140,L,2
25057,9.865,0.000,0.285,0.055,0.000,0.017,0.054,0.000,0.084,0.042,0.000,0.042,8120,15600,,2.00,2,1,8224x5140,L,2
25058,9.257,0.649,0.232,0.055,0.000,0.015,0.053,0.000,7.137,0.014,7.081,0.042,8120,15600,,2.00,2,1,8224x5140,L,2
25059,9.999,0.000,0.393,0.050,0.000,0.013,0.057,0.000,7.069,0.013,7.015,0.041,8120,15600,,2.00,2,1,8224x5140,L,2
25060,9.311,0.640,0.252,0.072,0.000,0.016,0.058,0.000,7.082,0.035,7.003,0.043,8120,15600,,2.00,2,1,8224x5140,L,2
25061,9.852,0.000,0.276,0.059,0.000,0.013,0.064,0.000,7.184,0.036,7.105,0.043,8120,15600,,2.00,2,1,8224x5140,L,2
25062,9.201,0.599,0.231,0.054,0.000,0.014,0.048,0.000,7.063,0.014,7.006,0.043,8120,15600,,2.00,2,1,8224x5140,L,2
25063,9.262,0.511,0.265,0.053,0.000,0.014,0.046,0.000,7.230,0.014,7.173,0.043,8120,15600,drag_snap,2.00,2,0,8224x5140,L,2
25064,9.797,0.000,0.267,0.065,0.000,0.015,0.065,0.000,7.205,0.031,7.133,0.042,8120,15600,,2.00,2,0,8224x5140,L,2
25065,9.454,0.649,0.249,0.069,0.000,0.016,0.080,0.000,7.104,0.013,7.049,0.042,8120,15600,,2.00,2,0,8224x5140,L,2
25066,9.885,0.000,0.311,0.065,0.000,0.016,0.046,0.000,7.163,0.013,7.108,0.041,8120,15600,,2.00,2,0,8224x5140,L,2
25067,10.541,0.664,0.258,0.058,0.000,0.013,0.064,0.000,7.048,0.013,6.992,0.042,8120,15600,,2.00,2,0,8224x5140,L,2
25068,10.474,0.639,0.250,0.062,0.000,0.016,0.048,0.000,7.260,0.050,7.168,0.042,8120,15600,,2.00,2,0,8224x5140,L,2
25069,9.773,0.000,0.266,0.063,0.000,0.015,0.041,0.000,7.140,0.014,7.083,0.043,8120,15600,,2.00,2,0,8224x5140,L,2
25070,10.264,0.574,0.229,0.055,0.000,0.013,0.056,0.000,7.081,0.013,7.024,0.043,8120,15600,,2.00,2,0,8224x5140,L,2
25071,9.674,0.000,0.287,0.055,0.000,0.013,0.068,0.000,7.131,0.031,7.058,0.043,8120,15600,,2.00,2,0,8224x5140,L,2
25072,9.192,0.649,0.226,0.043,0.000,0.011,0.048,0.000,7.133,0.029,7.060,0.043,8120,15600,,2.00,2,0,8224x5140,L,2
25073,9.739,0.000,0.281,0.040,0.000,0.010,0.065,0.000,7.110,0.028,7.039,0.043,8120,15600,,2.00,2,0,8224x5140,L,2
25074,9.362,0.647,0.260,0.068,0.000,0.017,0.064,0.000,7.095,0.024,7.029,0.042,8120,15600,,2.00,2,0,8224x5140,L,2
25075,9.319,0.661,0.234,0.056,0.000,0.014,0.048,0.000,7.085,0.013,7.029,0.043,8120,15600,,2.00,2,0,8224x5140,L,2
25076,9.714,0.000,0.267,0.062,0.000,0.016,0.074,0.000,7.112,0.014,7.055,0.043,8120,15600,,2.00,2,0,8224x5140,L,2
25077,9.362,0.656,0.260,0.066,0.000,0.019,0.057,0.000,7.113,0.042,7.029,0.042,8120,15600,,2.00,2,0,8224x5140,L,2
25078,9.782,0.000,0.300,0.059,0.000,0.016,0.039,0.000,7.058,0.014,7.002,0.042,8120,15600,,2.00,2,0,8224x5140,L,2
25079,9.132,0.577,0.234,0.049,0.000,0.012,0.051,0.000,7.122,0.041,7.039,0.042,8120,15600,,2.00,2,0,8224x5140,L,2
25080,9.744,0.000,0.269,0.049,0.000,0.012,0.089,0.000,7.124,0.035,7.047,0.042,8120,15600,,2.00,2,0,8224x5140,L,2
25081,9.261,0.655,0.246,0.057,0.000,0.015,0.039,0.000,7.112,0.027,7.043,0.042,8120,15600,,2.00,2,0,8224x5140,L,2
25082,10.318,0.579,0.225,0.047,0.000,0.013,0.076,0.000,7.175,0.014,7.118,0.044,8120,15600,,2.00,2,0,8224x5140,L,2
25083,9.795,0.000,0.267,0.060,0.000,0.013,0.049,0.000,7.138,0.013,7.083,0.042,8120,15600,,2.00,2,0,8224x5140,L,2
25084,9.169,0.575,0.223,0.055,0.001,0.013,0.062,0.000,7.126,0.014,7.070,0.042,8120,15600,,2.00,2,0,8224x5140,L,2
25085,9.796,0.000,0.286,0.058,0.000,0.015,0.047,0.000,7.119,0.014,7.064,0.041,8120,15600,,2.00,2,0,8224x5140,L,2
25086,9.207,0.645,0.223,0.049,0.000,0.013,0.049,0.000,7.127,0.013,7.071,0.043,8120,15600,,2.00,2,0,8224x5140,L,2
25087,9.170,0.562,0.226,0.051,0.000,0.012,0.052,0.000,7.129,0.028,7.059,0.042,8120,15600,,2.00,2,0,8224x5140,L,2
25088,9.667,0.000,0.254,0.061,0.000,0.013,0.046,0.000,7.128,0.027,7.057,0.043,8120,15600,,2.00,2,0,8224x5140,L,2
25089,9.093,0.570,0.216,0.040,0.000,0.010,0.049,0.000,7.144,0.028,7.074,0.041,8120,15600,,2.00,2,0,8224x5140,L,2
25090,9.783,0.000,0.278,0.052,0.000,0.012,0.054,0.000,7.129,0.032,7.055,0.043,8120,15600,,2.00,2,0,8224x5140,L,2
25091,9.187,0.646,0.215,0.054,0.000,0.013,0.044,0.000,7.128,0.033,7.053,0.041,8120,15600,,2.00,2,0,8224x5140,L,2
25092,9.793,0.000,0.282,0.053,0.000,0.014,0.050,0.000,7.132,0.034,7.056,0.043,8120,15600,,2.00,2,0,8224x5140,L,2
25093,9.242,0.585,0.218,0.049,0.000,0.012,0.057,0.000,7.110,0.033,7.035,0.042,8120,15600,,2.00,2,0,8224x5140,L,2
25094,9.849,0.000,0.311,0.061,0.000,0.015,0.058,0.000,7.061,0.022,6.997,0.042,8120,15600,,2.00,2,0,8224x5140,L,2
25095,9.309,0.644,0.221,0.057,0.000,0.014,0.057,0.000,7.142,0.040,7.060,0.042,8120,15600,,2.00,2,0,8224x5140,L,2
25096,9.392,0.682,0.249,0.053,0.000,0.015,0.055,0.000,7.113,0.032,7.039,0.042,8120,15600,,2.00,2,0,8224x5140,L,2
25097,9.789,0.000,0.297,0.063,0.000,0.017,0.045,0.000,7.112,0.014,7.056,0.043,8120,15600,,2.00,2,0,8224x5140,L,2
25098,9.241,0.603,0.234,0.057,0.000,0.014,0.054,0.000,7.112,0.036,7.034,0.042,8120,15600,,2.00,2,0,8224x5140,L,2
25099,9.773,0.000,0.273,0.058,0.000,0.012,0.042,0.000,7.134,0.014,7.079,0.041,8120,15600,,2.00,2,0,8224x5140,L,2
25100,10.243,0.584,0.223,0.050,0.000,0.012,0.064,0.000,7.131,0.035,7.052,0.044,8120,15600,,2.00,2,0,8224x5140,L,2
25101,9.356,0.680,0.239,0.064,0.000,0.015,0.059,0.000,7.094,0.013,7.040,0.041,8120,15600,,2.00,2,0,8224x5140,L,2
25102,9.779,0.001,0.272,0.071,0.000,0.016,0.042,0.000,7.102,0.034,7.027,0.042,8120,15600,,2.00,2,0,8224x5140,L,2
25103,9.212,0.635,0.218,0.054,0.000,0.013,0.049,0.000,7.126,0.013,7.071,0.042,8120,15600,,2.00,2,0,8224x5140,L,2
25104,9.847,0.000,0.291,0.058,0.000,0.016,0.063,0.000,7.102,0.014,7.047,0.042,8120,15600,,2.00,2,0,8224x5140,L,2
25105,9.296,0.582,0.235,0.061,0.000,0.016,0.058,0.000,7.082,0.013,7.027,0.042,8120,15600,,2.00,2,0,8224x5140,L,2
25106,9.761,0.000,0.303,0.065,0.000,0.016,0.041,0.000,7.129,0.013,7.074,0.041,8120,15600,,2.00,2,0,8224x5140,L,2
25107,10.345,0.565,0.244,0.054,0.000,0.013,0.048,0.000,7.134,0.025,7.066,0.043,8120,15600,,2.00,2,0,8224x5140,L,2
25108,9.286,0.584,0.259,0.061,0.000,0.016,0.060,0.000,7.170,0.014,7.112,0.043,8120,15600,,2.00,2,0,8224x5140,L,2
25109,9.726,0.000,0.255,0.051,0.000,0.013,0.058,0.000,7.124,0.014,7.068,0.042,8120,15600,,2.00,2,0,8224x5140,L,2
25110,10.389,0.553,0.252,0.059,0.000,0.017,0.069,0.000,7.114,0.013,7.057,0.044,8120,15600,,2.00,2,0,8224x5140,L,2
25111,9.914,0.000,0.252,0.070,0.000,0.015,0.092,0.000,7.170,0.013,7.115,0.041,8120,15600,,2.00,2,0,8224x5140,L,2
25112,10.584,0.636,0.262,0.062,0.000,0.019,0.077,0.000,7.407,0.014,7.345,0.048,8120,15600,,2.00,2,0,8224x5140,L,2
25113,9.307,0.604,0.269,0.069,0.000,0.018,0.054,0.000,7.065,0.013,7.009,0.042,8120,15600,,2.00,2,0,8224x5140,L,2
25114,10.047,0.000,0.285,0.059,0.019,0.017,0.117,0.000,7.305,0.013,7.249,0.043,8120,15600,,2.00,2,0,8224x5140,L,2
25115,9.449,0.628,0.352,0.072,0.000,0.023,0.062,0.000,7.151,0.013,7.094,0.044,8120,15600,,2.00,2,0,8224x5140,L,2
25116,9.791,0.000,0.275,0.059,0.000,0.017,0.042,0.000,7.143,0.034,7.066,0.043,8120,15600,,2.00,2,0,8224x5140,L,2
25117,9.217,0.655,0.231,0.058,0.000,0.014,0.051,0.000,7.169,0.013,7.113,0.043,8120,15600,,2.00,2,0,8224x5140,L,2
25118,9.083,0.555,0.229,0.048,0.000,0.016,0.051,0.000,7.023,0.013,6.967,0.042,8120,15600,,2.00,2,0,8224x5140,L,2
25119,9.666,0.000,0.248,0.044,0.000,0.010,0.043,0.000,7.133,0.014,7.077,0.042,8120,15600,,2.00,2,0,8224x5140,L,2
25120,9.147,0.520,0.232,0.052,0.000,0.012,0.059,0.000,7.164,0.037,7.085,0.042,8120,15600,,2.00,2,0,8224x5140,L,2
25121,9.771,0.000,0.268,0.053,0.000,0.013,0.042,0.000,7.119,0.014,7.063,0.043,8120,15600,,2.00,2,0,8224x5140,L,2
25122,9.327,0.668,0.252,0.058,0.000,0.015,0.058,0.000,7.064,0.013,7.008,0.043,8120,15600,,2.00,2,0,8224x5140,L,2
25123,9.797,0.000,0.282,0.059,0.000,0.014,0.052,0.000,7.101,0.032,7.026,0.043,8120,15600,,2.00,2,0,8224x5140,L,2
25124,10.160,0.537,0.236,0.051,0.000,0.014,0.051,0.000,7.165,0.013,7.109,0.042,8120,15600,,2.00,2,0,8224x5140,L,2
25125,9.084,0.524,0.229,0.049,0.000,0.016,0.052,0.000,7.147,0.032,7.073,0.042,8120,15600,,2.00,2,0,8224x5140,L,2
25126,9.717,0.000,0.259,0.050,0.000,0.012,0.044,0.000,7.121,0.037,7.043,0.042,8120,15600,,2.00,2,0,8224x5140,L,2
25127,9.056,0.522,0.225,0.049,0.000,0.013,0.045,0.000,7.108,0.014,7.052,0.042,8120,15600,,2.00,2,0,8224x5140,L,2
25128,9.664,0.000,0.275,0.055,0.000,0.013,0.043,0.000,7.126,0.014,7.069,0.043,8120,15600,,2.00,2,0,8224x5140,L,2
25129,9.169,0.520,0.228,0.044,0.000,0.011,0.058,0.000,7.105,0.029,7.033,0.042,8120,15600,,2.00,2,0,8224x5140,L,2
25130,9.824,0.000,0.303,0.072,0.000,0.016,0.041,0.000,7.078,0.013,7.023,0.042,8120,15600,,2.00,2,0,8224x5140,L,2
25131,9.289,0.672,0.230,0.055,0.000,0.014,0.057,0.000,0.090,0.049,0.000,0.042,8120,15600,,2.00,2,0,8224x5140,L,2
25132,9.101,0.537,0.243,0.050,0.000,0.012,0.043,0.000,7.120,0.031,7.048,0.041,8120,15600,,2.00,2,0,8224x5140,L,2
25133,9.805,0.000,0.301,0.058,0.000,0.012,0.046,0.000,7.066,0.013,7.011,0.042,8120,15600,,2.00,2,0,8224x5140,L,2
25134,9.058,0.523,0.223,0.047,0.000,0.011,0.050,0.000,7.108,0.033,7.033,0.042,8120,15600,,2.00,2,0,8224x5140,L,2
25135,9.788,0.000,0.300,0.059,0.000,0.012,0.042,0.000,7.066,0.014,7.009,0.043,8120,15600,,2.00,2,0,8224x5140,L,2
25136,9.295,0.662,0.266,0.051,0.000,0.013,0.051,0.000,6.968,0.014,6.914,0.040,8120,15600,,2.00,2,0,8224x5140,L,2
25137,9.763,0.000,0.278,0.052,0.000,0.013,0.052,0.000,7.119,0.028,7.050,0.042,8120,15600,,2.00,2,0,8224x5140,L,2
25138,10.290,0.557,0.217,0.046,0.000,0.012,0.046,0.000,7.059,0.013,7.005,0.041,8120,15600,,2.00,2,0,8224x5140,L,2
25139,9.258,0.663,0.235,0.061,0.000,0.015,0.041,0.000,7.072,0.014,7.016,0.042,8120,15600,,2.00,2,0,8224x5140,L,2
25140,9.844,0.000,0.289,0.056,0.000,0.014,0.092,0.000,7.122,0.014,7.063,0.044,8120,15600,,2.00,2,0,8224x5140,L,2
25141,9.088,0.538,0.227,0.048,0.000,0.011,0.046,0.000,7.095,0.037,7.016,0.042,8120,15600,,2.00,2,0,8224x5140,L,2
25142,9.739,0.000,0.271,0.050,0.000,0.013,0.047,0.000,7.122,0.013,7.068,0.041,8120,15600,,2.00,2,0,8224x5140,L,2
25143,10.242,0.512,0.220,0.044,0.000,0.011,0.055,0.000,7.103,0.013,7.048,0.042,8120,15600,,2.00,2,0,8224x5140,L,2
25144,10.284,0.561,0.256,0.053,0.000,0.014,0.046,0.000,7.085,0.014,7.029,0.042,8120,15600,,2.00,2,0,8224x5140,L,2
25145,9.704,0.000,0.249,0.046,0.000,0.012,0.050,0.000,7.144,0.013,7.088,0.043,8120,15600,,2.00,2,0,8224x5140,L,2
25146,9.078,0.520,0.231,0.046,0.000,0.012,0.050,0.000,7.112,0.014,7.055,0.043,8120,15600,,2.00,2,0,8224x5140,L,2
25147,10.030,0.000,0.252,0.046,0.000,0.011,0.086,0.000,7.101,0.030,7.029,0.042,8120,15600,,2.00,2,0,8224x5140,L,2
25148,9.389,0.648,0.294,0.063,0.000,0.021,0.057,0.000,7.159,0.014,7.103,0.043,8120,15600,,2.00,2,0,8224x5140,L,2
25149,9.262,0.633,0.263,0.054,0.000,0.013,0.051,0.000,7.235,0.014,7.178,0.043,8120,15600,,2.00,2,0,8224x5140,L,2
25150,9.884,0.000,0.282,0.053,0.000,0.013,0.066,0.000,7.073,0.014,7.016,0.043,8120,15600,,2.00,2,0,8224x5140,L,2
25151,9.313,0.664,0.256,0.066,0.000,0.015,0.053,0.000,7.105,0.014,7.048,0.043,8120,15600,,2.00,2,0,8224x5140,L,2
25152,9.910,0.000,0.434,0.052,0.000,0.014,0.049,0.000,7.112,0.013,7.057,0.041,8120,15600,,2.00,2,0,8224x5140,L,2
25153,9.183,0.570,0.277,0.051,0.000,0.013,0.040,0.000,7.082,0.032,7.008,0.042,8120,15600,,2.00,2,0,8224x5140,L,2
25154,9.858,0.000,0.377,0.048,0.000,0.012,0.054,0.000,7.145,0.014,7.089,0.042,8120,15600,,2.00,2,0,8224x5140,L,2
25155,10.104,0.535,0.229,0.049,0.000,0.015,0.040,0.000,7.107,0.031,7.035,0.041,8120,15600,,2.00,2,0,8224x5140,L,2
25156,10.445,0.492,0.257,0.052,0.000,0.014,0.134,0.000,7.170,0.014,7.113,0.044,8120,15600,,2.00,2,0,8224x5140,L,2
25157,9.899,0.000,0.287,0.069,0.000,0.019,0.059,0.000,7.249,0.013,7.193,0.042,8120,15600,,2.00,2,0,8224x5140,L,2
25158,9.238,0.649,0.237,0.054,0.000,0.013,0.053,0.000,7.112,0.014,7.056,0.042,8120,15600,,2.00,2,0,8224x5140,L,2
25159,9.800,0.000,0.280,0.046,0.000,0.014,0.074,0.000,7.097,0.013,7.040,0.044,8120,15600,,2.00,2,0,8224x5140,L,2
25160,10.279,0.534,0.254,0.059,0.000,0.017,0.041,0.000,7.426,0.042,7.335,0.049,8120,15600,,2.00,2,0,8224x5140,L,2
25161,10.015,0.515,0.264,0.059,0.000,0.015,0.053,0.000,7.259,0.013,7.204,0.042,8120,15600,,2.00,2,0,8224x5140,L,2
25162,9.850,0.000,0.294,0.060,0.000,0.021,0.092,0.000,7.181,0.043,7.096,0.042,8120,15600,,2.00,2,0,8224x5140,L,2
25163,10.445,0.665,0.287,0.076,0.000,0.022,0.058,0.000,7.268,0.014,7.212,0.042,8120,15600,,2.00,2,0,8224x5140,L,2
25164,9.847,0.000,0.301,0.061,0.000,0.013,0.057,0.000,7.154,0.043,7.067,0.043,8120,15600,,2.00,2,0,8224x5140,L,2
25165,9.164,0.552,0.244,0.059,0.000,0.017,0.063,0.000,7.124,0.013,7.068,0.042,8120,15600,,2.00,2,0,8224x5140,L,2
25166,9.183,0.626,0.236,0.050,0.000,0.013,0.067,0.000,7.192,0.013,7.136,0.043,8120,15600,,2.00,2,0,8224x5140,L,2
25167,9.797,0.000,0.271,0.052,0.000,0.013,0.060,0.000,7.156,0.020,7.092,0.043,8120,15600,,2.00,2,0,8224x5140,L,2
25168,9.273,0.634,0.233,0.054,0.000,0.013,0.059,0.000,7.130,0.034,7.053,0.044,8120,15600,,2.00,2,0,8224x5140,L,2
25169,9.729,0.000,0.271,0.069,0.000,0.015,0.053,0.000,7.037,0.014,6.982,0.041,8120,15600,,2.00,2,0,8224x5140,L,2
25170,9.355,0.665,0.238,0.055,0.000,0.014,0.058,0.000,7.122,0.014,7.067,0.042,8120,15600,,2.00,2,0,8224x5140,L,2
25171,9.238,0.600,0.231,0.062,0.000,0.016,0.047,0.000,7.157,0.034,7.081,0.042,8120,15600,,2.00,2,0,8224x5140,L,2
25172,9.779,0.000,0.269,0.058,0.000,0.014,0.042,0.000,0.056,0.013,0.000,0.043,8120,15600,,2.00,2,0,8224x5140,L,2
25173,10.335,0.551,0.232,0.056,0.000,0.014,0.053,0.000,7.179,0.036,7.102,0.041,8120,15600,,2.00,2,0,8224x5140,L,2
25174,9.759,0.000,0.271,0.056,0.000,0.013,0.045,0.000,7.175,0.050,7.082,0.043,8120,15600,,2.00,2,0,8224x5140,L,2
25175,10.341,0.523,0.229,0.053,0.000,0.015,0.061,0.000,7.135,0.014,7.079,0.043,8120,15600,,2.00,2,0,8224x5140,L,2
25176,10.384,0.659,0.248,0.070,0.000,0.018,0.061,0.000,7.155,0.049,7.064,0.042,8120,15600,,2.00,2,0,8224x5140,L,2
25177,9.797,0.000,0.283,0.067,0.000,0.016,0.050,0.000,7.078,0.014,7.022,0.042,8120,15600,,2.00,2,0,8224x5140,L,2
25178,9.218,0.525,0.256,0.060,0.000,0.017,0.061,0.000,7.075,0.042,6.991,0.042,8120,15600,,2.00,2,0,8224x5140,L,2
25179,9.805,0.000,0.273,0.061,0.000,0.016,0.059,0.000,7.150,0.013,7.094,0.043,8120,15600,,2.00,2,0,8224x5140,L,2
25180,9.322,0.636,0.255,0.065,0.000,0.018,0.060,0.000,7.074,0.042,6.991,0.041,8120,15600,,2.00,2,0,8224x5140,L,2
25181,9.831,0.000,0.286,0.065,0.000,0.014,0.057,0.000,7.028,0.013,6.972,0.042,8120,15600,,2.00,2,0,8224x5140,L,2
25182,9.189,0.552,0.236,0.056,0.000,0.014,0.047,0.000,0.056,0.013,0.000,0.043,8120,15600,,2.00,2,0,8224x5140,L,2
25183,9.257,0.631,0.239,0.060,0.000,0.014,0.085,0.000,7.200,0.014,7.146,0.041,8120,15600,,2.00,2,0,8224x5140,L,2
25184,9.853,0.000,0.286,0.060,0.000,0.019,0.057,0.000,7.166,0.013,7.110,0.043,8120,15600,,2.00,2,0,8224x5140,L,2
25185,9.273,0.658,0.238,0.054,0.000,0.014,0.060,0.000,7.148,0.013,7.093,0.042,8120,15600,,2.00,2,0,8224x5140,L,2
25186,9.736,0.000,0.263,0.052,0.000,0.013,0.050,0.000,7.166,0.040,7.083,0.042,8120,15600,,2.00,2,0,8224x5140,L,2
25187,9.208,0.647,0.224,0.050,0.000,0.012,0.054,0.000,7.120,0.033,7.044,0.043,8120,15600,,2.00,2,0,8224x5140,L,2
25188,9.121,0.531,0.225,0.052,0.000,0.013,0.051,0.000,7.154,0.043,7.070,0.041,8120,15600,,2.00,2,0,8224x5140,L,2
25189,9.854,0.000,0.266,0.054,0.000,0.012,0.065,0.000,7.142,0.014,7.087,0.042,8120,15600,,2.00,2,0,8224x5140,L,2
25190,9.203,0.574,0.249,0.060,0.000,0.016,0.043,0.000,7.216,0.013,7.160,0.042,8120,15600,,2.00,2,0,8224x5140,L,2
25191,9.818,0.000,0.262,0.049,0.000,0.013,0.057,0.000,7.160,0.014,7.103,0.043,8120,15600,,2.00,2,0,8224x5140,L,2
25192,9.177,0.630,0.232,0.062,0.000,0.016,0.054,0.000,7.140,0.013,7.085,0.042,8120,15600,,2.00,2,0,8224x5140,L,2
25193,9.825,0.000,0.256,0.062,0.000,0.015,0.056,0.000,7.140,0.013,7.086,0.041,8120,15600,,2.00,2,0,8224x5140,L,2
25194,9.263,0.658,0.269,0.061,0.000,0.017,0.057,0.000,7.141,0.013,7.085,0.043,8120,15600,,2.00,2,0,8224x5140,L,2
25195,10.323,0.542,0.266,0.056,0.000,0.014,0.052,0.000,7.145,0.013,7.090,0.042,8120,15600,,2.00,2,0,8224x5140,L,2
25196,9.783,0.000,0.287,0.061,0.000,0.017,0.047,0.000,7.170,0.013,7.116,0.041,8120,15600,,2.00,2,0,8224x5140,L,2
25197,9.231,0.628,0.233,0.058,0.000,0.015,0.060,0.000,7.145,0.013,7.088,0.044,8120,15600,,2.00,2,0,8224x5140,L,2
25198,9.775,0.000,0.266,0.057,0.000,0.014,0.051,0.000,7.125,0.013,7.068,0.043,8120,15600,,2.00,2,0,8224x5140,L,2
25199,9.210,0.600,0.261,0.063,0.000,0.016,0.041,0.000,7.052,0.013,6.997,0.042,8120,15600,,2.00,2,0,8224x5140,L,2
25200,9.895,0.000,0.343,0.054,0.000,0.013,0.061,0.000,7.133,0.014,7.078,0.042,8120,15600,,2.00,2,0,8224x5140,L,2
25201,9.268,0.638,0.263,0.058,0.000,0.016,0.040,0.000,7.100,0.013,7.044,0.042,8120,15600,,2.00,2,0,8224x5140,L,2
25202,9.239,0.552,0.233,0.054,0.000,0.014,0.061,0.000,7.144,0.014,7.088,0.043,8120,15600,,2.00,2,0,8224x5140,L,2
25203,9.878,0.000,0.296,0.072,0.000,0.024,0.055,0.000,7.130,0.014,7.075,0.042,8120,15600,,2.00,2,0,8224x5140,L,2
25204,9.243,0.643,0.243,0.059,0.000,0.014,0.047,0.000,7.123,0.014,7.067,0.042,8120,15600,,2.00,2,0,8224x5140,L,2
25205,9.922,0.000,0.337,0.051,0.000,0.012,0.040,0.000,7.115,0.033,7.040,0.042,8120,15600,,2.00,2,0,8224x5140,L,2
25206,9.318,0.682,0.248,0.056,0.000,0.013,0.050,0.000,7.120,0.013,7.064,0.042,8120,15600,,2.00,2,0,8224x5140,L,2
25207,9.183,0.531,0.267,0.056,0.000,0.014,0.047,0.000,7.067,0.014,7.014,0.040,8120,15600,,2.00,2,0,8224x5140,L,2
25208,10.058,0.000,0.432,0.061,0.000,0.016,0.049,0.000,7.194,0.013,7.141,0.040,8120,15600,,2.00,2,0,8224x5140,L,2
25209,10.395,0.556,0.256,0.058,0.000,0.016,0.062,0.000,7.231,0.013,7.176,0.042,8120,15600,,2.00,2,0,8224x5140,L,2
25210,9.872,0.000,0.275,0.074,0.000,0.016,0.056,0.000,7.125,0.013,7.069,0.043,8120,15600,,2.00,2,0,8224x5140,L,2
25211,9.353,0.663,0.254,0.059,0.000,0.015,0.058,0.000,7.123,0.014,7.067,0.042,8120,15600,,2.00,2,0,8224x5140,L,2
25212,10.507,0.583,0.261,0.063,0.000,0.016,0.067,0.000,7.267,0.014,7.209,0.044,8120,15600,,2.00,2,0,8224x5140,L,2
25213,9.755,0.000,0.258,0.059,0.000,0.023,0.058,0.000,7.201,0.013,7.144,0.043,8120,15600,,2.00,2,0,8224x5140,L,2
25214,9.241,0.616,0.241,0.060,0.000,0.015,0.045,0.000,7.140,0.014,7.083,0.043,8120,15600,,2.00,2,0,8224x5140,L,2
25215,9.716,0.000,0.262,0.052,0.000,0.013,0.048,0.000,7.108,0.014,7.051,0.043,8120,15600,,2.00,2,0,8224x5140,L,2
25216,9.167,0.647,0.219,0.046,0.000,0.012,0.037,0.000,7.126,0.032,7.051,0.043,8120,15600,,2.00,2,0,8224x5140,L,2
25217,9.703,0.000,0.287,0.045,0.000,0.012,0.043,0.000,7.112,0.013,7.057,0.041,8120,15600,,2.00,2,0,8224x5140,L,2
25218,9.028,0.536,0.230,0.048,0.000,0.011,0.042,0.000,7.113,0.025,7.045,0.043,8120,15600,,2.00,2,0,8224x5140,L,2
25219,10.178,0.498,0.227,0.043,0.000,0.010,0.052,0.000,7.188,0.031,7.114,0.043,8120,15600,,2.00,2,0,8224x5140,L,2
25220,9.835,0.000,0.264,0.049,0.000,0.012,0.053,0.000,7.105,0.041,7.021,0.043,8120,15600,,2.00,2,0,8224x5140,L,2
25221,9.258,0.597,0.247,0.067,0.000,0.020,0.044,0.000,7.102,0.013,7.047,0.042,8120,15600,,2.00,2,0,8224x5140,L,2
25222,9.791,0.000,0.289,0.059,0.000,0.014,0.049,0.000,7.107,0.040,7.024,0.043,8120,15600,,2.00,2,0,8224x5140,L,2
25223,9.276,0.671,0.249,0.058,0.000,0.014,0.050,0.000,7.130,0.014,7.074,0.042,8120,15600,,2.00,2,0,8224x5140,L,2
25224,9.104,0.525,0.248,0.050,0.000,0.012,0.042,0.000,7.114,0.038,7.034,0.042,8120,15600,,2.00,2,0,8224x5140,L,2
25225,9.776,0.000,0.305,0.051,0.000,0.012,0.046,0.000,7.113,0.025,7.044,0.044,8120,15600,,2.00,2,0,8224x5140,L,2
25226,10.224,0.536,0.239,0.049,0.000,0.011,0.054,0.000,7.023,0.013,6.968,0.041,8120,15600,,2.00,2,0,8224x5140,L,2
25227,9.822,0.000,0.291,0.064,0.000,0.014,0.057,0.000,7.096,0.013,7.040,0.042,8120,15600,,2.00,2,0,8224x5140,L,2
25228,9.222,0.640,0.229,0.055,0.000,0.012,0.050,0.000,7.104,0.031,7.031,0.042,8120,15600,,2.00,2,0,8224x5140,L,2
25229,9.758,0.000,0.285,0.055,0.000,0.012,0.041,0.000,7.124,0.041,7.042,0.041,8120,15600,,2.00,2,0,8224x5140,L,2
25230,9.101,0.535,0.234,0.048,0.000,0.012,0.048,0.000,7.101,0.030,7.030,0.042,8120,15600,,2.00,2,0,8224x5140,L,2
25231,9.073,0.514,0.236,0.046,0.000,0.011,0.047,0.000,7.085,0.020,7.024,0.042,8120,15600,,2.00,2,0,8224x5140,L,2
25232,9.842,0.000,0.319,0.051,0.000,0.012,0.053,0.000,7.096,0.022,7.032,0.043,8120,15600,,2.00,2,0,8224x5140,L,2
25233,9.238,0.671,0.238,0.054,0.000,0.013,0.044,0.000,7.106,0.029,7.035,0.042,8120,15600,,2.00,2,0,8224x5140,L,2
25234,9.739,0.000,0.286,0.048,0.000,0.012,0.046,0.000,7.045,0.041,6.962,0.042,8120,15600,,2.00,2,0,8224x5140,L,2
25235,10.174,0.499,0.225,0.046,0.000,0.011,0.046,0.000,7.112,0.029,7.042,0.042,8120,15600,,2.00,2,0,8224x5140,L,2
25236,9.736,0.000,0.286,0.049,0.000,0.013,0.051,0.000,7.142,0.035,7.065,0.041,8120,15600,,2.00,2,0,8224x5140,L,2
25237,9.087,0.497,0.267,0.045,0.000,0.010,0.051,0.000,7.096,0.023,7.031,0.042,8120,15600,,2.00,2,0,8224x5140,L,2
25238,10.220,0.508,0.264,0.045,0.000,0.013,0.063,0.000,7.132,0.014,7.075,0.043,8120,15600,,2.00,2,0,8224x5140,L,2
25239,9.785,0.000,0.289,0.045,0.000,0.012,0.051,0.000,7.102,0.014,7.047,0.042,8120,15600,,2.00,2,0,8224x5140,L,2
25240,9.131,0.569,0.242,0.053,0.000,0.012,0.046,0.000,7.138,0.014,7.082,0.042,8120,15600,,2.00,2,0,8224x5140,L,2
25241,9.726,0.000,0.279,0.054,0.000,0.012,0.049,0.000,7.131,0.026,7.064,0.042,8120,15600,,2.00,2,0,8224x5140,L,2
25242,9.207,0.519,0.237,0.047,0.000,0.011,0.059,0.000,7.124,0.034,7.048,0.041,8120,15600,,2.00,2,0,8224x5140,L,2
25243,9.834,0.000,0.286,0.071,0.000,0.017,0.054,0.000,7.070,0.013,7.016,0.041,8120,15600,,2.00,2,0,8224x5140,L,2
25244,9.260,0.655,0.237,0.067,0.000,0.018,0.052,0.000,7.093,0.029,7.023,0.041,8120,15600,,2.00,2,0,8224x5140,L,2
25245,10.273,0.520,0.224,0.046,0.000,0.012,0.050,0.000,7.038,0.014,6.983,0.041,8120,15600,,2.00,2,0,8224x5140,L,2
25246,9.746,0.000,0.257,0.060,0.000,0.014,0.044,0.000,7.052,0.013,6.998,0.042,8120,15600,,2.00,2,0,8224x5140,L,2
25247,9.149,0.550,0.264,0.051,0.000,0.017,0.046,0.000,7.101,0.030,7.029,0.042,8120,15600,,2.00,2,0,8224x5140,L,2
25248,9.795,0.000,0.281,0.054,0.000,0.012,0.056,0.000,7.121,0.036,7.043,0.041,8120,15600,,2.00,2,0,8224x5140,L,2
25249,9.234,0.667,0.234,0.052,0.000,0.012,0.044,0.000,7.056,0.013,7.001,0.042,8120,15600,,2.00,2,0,8224x5140,L,2
25250,9.121,0.552,0.269,0.047,0.000,0.012,0.069,0.000,7.130,0.032,7.057,0.041,8120,15600,,2.00,2,0,8224x5140,L,2
25251,9.819,0.000,0.275,0.055,0.000,0.014,0.057,0.000,7.071,0.014,7.015,0.042,8120,15600,,2.00,2,0,8224x5140,L,2
25252,9.251,0.670,0.228,0.051,0.000,0.012,0.042,0.000,7.120,0.030,7.047,0.043,8120,15600,,2.00,2,0,8224x5140,L,2
25253,9.770,0.001,0.271,0.054,0.000,0.012,0.044,0.000,7.141,0.013,7.085,0.043,8120,15600,,2.00,2,0,8224x5140,L,2
25254,9.062,0.502,0.241,0.052,0.000,0.014,0.051,0.000,7.107,0.024,7.040,0.042,8120,15600,,2.00,2,0,8224x5140,L,2
25255,9.930,0.000,0.292,0.053,0.000,0.013,0.064,0.000,7.116,0.014,7.059,0.043,8120,15600,,2.00,2,0,8224x5140,L,2
25256,10.408,0.628,0.254,0.063,0.000,0.016,0.058,0.000,7.197,0.014,7.139,0.044,8120,15600,,2.00,2,0,8224x5140,L,2
25257,9.222,0.575,0.244,0.053,0.000,0.014,0.052,0.000,7.102,0.013,7.048,0.041,8120,15600,,2.00,2,0,8224x5140,L,2
25258,9.921,0.000,0.292,0.055,0.000,0.014,0.111,0.000,7.276,0.013,7.215,0.047,8120,15600,,2.00,2,0,8224x5140,L,2
25259,9.334,0.618,0.291,0.071,0.000,0.020,0.054,0.000,7.120,0.026,7.053,0.041,8120,15600,,2.00,2,0,8224x5140,L,2
25260,9.909,0.000,0.295,0.056,0.000,0.012,0.089,0.000,7.173,0.013,7.117,0.042,8120,15600,,2.00,2,0,8224x5140,L,2
25261,10.398,0.627,0.257,0.070,0.000,0.018,0.049,0.000,7.156,0.013,7.099,0.044,8120,15600,,2.00,2,0,8224x5140,L,2
25262,9.216,0.649,0.247,0.048,0.000,0.012,0.064,0.000,7.150,0.051,7.057,0.042,8120,15600,,2.00,2,0,8224x5140,L,2
25263,9.817,0.000,0.283,0.057,0.000,0.014,0.050,0.000,7.140,0.013,7.082,0.044,8120,15600,,2.00,2,0,8224x5140,L,2
25264,9.224,0.655,0.245,0.057,0.000,0.013,0.045,0.000,7.117,0.029,7.044,0.043,8120,15600,,2.00,2,0,8224x5140,L,2
25265,9.712,0.000,0.284,0.051,0.000,0.012,0.044,0.000,7.124,0.025,7.057,0.042,8120,15600,,2.00,2,0,8224x5140,L,2
25266,9.129,0.549,0.237,0.042,0.000,0.010,0.039,0.000,7.153,0.027,7.084,0.042,8120,15600,,2.00,2,0,8224x5140,L,2
25267,9.814,0.000,0.312,0.068,0.000,0.015,0.044,0.000,7.072,0.014,7.016,0.042,8120,15600,,2.00,2,0,8224x5140,L,2
25268,10.260,0.541,0.229,0.051,0.000,0.012,0.045,0.000,7.106,0.013,7.050,0.043,8120,15600,,2.00,2,0,8224x5140,L,2
25269,10.216,0.515,0.230,0.047,0.000,0.012,0.049,0.000,6.982,0.014,6.927,0.042,8120,15600,,2.00,2,0,8224x5140,L,2
25270,9.716,0.000,0.267,0.050,0.000,0.013,0.041,0.000,7.094,0.026,7.027,0.042,8120,15600,,2.00,2,0,8224x5140,L,2
25271,9.086,0.515,0.232,0.045,0.000,0.011,0.055,0.000,7.106,0.028,7.036,0.042,8120,15600,,2.00,2,0,8224x5140,L,2
25272,9.628,0.000,0.306,0.050,0.000,0.012,0.041,0.000,7.130,0.014,7.074,0.042,8120,15600,,2.00,2,0,8224x5140,L,2
25273,9.027,0.497,0.232,0.043,0.000,0.011,0.037,0.000,7.118,0.030,7.047,0.042,8120,15600,,2.00,2,0,8224x5140,L,2
25274,9.869,0.000,0.284,0.113,0.000,0.014,0.080,0.000,7.064,0.013,7.008,0.043,8120,15600,mode_sd,0.50,0,0,2056x1285,L,2
25275,5.705,0.596,0.238,0.052,0.000,0.013,0.037,0.000,0.056,0.013,0.000,0.042,8120,15600,,0.50,0,0,2056x1285,L,2
25276,2.984,0.000,0.242,0.047,0.000,0.010,0.041,0.000,0.056,0.013,0.000,0.042,8120,15600,,0.50,0,0,2056x1285,L,2
25277,8.330,0.522,0.235,0.037,0.000,0.010,0.040,0.000,0.981,0.013,0.925,0.042,8120,15600,,0.50,0,0,2056x1285,L,2
25278,8.312,0.000,0.256,0.041,0.000,0.015,0.041,0.000,0.981,0.013,0.925,0.042,8120,15600,,0.50,0,0,2056x1285,L,2
25279,8.274,0.497,0.225,0.040,0.000,0.011,0.037,0.000,0.056,0.013,0.000,0.042,8120,15600,,0.50,0,0,2056x1285,L,2
25280,8.327,0.000,0.241,0.039,0.000,0.013,0.039,0.000,0.983,0.013,0.927,0.042,8120,15600,,0.50,0,0,2056x1285,L,2
25281,8.333,0.483,0.231,0.037,0.000,0.009,0.045,0.000,0.056,0.013,0.000,0.042,8120,15600,,0.50,0,0,2056x1285,L,2
25282,8.361,0.000,0.257,0.036,0.000,0.015,0.036,0.000,0.979,0.013,0.923,0.042,8120,15600,,0.50,0,0,2056x1285,L,2
25283,8.363,0.630,0.239,0.052,0.000,0.012,0.045,0.000,0.056,0.013,0.000,0.042,8120,15600,,0.50,0,0,2056x1285,L,2
25284,8.324,0.000,0.294,0.045,0.000,0.022,0.036,0.000,0.056,0.013,0.000,0.042,8120,15600,,0.50,0,0,2056x1285,L,2
25285,8.369,0.475,0.240,0.042,0.000,0.016,0.042,0.000,0.056,0.013,0.000,0.042,8120,15600,,0.50,0,0,2056x1285,L,2
25286,8.400,0.000,0.304,0.048,0.000,0.014,0.039,0.000,0.056,0.013,0.000,0.042,8120,15600,,0.50,0,0,2056x1285,L,2
25287,8.260,0.486,0.237,0.046,0.000,0.015,0.041,0.000,0.056,0.013,0.000,0.042,8120,15600,,0.50,0,0,2056x1285,L,2
25288,8.214,0.000,0.249,0.041,0.000,0.014,0.039,0.000,0.056,0.013,0.000,0.042,8120,15600,,0.50,0,0,2056x1285,L,2
25289,8.281,0.636,0.230,0.043,0.000,0.014,0.044,0.000,0.056,0.013,0.000,0.042,8120,15600,,0.50,0,0,2056x1285,L,2
25290,8.324,0.000,0.231,0.034,0.000,0.014,0.041,0.000,0.056,0.013,0.000,0.042,8120,15600,,0.50,0,0,2056x1285,L,2
25291,8.381,0.616,0.229,0.033,0.000,0.009,0.054,0.000,0.056,0.013,0.000,0.042,8120,15600,,0.50,0,0,2056x1285,L,2
25292,8.247,0.000,0.257,0.045,0.000,0.014,0.034,0.000,0.980,0.013,0.924,0.042,8120,15600,,0.50,0,0,2056x1285,L,2
25293,8.304,0.484,0.248,0.030,0.000,0.009,0.034,0.000,0.979,0.013,0.923,0.042,8120,15600,,0.50,0,0,2056x1285,L,2
25294,8.407,0.000,0.224,0.025,0.000,0.011,0.039,0.000,0.056,0.013,0.000,0.042,8120,15600,,0.50,0,0,2056x1285,L,2
25295,8.300,0.619,0.210,0.030,0.000,0.009,0.029,0.000,0.056,0.013,0.000,0.042,8120,15600,,0.50,0,0,2056x1285,L,2
25296,8.354,0.000,0.251,0.029,0.000,0.012,0.036,0.000,0.056,0.013,0.000,0.042,8120,15600,,0.50,0,0,2056x1285,L,2
25297,8.453,0.618,0.219,0.033,0.000,0.010,0.030,0.000,0.056,0.013,0.000,0.042,8120,15600,,0.50,0,0,2056x1285,L,2
25298,8.166,0.000,0.235,0.023,0.000,0.010,0.036,0.000,0.056,0.013,0.000,0.042,8120,15600,,0.50,0,0,2056x1285,L,2
25299,8.267,0.499,0.248,0.021,0.000,0.007,0.022,0.000,0.056,0.013,0.000,0.042,8120,15600,,0.50,0,0,2056x1285,L,2
25300,8.384,0.000,0.237,0.021,0.000,0.007,0.038,0.000,0.056,0.013,0.000,0.042,8120,15600,,0.50,0,0,2056x1285,L,2
25301,8.330,0.634,0.225,0.026,0.000,0.009,0.025,0.000,0.980,0.013,0.924,0.042,8120,15600,,0.50,0,0,2056x1285,L,2
25302,8.294,0.000,0.258,0.024,0.000,0.008,0.032,0.000,0.979,0.013,0.923,0.042,8120,15600,,0.50,0,0,2056x1285,L,2
25303,8.389,0.529,0.247,0.025,0.000,0.007,0.019,0.000,0.056,0.013,0.000,0.042,8120,15600,,0.50,0,0,2056x1285,L,2
25304,8.524,0.000,0.220,0.022,0.000,0.006,0.036,0.000,0.056,0.013,0.000,0.042,8120,15600,,0.50,0,0,2056x1285,L,2
25305,8.217,0.569,0.217,0.022,0.000,0.008,0.023,0.000,0.056,0.013,0.000,0.042,8120,15600,,0.50,0,0,2056x1285,L,2
25306,8.317,0.000,0.270,0.019,0.000,0.007,0.021,0.000,0.981,0.013,0.925,0.042,8120,15600,,0.50,0,0,2056x1285,L,2
25307,8.406,0.545,0.226,0.022,0.000,0.010,0.030,0.000,0.056,0.013,0.000,0.042,8120,15600,,0.50,0,0,2056x1285,L,2
25308,8.297,0.000,0.410,0.023,0.000,0.011,0.024,0.000,0.980,0.013,0.924,0.042,8120,15600,,0.50,0,0,2056x1285,L,2
25309,8.356,0.600,0.257,0.024,0.000,0.007,0.031,0.000,0.056,0.013,0.000,0.042,8120,15600,,0.50,0,0,2056x1285,L,2
25310,8.341,0.000,0.271,0.031,0.000,0.015,0.043,0.000,0.982,0.013,0.926,0.042,8120,15600,,0.50,0,0,2056x1285,L,2
25311,8.384,0.787,0.297,0.038,0.000,0.013,0.031,0.000,0.056,0.013,0.000,0.042,8120,15600,,0.50,0,0,2056x1285,L,2
25312,8.395,0.000,0.288,0.025,0.000,0.008,0.037,0.000,0.056,0.013,0.000,0.042,8120,15600,,0.50,0,0,2056x1285,L,2
25313,8.262,0.657,0.265,0.023,0.000,0.008,0.054,0.000,0.056,0.013,0.000,0.042,8120,15600,,0.50,0,0,2056x1285,L,2
25314,8.321,0.000,0.304,0.028,0.000,0.014,0.031,0.000,0.056,0.013,0.000,0.042,8120,15600,,0.50,0,0,2056x1285,L,2
25315,8.319,0.769,0.287,0.029,0.000,0.011,0.042,0.000,0.056,0.013,0.000,0.042,8120,15600,,0.50,0,0,2056x1285,L,2
25316,8.360,0.000,0.329,0.028,0.000,0.013,0.054,0.000,0.983,0.013,0.927,0.042,8120,15600,,0.50,0,0,2056x1285,L,2
25317,8.236,0.754,0.339,0.031,0.000,0.010,0.085,0.000,0.982,0.013,0.927,0.042,8120,15600,,0.50,0,0,2056x1285,L,2
25318,8.386,0.000,0.317,0.034,0.000,0.017,0.055,0.000,0.056,0.013,0.000,0.042,8120,15600,,0.50,0,0,2056x1285,L,2
25319,8.335,1.055,0.338,0.040,0.000,0.013,0.032,0.000,0.056,0.013,0.000,0.042,8120,15600,,0.50,0,0,2056x1285,L,2
25320,8.381,0.000,0.356,0.029,0.000,0.010,0.056,0.000,0.056,0.013,0.000,0.042,8120,15600,,0.50,0,0,2056x1285,L,2
25321,8.255,0.793,0.361,0.029,0.000,0.011,0.049,0.000,0.056,0.013,0.000,0.042,8120,15600,,0.50,0,0,2056x1285,L,2
25322,8.335,0.000,0.375,0.032,0.000,0.015,0.038,0.000,1.049,0.013,0.993,0.042,8120,15600,,0.50,0,0,2056x1285,L,2
25323,8.332,0.914,0.385,0.036,0.000,0.011,0.048,0.000,0.056,0.013,0.000,0.042,8120,15600,,0.50,0,0,2056x1285,L,2
25324,8.394,0.000,0.541,0.038,0.000,0.014,0.058,0.000,0.056,0.013,0.000,0.042,8120,15600,,0.50,0,0,2056x1285,L,2
25325,8.255,1.149,0.411,0.046,0.000,0.016,0.037,0.000,1.117,0.013,1.061,0.042,8120,15600,,0.50,0,0,2056x1285,L,2
25326,8.365,0.000,0.482,0.046,0.000,0.019,0.040,0.000,0.056,0.013,0.000,0.042,8120,15600,,0.50,0,0,2056x1285,L,2
25327,8.297,1.014,0.424,0.042,0.000,0.013,0.068,0.000,1.168,0.013,1.112,0.042,8120,15600,,0.50,0,0,2056x1285,L,2
25328,8.388,0.000,0.446,0.046,0.000,0.021,0.060,0.000,1.250,0.013,1.194,0.042,8120,15600,,0.50,0,0,2056x1285,L,2
25329,8.290,1.109,0.423,0.049,0.000,0.015,0.067,0.000,1.294,0.013,1.238,0.042,8120,15600,,0.50,0,0,2056x1285,L,2
25330,8.347,0.000,0.683,0.050,0.000,0.022,0.067,0.000,0.056,0.013,0.000,0.042,8120,15600,,0.50,0,0,2056x1285,L,2
25331,8.310,1.244,0.483,0.052,0.000,0.016,0.064,0.000,1.442,0.013,1.386,0.042,8120,15600,,0.50,0,0,2056x1285,L,2
25332,9.341,0.000,0.527,0.052,0.000,0.022,0.245,0.000,0.056,0.013,0.000,0.042,8120,15600,,0.50,0,0,2056x1285,L,2
25333,8.097,1.642,0.843,0.161,0.000,0.051,0.178,0.000,1.351,0.013,1.295,0.042,8120,15600,,0.50,0,0,2056x1285,L,2
25334,7.374,0.001,0.990,0.213,0.000,0.060,0.070,0.000,0.056,0.013,0.000,0.042,8120,15600,,0.50,0,0,2056x1285,L,2
25335,8.366,1.203,0.505,0.065,0.000,0.017,0.053,0.000,2.503,0.013,2.447,0.042,8120,15600,,0.50,0,0,2056x1285,L,2
25336,9.416,0.000,0.563,0.062,0.000,0.022,0.186,0.000,0.056,0.013,0.000,0.042,8120,15600,,0.50,0,0,2056x1285,L,2
25337,7.155,1.483,1.074,0.400,0.000,0.114,0.070,0.000,0.056,0.013,0.000,0.042,8120,15600,,0.50,0,0,2056x1285,L,2
25338,9.252,0.000,0.556,0.073,0.000,0.027,0.184,0.000,0.056,0.013,0.000,0.042,8120,15600,,0.50,0,0,2056x1285,L,2
25339,7.278,1.519,0.913,0.234,0.000,0.070,0.066,0.000,4.176,0.013,4.120,0.042,8120,15600,,0.50,0,0,2056x1285,L,2
25340,8.282,0.000,0.606,0.069,0.000,0.028,0.076,0.000,4.385,0.013,4.329,0.042,8120,15600,,0.50,0,0,2056x1285,L,2
25341,9.388,1.216,0.548,0.055,0.000,0.017,0.196,0.000,0.056,0.013,0.000,0.042,8120,15600,,0.50,0,0,2056x1285,L,2
25342,8.466,0.001,0.905,0.239,0.000,0.081,0.181,0.000,4.378,0.013,4.322,0.042,8120,15600,,0.50,0,0,2056x1285,L,2
25343,7.040,1.610,1.018,0.251,0.000,0.072,0.068,0.000,0.056,0.013,0.000,0.042,8120,15600,,0.50,0,0,2056x1285,L,2
25344,8.401,0.000,0.587,0.072,0.000,0.018,0.063,0.000,0.056,0.013,0.000,0.042,8120,15600,,0.50,0,0,2056x1285,L,2
25345,8.204,1.206,0.531,0.058,0.000,0.016,0.049,0.000,4.374,0.013,4.319,0.042,8120,15600,,0.50,0,0,2056x1285,L,2
25346,9.326,0.000,0.529,0.051,0.000,0.018,0.174,0.000,4.367,0.013,4.311,0.042,8120,15600,,0.50,0,0,2056x1285,L,2
25347,7.308,1.468,0.870,0.232,0.000,0.073,0.056,0.000,4.381,0.013,4.325,0.042,8120,15600,,0.50,0,0,2056x1285,L,2
25348,9.216,0.000,0.565,0.069,0.000,0.019,0.182,0.000,0.056,0.013,0.000,0.042,8120,15600,,0.50,0,0,2056x1285,L,2
25349,7.391,1.380,0.556,0.064,0.000,0.020,0.082,0.000,4.357,0.013,4.301,0.042,8120,15600,,0.50,0,0,2056x1285,L,2
25350,9.208,0.000,0.552,0.060,0.000,0.025,0.172,0.000,4.372,0.013,4.316,0.042,8120,15600,,0.50,0,0,2056x1285,L,2
25351,7.340,1.574,0.995,0.241,0.000,0.076,0.050,0.000,4.376,0.013,4.320,0.042,8120,15600,,0.50,0,0,2056x1285,L,2
25352,9.242,0.000,0.587,0.064,0.000,0.019,0.194,0.000,4.358,0.013,4.302,0.042,8120,15600,,0.50,0,0,2056x1285,L,2
25353,8.488,1.507,0.537,0.064,0.000,0.020,0.179,0.000,4.368,0.013,4.312,0.042,8120,15600,,0.50,0,0,2056x1285,L,2
25354,7.118,0.001,0.786,0.065,0.000,0.022,0.064,0.000,4.366,0.013,4.310,0.042,8120,15600,,0.50,0,0,2056x1285,L,2
25355,9.574,1.187,0.530,0.049,0.000,0.015,0.194,0.000,4.278,0.013,4.222,0.042,8120,15600,,0.50,0,0,2056x1285,L,2
25356,7.398,0.001,0.904,0.262,0.000,0.084,0.079,0.000,0.056,0.013,0.000,0.042,8120,15600,,0.50,0,0,2056x1285,L,2
25357,7.973,1.202,0.541,0.067,0.000,0.019,0.062,0.000,4.341,0.013,4.285,0.042,8120,15600,,0.50,0,0,2056x1285,L,2
25358,8.238,0.000,0.577,0.063,0.000,0.015,0.049,0.000,4.376,0.013,4.320,0.042,8120,15600,,0.50,0,0,2056x1285,L,2
25359,8.277,1.185,0.522,0.063,0.000,0.027,0.058,0.000,0.056,0.013,0.000,0.042,8120,15600,,0.50,0,0,2056x1285,L,2
25360,8.160,0.000,0.428,0.050,0.000,0.012,0.034,0.000,4.335,0.013,4.279,0.042,8120,15600,,0.50,0,0,2056x1285,L,2
25361,8.306,0.766,0.339,0.036,0.000,0.010,0.035,0.000,4.337,0.013,4.281,0.042,8120,15600,,0.50,0,0,2056x1285,L,2
25362,8.297,0.000,0.456,0.030,0.000,0.013,0.024,0.000,4.344,0.013,4.288,0.042,8120,15600,,0.50,0,0,2056x1285,L,2
25363,8.336,0.631,0.267,0.027,0.000,0.008,0.032,0.000,4.338,0.013,4.282,0.042,8120,15600,,0.50,0,0,2056x1285,L,2
25364,8.298,0.000,0.282,0.027,0.000,0.015,0.021,0.000,4.336,0.013,4.280,0.042,8120,15600,,0.50,0,0,2056x1285,L,2
25365,8.335,0.526,0.231,0.022,0.000,0.007,0.029,0.000,4.335,0.013,4.280,0.042,8120,15600,,0.50,0,0,2056x1285,L,2
25366,8.583,0.000,0.250,0.019,0.000,0.007,0.024,0.000,0.056,0.013,0.000,0.042,8120,15600,,0.50,0,0,2056x1285,L,2
25367,8.226,0.536,0.230,0.028,0.000,0.008,0.025,0.000,0.056,0.013,0.000,0.042,8120,15600,,0.50,0,0,2056x1285,L,2
25368,8.382,0.000,0.294,0.020,0.000,0.007,0.034,0.000,0.056,0.013,0.000,0.042,8120,15600,,0.50,0,0,2056x1285,L,2
25369,8.316,0.566,0.248,0.020,0.000,0.007,0.021,0.000,4.346,0.013,4.290,0.042,8120,15600,,0.50,0,0,2056x1285,L,2
25370,8.302,0.000,0.274,0.024,0.000,0.007,0.023,0.000,0.056,0.013,0.000,0.042,8120,15600,,0.50,0,0,2056x1285,L,2
25371,8.383,0.599,0.247,0.026,0.000,0.008,0.042,0.000,4.346,0.013,4.290,0.042,8120,15600,,0.50,0,0,2056x1285,L,2
25372,8.297,0.000,0.275,0.025,0.000,0.007,0.024,0.000,4.370,0.013,4.315,0.042,8120,15600,,0.50,0,0,2056x1285,L,2
25373,8.352,0.639,0.276,0.027,0.000,0.008,0.023,0.000,0.056,0.013,0.000,0.042,8120,15600,,0.50,0,0,2056x1285,L,2
25374,8.375,0.000,0.438,0.032,0.000,0.010,0.047,0.000,4.362,0.013,4.306,0.042,8120,15600,,0.50,0,0,2056x1285,L,2
25375,8.299,0.645,0.278,0.034,0.000,0.010,0.042,0.000,4.348,0.013,4.292,0.042,8120,15600,,0.50,0,0,2056x1285,L,2
25376,8.353,0.000,0.305,0.026,0.000,0.008,0.039,0.000,4.368,0.013,4.312,0.042,8120,15600,,0.50,0,0,2056x1285,L,2
25377,8.317,0.713,0.297,0.033,0.000,0.010,0.043,0.000,4.352,0.013,4.296,0.042,8120,15600,,0.50,0,0,2056x1285,L,2
25378,8.238,0.000,0.315,0.028,0.000,0.013,0.026,0.000,4.369,0.013,4.313,0.042,8120,15600,,0.50,0,0,2056x1285,L,2
25379,8.386,0.694,0.299,0.028,0.000,0.015,0.038,0.000,4.343,0.013,4.287,0.042,8120,15600,,0.50,0,0,2056x1285,L,2
25380,8.225,0.000,0.448,0.038,0.000,0.014,0.049,0.000,4.385,0.013,4.329,0.042,8120,15600,,0.50,0,0,2056x1285,L,2
25381,8.485,0.775,0.324,0.032,0.000,0.010,0.050,0.000,4.350,0.013,4.294,0.042,8120,15600,,0.50,0,0,2056x1285,L,2
25382,8.286,0.000,0.355,0.034,0.000,0.015,0.049,0.000,4.388,0.013,4.332,0.042,8120,15600,,0.50,0,0,2056x1285,L,2
25383,8.333,0.786,0.374,0.038,0.000,0.018,0.034,0.000,4.396,0.013,4.340,0.042,8120,15600,,0.50,0,0,2056x1285,L,2
25384,8.300,0.000,0.386,0.036,0.000,0.016,0.049,0.000,4.386,0.013,4.330,0.042,8120,15600,,0.50,0,0,2056x1285,L,2
25385,8.347,0.867,0.369,0.045,0.000,0.011,0.046,0.000,4.378,0.013,4.322,0.042,8120,15600,,0.50,0,0,2056x1285,L,2
25386,8.369,0.000,0.387,0.039,0.000,0.012,0.061,0.000,0.056,0.013,0.000,0.042,8120,15600,,0.50,0,0,2056x1285,L,2
25387,8.301,0.990,0.421,0.041,0.000,0.013,0.036,0.000,0.056,0.013,0.000,0.042,8120,15600,,0.50,0,0,2056x1285,L,2
25388,8.468,0.000,0.460,0.039,0.000,0.013,0.071,0.000,0.056,0.013,0.000,0.042,8120,15600,,0.50,0,0,2056x1285,L,2
25389,8.154,0.861,0.413,0.052,0.000,0.015,0.053,0.000,4.339,0.013,4.283,0.042,8120,15600,,0.50,0,0,2056x1285,L,2
25390,8.374,0.000,0.393,0.053,0.000,0.014,0.038,0.000,4.349,0.013,4.293,0.042,8120,15600,,0.50,0,0,2056x1285,L,2
25391,8.287,1.027,0.321,0.037,0.000,0.012,0.058,0.000,0.056,0.013,0.000,0.042,8120,15600,,0.50,0,0,2056x1285,L,2
25392,8.320,0.000,0.351,0.040,0.000,0.018,0.066,0.000,4.375,0.013,4.319,0.042,8120,15600,,0.50,0,0,2056x1285,L,2
25393,8.342,0.869,0.371,0.037,0.000,0.013,0.063,0.000,0.056,0.013,0.000,0.042,8120,15600,,0.50,0,0,2056x1285,L,2
25394,8.291,0.000,0.387,0.036,0.000,0.015,0.040,0.000,4.389,0.013,4.333,0.042,8120,15600,,0.50,0,0,2056x1285,L,2
25395,8.386,0.873,0.362,0.036,0.000,0.012,0.041,0.000,4.385,0.013,4.329,0.042,8120,15600,,0.50,0,0,2056x1285,L,2
25396,8.363,0.000,0.421,0.042,0.000,0.020,0.089,0.000,0.056,0.013,0.000,0.042,8120,15600,,0.50,0,0,2056x1285,L,2
25397,8.312,0.993,0.417,0.040,0.000,0.013,0.051,0.000,4.371,0.013,4.315,0.042,8120,15600,,0.50,0,0,2056x1285,L,2
25398,8.316,0.000,0.425,0.043,0.000,0.013,0.064,0.000,4.381,0.013,4.325,0.042,8120,15600,,0.50,0,0,2056x1285,L,2
25399,8.329,0.997,0.411,0.041,0.000,0.012,0.059,0.000,0.056,0.013,0.000,0.042,8120,15600,,0.50,0,0,2056x1285,L,2
25400,8.369,0.000,0.422,0.041,0.000,0.016,0.070,0.000,4.407,0.013,4.351,0.042,8120,15600,,0.50,0,0,2056x1285,L,2
25401,8.251,1.178,0.485,0.048,0.000,0.015,0.042,0.000,4.374,0.013,4.318,0.042,8120,15600,,0.50,0,0,2056x1285,L,2
25402,8.361,0.000,0.517,0.053,0.000,0.021,0.066,0.000,4.403,0.013,4.347,0.042,8120,15600,,0.50,0,0,2056x1285,L,2
25403,8.317,1.176,0.496,0.052,0.000,0.015,0.042,0.000,0.056,0.013,0.000,0.042,8120,15600,,0.50,0,0,2056x1285,L,2
25404,8.239,0.000,0.541,0.050,0.000,0.022,0.050,0.000,0.056,0.013,0.000,0.042,8120,15600,,0.50,0,0,2056x1285,L,2
25405,8.274,1.129,0.454,0.056,0.000,0.016,0.058,0.000,0.056,0.013,0.000,0.042,8120,15600,,0.50,0,0,2056x1285,L,2
25406,8.372,0.000,0.404,0.050,0.000,0.014,0.056,0.000,4.341,0.013,4.285,0.042,8120,15600,,0.50,0,0,2056x1285,L,2
25407,8.233,0.813,0.366,0.049,0.000,0.013,0.045,0.000,4.336,0.013,4.281,0.042,8120,15600,,0.50,0,0,2056x1285,L,2
25408,8.478,0.000,0.316,0.048,0.000,0.016,0.049,0.000,4.415,0.013,4.360,0.042,8120,15600,,0.50,0,0,2056x1285,L,2
25409,8.053,0.827,0.312,0.046,0.000,0.012,0.044,0.000,4.350,0.013,4.294,0.042,8120,15600,,0.50,0,0,2056x1285,L,2
25410,8.352,0.000,0.477,0.039,0.000,0.013,0.076,0.000,4.339,0.013,4.283,0.042,8120,15600,,0.50,0,0,2056x1285,L,2
25411,8.233,0.745,0.323,0.036,0.000,0.010,0.031,0.000,4.339,0.013,4.283,0.042,8120,15600,,0.50,0,0,2056x1285,L,2
25412,8.300,0.000,0.299,0.035,0.000,0.010,0.035,0.000,4.336,0.013,4.280,0.042,8120,15600,,0.50,0,0,2056x1285,L,2
25413,8.300,0.636,0.256,0.028,0.000,0.009,0.024,0.000,0.056,0.013,0.000,0.042,8120,15600,,0.50,0,0,2056x1285,L,2
25414,8.333,0.000,0.349,0.025,0.000,0.011,0.029,0.000,4.331,0.013,4.275,0.042,8120,15600,,0.50,0,0,2056x1285,L,2
25415,8.328,0.535,0.237,0.024,0.000,0.008,0.034,0.000,4.338,0.013,4.282,0.042,8120,15600,,0.50,0,0,2056x1285,L,2
25416,8.551,0.000,0.242,0.023,0.000,0.007,0.042,0.000,4.340,0.013,4.284,0.042,8120,15600,,0.50,0,0,2056x1285,L,2
25417,8.097,0.641,0.240,0.027,0.000,0.012,0.020,0.000,4.340,0.013,4.284,0.042,8120,15600,,0.50,0,0,2056x1285,L,2
25418,8.571,0.000,0.236,0.023,0.000,0.010,0.035,0.000,4.340,0.013,4.284,0.042,8120,15600,,0.50,0,0,2056x1285,L,2
25419,8.269,0.545,0.222,0.023,0.000,0.007,0.032,0.000,4.335,0.013,4.279,0.042,8120,15600,,0.50,0,0,2056x1285,L,2
25420,8.137,0.000,0.258,0.026,0.000,0.012,0.040,0.000,4.388,0.013,4.332,0.042,8120,15600,,0.50,0,0,2056x1285,L,2
25421,8.481,0.618,0.223,0.025,0.000,0.010,0.024,0.000,4.347,0.013,4.291,0.042,8120,15600,,0.50,0,0,2056x1285,L,2
25422,8.209,0.000,0.256,0.026,0.000,0.011,0.039,0.000,4.336,0.013,4.281,0.042,8120,15600,,0.50,0,0,2056x1285,L,2
25423,8.317,0.676,0.260,0.027,0.000,0.009,0.027,0.000,4.336,0.013,4.280,0.042,8120,15600,,0.50,0,0,2056x1285,L,2
25424,8.512,0.000,0.270,0.023,0.000,0.007,0.024,0.000,4.341,0.013,4.285,0.042,8120,15600,,0.50,0,0,2056x1285,L,2
25425,8.326,0.510,0.240,0.022,0.000,0.009,0.037,0.000,0.056,0.013,0.000,0.042,8120,15600,,0.50,0,0,2056x1285,L,2
25426,8.192,0.000,0.257,0.026,0.000,0.007,0.020,0.000,4.394,0.013,4.338,0.042,8120,15600,,0.50,0,0,2056x1285,L,2
25427,8.344,0.514,0.227,0.024,0.000,0.007,0.035,0.000,4.374,0.013,4.318,0.042,8120,15600,,0.50,0,0,2056x1285,L,2
25428,8.495,0.000,0.290,0.033,0.000,0.009,0.046,0.000,4.380,0.013,4.324,0.042,8120,15600,,0.50,0,0,2056x1285,L,2
25429,8.286,0.546,0.244,0.025,0.000,0.008,0.039,0.000,0.056,0.013,0.000,0.042,8120,15600,,0.50,0,0,2056x1285,L,2
25430,8.182,0.000,0.271,0.035,0.000,0.016,0.041,0.000,4.377,0.013,4.321,0.042,8120,15600,,0.50,0,0,2056x1285,L,2
25431,8.456,0.705,0.299,0.032,0.000,0.010,0.040,0.000,4.348,0.013,4.293,0.042,8120,15600,,0.50,0,0,2056x1285,L,2
25432,8.294,0.000,0.285,0.026,0.000,0.009,0.027,0.000,4.368,0.013,4.312,0.042,8120,15600,,0.50,0,0,2056x1285,L,2
25433,8.252,0.824,0.261,0.024,0.000,0.008,0.046,0.000,0.056,0.013,0.000,0.042,8120,15600,,0.50,0,0,2056x1285,L,2
25434,8.486,0.000,0.305,0.036,0.000,0.019,0.042,0.000,0.056,0.013,0.000,0.042,8120,15600,,0.50,0,0,2056x1285,L,2
25435,8.242,0.774,0.245,0.036,0.000,0.009,0.035,0.000,4.353,0.013,4.297,0.042,8120,15600,,0.50,0,0,2056x1285,L,2
25436,8.352,0.000,0.298,0.027,0.000,0.011,0.040,0.000,0.056,0.013,0.000,0.042,8120,15600,,0.50,0,0,2056x1285,L,2
25437,8.319,0.843,0.269,0.031,0.000,0.011,0.048,0.000,4.351,0.013,4.295,0.042,8120,15600,,0.50,0,0,2056x1285,L,2
25438,8.332,0.000,0.294,0.024,0.000,0.008,0.054,0.000,4.372,0.013,4.316,0.042,8120,15600,,0.50,0,0,2056x1285,L,2
25439,8.337,0.731,0.273,0.027,0.000,0.009,0.033,0.000,4.346,0.013,4.290,0.042,8120,15600,,0.50,0,0,2056x1285,L,2
25440,8.306,0.000,0.306,0.034,0.000,0.009,0.031,0.000,4.377,0.013,4.321,0.042,8120,15600,,0.50,0,0,2056x1285,L,2
25441,8.323,0.686,0.282,0.025,0.000,0.012,0.035,0.000,4.348,0.013,4.292,0.042,8120,15600,,0.50,0,0,2056x1285,L,2
25442,8.300,0.000,0.330,0.041,0.000,0.009,0.025,0.000,4.348,0.013,4.292,0.042,8120,15600,,0.50,0,0,2056x1285,L,2
25443,8.368,0.745,0.317,0.027,0.000,0.009,0.031,0.000,4.347,0.013,4.291,0.042,8120,15600,,0.50,0,0,2056x1285,L,2
25444,8.345,0.000,0.328,0.026,0.000,0.013,0.049,0.000,4.358,0.013,4.302,0.042,8120,15600,,0.50,0,0,2056x1285,L,2
25445,8.295,0.873,0.341,0.033,0.000,0.011,0.033,0.000,4.363,0.013,4.308,0.042,8120,15600,,0.50,0,0,2056x1285,L,2
25446,8.365,0.000,0.376,0.031,0.000,0.010,0.058,0.000,0.056,0.013,0.000,0.042,8120,15600,,0.50,0,0,2056x1285,L,2
25447,8.311,0.915,0.374,0.035,0.000,0.012,0.049,0.000,4.381,0.013,4.325,0.042,8120,15600,,0.50,0,0,2056x1285,L,2
25448,8.411,0.000,0.401,0.036,0.000,0.011,0.044,0.000,4.374,0.013,4.318,0.042,8120,15600,,0.50,0,0,2056x1285,L,2
25449,8.243,0.922,0.393,0.041,0.000,0.013,0.035,0.000,4.379,0.013,4.323,0.042,8120,15600,,0.50,0,0,2056x1285,L,2
25450,8.308,0.000,0.425,0.056,0.000,0.012,0.037,0.000,0.056,0.013,0.000,0.042,8120,15600,,0.50,0,0,2056x1285,L,2
25451,8.376,0.926,0.381,0.036,0.000,0.012,0.061,0.000,4.388,0.013,4.332,0.042,8120,15600,,0.50,0,0,2056x1285,L,2
25452,8.281,0.000,0.480,0.041,0.000,0.019,0.043,0.000,4.363,0.013,4.307,0.042,8120,15600,,0.50,0,0,2056x1285,L,2
25453,8.363,1.083,0.456,0.043,0.000,0.013,0.048,0.000,4.363,0.013,4.307,0.042,8120,15600,,0.50,0,0,2056x1285,L,2
25454,8.281,0.000,0.481,0.051,0.000,0.014,0.040,0.000,0.056,0.013,0.000,0.042,8120,15600,,0.50,0,0,2056x1285,L,2
25455,8.312,1.048,0.476,0.044,0.000,0.014,0.033,0.000,4.372,0.013,4.316,0.042,8120,15600,,0.50,0,0,2056x1285,L,2
25456,8.021,0.000,0.501,0.048,0.000,0.015,0.051,0.000,4.367,0.013,4.311,0.042,8120,15600,,0.50,0,0,2056x1285,L,2
25457,8.155,0.938,0.427,0.044,0.000,0.013,0.062,0.000,4.380,0.013,4.324,0.042,8120,15600,,0.50,0,0,2056x1285,L,2
25458,8.172,0.000,0.504,0.054,0.000,0.019,0.063,0.000,4.368,0.013,4.312,0.042,8120,15600,,0.50,0,0,2056x1285,L,2
25459,8.151,0.911,0.441,0.044,0.000,0.013,0.050,0.000,4.388,0.013,4.332,0.042,8120,15600,,0.50,0,0,2056x1285,L,2
25460,8.214,0.000,0.493,0.052,0.000,0.017,0.050,0.000,0.056,0.013,0.000,0.042,8120,15600,,0.50,0,0,2056x1285,L,2
25461,8.200,0.946,0.463,0.058,0.000,0.021,0.045,0.000,4.389,0.013,4.333,0.042,8120,15600,,0.50,0,0,2056x1285,L,2
25462,8.268,0.000,0.486,0.049,0.000,0.016,0.064,0.000,4.401,0.013,4.345,0.042,8120,15600,,0.50,0,0,2056x1285,L,2
25463,7.788,1.033,0.446,0.078,0.000,0.022,0.035,0.000,4.343,0.013,4.287,0.042,8120,15600,,0.50,0,0,2056x1285,L,2
25464,8.181,0.000,0.352,0.046,0.000,0.012,0.035,0.000,4.334,0.013,4.278,0.042,8120,15600,,0.50,0,0,2056x1285,L,2
25465,8.264,0.716,0.294,0.036,0.000,0.011,0.039,0.000,0.056,0.013,0.000,0.042,8120,15600,,0.50,0,0,2056x1285,L,2
25466,8.159,0.000,0.283,0.044,0.000,0.010,0.030,0.000,0.056,0.013,0.000,0.042,8120,15600,,0.50,0,0,2056x1285,L,2
25467,8.255,0.718,0.279,0.028,0.000,0.009,0.031,0.000,4.337,0.013,4.281,0.042,8120,15600,,0.50,0,0,2056x1285,L,2
25468,8.247,0.000,0.245,0.027,0.000,0.007,0.033,0.000,4.336,0.013,4.280,0.042,8120,15600,,0.50,0,0,2056x1285,L,2
25469,8.501,0.556,0.248,0.021,0.000,0.009,0.025,0.000,4.354,0.013,4.298,0.042,8120,15600,,0.50,0,0,2056x1285,L,2
25470,8.228,0.000,0.259,0.024,0.000,0.011,0.021,0.000,4.379,0.013,4.323,0.042,8120,15600,,0.50,0,0,2056x1285,L,2
25471,8.349,0.511,0.280,0.022,0.000,0.010,0.029,0.000,4.348,0.013,4.292,0.042,8120,15600,,0.50,0,0,2056x1285,L,2
25472,8.248,0.000,0.247,0.029,0.000,0.012,0.044,0.000,4.340,0.013,4.284,0.042,8120,15600,,0.50,0,0,2056x1285,L,2
25473,8.188,0.555,0.260,0.033,0.000,0.010,0.049,0.000,4.351,0.013,4.295,0.042,8120,15600,,0.50,0,0,2056x1285,L,2
25474,8.283,0.000,0.253,0.032,0.000,0.007,0.027,0.000,0.056,0.013,0.000,0.042,8120,15600,,0.50,0,0,2056x1285,L,2
25475,8.296,0.558,0.234,0.024,0.000,0.010,0.038,0.000,0.056,0.013,0.000,0.042,8120,15600,,0.50,0,0,2056x1285,L,2
25476,8.373,0.000,0.261,0.024,0.000,0.008,0.028,0.000,4.346,0.013,4.290,0.042,8120,15600,,0.50,0,0,2056x1285,L,2
25477,8.252,0.744,0.247,0.029,0.000,0.010,0.023,0.000,4.348,0.013,4.292,0.042,8120,15600,,0.50,0,0,2056x1285,L,2
25478,8.232,0.000,0.266,0.031,0.000,0.009,0.025,0.000,4.378,0.013,4.322,0.042,8120,15600,,0.50,0,0,2056x1285,L,2
25479,8.336,0.701,0.298,0.026,0.000,0.011,0.023,0.000,4.357,0.013,4.302,0.042,8120,15600,,0.50,0,0,2056x1285,L,2
25480,8.348,0.000,0.295,0.025,0.000,0.008,0.026,0.000,0.056,0.013,0.000,0.042,8120,15600,,0.50,0,0,2056x1285,L,2
25481,8.332,0.644,0.266,0.025,0.000,0.011,0.041,0.000,4.348,0.013,4.292,0.042,8120,15600,,0.50,0,0,2056x1285,L,2
25482,8.238,0.000,0.309,0.027,0.000,0.009,0.025,0.000,4.345,0.013,4.289,0.042,8120,15600,,0.50,0,0,2056x1285,L,2
25483,8.448,0.712,0.280,0.028,0.000,0.010,0.033,0.000,4.348,0.013,4.292,0.042,8120,15600,,0.50,0,0,2056x1285,L,2
25484,8.267,0.000,0.293,0.029,0.000,0.013,0.025,0.000,4.386,0.013,4.330,0.042,8120,15600,,0.50,0,0,2056x1285,L,2
25485,8.245,0.655,0.286,0.027,0.000,0.009,0.024,0.000,4.383,0.013,4.327,0.042,8120,15600,,0.50,0,0,2056x1285,L,2
25486,8.211,0.000,0.294,0.025,0.000,0.009,0.027,0.000,4.375,0.013,4.319,0.042,8120,15600,,0.50,0,0,2056x1285,L,2
25487,8.243,0.649,0.328,0.026,0.000,0.010,0.025,0.000,4.348,0.013,4.293,0.042,8120,15600,,0.50,0,0,2056x1285,L,2
25488,8.206,0.000,0.316,0.027,0.000,0.014,0.026,0.000,4.363,0.013,4.307,0.042,8120,15600,,0.50,0,0,2056x1285,L,2
25489,8.257,0.671,0.320,0.029,0.000,0.015,0.032,0.000,4.379,0.013,4.323,0.042,8120,15600,,0.50,0,0,2056x1285,L,2
25490,8.271,0.000,0.358,0.041,0.000,0.010,0.037,0.000,0.056,0.013,0.000,0.042,8120,15600,,0.50,0,0,2056x1285,L,2
25491,8.288,0.843,0.316,0.037,0.000,0.016,0.043,0.000,0.056,0.013,0.000,0.042,8120,15600,,0.50,0,0,2056x1285,L,2
25492,8.196,0.000,0.370,0.029,0.000,0.011,0.071,0.000,4.369,0.013,4.313,0.042,8120,15600,,0.50,0,0,2056x1285,L,2
25493,8.284,0.649,0.331,0.032,0.000,0.011,0.058,0.000,0.056,0.013,0.000,0.042,8120,15600,,0.50,0,0,2056x1285,L,2
25494,8.193,0.000,0.398,0.038,0.000,0.014,0.045,0.000,0.056,0.013,0.000,0.042,8120,15600,,0.50,0,0,2056x1285,L,2
25495,8.312,0.701,0.316,0.036,0.000,0.011,0.041,0.000,0.056,0.013,0.000,0.042,8120,15600,,0.50,0,0,2056x1285,L,2
25496,8.134,0.000,0.303,0.028,0.000,0.009,0.048,0.000,0.056,0.013,0.000,0.042,8120,15600,,0.50,0,0,2056x1285,L,2
25497,8.185,0.691,0.312,0.031,0.000,0.010,0.061,0.000,4.346,0.013,4.291,0.042,8120,15600,,0.50,0,0,2056x1285,L,2
25498,8.393,0.000,0.317,0.033,0.000,0.013,0.047,0.000,4.395,0.013,4.339,0.042,8120,15600,,0.50,0,0,2056x1285,L,2
25499,8.156,0.744,0.304,0.033,0.000,0.010,0.037,0.000,4.367,0.013,4.312,0.042,8120,15600,,0.50,0,0,2056x1285,L,2
25500,8.367,0.000,0.439,0.033,0.000,0.012,0.043,0.000,4.339,0.013,4.283,0.042,8120,15600,,0.50,0,0,2056x1285,L,2
25501,8.298,0.748,0.321,0.034,0.000,0.009,0.040,0.000,4.358,0.013,4.302,0.042,8120,15600,,0.50,0,0,2056x1285,L,2
25502,8.258,0.000,0.331,0.035,0.000,0.010,0.049,0.000,0.056,0.013,0.000,0.042,8120,15600,,0.50,0,0,2056x1285,L,2
25503,8.401,0.827,0.336,0.036,0.000,0.012,0.058,0.000,4.396,0.013,4.340,0.042,8120,15600,,0.50,0,0,2056x1285,L,2
25504,8.281,0.000,0.375,0.042,0.000,0.015,0.062,0.000,0.056,0.013,0.000,0.042,8120,15600,,0.50,0,0,2056x1285,L,2
25505,8.293,0.817,0.349,0.038,0.000,0.012,0.045,0.000,4.377,0.013,4.321,0.042,8120,15600,,0.50,0,0,2056x1285,L,2
25506,8.368,0.000,0.507,0.035,0.000,0.011,0.038,0.000,0.056,0.013,0.000,0.042,8120,15600,,0.50,0,0,2056x1285,L,2
25507,8.281,0.820,0.356,0.037,0.000,0.011,0.037,0.000,4.378,0.013,4.322,0.042,8120,15600,,0.50,0,0,2056x1285,L,2
25508,8.450,0.000,0.415,0.035,0.000,0.012,0.052,0.000,0.056,0.013,0.000,0.042,8120,15600,,0.50,0,0,2056x1285,L,2
25509,8.248,0.983,0.427,0.060,0.000,0.015,0.053,0.000,4.397,0.013,4.341,0.042,8120,15600,,0.50,0,0,2056x1285,L,2
25510,8.287,0.000,0.432,0.045,0.000,0.012,0.070,0.000,4.359,0.013,4.303,0.042,8120,15600,,0.50,0,0,2056x1285,L,2
25511,8.344,1.033,0.417,0.055,0.000,0.014,0.042,0.000,4.379,0.013,4.323,0.042,8120,15600,,0.50,0,0,2056x1285,L,2
25512,8.296,0.000,0.482,0.043,0.000,0.014,0.042,0.000,4.360,0.013,4.304,0.042,8120,15600,,0.50,0,0,2056x1285,L,2
25513,8.356,1.011,0.448,0.041,0.000,0.024,0.056,0.000,0.056,0.013,0.000,0.042,8120,15600,,0.50,0,0,2056x1285,L,2
25514,8.326,0.000,0.441,0.041,0.000,0.018,0.036,0.000,4.377,0.013,4.321,0.042,8120,15600,,0.50,0,0,2056x1285,L,2
25515,8.380,1.043,0.449,0.053,0.000,0.013,0.067,0.000,0.056,0.013,0.000,0.042,8120,15600,,0.50,0,0,2056x1285,L,2
25516,8.368,0.000,0.482,0.051,0.000,0.024,0.069,0.000,4.369,0.013,4.313,0.042,8120,15600,,0.50,0,0,2056x1285,L,2
25517,8.259,1.209,0.520,0.053,0.000,0.017,0.063,0.000,0.056,0.013,0.000,0.042,8120,15600,,0.50,0,0,2056x1285,L,2
25518,8.402,0.000,0.526,0.070,0.000,0.028,0.073,0.000,4.390,0.013,4.334,0.042,8120,15600,,0.50,0,0,2056x1285,L,2
25519,7.840,1.252,0.467,0.055,0.000,0.016,0.043,0.000,4.376,0.013,4.321,0.042,8120,15600,,0.50,0,0,2056x1285,L,2
25520,8.218,0.000,0.518,0.048,0.000,0.019,0.054,0.000,0.056,0.013,0.000,0.042,8120,15600,,0.50,0,0,2056x1285,L,2
25521,8.238,1.193,0.479,0.048,0.000,0.015,0.056,0.000,4.442,0.013,4.386,0.042,8120,15600,,0.50,0,0,2056x1285,L,2
25522,7.909,0.000,0.530,0.067,0.000,0.022,0.045,0.000,4.338,0.013,4.282,0.042,8120,15600,,0.50,0,0,2056x1285,L,2
25523,8.284,0.701,0.303,0.047,0.000,0.014,0.071,0.000,4.337,0.013,4.281,0.042,8120,15600,,0.50,0,0,2056x1285,L,2
25524,8.141,0.000,0.392,0.037,0.000,0.012,0.071,0.000,4.335,0.013,4.280,0.042,8120,15600,,0.50,0,0,2056x1285,L,2
25525,8.350,0.749,0.323,0.042,0.000,0.012,0.050,0.000,4.343,0.013,4.287,0.042,8120,15600,,0.50,0,0,2056x1285,L,2
25526,8.321,0.000,0.310,0.045,0.000,0.011,0.043,0.000,4.338,0.013,4.282,0.042,8120,15600,,0.50,0,0,2056x1285,L,2
25527,8.145,0.611,0.288,0.055,0.000,0.014,0.037,0.000,4.345,0.013,4.289,0.042,8120,15600,,0.50,0,0,2056x1285,L,2
25528,8.266,0.000,0.283,0.040,0.000,0.013,0.034,0.000,4.343,0.013,4.287,0.042,8120,15600,,0.50,0,0,2056x1285,L,2
25529,8.309,0.616,0.258,0.030,0.000,0.012,0.027,0.000,4.337,0.013,4.281,0.042,8120,15600,,0.50,0,0,2056x1285,L,2
25530,8.302,0.000,0.399,0.028,0.000,0.007,0.029,0.000,4.335,0.013,4.280,0.042,8120,15600,,0.50,0,0,2056x1285,L,2
25531,8.389,0.537,0.253,0.024,0.000,0.008,0.039,0.000,4.338,0.013,4.282,0.042,8120,15600,,0.50,0,0,2056x1285,L,2
25532,8.254,0.000,0.261,0.028,0.000,0.011,0.031,0.000,0.056,0.013,0.000,0.042,8120,15600,,0.50,0,0,2056x1285,L,2
25533,8.395,0.545,0.255,0.029,0.000,0.008,0.059,0.000,4.340,0.013,4.284,0.042,8120,15600,,0.50,0,0,2056x1285,L,2
25534,8.450,0.000,0.262,0.043,0.000,0.010,0.038,0.000,4.340,0.013,4.284,0.042,8120,15600,,0.50,0,0,2056x1285,L,2
25535,8.338,0.596,0.224,0.029,0.000,0.012,0.033,0.000,4.343,0.013,4.287,0.042,8120,15600,,0.50,0,0,2056x1285,L,2
25536,8.159,0.006,0.243,0.024,0.000,0.007,0.041,0.000,4.337,0.013,4.281,0.042,8120,15600,,0.50,0,0,2056x1285,L,2
25537,8.485,0.487,0.217,0.022,0.000,0.012,0.038,0.000,0.056,0.013,0.000,0.042,8120,15600,,0.50,0,0,2056x1285,L,2
25538,8.323,0.000,0.240,0.024,0.000,0.007,0.039,0.000,4.394,0.013,4.338,0.042,8120,15600,,0.50,0,0,2056x1285,L,2
25539,8.156,0.540,0.233,0.026,0.000,0.008,0.033,0.000,4.349,0.013,4.293,0.042,8120,15600,,0.50,0,0,2056x1285,L,2
25540,8.481,0.000,0.266,0.024,0.000,0.009,0.035,0.000,4.386,0.013,4.330,0.042,8120,15600,,0.50,0,0,2056x1285,L,2
25541,8.175,0.524,0.243,0.023,0.000,0.011,0.032,0.000,4.337,0.013,4.281,0.042,8120,15600,,0.50,0,0,2056x1285,L,2
25542,8.372,0.000,0.252,0.022,0.000,0.009,0.044,0.000,4.343,0.013,4.287,0.042,8120,15600,,0.50,0,0,2056x1285,L,2
25543,8.343,0.653,0.239,0.027,0.000,0.015,0.043,0.000,4.345,0.013,4.289,0.042,8120,15600,,0.50,0,0,2056x1285,L,2
25544,8.522,0.000,0.260,0.030,0.000,0.009,0.033,0.000,4.401,0.013,4.345,0.042,8120,15600,,0.50,0,0,2056x1285,L,2
25545,8.283,0.501,0.221,0.026,0.000,0.008,0.021,0.000,4.351,0.013,4.295,0.042,8120,15600,,0.50,0,0,2056x1285,L,2
25546,8.258,0.000,0.284,0.022,0.000,0.007,0.019,0.000,4.342,0.013,4.286,0.042,8120,15600,,0.50,0,0,2056x1285,L,2
25547,8.351,0.532,0.219,0.023,0.000,0.007,0.031,0.000,0.056,0.013,0.000,0.042,8120,15600,,0.50,0,0,2056x1285,L,2
25548,8.310,0.000,0.266,0.027,0.000,0.012,0.027,0.000,0.056,0.013,0.000,0.042,8120,15600,,0.50,0,0,2056x1285,L,2
25549,8.335,0.707,0.247,0.022,0.000,0.008,0.035,0.000,0.056,0.013,0.000,0.042,8120,15600,,0.50,0,0,2056x1285,L,2
25550,8.295,0.000,0.302,0.022,0.000,0.008,0.040,0.000,4.349,0.013,4.293,0.042,8120,15600,,0.50,0,0,2056x1285,L,2
25551,8.498,0.600,0.276,0.028,0.000,0.016,0.041,0.000,4.348,0.013,4.292,0.042,8120,15600,,0.50,0,0,2056x1285,L,2
25552,8.275,0.000,0.292,0.036,0.000,0.011,0.047,0.000,4.336,0.013,4.280,0.042,8120,15600,,0.50,0,0,2056x1285,L,2
25553,8.186,0.805,0.332,0.060,0.000,0.017,0.043,0.000,4.348,0.013,4.292,0.042,8120,15600,,0.50,0,0,2056x1285,L,2
25554,8.504,0.000,0.333,0.052,0.000,0.013,0.072,0.000,4.349,0.013,4.293,0.042,8120,15600,,0.50,0,0,2056x1285,L,2
25555,8.211,0.852,0.323,0.056,0.000,0.016,0.041,0.000,0.056,0.013,0.000,0.042,8120,15600,,0.50,0,0,2056x1285,L,2
25556,8.314,0.000,0.312,0.039,0.000,0.015,0.052,0.000,0.056,0.013,0.000,0.042,8120,15600,,0.50,0,0,2056x1285,L,2
25557,8.357,1.004,0.317,0.031,0.000,0.010,0.043,0.000,4.368,0.013,4.312,0.042,8120,15600,,0.50,0,0,2056x1285,L,2
25558,8.310,0.000,0.351,0.040,0.000,0.013,0.053,0.000,4.352,0.013,4.296,0.042,8120,15600,,0.50,0,0,2056x1285,L,2
25559,8.219,0.983,0.327,0.048,0.000,0.014,0.056,0.000,0.056,0.013,0.000,0.042,8120,15600,,0.50,0,0,2056x1285,L,2
25560,8.429,0.000,0.336,0.040,0.000,0.019,0.075,0.000,4.384,0.013,4.328,0.042,8120,15600,,0.50,0,0,2056x1285,L,2
25561,8.366,1.135,0.365,0.054,0.000,0.017,0.062,0.000,4.374,0.013,4.318,0.042,8120,15600,,0.50,0,0,2056x1285,L,2
25562,8.363,0.000,0.363,0.043,0.000,0.013,0.044,0.000,4.365,0.013,4.309,0.042,8120,15600,,0.50,0,0,2056x1285,L,2
25563,8.310,1.024,0.415,0.054,0.000,0.018,0.066,0.000,4.338,0.013,4.282,0.042,8120,15600,,0.50,0,0,2056x1285,L,2
25564,8.308,0.000,0.408,0.078,0.000,0.022,0.070,0.000,4.336,0.013,4.281,0.042,8120,15600,,0.50,0,0,2056x1285,L,2
25565,8.279,0.989,0.371,0.076,0.000,0.020,0.063,0.000,4.336,0.013,4.280,0.042,8120,15600,,0.50,0,0,2056x1285,L,2
25566,8.102,0.000,0.370,0.070,0.000,0.017,0.049,0.000,4.338,0.013,4.282,0.042,8120,15600,,0.50,0,0,2056x1285,L,2
25567,8.327,0.886,0.318,0.048,0.000,0.014,0.037,0.000,0.056,0.013,0.000,0.042,8120,15600,,0.50,0,0,2056x1285,L,2
25568,8.291,0.000,0.336,0.040,0.000,0.010,0.036,0.000,4.335,0.013,4.279,0.042,8120,15600,,0.50,0,0,2056x1285,L,2
25569,8.330,0.669,0.264,0.033,0.000,0.013,0.028,0.000,0.056,0.013,0.000,0.042,8120,15600,,0.50,0,0,2056x1285,L,2
25570,8.254,0.000,0.258,0.029,0.000,0.008,0.034,0.000,4.336,0.013,4.280,0.042,8120,15600,,0.50,0,0,2056x1285,L,2
25571,8.447,0.547,0.231,0.024,0.000,0.008,0.035,0.000,4.338,0.013,4.282,0.042,8120,15600,,0.50,0,0,2056x1285,L,2
25572,8.375,0.000,0.263,0.024,0.000,0.008,0.030,0.000,4.350,0.013,4.294,0.042,8120,15600,,0.50,0,0,2056x1285,L,2
25573,8.312,0.734,0.237,0.030,0.000,0.009,0.044,0.000,4.346,0.013,4.290,0.042,8120,15600,,0.50,0,0,2056x1285,L,2
25574,8.353,0.000,0.278,0.024,0.000,0.017,0.048,0.000,4.372,0.013,4.316,0.042,8120,15600,,0.50,0,0,2056x1285,L,2
25575,8.252,0.742,0.262,0.030,0.000,0.011,0.036,0.000,4.356,0.013,4.300,0.042,8120,15600,,0.50,0,0,2056x1285,L,2
25576,8.416,0.000,0.291,0.027,0.000,0.009,0.022,0.000,0.056,0.013,0.000,0.042,8120,15600,,0.50,0,0,2056x1285,L,2
25577,8.307,0.667,0.252,0.025,0.000,0.008,0.050,0.000,4.351,0.013,4.295,0.042,8120,15600,,0.50,0,0,2056x1285,L,2
25578,8.274,0.000,0.305,0.036,0.000,0.016,0.027,0.000,0.056,0.013,0.000,0.042,8120,15600,,0.50,0,0,2056x1285,L,2
25579,8.375,0.663,0.262,0.026,0.000,0.009,0.023,0.000,4.346,0.013,4.291,0.042,8120,15600,,0.50,0,0,2056x1285,L,2
25580,8.295,0.000,0.292,0.025,0.000,0.014,0.048,0.000,4.375,0.013,4.319,0.042,8120,15600,,0.50,0,0,2056x1285,L,2
25581,8.395,0.889,0.293,0.032,0.000,0.011,0.045,0.000,4.375,0.013,4.319,0.042,8120,15600,,0.50,0,0,2056x1285,L,2
25582,8.278,0.000,0.310,0.042,0.000,0.009,0.025,0.000,4.367,0.013,4.311,0.042,8120,15600,,0.50,0,0,2056x1285,L,2
25583,8.362,0.683,0.274,0.027,0.000,0.009,0.030,0.000,4.352,0.013,4.296,0.042,8120,15600,,0.50,0,0,2056x1285,L,2
25584,8.359,0.000,0.348,0.031,0.000,0.010,0.056,0.000,4.359,0.013,4.303,0.042,8120,15600,,0.50,0,0,2056x1285,L,2
25585,8.357,0.778,0.306,0.032,0.000,0.011,0.056,0.000,0.056,0.013,0.000,0.042,8120,15600,,0.50,0,0,2056x1285,L,2
25586,8.466,0.000,0.335,0.035,0.000,0.012,0.053,0.000,4.337,0.013,4.281,0.042,8120,15600,,0.50,0,0,2056x1285,L,2
25587,8.191,0.809,0.397,0.047,0.000,0.014,0.046,0.000,4.351,0.013,4.295,0.042,8120,15600,,0.50,0,0,2056x1285,L,2
25588,8.224,0.000,0.398,0.042,0.000,0.019,0.036,0.000,4.361,0.013,4.305,0.042,8120,15600,,0.50,0,0,2056x1285,L,2
25589,8.398,0.830,0.393,0.046,0.000,0.012,0.042,0.000,0.056,0.013,0.000,0.042,8120,15600,,0.50,0,0,2056x1285,L,2
25590,8.229,0.000,0.410,0.036,0.000,0.017,0.036,0.000,4.373,0.013,4.317,0.042,8120,15600,,0.50,0,0,2056x1285,L,2
25591,8.345,0.924,0.412,0.038,0.000,0.012,0.048,0.000,4.357,0.013,4.301,0.042,8120,15600,,0.50,0,0,2056x1285,L,2
25592,8.527,0.000,0.430,0.036,0.000,0.012,0.068,0.000,4.395,0.013,4.339,0.042,8120,15600,,0.50,0,0,2056x1285,L,2
25593,8.247,1.032,0.410,0.047,0.000,0.020,0.052,0.000,0.056,0.013,0.000,0.042,8120,15600,,0.50,0,0,2056x1285,L,2
25594,8.455,0.000,0.446,0.046,0.000,0.013,0.056,0.000,4.383,0.013,4.327,0.042,8120,15600,,0.50,0,0,2056x1285,L,2
25595,8.344,1.082,0.562,0.081,0.000,0.021,0.072,0.000,0.056,0.013,0.000,0.042,8120,15600,,0.50,0,0,2056x1285,L,2
25596,8.233,0.000,0.449,0.059,0.000,0.021,0.057,0.000,0.056,0.013,0.000,0.042,8120,15600,,0.50,0,0,2056x1285,L,2
25597,8.149,1.180,0.452,0.052,0.000,0.018,0.055,0.000,4.349,0.013,4.293,0.042,8120,15600,,0.50,0,0,2056x1285,L,2
25598,8.364,0.000,0.436,0.061,0.000,0.015,0.060,0.000,0.056,0.013,0.000,0.042,8120,15600,,0.50,0,0,2056x1285,L,2
25599,8.339,1.350,0.474,0.050,0.000,0.016,0.056,0.000,4.371,0.013,4.315,0.042,8120,15600,,0.50,0,0,2056x1285,L,2
25600,8.315,0.000,0.438,0.050,0.000,0.015,0.066,0.000,0.056,0.013,0.000,0.042,8120,15600,,0.50,0,0,2056x1285,L,2
25601,8.316,1.222,0.495,0.050,0.000,0.017,0.070,0.000,4.394,0.013,4.338,0.042,8120,15600,,0.50,0,0,2056x1285,L,2
25602,9.402,0.000,0.565,0.053,0.000,0.019,0.198,0.000,4.374,0.013,4.318,0.042,8120,15600,,0.50,0,0,2056x1285,L,2
25603,7.453,1.488,0.821,0.066,0.000,0.096,0.082,0.000,4.348,0.013,4.292,0.042,8120,15600,,0.50,0,0,2056x1285,L,2
25604,8.220,0.000,0.573,0.071,0.000,0.028,0.073,0.000,0.056,0.013,0.000,0.042,8120,15600,,0.50,0,0,2056x1285,L,2
25605,8.282,1.246,0.545,0.062,0.000,0.018,0.060,0.000,0.056,0.013,0.000,0.042,8120,15600,,0.50,0,0,2056x1285,L,2
25606,9.188,0.000,0.568,0.052,0.000,0.026,0.170,0.000,4.363,0.013,4.307,0.042,8120,15600,,0.50,0,0,2056x1285,L,2
25607,7.477,1.464,0.895,0.225,0.000,0.067,0.074,0.000,4.412,0.013,4.356,0.042,8120,15600,,0.50,0,0,2056x1285,L,2
25608,9.165,0.000,0.563,0.080,0.000,0.026,0.168,0.000,4.356,0.013,4.301,0.042,8120,15600,,0.50,0,0,2056x1285,L,2
25609,7.418,1.511,0.985,0.069,0.000,0.044,0.083,0.000,4.352,0.013,4.296,0.042,8120,15600,,0.50,0,0,2056x1285,L,2
25610,9.150,0.000,0.553,0.069,0.000,0.032,0.164,0.000,0.056,0.013,0.000,0.042,8120,15600,,0.50,0,0,2056x1285,L,2
25611,7.389,1.430,0.774,0.204,0.000,0.050,0.074,0.000,0.056,0.013,0.000,0.042,8120,15600,,0.50,0,0,2056x1285,L,2
25612,9.145,0.000,0.543,0.076,0.000,0.053,0.173,0.000,0.056,0.013,0.000,0.042,8120,15600,,0.50,0,0,2056x1285,L,2
25613,7.435,1.745,0.912,0.228,0.000,0.054,0.068,0.000,4.364,0.013,4.308,0.042,8120,15600,,0.50,0,0,2056x1285,L,2
25614,8.410,0.000,0.551,0.069,0.000,0.021,0.103,0.000,4.341,0.013,4.285,0.042,8120,15600,,0.50,0,0,2056x1285,L,2
25615,8.209,1.182,0.513,0.082,0.000,0.019,0.066,0.000,0.056,0.013,0.000,0.042,8120,15600,,0.50,0,0,2056x1285,L,2
25616,8.251,0.000,0.490,0.092,0.000,0.016,0.057,0.000,4.362,0.013,4.306,0.042,8120,15600,,0.50,0,0,2056x1285,L,2
25617,8.394,1.094,0.490,0.046,0.000,0.014,0.065,0.000,4.368,0.013,4.312,0.042,8120,15600,,0.50,0,0,2056x1285,L,2
25618,8.314,0.000,0.549,0.067,0.000,0.022,0.073,0.000,4.351,0.013,4.295,0.042,8120,15600,,0.50,0,0,2056x1285,L,2
25619,8.285,1.339,0.568,0.058,0.000,0.020,0.057,0.000,4.366,0.013,4.310,0.042,8120,15600,,0.50,0,0,2056x1285,L,2
25620,9.518,0.000,0.542,0.060,0.000,0.019,0.225,0.000,0.056,0.013,0.000,0.042,8120,15600,,0.50,0,0,2056x1285,L,2
25621,7.291,1.457,0.896,0.218,0.000,0.068,0.082,0.000,4.399,0.013,4.343,0.042,8120,15600,,0.50,0,0,2056x1285,L,2
25622,8.209,0.000,0.613,0.079,0.000,0.031,0.086,0.000,0.056,0.013,0.000,0.042,8120,15600,,0.50,0,0,2056x1285,L,2
25623,9.264,1.216,0.562,0.055,0.000,0.016,0.154,0.000,0.056,0.013,0.000,0.042,8120,15600,,0.50,0,0,2056x1285,L,2
25624,13.028,0.001,0.906,0.210,0.000,0.067,0.209,0.000,0.056,0.013,0.000,0.042,8120,15600,,0.50,0,0,2056x1285,L,2
25625,4.872,1.415,0.643,0.091,0.000,0.029,0.067,0.000,0.056,0.013,0.000,0.042,8120,15600,,0.50,0,0,2056x1285,L,2
25626,6.023,0.000,0.519,0.056,0.000,0.022,0.066,0.000,0.056,0.013,0.000,0.042,8120,15600,,0.50,0,0,2056x1285,L,2
25627,8.255,1.211,0.508,0.057,0.000,0.017,0.052,0.000,1.668,0.013,1.612,0.042,8120,15600,,0.50,0,0,2056x1285,L,2
25628,9.321,0.000,0.558,0.062,0.000,0.016,0.188,0.000,1.664,0.013,1.608,0.042,8120,15600,,0.50,0,0,2056x1285,L,2
25629,7.240,1.399,0.776,0.233,0.000,0.091,0.059,0.000,0.056,0.013,0.000,0.042,8120,15600,,0.50,0,0,2056x1285,L,2
25630,9.519,0.000,0.600,0.094,0.000,0.020,0.204,0.000,1.665,0.013,1.609,0.042,8120,15600,,0.50,0,0,2056x1285,L,2
25631,7.093,1.501,0.905,0.070,0.000,0.040,0.055,0.000,0.056,0.013,0.000,0.042,8120,15600,,0.50,0,0,2056x1285,L,2
25632,9.237,0.000,0.570,0.058,0.000,0.038,0.177,0.000,1.804,0.013,1.748,0.042,8120,15600,,0.50,0,0,2056x1285,L,2
25633,8.268,1.558,0.969,0.068,0.000,0.054,0.179,0.000,1.722,0.013,1.666,0.042,8120,15600,,0.50,0,0,2056x1285,L,2
25634,8.031,0.000,0.954,0.203,0.000,0.068,0.140,0.000,1.727,0.013,1.671,0.042,8120,15600,,0.50,0,0,2056x1285,L,2
25635,8.373,1.662,0.912,0.186,0.000,0.078,0.192,0.000,1.794,0.013,1.738,0.042,8120,15600,,0.50,0,0,2056x1285,L,2
25636,8.245,0.000,0.892,0.159,0.000,0.052,0.174,0.000,1.705,0.013,1.649,0.042,8120,15600,,0.50,0,0,2056x1285,L,2
25637,7.572,1.445,0.760,0.193,0.000,0.052,0.054,0.000,0.056,0.013,0.000,0.042,8120,15600,,0.50,0,0,2056x1285,L,2
25638,9.183,0.000,0.549,0.083,0.000,0.024,0.163,0.000,0.056,0.013,0.000,0.042,8120,15600,,0.50,0,0,2056x1285,L,2
25639,7.460,1.453,0.828,0.184,0.000,0.062,0.072,0.000,0.056,0.013,0.000,0.042,8120,15600,,0.50,0,0,2056x1285,L,2
25640,9.304,0.000,0.574,0.067,0.000,0.022,0.178,0.000,0.056,0.013,0.000,0.042,8120,15600,,0.50,0,0,2056x1285,L,2
25641,7.971,1.537,0.882,0.275,0.000,0.070,0.186,0.000,0.056,0.013,0.000,0.042,8120,15600,,0.50,0,0,2056x1285,L,2
25642,7.684,0.001,1.002,0.207,0.000,0.080,0.073,0.000,0.056,0.013,0.000,0.042,8120,15600,,0.50,0,0,2056x1285,L,2
25643,9.022,1.242,0.552,0.065,0.000,0.033,0.172,0.000,0.056,0.013,0.000,0.042,8120,15600,,0.50,0,0,2056x1285,L,2
25644,7.473,0.001,0.870,0.217,0.000,0.069,0.066,0.000,0.056,0.013,0.000,0.042,8120,15600,,0.50,0,0,2056x1285,L,2
25645,8.245,1.248,0.541,0.059,0.000,0.022,0.063,0.000,4.403,0.013,4.347,0.042,8120,15600,,0.50,0,0,2056x1285,L,2
25646,8.434,0.000,0.463,0.070,0.000,0.024,0.063,0.000,0.056,0.013,0.000,0.042,8120,15600,,0.50,0,0,2056x1285,L,2
25647,8.197,0.767,0.418,0.087,0.000,0.019,0.053,0.000,0.056,0.013,0.000,0.042,8120,15600,,0.50,0,0,2056x1285,L,2
25648,8.189,0.000,0.395,0.061,0.000,0.016,0.044,0.000,0.056,0.013,0.000,0.042,8120,15600,,0.50,0,0,2056x1285,L,2
25649,8.518,0.625,0.348,0.056,0.000,0.015,0.041,0.000,4.341,0.013,4.285,0.042,8120,15600,,0.50,0,0,2056x1285,L,2
25650,8.140,0.000,0.396,0.048,0.000,0.016,0.049,0.000,4.340,0.013,4.285,0.042,8120,15600,,0.50,0,0,2056x1285,L,2
25651,8.266,0.862,0.286,0.040,0.000,0.012,0.041,0.000,4.343,0.013,4.287,0.042,8120,15600,,0.50,0,0,2056x1285,L,2
25652,10.879,0.000,0.326,0.043,0.000,0.012,0.045,0.000,8.272,0.013,8.216,0.042,8120,15600,,0.50,0,0,2056x1285,L,2
25653,5.741,0.717,0.314,0.054,0.000,0.012,0.043,0.000,0.056,0.013,0.000,0.042,8120,15600,,0.50,0,0,2056x1285,L,2
25654,8.348,0.000,0.287,0.039,0.000,0.011,0.039,0.000,0.056,0.013,0.000,0.042,8120,15600,,0.50,0,0,2056x1285,L,2
25655,8.352,0.598,0.299,0.054,0.000,0.012,0.049,0.000,0.056,0.013,0.000,0.042,8120,15600,,0.50,0,0,2056x1285,L,2
25656,8.313,0.000,0.264,0.050,0.000,0.013,0.041,0.000,0.056,0.013,0.000,0.042,8120,15600,,0.50,0,0,2056x1285,L,2
25657,8.321,0.652,0.278,0.051,0.000,0.014,0.043,0.000,0.056,0.013,0.000,0.042,8120,15600,,0.50,0,0,2056x1285,L,2
25658,8.336,0.000,0.250,0.043,0.000,0.015,0.058,0.000,0.056,0.013,0.000,0.042,8120,15600,,0.50,0,0,2056x1285,L,2
25659,8.243,0.667,0.290,0.044,0.000,0.013,0.037,0.000,0.056,0.013,0.000,0.042,8120,15600,,0.50,0,0,2056x1285,L,2
25660,8.382,0.000,0.380,0.045,0.000,0.013,0.047,0.000,1.877,0.013,1.822,0.042,8120,15600,,0.50,0,0,2056x1285,L,2
25661,8.307,0.563,0.234,0.048,0.000,0.013,0.047,0.000,0.056,0.013,0.000,0.042,8120,15600,,0.50,0,0,2056x1285,L,2
25662,8.318,0.000,0.418,0.051,0.000,0.014,0.037,0.000,0.056,0.013,0.000,0.042,8120,15600,,0.50,0,0,2056x1285,L,2
25663,8.327,0.528,0.238,0.045,0.000,0.012,0.043,0.000,0.056,0.013,0.000,0.042,8120,15600,,0.50,0,0,2056x1285,L,2
25664,8.360,0.000,0.358,0.051,0.000,0.014,0.042,0.000,0.056,0.013,0.000,0.042,8120,15600,,0.50,0,0,2056x1285,L,2
25665,8.334,0.482,0.264,0.042,0.000,0.012,0.051,0.000,0.056,0.013,0.000,0.042,8120,15600,,0.50,0,0,2056x1285,L,2
25666,8.350,0.000,0.265,0.053,0.000,0.017,0.043,0.000,0.056,0.013,0.000,0.042,8120,15600,,0.50,0,0,2056x1285,L,2
25667,8.288,0.623,0.225,0.049,0.000,0.013,0.040,0.000,2.699,0.013,2.643,0.042,8120,15600,,0.50,0,0,2056x1285,L,2
25668,8.610,0.000,0.305,0.051,0.000,0.015,0.044,0.000,0.056,0.013,0.000,0.042,8120,15600,,0.50,0,0,2056x1285,L,2
25669,8.032,0.644,0.264,0.050,0.000,0.012,0.049,0.000,0.056,0.013,0.000,0.042,8120,15600,,0.50,0,0,2056x1285,L,2
25670,8.315,0.000,0.269,0.058,0.000,0.015,0.049,0.000,2.514,0.013,2.458,0.042,8120,15600,,0.50,0,0,2056x1285,L,2
25671,8.269,0.636,0.265,0.060,0.000,0.017,0.042,0.000,0.056,0.013,0.000,0.042,8120,15600,,0.50,0,0,2056x1285,L,2
25672,8.363,0.000,0.265,0.052,0.000,0.017,0.046,0.000,0.056,0.013,0.000,0.042,8120,15600,,0.50,0,0,2056x1285,L,2
25673,8.277,0.606,0.273,0.050,0.000,0.014,0.046,0.000,0.056,0.013,0.000,0.042,8120,15600,,0.50,0,0,2056x1285,L,2
25674,8.374,0.000,0.302,0.054,0.000,0.013,0.041,0.000,0.056,0.013,0.000,0.042,8120,15600,,0.50,0,0,2056x1285,L,2
25675,8.239,0.599,0.231,0.043,0.000,0.013,0.041,0.000,4.335,0.013,4.279,0.042,8120,15600,,0.50,0,0,2056x1285,L,2
25676,8.427,0.000,0.406,0.051,0.000,0.017,0.032,0.000,4.342,0.013,4.286,0.042,8120,15600,,0.50,0,0,2056x1285,L,2
25677,8.336,0.532,0.261,0.052,0.000,0.013,0.042,0.000,4.338,0.013,4.282,0.042,8120,15600,,0.50,0,0,2056x1285,L,2
25678,8.183,0.000,0.292,0.049,0.000,0.012,0.045,0.000,4.335,0.013,4.279,0.042,8120,15600,,0.50,0,0,2056x1285,L,2
25679,8.382,0.506,0.235,0.050,0.000,0.012,0.046,0.000,4.341,0.013,4.285,0.042,8120,15600,,0.50,0,0,2056x1285,L,2
25680,8.277,0.000,0.391,0.063,0.000,0.013,0.044,0.000,4.336,0.013,4.280,0.042,8120,15600,,0.50,0,0,2056x1285,L,2
25681,8.340,0.608,0.268,0.047,0.000,0.014,0.042,0.000,4.336,0.013,4.280,0.042,8120,15600,,0.50,0,0,2056x1285,L,2
25682,8.364,0.000,0.318,0.053,0.000,0.014,0.050,0.000,4.339,0.013,4.283,0.042,8120,15600,,0.50,0,0,2056x1285,L,2
25683,10.342,0.613,0.285,0.060,0.000,0.021,0.054,0.000,0.056,0.013,0.000,0.042,8120,15600,,0.50,0,0,2056x1285,L,2
25684,6.270,0.000,0.243,0.067,0.000,0.016,0.052,0.000,0.056,0.013,0.000,0.042,8120,15600,,0.50,0,0,2056x1285,L,2
25685,8.287,0.622,0.263,0.060,0.000,0.020,0.055,0.000,1.626,0.013,1.570,0.042,8120,15600,,0.50,0,0,2056x1285,L,2
25686,8.223,0.000,0.256,0.058,0.000,0.012,0.053,0.000,1.624,0.013,1.568,0.042,8120,15600,,0.50,0,0,2056x1285,L,2
25687,8.321,0.709,0.242,0.038,0.000,0.012,0.037,0.000,1.626,0.013,1.570,0.042,8120,15600,,0.50,0,0,2056x1285,L,2
25688,8.314,0.000,0.250,0.033,0.000,0.012,0.036,0.000,0.056,0.013,0.000,0.042,8120,15600,,0.50,0,0,2056x1285,L,2
25689,8.334,0.648,0.221,0.031,0.000,0.010,0.045,0.000,0.056,0.013,0.000,0.042,8120,15600,,0.50,0,0,2056x1285,L,2
25690,8.333,0.000,0.256,0.029,0.000,0.010,0.039,0.000,0.056,0.013,0.000,0.042,8120,15600,,0.50,0,0,2056x1285,L,2
25691,8.317,0.654,0.232,0.031,0.000,0.012,0.038,0.000,1.876,0.013,1.820,0.042,8120,15600,,0.50,0,0,2056x1285,L,2
25692,8.285,0.000,0.248,0.026,0.000,0.008,0.030,0.000,0.056,0.013,0.000,0.042,8120,15600,,0.50,0,0,2056x1285,L,2
25693,8.331,0.519,0.251,0.027,0.000,0.012,0.044,0.000,1.875,0.013,1.819,0.042,8120,15600,,0.50,0,0,2056x1285,L,2
25694,8.342,0.000,0.399,0.033,0.000,0.010,0.044,0.000,0.056,0.013,0.000,0.042,8120,15600,,0.50,0,0,2056x1285,L,2
25695,8.342,0.641,0.263,0.027,0.000,0.008,0.035,0.000,0.056,0.013,0.000,0.042,8120,15600,,0.50,0,0,2056x1285,L,2
25696,8.680,0.000,0.241,0.019,0.000,0.010,0.063,0.000,0.056,0.013,0.000,0.042,8120,15600,,0.50,0,0,2056x1285,L,2
25697,8.201,1.049,0.376,0.043,0.000,0.018,0.047,0.000,2.427,0.013,2.371,0.042,8120,15600,,0.50,0,0,2056x1285,L,2
25698,8.341,0.000,0.432,0.054,0.000,0.016,0.065,0.000,2.708,0.013,2.652,0.042,8120,15600,,0.50,0,0,2056x1285,L,2
25699,8.290,1.116,0.419,0.047,0.000,0.014,0.057,0.000,0.056,0.013,0.000,0.042,8120,15600,,0.50,0,0,2056x1285,L,2
25700,8.317,0.000,0.434,0.043,0.000,0.013,0.058,0.000,4.043,0.013,3.987,0.042,8120,15600,,0.50,0,0,2056x1285,L,2
25701,8.330,1.070,0.488,0.051,0.000,0.015,0.045,0.000,4.375,0.013,4.319,0.042,8120,15600,,0.50,0,0,2056x1285,L,2
25702,8.473,0.000,0.500,0.049,0.000,0.018,0.078,0.000,4.364,0.013,4.308,0.042,8120,15600,,0.50,0,0,2056x1285,L,2
25703,8.248,1.421,0.507,0.069,0.000,0.023,0.077,0.000,4.342,0.013,4.286,0.042,8120,15600,,0.50,0,0,2056x1285,L,2
25704,8.314,0.000,0.514,0.068,0.000,0.020,0.070,0.000,4.373,0.013,4.317,0.042,8120,15600,,0.50,0,0,2056x1285,L,2
25705,9.213,1.501,0.507,0.062,0.000,0.018,0.164,0.000,4.352,0.013,4.296,0.042,8120,15600,,0.50,0,0,2056x1285,L,2
25706,7.348,0.001,0.888,0.285,0.000,0.072,0.070,0.000,4.342,0.013,4.287,0.042,8120,15600,,0.50,0,0,2056x1285,L,2
25707,8.319,1.704,0.515,0.061,0.000,0.021,0.085,0.000,4.356,0.013,4.300,0.042,8120,15600,,0.50,0,0,2056x1285,L,2
25708,9.504,0.000,0.521,0.058,0.000,0.021,0.233,0.000,4.356,0.013,4.301,0.042,8120,15600,,0.50,0,0,2056x1285,L,2
25709,7.199,1.589,0.872,0.173,0.000,0.045,0.077,0.000,4.392,0.013,4.336,0.042,8120,15600,,0.50,0,0,2056x1285,L,2
25710,9.195,0.000,0.523,0.083,0.000,0.019,0.162,0.000,0.056,0.013,0.000,0.042,8120,15600,,0.50,0,0,2056x1285,L,2
25711,7.261,1.443,0.541,0.069,0.000,0.023,0.065,0.000,4.352,0.013,4.296,0.042,8120,15600,,0.50,0,0,2056x1285,L,2
25712,9.391,0.000,0.535,0.054,0.000,0.016,0.187,0.000,0.056,0.013,0.000,0.042,8120,15600,,0.50,0,0,2056x1285,L,2
25713,7.345,1.518,0.832,0.216,0.000,0.057,0.084,0.000,4.382,0.013,4.326,0.042,8120,15600,,0.50,0,0,2056x1285,L,2
25714,9.220,0.000,0.565,0.064,0.000,0.027,0.173,0.000,4.360,0.013,4.305,0.042,8120,15600,,0.50,0,0,2056x1285,L,2
25715,7.381,1.441,0.798,0.227,0.000,0.054,0.088,0.000,4.376,0.013,4.320,0.042,8120,15600,,0.50,0,0,2056x1285,L,2
25716,9.196,0.000,0.569,0.070,0.000,0.021,0.166,0.000,0.056,0.013,0.000,0.042,8120,15600,,0.50,0,0,2056x1285,L,2
25717,7.372,1.494,0.823,0.225,0.000,0.063,0.069,0.000,4.368,0.013,4.312,0.042,8120,15600,,0.50,0,0,2056x1285,L,2
25718,9.155,0.000,0.564,0.072,0.000,0.021,0.167,0.000,4.365,0.013,4.310,0.042,8120,15600,,0.50,0,0,2056x1285,L,2
25719,7.417,1.563,0.930,0.219,0.000,0.064,0.067,0.000,4.389,0.013,4.334,0.042,8120,15600,,0.50,0,0,2056x1285,L,2
25720,8.402,0.000,0.563,0.081,0.000,0.028,0.070,0.000,4.423,0.013,4.367,0.042,8120,15600,,0.50,0,0,2056x1285,L,2
25721,8.191,1.079,0.384,0.058,0.000,0.015,0.058,0.000,0.056,0.013,0.000,0.042,8120,15600,,0.50,0,0,2056x1285,L,2
25722,8.193,0.000,0.359,0.077,0.000,0.013,0.053,0.000,0.056,0.013,0.000,0.042,8120,15600,,0.50,0,0,2056x1285,L,2
25723,8.316,0.995,0.377,0.041,0.000,0.013,0.044,0.000,0.056,0.013,0.000,0.042,8120,15600,,0.50,0,0,2056x1285,L,2
25724,8.352,0.000,0.391,0.042,0.000,0.012,0.035,0.000,4.344,0.013,4.288,0.042,8120,15600,,0.50,0,0,2056x1285,L,2
25725,8.336,0.925,0.372,0.042,0.000,0.011,0.037,0.000,0.056,0.013,0.000,0.042,8120,15600,,0.50,0,0,2056x1285,L,2
25726,8.376,0.000,0.402,0.039,0.000,0.012,0.078,0.000,4.384,0.013,4.328,0.042,8120,15600,,0.50,0,0,2056x1285,L,2
25727,8.296,1.163,0.436,0.051,0.000,0.016,0.050,0.000,0.056,0.013,0.000,0.042,8120,15600,,0.50,0,0,2056x1285,L,2
25728,8.307,0.000,0.454,0.042,0.000,0.017,0.044,0.000,4.363,0.013,4.308,0.042,8120,15600,,0.50,0,0,2056x1285,L,2
25729,8.298,1.075,0.446,0.045,0.000,0.012,0.037,0.000,0.056,0.013,0.000,0.042,8120,15600,,0.50,0,0,2056x1285,L,2
25730,8.408,0.000,0.459,0.042,0.000,0.013,0.094,0.000,4.360,0.013,4.304,0.042,8120,15600,,0.50,0,0,2056x1285,L,2
25731,8.366,1.486,0.541,0.062,0.000,0.020,0.062,0.000,4.356,0.013,4.300,0.042,8120,15600,,0.50,0,0,2056x1285,L,2
25732,8.233,0.000,0.523,0.062,0.000,0.019,0.045,0.000,4.350,0.013,4.294,0.042,8120,15600,,0.50,0,0,2056x1285,L,2
25733,8.330,1.340,0.534,0.053,0.000,0.017,0.052,0.000,4.369,0.013,4.314,0.042,8120,15600,,0.50,0,0,2056x1285,L,2
25734,8.331,0.000,0.533,0.070,0.000,0.016,0.058,0.000,0.056,0.013,0.000,0.042,8120,15600,,0.50,0,0,2056x1285,L,2
25735,8.321,1.140,0.492,0.054,0.000,0.016,0.042,0.000,0.056,0.013,0.000,0.042,8120,15600,,0.50,0,0,2056x1285,L,2
25736,8.305,0.000,0.583,0.048,0.000,0.019,0.043,0.000,4.369,0.013,4.313,0.042,8120,15600,,0.50,0,0,2056x1285,L,2
25737,8.863,1.268,0.558,0.052,0.000,0.015,0.225,0.000,0.056,0.013,0.000,0.042,8120,15600,,0.50,0,0,2056x1285,L,2
25738,7.882,0.001,1.062,0.252,0.000,0.094,0.073,0.000,0.056,0.013,0.000,0.042,8120,15600,,0.50,0,0,2056x1285,L,2
25739,9.490,1.430,0.559,0.065,0.000,0.023,0.198,0.000,0.056,0.013,0.000,0.042,8120,15600,,0.50,0,0,2056x1285,L,2
25740,7.810,0.001,0.981,0.238,0.000,0.080,0.179,0.000,0.056,0.013,0.000,0.042,8120,15600,,0.50,0,0,2056x1285,L,2
25741,8.390,1.660,0.893,0.197,0.000,0.061,0.187,0.000,0.056,0.013,0.000,0.042,8120,15600,,0.50,0,0,2056x1285,L,2
25742,7.423,0.000,0.867,0.171,0.000,0.072,0.052,0.000,4.360,0.013,4.304,0.042,8120,15600,,0.50,0,0,2056x1285,L,2
25743,9.279,1.293,0.562,0.083,0.000,0.020,0.149,0.000,0.056,0.013,0.000,0.042,8120,15600,,0.50,0,0,2056x1285,L,2
25744,8.233,0.001,0.962,0.229,0.000,0.078,0.185,0.000,0.056,0.013,0.000,0.042,8120,15600,,0.50,0,0,2056x1285,L,2
25745,8.162,1.610,0.812,0.185,0.000,0.060,0.169,0.000,4.261,0.013,4.205,0.042,8120,15600,,0.50,0,0,2056x1285,L,2
25746,7.515,0.000,0.936,0.226,0.000,0.073,0.069,0.000,4.138,0.013,4.082,0.042,8120,15600,,0.50,0,0,2056x1285,L,2
25747,9.143,1.210,0.584,0.087,0.000,0.029,0.174,0.000,4.371,0.013,4.315,0.042,8120,15600,,0.50,0,0,2056x1285,L,2
25748,8.291,0.001,0.917,0.231,0.000,0.067,0.159,0.000,0.056,0.013,0.000,0.042,8120,15600,,0.50,0,0,2056x1285,L,2
25749,8.139,1.567,0.864,0.206,0.000,0.055,0.165,0.000,0.056,0.013,0.000,0.042,8120,15600,,0.50,0,0,2056x1285,L,2
25750,7.581,0.001,0.939,0.185,0.000,0.057,0.052,0.000,4.364,0.013,4.308,0.042,8120,15600,,0.50,0,0,2056x1285,L,2
25751,8.251,1.271,0.541,0.069,0.000,0.020,0.058,0.000,0.056,0.013,0.000,0.042,8120,15600,,0.50,0,0,2056x1285,L,2
25752,8.399,0.000,0.567,0.072,0.000,0.017,0.085,0.000,4.371,0.013,4.315,0.042,8120,15600,,0.50,0,0,2056x1285,L,2
25753,8.345,1.539,0.895,0.233,0.000,0.082,0.067,0.000,0.056,0.013,0.000,0.042,8120,15600,,0.50,0,0,2056x1285,L,2
25754,9.235,0.000,0.583,0.076,0.000,0.028,0.199,0.000,4.353,0.013,4.297,0.042,8120,15600,,0.50,0,0,2056x1285,L,2
25755,7.379,1.433,0.999,0.214,0.000,0.062,0.062,0.000,0.056,0.013,0.000,0.042,8120,15600,,0.50,0,0,2056x1285,L,2
25756,8.170,0.000,0.604,0.074,0.000,0.031,0.045,0.000,0.056,0.013,0.000,0.042,8120,15600,,0.50,0,0,2056x1285,L,2
25757,8.317,1.230,0.534,0.061,0.000,0.016,0.044,0.000,4.365,0.013,4.309,0.042,8120,15600,,0.50,0,0,2056x1285,L,2
25758,9.268,0.000,0.533,0.067,0.000,0.015,0.198,0.000,4.355,0.013,4.299,0.042,8120,15600,,0.50,0,0,2056x1285,L,2
25759,7.485,1.433,0.993,0.221,0.000,0.074,0.069,0.000,0.056,0.013,0.000,0.042,8120,15600,,0.50,0,0,2056x1285,L,2
25760,8.208,0.000,0.566,0.070,0.000,0.019,0.050,0.000,4.351,0.013,4.295,0.042,8120,15600,,0.50,0,0,2056x1285,L,2
25761,9.263,1.218,0.538,0.060,0.000,0.015,0.167,0.000,0.056,0.013,0.000,0.042,8120,15600,,0.50,0,0,2056x1285,L,2
25762,8.326,0.001,0.928,0.263,0.000,0.077,0.172,0.000,0.056,0.013,0.000,0.042,8120,15600,,0.50,0,0,2056x1285,L,2
25763,8.184,1.616,0.799,0.194,0.000,0.075,0.169,0.000,0.056,0.013,0.000,0.042,8120,15600,,0.50,0,0,2056x1285,L,2
25764,7.483,0.001,0.939,0.202,0.000,0.064,0.069,0.000,4.254,0.013,4.198,0.042,8120,15600,,0.50,0,0,2056x1285,L,2
25765,8.271,1.232,0.576,0.085,0.000,0.039,0.056,0.000,4.408,0.013,4.352,0.042,8120,15600,,0.50,0,0,2056x1285,L,2
25766,8.346,0.000,0.530,0.086,0.000,0.027,0.055,0.000,0.056,0.013,0.000,0.042,8120,15600,,0.50,0,0,2056x1285,L,2
25767,8.149,0.897,0.479,0.086,0.000,0.027,0.053,0.000,4.349,0.013,4.293,0.042,8120,15600,,0.50,0,0,2056x1285,L,2
25768,7.961,0.000,0.362,0.062,0.000,0.015,0.051,0.000,4.344,0.013,4.288,0.042,8120,15600,,0.50,0,0,2056x1285,L,2
25769,8.509,0.639,0.327,0.058,0.000,0.015,0.035,0.000,4.353,0.013,4.297,0.042,8120,15600,,0.50,0,0,2056x1285,L,2
25770,8.183,0.000,0.297,0.041,0.000,0.018,0.047,0.000,4.337,0.013,4.281,0.042,8120,15600,,0.50,0,0,2056x1285,L,2
25771,8.270,0.598,0.306,0.058,0.000,0.016,0.042,0.000,4.341,0.013,4.285,0.042,8120,15600,,0.50,0,0,2056x1285,L,2
25772,8.226,0.000,0.303,0.048,0.000,0.012,0.035,0.000,4.341,0.013,4.285,0.042,8120,15600,,0.50,0,0,2056x1285,L,2
25773,8.262,0.714,0.242,0.037,0.000,0.009,0.027,0.000,4.339,0.013,4.283,0.042,8120,15600,,0.50,0,0,2056x1285,L,2
25774,8.318,0.000,0.234,0.028,0.000,0.010,0.030,0.000,4.337,0.013,4.281,0.042,8120,15600,,0.50,0,0,2056x1285,L,2
25775,8.296,0.651,0.221,0.027,0.000,0.008,0.018,0.000,4.343,0.013,4.287,0.042,8120,15600,,0.50,0,0,2056x1285,L,2
25776,8.637,0.000,0.241,0.024,0.000,0.007,0.059,0.000,4.341,0.013,4.285,0.042,8120,15600,,0.50,0,0,2056x1285,L,2
25777,8.287,0.525,0.258,0.042,0.000,0.012,0.044,0.000,0.056,0.013,0.000,0.042,8120,15600,,0.50,0,0,2056x1285,L,2
25778,8.133,0.000,0.226,0.029,0.000,0.009,0.039,0.000,4.338,0.013,4.282,0.042,8120,15600,,0.50,0,0,2056x1285,L,2
25779,8.548,0.528,0.210,0.026,0.000,0.007,0.041,0.000,4.337,0.013,4.281,0.042,8120,15600,,0.50,0,0,2056x1285,L,2
25780,8.179,0.000,0.218,0.029,0.000,0.011,0.032,0.000,4.350,0.013,4.294,0.042,8120,15600,,0.50,0,0,2056x1285,L,2
25781,8.307,0.495,0.214,0.029,0.000,0.007,0.030,0.000,4.345,0.013,4.289,0.042,8120,15600,,0.50,0,0,2056x1285,L,2
25782,8.481,0.000,0.249,0.029,0.000,0.014,0.046,0.000,4.391,0.013,4.335,0.042,8120,15600,,0.50,0,0,2056x1285,L,2
25783,8.131,0.554,0.226,0.027,0.000,0.011,0.030,0.000,4.336,0.013,4.280,0.042,8120,15600,,0.50,0,0,2056x1285,L,2
25784,8.326,0.000,0.271,0.024,0.000,0.007,0.043,0.000,0.056,0.013,0.000,0.042,8120,15600,,0.50,0,0,2056x1285,L,2
25785,8.286,0.638,0.237,0.030,0.000,0.009,0.038,0.000,0.056,0.013,0.000,0.042,8120,15600,,0.50,0,0,2056x1285,L,2
25786,8.350,0.000,0.412,0.030,0.000,0.010,0.040,0.000,0.056,0.013,0.000,0.042,8120,15600,,0.50,0,0,2056x1285,L,2
25787,8.583,0.643,0.229,0.023,0.000,0.008,0.023,0.000,4.341,0.013,4.285,0.042,8120,15600,,0.50,0,0,2056x1285,L,2
25788,8.259,0.000,0.259,0.024,0.000,0.007,0.020,0.000,4.342,0.013,4.286,0.042,8120,15600,,0.50,0,0,2056x1285,L,2
25789,8.327,0.561,0.216,0.020,0.000,0.007,0.028,0.000,4.355,0.013,4.299,0.042,8120,15600,,0.50,0,0,2056x1285,L,2
25790,8.232,0.000,0.260,0.021,0.000,0.007,0.034,0.000,4.348,0.013,4.292,0.042,8120,15600,,0.50,0,0,2056x1285,L,2
25791,8.537,0.533,0.270,0.026,0.000,0.009,0.038,0.000,0.056,0.013,0.000,0.042,8120,15600,,0.50,0,0,2056x1285,L,2
25792,8.273,0.000,0.281,0.024,0.000,0.008,0.040,0.000,4.385,0.013,4.329,0.042,8120,15600,,0.50,0,0,2056x1285,L,2
25793,8.270,0.622,0.252,0.025,0.000,0.008,0.027,0.000,0.056,0.013,0.000,0.042,8120,15600,,0.50,0,0,2056x1285,L,2
25794,8.371,0.000,0.280,0.029,0.000,0.009,0.024,0.000,4.387,0.013,4.332,0.042,8120,15600,,0.50,0,0,2056x1285,L,2
25795,8.303,0.776,0.253,0.027,0.000,0.013,0.026,0.000,0.056,0.013,0.000,0.042,8120,15600,,0.50,0,0,2056x1285,L,2
25796,8.542,0.000,0.294,0.142,0.000,0.009,0.114,0.000,4.382,0.013,4.326,0.042,8120,15600,mode_hd,1.00,1,0,4112x2570,L,2
25797,19.801,0.738,0.343,0.037,0.000,0.011,0.061,0.000,12.553,0.083,12.416,0.054,8120,15600,,1.00,1,0,4112x2570,L,2
25798,7.028,0.736,0.280,0.046,0.000,0.011,0.039,0.000,5.707,0.080,5.578,0.049,8120,15600,,1.00,1,0,4112x2570,L,2
25799,7.462,0.000,0.322,0.033,0.000,0.009,0.050,0.000,5.675,0.092,5.528,0.054,8120,15600,,1.00,1,0,4112x2570,L,2
25800,7.024,0.679,0.264,0.030,0.000,0.008,0.057,0.000,5.431,0.071,5.317,0.044,8120,15600,,1.00,1,0,4112x2570,L,2
25801,8.226,0.000,0.440,0.045,0.000,0.016,0.054,0.000,5.317,0.018,5.255,0.044,8120,15600,,1.00,1,0,4112x2570,L,2
25802,8.255,0.632,0.262,0.048,0.000,0.012,0.044,0.000,5.202,0.061,5.098,0.043,8120,15600,,1.00,1,0,4112x2570,L,2
25803,8.345,0.000,0.275,0.038,0.000,0.009,0.048,0.000,5.128,0.072,5.014,0.042,8120,15600,,1.00,1,0,4112x2570,L,2
25804,8.608,0.542,0.256,0.038,0.000,0.010,0.050,0.000,5.049,0.056,4.953,0.040,8120,15600,,1.00,1,0,4112x2570,L,2
25805,8.138,0.000,0.287,0.040,0.000,0.014,0.051,0.000,4.921,0.056,4.817,0.048,8120,15600,,1.00,1,0,4112x2570,L,2
25806,8.332,0.698,0.230,0.026,0.000,0.008,0.056,0.000,4.953,0.053,4.852,0.048,8120,15600,,1.00,1,0,4112x2570,L,2
25807,8.455,0.000,0.273,0.028,0.000,0.015,0.039,0.000,4.947,0.056,4.833,0.058,8120,15600,,1.00,1,0,4112x2570,L,2
25808,8.151,0.656,0.255,0.026,0.000,0.012,0.035,0.000,4.972,0.052,4.861,0.058,8120,15600,,1.00,1,0,4112x2570,L,2
25809,8.480,0.000,0.279,0.026,0.000,0.008,0.032,0.000,4.941,0.062,4.828,0.050,8120,15600,,1.00,1,0,4112x2570,L,2
25810,8.237,0.678,0.251,0.030,0.000,0.009,0.036,0.000,4.938,0.056,4.835,0.047,8120,15600,,1.00,1,0,4112x2570,L,2
25811,8.362,0.000,0.280,0.024,0.000,0.009,0.056,0.000,4.845,0.059,4.740,0.045,8120,15600,,1.00,1,0,4112x2570,L,2
25812,8.373,0.695,0.275,0.029,0.000,0.009,0.054,0.000,4.760,0.056,4.658,0.046,8120,15600,,1.00,1,0,4112x2570,L,2
25813,8.373,0.000,0.314,0.027,0.000,0.015,0.048,0.000,4.740,0.060,4.636,0.043,8120,15600,,1.00,1,0,4112x2570,L,2
25814,8.347,0.690,0.276,0.039,0.000,0.015,0.047,0.000,4.751,0.058,4.645,0.048,8120,15600,,1.00,1,0,4112x2570,L,2
25815,8.348,0.000,0.338,0.033,0.000,0.015,0.038,0.000,4.667,0.055,4.566,0.046,8120,15600,,1.00,1,0,4112x2570,L,2
25816,8.278,0.733,0.295,0.032,0.000,0.010,0.061,0.000,4.642,0.058,4.541,0.044,8120,15600,,1.00,1,0,4112x2570,L,2
25817,8.274,0.000,0.342,0.031,0.000,0.009,0.040,0.000,4.652,0.067,4.542,0.043,8120,15600,,1.00,1,0,4112x2570,L,2
25818,8.366,0.747,0.316,0.030,0.000,0.010,0.057,0.000,4.656,0.062,4.548,0.046,8120,15600,,1.00,1,0,4112x2570,L,2
25819,8.192,0.000,0.378,0.040,0.000,0.015,0.055,0.000,4.653,0.067,4.539,0.047,8120,15600,,1.00,1,0,4112x2570,L,2
25820,8.458,0.811,0.328,0.034,0.000,0.010,0.074,0.000,4.665,0.076,4.543,0.046,8120,15600,,1.00,1,0,4112x2570,L,2
25821,8.354,0.000,0.394,0.036,0.000,0.018,0.069,0.000,4.770,0.077,4.646,0.047,8120,15600,,1.00,1,0,4112x2570,L,2
25822,8.232,0.893,0.373,0.036,0.000,0.018,0.066,0.000,4.732,0.071,4.621,0.041,8120,15600,,1.00,1,0,4112x2570,L,2
25823,8.461,0.000,0.546,0.049,0.000,0.015,0.056,0.000,4.719,0.071,4.605,0.044,8120,15600,,1.00,1,0,4112x2570,L,2
25824,8.243,0.722,0.294,0.041,0.000,0.011,0.047,0.000,4.841,0.053,4.742,0.046,8120,15600,,1.00,1,0,4112x2570,L,2
25825,8.366,0.000,0.330,0.034,0.000,0.012,0.065,0.000,4.910,0.057,4.804,0.049,8120,15600,,1.00,1,0,4112x2570,L,2
25826,8.317,0.809,0.347,0.035,0.000,0.011,0.050,0.000,4.929,0.066,4.815,0.049,8120,15600,,1.00,1,0,4112x2570,L,2
25827,8.295,0.000,0.370,0.036,0.000,0.015,0.053,0.000,4.958,0.069,4.840,0.050,8120,15600,,1.00,1,0,4112x2570,L,2
25828,8.384,0.836,0.321,0.032,0.000,0.011,0.057,0.000,4.930,0.054,4.826,0.050,8120,15600,,1.00,1,0,4112x2570,L,2
25829,8.405,0.000,0.427,0.041,0.000,0.012,0.076,0.000,4.948,0.058,4.844,0.046,8120,15600,,1.00,1,0,4112x2570,L,2
25830,8.225,0.904,0.375,0.053,0.000,0.017,0.050,0.000,4.934,0.060,4.826,0.048,8120,15600,,1.00,1,0,4112x2570,L,2
25831,8.305,0.000,0.404,0.037,0.000,0.015,0.067,0.000,4.964,0.075,4.839,0.051,8120,15600,,1.00,1,0,4112x2570,L,2
25832,8.299,0.899,0.362,0.037,0.000,0.012,0.060,0.000,5.050,0.061,4.943,0.045,8120,15600,,1.00,1,0,4112x2570,L,2
25833,8.341,0.000,0.400,0.039,0.000,0.016,0.061,0.000,5.141,0.071,5.021,0.048,8120,15600,,1.00,1,0,4112x2570,L,2
25834,8.250,1.017,0.428,0.041,0.000,0.013,0.078,0.000,5.222,0.063,5.109,0.050,8120,15600,,1.00,1,0,4112x2570,L,2
25835,8.421,0.000,0.456,0.047,0.000,0.014,0.061,0.000,5.318,0.063,5.207,0.048,8120,15600,,1.00,1,0,4112x2570,L,2
25836,8.165,1.005,0.414,0.043,0.000,0.013,0.051,0.000,5.459,0.068,5.342,0.049,8120,15600,,1.00,1,0,4112x2570,L,2
25837,8.470,0.000,0.472,0.047,0.000,0.014,0.136,0.000,5.542,0.069,5.416,0.056,8120,15600,,1.00,1,0,4112x2570,L,2
25838,8.276,1.609,0.470,0.051,0.000,0.015,0.069,0.000,5.560,0.071,5.436,0.053,8120,15600,,1.00,1,0,4112x2570,L,2
25839,8.249,0.000,0.544,0.058,0.000,0.019,0.073,0.000,5.562,0.085,5.424,0.053,8120,15600,,1.00,1,0,4112x2570,L,2
25840,8.393,1.182,0.477,0.052,0.000,0.015,0.091,0.000,5.628,0.080,5.489,0.059,8120,15600,,1.00,1,0,4112x2570,L,2
25841,8.777,0.000,0.565,0.060,0.000,0.019,0.177,0.000,5.723,0.081,5.579,0.063,8120,15600,,1.00,1,0,4112x2570,L,2
25842,7.827,1.647,0.667,0.136,0.000,0.045,0.071,0.000,5.635,0.024,5.558,0.053,8120,15600,,1.00,1,0,4112x2570,L,2
25843,8.706,0.000,0.514,0.063,0.000,0.017,0.184,0.000,5.929,0.057,5.817,0.055,8120,15600,,1.00,1,0,4112x2570,L,2
25844,9.147,1.546,0.695,0.171,0.000,0.050,0.134,0.000,5.938,0.024,5.862,0.052,8120,15600,,1.00,1,0,4112x2570,L,2
25845,8.332,0.001,0.789,0.160,0.000,0.041,0.081,0.000,5.992,0.041,5.901,0.050,8120,15600,,1.00,1,0,4112x2570,L,2
25846,8.524,1.202,0.505,0.065,0.000,0.017,0.122,0.000,6.410,0.063,6.288,0.059,8120,15600,,1.00,1,0,4112x2570,L,2
25847,8.863,0.000,0.747,0.165,0.000,0.050,0.182,0.000,5.946,0.022,5.866,0.058,8120,15600,,1.00,1,0,4112x2570,L,2
25848,7.676,1.634,0.718,0.202,0.000,0.054,0.093,0.000,5.924,0.050,5.817,0.058,8120,15600,,1.00,1,0,4112x2570,L,2
25849,7.919,0.000,0.498,0.064,0.000,0.017,0.133,0.000,6.023,0.020,5.948,0.055,8120,15600,,1.00,1,0,4112x2570,L,2
25850,7.470,1.212,0.499,0.063,0.000,0.016,0.121,0.000,5.436,0.041,5.333,0.062,8120,15600,,1.00,1,0,4112x2570,L,2
25851,8.564,0.000,0.673,0.142,0.000,0.043,0.193,0.000,5.472,0.018,5.401,0.052,8120,15600,,1.00,1,0,4112x2570,L,2
25852,7.972,1.635,0.610,0.144,0.000,0.041,0.119,0.000,5.301,0.025,5.232,0.044,8120,15600,,1.00,1,0,4112x2570,L,2
25853,8.081,0.001,0.661,0.127,0.000,0.037,0.073,0.000,5.360,0.018,5.299,0.043,8120,15600,,1.00,1,0,4112x2570,L,2
25854,8.285,1.208,0.518,0.058,0.000,0.017,0.071,0.000,5.213,0.080,5.084,0.049,8120,15600,,1.00,1,0,4112x2570,L,2
25855,8.335,0.000,0.546,0.069,0.000,0.018,0.063,0.000,5.142,0.090,5.006,0.046,8120,15600,,1.00,1,0,4112x2570,L,2
25856,9.609,1.185,0.487,0.053,0.000,0.015,0.209,0.000,5.057,0.087,4.921,0.049,8120,15600,,1.00,1,0,4112x2570,L,2
25857,7.170,0.001,0.793,0.170,0.000,0.050,0.070,0.000,4.818,0.056,4.716,0.046,8120,15600,,1.00,1,0,4112x2570,L,2
25858,8.296,1.181,0.484,0.060,0.000,0.016,0.067,0.000,4.821,0.049,4.721,0.050,8120,15600,,1.00,1,0,4112x2570,L,2
25859,9.229,0.000,0.572,0.055,0.000,0.022,0.213,0.000,4.941,0.075,4.819,0.047,8120,15600,,1.00,1,0,4112x2570,L,2
25860,7.186,1.604,0.635,0.136,0.000,0.041,0.079,0.000,4.846,0.034,4.766,0.045,8120,15600,,1.00,1,0,4112x2570,L,2
25861,9.533,0.000,0.504,0.060,0.000,0.016,0.214,0.000,4.893,0.032,4.812,0.049,8120,15600,,1.00,1,0,4112x2570,L,2
25862,7.283,1.454,0.603,0.137,0.000,0.039,0.079,0.000,4.951,0.069,4.836,0.046,8120,15600,,1.00,1,0,4112x2570,L,2
25863,9.375,0.000,0.512,0.059,0.000,0.016,0.230,0.000,4.901,0.040,4.813,0.048,8120,15600,,1.00,1,0,4112x2570,L,2
25864,7.349,1.492,0.631,0.138,0.000,0.045,0.081,0.000,4.806,0.073,4.688,0.045,8120,15600,,1.00,1,0,4112x2570,L,2
25865,8.108,0.000,0.513,0.062,0.000,0.016,0.062,0.000,4.874,0.038,4.789,0.047,8120,15600,,1.00,1,0,4112x2570,L,2
25866,9.277,1.189,0.482,0.058,0.000,0.016,0.204,0.000,4.902,0.083,4.774,0.045,8120,15600,,1.00,1,0,4112x2570,L,2
25867,7.261,0.001,0.867,0.162,0.000,0.048,0.091,0.000,4.714,0.024,4.643,0.047,8120,15600,,1.00,1,0,4112x2570,L,2
25868,8.371,1.195,0.482,0.066,0.000,0.016,0.076,0.000,4.865,0.036,4.786,0.044,8120,15600,,1.00,1,0,4112x2570,L,2
25869,9.613,0.000,0.566,0.067,0.000,0.025,0.214,0.000,4.913,0.076,4.790,0.048,8120,15600,,1.00,1,0,4112x2570,L,2
25870,7.229,1.522,0.592,0.059,0.000,0.022,0.103,0.000,4.764,0.077,4.644,0.043,8120,15600,,1.00,1,0,4112x2570,L,2
25871,8.254,0.000,0.515,0.054,0.000,0.015,0.147,0.000,4.880,0.047,4.791,0.043,8120,15600,,1.00,1,0,4112x2570,L,2
25872,7.925,1.338,0.461,0.077,0.000,0.023,0.068,0.000,4.856,0.081,4.732,0.043,8120,15600,,1.00,1,0,4112x2570,L,2
25873,8.239,0.000,0.466,0.062,0.000,0.017,0.066,0.000,4.900,0.057,4.799,0.044,8120,15600,,1.00,1,0,4112x2570,L,2
25874,8.339,0.851,0.343,0.055,0.000,0.014,0.060,0.000,4.902,0.059,4.800,0.043,8120,15600,,1.00,1,0,4112x2570,L,2
25875,8.297,0.000,0.381,0.052,0.000,0.012,0.064,0.000,4.902,0.067,4.793,0.043,8120,15600,,1.00,1,0,4112x2570,L,2
25876,8.240,0.628,0.320,0.048,0.000,0.013,0.049,0.000,4.902,0.054,4.805,0.042,8120,15600,,1.00,1,0,4112x2570,L,2
25877,8.418,0.000,0.264,0.050,0.000,0.010,0.069,0.000,4.902,0.061,4.799,0.042,8120,15600,,1.00,1,0,4112x2570,L,2
25878,8.287,0.526,0.256,0.045,0.000,0.012,0.044,0.000,4.901,0.061,4.799,0.042,8120,15600,,1.00,1,0,4112x2570,L,2
25879,8.249,0.000,0.279,0.041,0.000,0.011,0.055,0.000,4.901,0.061,4.798,0.042,8120,15600,,1.00,1,0,4112x2570,L,2
25880,8.361,0.525,0.239,0.039,0.000,0.010,0.044,0.000,4.973,0.064,4.867,0.041,8120,15600,,1.00,1,0,4112x2570,L,2
25881,8.316,0.000,0.268,0.043,0.000,0.009,0.044,0.000,5.050,0.071,4.937,0.042,8120,15600,,1.00,1,0,4112x2570,L,2
25882,8.315,0.503,0.236,0.042,0.000,0.011,0.042,0.000,5.129,0.061,5.024,0.043,8120,15600,,1.00,1,0,4112x2570,L,2
25883,8.356,0.000,0.264,0.041,0.000,0.015,0.048,0.000,5.210,0.063,5.103,0.043,8120,15600,,1.00,1,0,4112x2570,L,2
25884,8.328,0.503,0.228,0.048,0.000,0.015,0.047,0.000,5.281,0.069,5.173,0.039,8120,15600,,1.00,1,0,4112x2570,L,2
25885,8.294,0.000,0.375,0.047,0.000,0.014,0.044,0.000,5.371,0.072,5.257,0.041,8120,15600,,1.00,1,0,4112x2570,L,2
25886,8.469,0.496,0.264,0.048,0.000,0.016,0.065,0.000,5.447,0.064,5.342,0.041,8120,15600,,1.00,1,0,4112x2570,L,2
25887,8.204,0.000,0.309,0.057,0.000,0.016,0.057,0.000,5.503,0.068,5.388,0.047,8120,15600,,1.00,1,0,4112x2570,L,2
25888,8.299,0.667,0.233,0.050,0.000,0.012,0.042,0.000,5.542,0.063,5.421,0.057,8120,15600,,1.00,1,0,4112x2570,L,2
25889,8.212,0.000,0.261,0.033,0.000,0.007,0.033,0.000,5.479,0.067,5.364,0.048,8120,15600,,1.00,1,0,4112x2570,L,2
25890,8.375,0.491,0.213,0.028,0.000,0.009,0.042,0.000,5.579,0.078,5.458,0.043,8120,15600,,1.00,1,0,4112x2570,L,2
25891,8.269,0.000,0.265,0.034,0.000,0.009,0.045,0.000,5.678,0.081,5.553,0.044,8120,15600,,1.00,1,0,4112x2570,L,2
25892,8.363,0.506,0.217,0.027,0.000,0.007,0.046,0.000,5.895,0.082,5.769,0.045,8120,15600,,1.00,1,0,4112x2570,L,2
25893,8.323,0.000,0.249,0.030,0.000,0.009,0.043,0.000,5.999,0.077,5.878,0.044,8120,15600,,1.00,1,0,4112x2570,L,2
25894,8.289,0.560,0.206,0.027,0.000,0.009,0.039,0.000,6.140,0.064,6.031,0.045,8120,15600,,1.00,1,0,4112x2570,L,2
25895,8.355,0.000,0.263,0.022,0.000,0.010,0.043,0.000,6.208,0.072,6.091,0.045,8120,15600,,1.00,1,0,4112x2570,L,2
25896,8.426,0.515,0.210,0.026,0.000,0.007,0.071,0.000,6.201,0.040,6.115,0.045,8120,15600,,1.00,1,0,4112x2570,L,2
25897,8.275,0.000,0.242,0.024,0.000,0.007,0.045,0.000,6.250,0.076,6.127,0.047,8120,15600,,1.00,1,0,4112x2570,L,2
25898,8.306,0.602,0.207,0.026,0.000,0.008,0.058,0.000,6.341,0.058,6.221,0.062,8120,15600,,1.00,1,0,4112x2570,L,2
25899,8.267,0.000,0.262,0.025,0.000,0.007,0.038,0.000,6.391,0.063,6.273,0.055,8120,15600,,1.00,1,0,4112x2570,L,2
25900,8.395,0.497,0.204,0.022,0.000,0.007,0.036,0.000,6.100,0.052,5.993,0.055,8120,15600,,1.00,1,0,4112x2570,L,2
25901,8.378,0.000,0.256,0.027,0.000,0.010,0.047,0.000,5.996,0.081,5.867,0.048,8120,15600,,1.00,1,0,4112x2570,L,2
25902,8.217,0.491,0.230,0.026,0.000,0.007,0.036,0.000,6.035,0.070,5.914,0.051,8120,15600,,1.00,1,0,4112x2570,L,2
25903,8.380,0.000,0.353,0.027,0.000,0.008,0.048,0.000,6.026,0.054,5.929,0.044,8120,15600,,1.00,1,0,4112x2570,L,2
25904,8.311,0.505,0.213,0.031,0.000,0.008,0.033,0.000,6.064,0.083,5.928,0.053,8120,15600,,1.00,1,0,4112x2570,L,2
25905,8.404,0.000,0.234,0.030,0.000,0.012,0.037,0.000,6.114,0.062,6.003,0.049,8120,15600,,1.00,1,0,4112x2570,L,2
25906,8.315,0.613,0.222,0.023,0.000,0.008,0.036,0.000,5.985,0.068,5.874,0.043,8120,15600,,1.00,1,0,4112x2570,L,2
25907,8.395,0.000,0.278,0.025,0.000,0.008,0.039,0.000,6.098,0.057,5.992,0.049,8120,15600,,1.00,1,0,4112x2570,L,2
25908,8.233,0.676,0.229,0.027,0.000,0.008,0.044,0.000,6.032,0.068,5.907,0.057,8120,15600,,1.00,1,0,4112x2570,L,2
25909,8.341,0.000,0.270,0.027,0.000,0.008,0.043,0.000,6.094,0.056,5.982,0.056,8120,15600,,1.00,1,0,4112x2570,L,2
25910,8.306,0.537,0.235,0.028,0.000,0.011,0.031,0.000,6.028,0.086,5.878,0.064,8120,15600,,1.00,1,0,4112x2570,L,2
25911,8.335,0.000,0.275,0.031,0.000,0.009,0.053,0.000,6.115,0.064,6.005,0.046,8120,15600,,1.00,1,0,4112x2570,L,2
25912,8.353,0.643,0.249,0.027,0.000,0.012,0.032,0.000,6.047,0.070,5.916,0.060,8120,15600,,1.00,1,0,4112x2570,L,2
25913,8.289,0.000,0.293,0.031,0.000,0.009,0.030,0.000,6.102,0.075,5.975,0.053,8120,15600,,1.00,1,0,4112x2570,L,2
25914,8.365,0.641,0.249,0.026,0.000,0.008,0.032,0.000,6.041,0.077,5.913,0.051,8120,15600,,1.00,1,0,4112x2570,L,2
25915,8.465,0.000,0.302,0.029,0.000,0.010,0.116,0.000,6.098,0.063,5.973,0.062,8120,15600,,1.00,1,0,4112x2570,L,2
25916,8.240,0.812,0.303,0.034,0.000,0.011,0.036,0.000,6.047,0.074,5.924,0.049,8120,15600,,1.00,1,0,4112x2570,L,2
25917,8.303,0.000,0.329,0.030,0.000,0.009,0.035,0.000,6.079,0.060,5.965,0.054,8120,15600,,1.00,1,0,4112x2570,L,2
25918,8.297,0.678,0.272,0.026,0.000,0.012,0.044,0.000,6.040,0.071,5.917,0.052,8120,15600,,1.00,1,0,4112x2570,L,2
25919,8.421,0.000,0.389,0.032,0.000,0.015,0.061,0.000,6.081,0.069,5.958,0.054,8120,15600,,1.00,1,0,4112x2570,L,2
25920,8.243,0.728,0.292,0.030,0.000,0.014,0.060,0.000,6.047,0.086,5.899,0.061,8120,15600,,1.00,1,0,4112x2570,L,2
25921,8.402,0.000,0.353,0.039,0.000,0.018,0.056,0.000,6.100,0.070,5.970,0.060,8120,15600,,1.00,1,0,4112x2570,L,2
25922,8.337,0.859,0.330,0.033,0.000,0.011,0.051,0.000,6.041,0.087,5.905,0.049,8120,15600,,1.00,1,0,4112x2570,L,2
25923,8.315,0.000,0.337,0.034,0.000,0.014,0.071,0.000,6.075,0.063,5.955,0.057,8120,15600,,1.00,1,0,4112x2570,L,2
25924,8.351,0.823,0.332,0.034,0.000,0.010,0.067,0.000,6.067,0.077,5.936,0.054,8120,15600,,1.00,1,0,4112x2570,L,2
25925,8.340,0.000,0.384,0.047,0.000,0.019,0.060,0.000,6.006,0.059,5.902,0.046,8120,15600,,1.00,1,0,4112x2570,L,2
25926,8.335,0.934,0.344,0.046,0.000,0.013,0.065,0.000,6.052,0.086,5.910,0.056,8120,15600,,1.00,1,0,4112x2570,L,2
25927,8.239,0.000,0.353,0.041,0.000,0.012,0.047,0.000,6.180,0.070,6.064,0.045,8120,15600,,1.00,1,0,4112x2570,L,2
25928,8.282,0.714,0.302,0.039,0.000,0.010,0.046,0.000,6.254,0.061,6.139,0.054,8120,15600,,1.00,1,0,4112x2570,L,2
25929,8.339,0.000,0.336,0.036,0.000,0.015,0.049,0.000,6.298,0.059,6.190,0.050,8120,15600,,1.00,1,0,4112x2570,L,2
25930,8.450,0.832,0.336,0.033,0.000,0.011,0.057,0.000,6.029,0.040,5.932,0.057,8120,15600,,1.00,1,0,4112x2570,L,2
25931,8.295,0.000,0.387,0.043,0.000,0.014,0.054,0.000,6.028,0.084,5.892,0.052,8120,15600,,1.00,1,0,4112x2570,L,2
25932,8.253,0.815,0.324,0.039,0.000,0.011,0.056,0.000,5.865,0.021,5.792,0.052,8120,15600,,1.00,1,0,4112x2570,L,2
25933,8.377,0.000,0.390,0.036,0.000,0.015,0.083,0.000,6.075,0.079,5.939,0.057,8120,15600,,1.00,1,0,4112x2570,L,2
25934,8.374,0.913,0.376,0.059,0.000,0.016,0.058,0.000,6.066,0.069,5.943,0.053,8120,15600,,1.00,1,0,4112x2570,L,2
25935,8.387,0.000,0.431,0.050,0.000,0.019,0.094,0.000,6.022,0.079,5.887,0.056,8120,15600,,1.00,1,0,4112x2570,L,2
25936,8.220,0.886,0.365,0.046,0.000,0.013,0.053,0.000,6.075,0.070,5.939,0.065,8120,15600,,1.00,1,0,4112x2570,L,2
25937,8.290,0.000,0.395,0.055,0.000,0.012,0.078,0.000,6.046,0.070,5.920,0.056,8120,15600,,1.00,1,0,4112x2570,L,2
25938,8.384,1.015,0.451,0.046,0.000,0.014,0.056,0.000,6.085,0.066,5.964,0.055,8120,15600,,1.00,1,0,4112x2570,L,2
25939,8.316,0.000,0.462,0.046,0.000,0.014,0.083,0.000,6.014,0.073,5.888,0.053,8120,15600,,1.00,1,0,4112x2570,L,2
25940,8.321,1.316,0.453,0.049,0.000,0.016,0.071,0.000,6.005,0.050,5.901,0.054,8120,15600,,1.00,1,0,4112x2570,L,2
25941,8.371,0.000,0.470,0.049,0.000,0.016,0.086,0.000,6.030,0.083,5.889,0.058,8120,15600,,1.00,1,0,4112x2570,L,2
25942,8.332,1.306,0.484,0.057,0.000,0.016,0.066,0.000,5.949,0.051,5.841,0.057,8120,15600,,1.00,1,0,4112x2570,L,2
25943,8.366,0.000,0.562,0.056,0.000,0.017,0.095,0.000,6.037,0.087,5.895,0.054,8120,15600,,1.00,1,0,4112x2570,L,2
25944,8.323,1.193,0.504,0.061,0.000,0.019,0.082,0.000,6.001,0.040,5.910,0.052,8120,15600,,1.00,1,0,4112x2570,L,2
25945,8.651,0.000,0.560,0.055,0.000,0.017,0.162,0.000,6.040,0.088,5.896,0.055,8120,15600,,1.00,1,0,4112x2570,L,2
25946,7.943,1.601,0.664,0.169,0.000,0.048,0.064,0.000,5.939,0.082,5.802,0.056,8120,15600,,1.00,1,0,4112x2570,L,2
25947,8.831,0.000,0.508,0.062,0.000,0.017,0.186,0.000,5.990,0.021,5.914,0.056,8120,15600,,1.00,1,0,4112x2570,L,2
25948,9.340,1.506,0.681,0.153,0.000,0.048,0.193,0.000,5.820,0.026,5.742,0.052,8120,15600,,1.00,1,0,4112x2570,L,2
25949,8.946,0.001,0.810,0.170,0.000,0.047,0.184,0.000,5.734,0.043,5.638,0.054,8120,15600,,1.00,1,0,4112x2570,L,2
25950,8.240,1.688,0.743,0.211,0.000,0.059,0.116,0.000,5.851,0.051,5.747,0.054,8120,15600,,1.00,1,0,4112x2570,L,2
25951,8.794,0.000,0.632,0.154,0.000,0.047,0.199,0.000,5.924,0.020,5.851,0.053,8120,15600,,1.00,1,0,4112x2570,L,2
25952,7.923,1.592,0.629,0.136,0.000,0.037,0.119,0.000,5.738,0.045,5.640,0.053,8120,15600,,1.00,1,0,4112x2570,L,2
25953,8.577,0.001,0.638,0.136,0.000,0.036,0.123,0.000,5.855,0.021,5.782,0.052,8120,15600,,1.00,1,0,4112x2570,L,2
25954,7.349,1.556,0.643,0.132,0.000,0.047,0.070,0.000,5.552,0.038,5.461,0.053,8120,15600,,1.00,1,0,4112x2570,L,2
25955,9.024,0.000,0.501,0.060,0.000,0.016,0.289,0.000,5.485,0.020,5.411,0.054,8120,15600,,1.00,1,0,4112x2570,L,2
25956,7.566,1.639,0.650,0.155,0.000,0.051,0.092,0.000,5.123,0.028,5.048,0.047,8120,15600,,1.00,1,0,4112x2570,L,2
25957,7.306,0.000,0.509,0.058,0.000,0.021,0.127,0.000,5.209,0.034,5.128,0.047,8120,15600,,1.00,1,0,4112x2570,L,2
25958,7.609,1.497,0.755,0.142,0.000,0.049,0.068,0.000,5.127,0.018,5.066,0.043,8120,15600,,1.00,1,0,4112x2570,L,2
25959,9.690,0.000,0.591,0.071,0.000,0.025,0.233,0.000,5.061,0.091,4.925,0.045,8120,15600,,1.00,1,0,4112x2570,L,2
25960,7.311,1.423,0.633,0.136,0.000,0.043,0.106,0.000,4.968,0.074,4.848,0.047,8120,15600,,1.00,1,0,4112x2570,L,2
25961,7.953,0.000,0.539,0.062,0.000,0.017,0.064,0.000,4.789,0.032,4.709,0.048,8120,15600,,1.00,1,0,4112x2570,L,2
25962,8.305,1.194,0.487,0.056,0.000,0.021,0.093,0.000,4.955,0.082,4.826,0.048,8120,15600,,1.00,1,0,4112x2570,L,2
25963,9.435,0.000,0.921,0.168,0.000,0.053,0.206,0.000,4.962,0.081,4.833,0.048,8120,15600,,1.00,1,0,4112x2570,L,2
25964,7.548,1.447,0.493,0.057,0.000,0.018,0.168,0.000,4.795,0.081,4.671,0.043,8120,15600,,1.00,1,0,4112x2570,L,2
25965,7.896,0.000,0.779,0.150,0.000,0.046,0.076,0.000,4.848,0.084,4.722,0.042,8120,15600,,1.00,1,0,4112x2570,L,2
25966,9.583,1.184,0.477,0.059,0.000,0.016,0.211,0.000,4.817,0.091,4.683,0.042,8120,15600,,1.00,1,0,4112x2570,L,2
25967,7.484,0.001,0.779,0.167,0.000,0.050,0.148,0.000,4.451,0.040,4.368,0.044,8120,15600,,1.00,1,0,4112x2570,L,2
25968,9.093,1.572,0.623,0.155,0.000,0.042,0.245,0.000,4.476,0.034,4.401,0.041,8120,15600,,1.00,1,0,4112x2570,L,2
25969,7.748,0.001,0.737,0.064,0.000,0.022,0.260,0.000,4.426,0.041,4.342,0.043,8120,15600,,1.00,1,0,4112x2570,L,2
25970,7.499,1.578,0.692,0.135,0.000,0.043,0.083,0.000,4.450,0.017,4.391,0.042,8120,15600,,1.00,1,0,4112x2570,L,2
25971,9.581,0.000,0.572,0.074,0.000,0.030,0.221,0.000,4.568,0.086,4.437,0.045,8120,15600,,1.00,1,0,4112x2570,L,2
25972,6.950,1.547,0.673,0.135,0.000,0.048,0.091,0.000,4.443,0.079,4.319,0.045,8120,15600,,1.00,1,0,4112x2570,L,2
25973,8.664,0.000,0.539,0.070,0.000,0.021,0.107,0.000,4.574,0.042,4.491,0.041,8120,15600,,1.00,1,0,4112x2570,L,2
25974,8.133,1.284,0.498,0.062,0.000,0.019,0.073,0.000,4.541,0.070,4.424,0.048,8120,15600,,1.00,1,0,4112x2570,L,2
25975,8.338,0.000,0.567,0.073,0.000,0.015,0.062,0.000,4.566,0.081,4.443,0.042,8120,15600,,1.00,1,0,4112x2570,L,2
25976,8.057,0.993,0.453,0.064,0.000,0.019,0.054,0.000,4.542,0.077,4.422,0.043,8120,15600,,1.00,1,0,4112x2570,L,2
25977,8.296,0.000,0.512,0.050,0.000,0.013,0.061,0.000,4.568,0.051,4.473,0.044,8120,15600,,1.00,1,0,4112x2570,L,2
25978,8.269,0.765,0.317,0.036,0.000,0.010,0.037,0.000,4.657,0.056,4.557,0.044,8120,15600,,1.00,1,0,4112x2570,L,2
25979,8.296,0.000,0.310,0.034,0.000,0.009,0.051,0.000,4.661,0.056,4.561,0.044,8120,15600,,1.00,1,0,4112x2570,L,2
25980,8.316,0.621,0.259,0.029,0.000,0.009,0.034,0.000,4.746,0.055,4.647,0.044,8120,15600,,1.00,1,0,4112x2570,L,2
25981,8.282,0.000,0.261,0.026,0.000,0.007,0.024,0.000,4.747,0.059,4.645,0.043,8120,15600,,1.00,1,0,4112x2570,L,2
25982,8.332,0.532,0.247,0.024,0.000,0.011,0.048,0.000,4.833,0.056,4.733,0.043,8120,15600,,1.00,1,0,4112x2570,L,2
25983,8.501,0.000,0.245,0.020,0.000,0.007,0.031,0.000,4.954,0.053,4.854,0.047,8120,15600,,1.00,1,0,4112x2570,L,2
25984,8.326,0.551,0.233,0.029,0.000,0.008,0.038,0.000,4.966,0.053,4.868,0.045,8120,15600,,1.00,1,0,4112x2570,L,2
25985,8.407,0.000,0.264,0.024,0.000,0.007,0.040,0.000,4.951,0.063,4.837,0.051,8120,15600,,1.00,1,0,4112x2570,L,2
25986,8.303,0.596,0.252,0.028,0.000,0.008,0.051,0.000,4.951,0.059,4.837,0.055,8120,15600,,1.00,1,0,4112x2570,L,2
25987,8.295,0.000,0.280,0.021,0.000,0.007,0.050,0.000,4.941,0.062,4.822,0.057,8120,15600,,1.00,1,0,4112x2570,L,2
25988,8.338,0.666,0.250,0.029,0.000,0.010,0.048,0.000,5.001,0.061,4.884,0.056,8120,15600,,1.00,1,0,4112x2570,L,2
25989,8.324,0.000,0.286,0.026,0.000,0.014,0.090,0.000,5.059,0.067,4.940,0.051,8120,15600,,1.00,1,0,4112x2570,L,2
25990,8.280,0.691,0.282,0.028,0.000,0.008,0.033,0.000,5.154,0.057,5.050,0.046,8120,15600,,1.00,1,0,4112x2570,L,2
25991,8.342,0.000,0.325,0.031,0.000,0.009,0.046,0.000,5.234,0.076,5.112,0.047,8120,15600,,1.00,1,0,4112x2570,L,2
25992,8.249,0.689,0.266,0.030,0.000,0.009,0.043,0.000,5.306,0.062,5.195,0.049,8120,15600,,1.00,1,0,4112x2570,L,2
25993,8.314,0.000,0.323,0.031,0.000,0.012,0.048,0.000,5.503,0.070,5.379,0.054,8120,15600,,1.00,1,0,4112x2570,L,2
25994,8.336,0.764,0.305,0.029,0.000,0.018,0.057,0.000,5.539,0.068,5.412,0.060,8120,15600,,1.00,1,0,4112x2570,L,2
25995,8.347,0.000,0.353,0.031,0.000,0.009,0.057,0.000,5.566,0.073,5.421,0.072,8120,15600,,1.00,1,0,4112x2570,L,2
25996,8.384,0.758,0.313,0.031,0.000,0.010,0.063,0.000,5.513,0.061,5.399,0.052,8120,15600,,1.00,1,0,4112x2570,L,2
25997,8.289,0.000,0.394,0.036,0.000,0.019,0.060,0.000,5.584,0.090,5.439,0.055,8120,15600,,1.00,1,0,4112x2570,L,2
25998,8.347,0.793,0.340,0.034,0.000,0.010,0.058,0.000,5.802,0.086,5.659,0.056,8120,15600,,1.00,1,0,4112x2570,L,2
25999,8.320,0.000,0.376,0.030,0.000,0.018,0.070,0.000,5.894,0.097,5.744,0.053,8120,15600,,1.00,1,0,4112x2570,L,2
26000,8.404,0.854,0.374,0.037,0.000,0.013,0.102,0.000,6.057,0.032,5.969,0.056,8120,15600,,1.00,1,0,4112x2570,L,2
26001,8.216,0.000,0.450,0.043,0.000,0.015,0.046,0.000,6.162,0.086,6.021,0.055,8120,15600,,1.00,1,0,4112x2570,L,2
26002,8.410,0.883,0.370,0.038,0.000,0.011,0.066,0.000,6.354,0.065,6.234,0.055,8120,15600,,1.00,1,0,4112x2570,L,2
26003,8.352,0.000,0.427,0.041,0.000,0.016,0.082,0.000,6.188,0.074,6.058,0.056,8120,15600,,1.00,1,0,4112x2570,L,2
26004,8.705,1.000,0.450,0.042,0.000,0.014,0.061,0.000,6.410,0.093,6.262,0.056,8120,15600,,1.00,1,0,4112x2570,L,2
26005,7.904,0.000,0.475,0.054,0.000,0.014,0.064,0.000,5.828,0.049,5.734,0.045,8120,15600,,1.00,1,0,4112x2570,L,2
26006,8.319,0.861,0.343,0.052,0.000,0.012,0.062,0.000,5.843,0.038,5.761,0.044,8120,15600,,1.00,1,0,4112x2570,L,2
26007,8.303,0.000,0.472,0.052,0.000,0.015,0.057,0.000,5.873,0.071,5.760,0.042,8120,15600,,1.00,1,0,4112x2570,L,2
26008,8.244,0.671,0.328,0.050,0.000,0.014,0.057,0.000,5.928,0.079,5.805,0.044,8120,15600,,1.00,1,0,4112x2570,L,2
26009,8.275,0.000,0.330,0.047,0.000,0.012,0.047,0.000,5.868,0.019,5.804,0.045,8120,15600,,1.00,1,0,4112x2570,L,2
26010,8.408,0.709,0.273,0.038,0.000,0.010,0.062,0.000,5.886,0.081,5.762,0.043,8120,15600,,1.00,1,0,4112x2570,L,2
26011,8.163,0.000,0.315,0.044,0.000,0.011,0.041,0.000,5.976,0.083,5.849,0.044,8120,15600,,1.00,1,0,4112x2570,L,2
26012,8.329,0.615,0.252,0.032,0.000,0.009,0.039,0.000,6.023,0.061,5.919,0.044,8120,15600,,1.00,1,0,4112x2570,L,2
26013,8.310,0.000,0.274,0.031,0.000,0.008,0.032,0.000,6.002,0.066,5.890,0.046,8120,15600,,1.00,1,0,4112x2570,L,2
26014,8.338,0.577,0.280,0.029,0.000,0.012,0.043,0.000,6.036,0.071,5.920,0.046,8120,15600,,1.00,1,0,4112x2570,L,2
26015,8.315,0.000,0.271,0.026,0.000,0.008,0.044,0.000,6.005,0.079,5.880,0.046,8120,15600,,1.00,1,0,4112x2570,L,2
26016,8.323,0.518,0.229,0.024,0.000,0.008,0.042,0.000,6.032,0.054,5.932,0.046,8120,15600,,1.00,1,0,4112x2570,L,2
26017,8.381,0.000,0.253,0.024,0.000,0.010,0.039,0.000,6.002,0.067,5.890,0.045,8120,15600,,1.00,1,0,4112x2570,L,2
26018,8.261,0.497,0.239,0.026,0.000,0.007,0.045,0.000,6.099,0.084,5.967,0.048,8120,15600,,1.00,1,0,4112x2570,L,2
26019,8.336,0.000,0.274,0.027,0.000,0.009,0.041,0.000,6.115,0.039,6.030,0.046,8120,15600,,1.00,1,0,4112x2570,L,2
26020,8.348,0.521,0.220,0.025,0.000,0.011,0.072,0.000,6.226,0.066,6.103,0.056,8120,15600,,1.00,1,0,4112x2570,L,2
26021,8.354,0.000,0.257,0.026,0.000,0.015,0.039,0.000,6.142,0.066,6.029,0.046,8120,15600,,1.00,1,0,4112x2570,L,2
26022,8.314,0.571,0.221,0.025,0.000,0.008,0.043,0.000,6.097,0.075,5.974,0.048,8120,15600,,1.00,1,0,4112x2570,L,2
26023,8.381,0.000,0.243,0.023,0.000,0.008,0.084,0.000,6.197,0.036,6.116,0.046,8120,15600,,1.00,1,0,4112x2570,L,2
26024,8.230,0.601,0.226,0.026,0.000,0.008,0.036,0.000,6.245,0.077,6.123,0.045,8120,15600,,1.00,1,0,4112x2570,L,2
26025,8.464,0.000,0.259,0.026,0.000,0.007,0.048,0.000,6.324,0.058,6.217,0.050,8120,15600,,1.00,1,0,4112x2570,L,2
26026,8.136,0.492,0.229,0.033,0.000,0.008,0.035,0.000,6.270,0.066,6.151,0.053,8120,15600,,1.00,1,0,4112x2570,L,2
26027,8.180,0.000,0.250,0.027,0.000,0.008,0.037,0.000,6.151,0.053,6.050,0.047,8120,15600,,1.00,1,0,4112x2570,L,2
26028,8.323,0.530,0.212,0.023,0.000,0.007,0.054,0.000,6.097,0.068,5.986,0.044,8120,15600,,1.00,1,0,4112x2570,L,2
26029,8.192,0.000,0.255,0.040,0.000,0.012,0.043,0.000,6.248,0.020,6.180,0.048,8120,15600,,1.00,1,0,4112x2570,L,2
26030,8.143,0.674,0.230,0.039,0.000,0.011,0.033,0.000,6.069,0.019,5.991,0.059,8120,15600,,1.00,1,0,4112x2570,L,2
26031,8.245,0.000,0.237,0.027,0.000,0.010,0.038,0.000,6.055,0.075,5.915,0.064,8120,15600,,1.00,1,0,4112x2570,L,2
26032,8.228,0.579,0.224,0.024,0.000,0.007,0.057,0.000,6.097,0.054,5.987,0.056,8120,15600,,1.00,1,0,4112x2570,L,2
26033,8.286,0.000,0.263,0.032,0.000,0.013,0.053,0.000,6.072,0.051,5.969,0.052,8120,15600,,1.00,1,0,4112x2570,L,2
26034,8.261,0.717,0.274,0.030,0.000,0.011,0.050,0.000,6.125,0.064,6.001,0.059,8120,15600,,1.00,1,0,4112x2570,L,2
26035,8.288,0.000,0.288,0.030,0.000,0.012,0.040,0.000,6.009,0.068,5.888,0.053,8120,15600,,1.00,1,0,4112x2570,L,2
26036,8.226,0.609,0.266,0.027,0.000,0.010,0.042,0.000,6.015,0.053,5.889,0.073,8120,15600,,1.00,1,0,4112x2570,L,2
26037,8.258,0.000,0.256,0.023,0.000,0.011,0.034,0.000,6.001,0.078,5.857,0.065,8120,15600,,1.00,1,0,4112x2570,L,2
26038,8.295,0.602,0.252,0.023,0.000,0.009,0.053,0.000,5.987,0.058,5.871,0.058,8120,15600,,1.00,1,0,4112x2570,L,2
26039,8.264,0.000,0.259,0.027,0.000,0.014,0.062,0.000,5.969,0.080,5.830,0.058,8120,15600,,1.00,1,0,4112x2570,L,2
26040,8.211,0.594,0.262,0.025,0.000,0.008,0.069,0.000,5.988,0.063,5.865,0.060,8120,15600,,1.00,1,0,4112x2570,L,2
26041,8.245,0.000,0.264,0.031,0.000,0.010,0.044,0.000,5.978,0.070,5.862,0.047,8120,15600,,1.00,1,0,4112x2570,L,2
26042,8.223,0.603,0.267,0.028,0.000,0.016,0.034,0.000,5.963,0.068,5.846,0.049,8120,15600,,1.00,1,0,4112x2570,L,2
26043,8.256,0.000,0.299,0.026,0.000,0.009,0.054,0.000,6.025,0.060,5.901,0.064,8120,15600,,1.00,1,0,4112x2570,L,2
26044,8.244,0.646,0.254,0.027,0.000,0.008,0.044,0.000,5.941,0.067,5.820,0.054,8120,15600,,1.00,1,0,4112x2570,L,2
26045,8.232,0.000,0.292,0.027,0.000,0.008,0.036,0.000,5.938,0.078,5.809,0.050,8120,15600,,1.00,1,0,4112x2570,L,2
26046,8.365,0.629,0.252,0.026,0.000,0.008,0.059,0.000,5.987,0.058,5.865,0.063,8120,15600,,1.00,1,0,4112x2570,L,2
26047,8.225,0.000,0.280,0.028,0.000,0.008,0.045,0.000,5.956,0.077,5.828,0.051,8120,15600,,1.00,1,0,4112x2570,L,2
26048,8.252,0.574,0.269,0.025,0.000,0.008,0.032,0.000,5.962,0.052,5.848,0.063,8120,15600,,1.00,1,0,4112x2570,L,2
26049,8.309,0.000,0.263,0.023,0.000,0.007,0.040,0.000,5.968,0.074,5.833,0.061,8120,15600,,1.00,1,0,4112x2570,L,2
26050,8.269,0.718,0.258,0.028,0.000,0.009,0.045,0.000,5.882,0.041,5.795,0.046,8120,15600,,1.00,1,0,4112x2570,L,2
26051,8.238,0.000,0.376,0.037,0.000,0.015,0.052,0.000,5.941,0.075,5.813,0.053,8120,15600,,1.00,1,0,4112x2570,L,2
26052,8.188,0.650,0.261,0.031,0.000,0.010,0.040,0.000,6.024,0.073,5.896,0.055,8120,15600,,1.00,1,0,4112x2570,L,2
26053,8.348,0.000,0.366,0.029,0.000,0.009,0.061,0.000,6.064,0.064,5.943,0.057,8120,15600,,1.00,1,0,4112x2570,L,2
26054,8.256,0.816,0.311,0.030,0.000,0.013,0.047,0.000,6.025,0.067,5.896,0.062,8120,15600,,1.00,1,0,4112x2570,L,2
26055,8.214,0.000,0.302,0.052,0.001,0.014,0.044,0.000,6.075,0.075,5.939,0.061,8120,15600,,1.00,1,0,4112x2570,L,2
26056,8.183,0.640,0.250,0.025,0.000,0.008,0.077,0.000,6.052,0.077,5.917,0.057,8120,15600,,1.00,1,0,4112x2570,L,2
26057,8.441,0.000,0.305,0.027,0.000,0.009,0.048,0.000,6.091,0.068,5.971,0.052,8120,15600,,1.00,1,0,4112x2570,L,2
26058,8.218,0.700,0.274,0.033,0.000,0.009,0.045,0.000,6.217,0.081,6.088,0.048,8120,15600,,1.00,1,0,4112x2570,L,2
26059,8.367,0.000,0.319,0.030,0.000,0.009,0.036,0.000,6.263,0.042,6.154,0.067,8120,15600,,1.00,1,0,4112x2570,L,2
26060,8.346,0.708,0.273,0.029,0.000,0.008,0.061,0.000,6.115,0.060,6.001,0.054,8120,15600,,1.00,1,0,4112x2570,L,2
26061,8.445,0.000,0.321,0.038,0.000,0.017,0.057,0.000,6.096,0.080,5.954,0.062,8120,15600,,1.00,1,0,4112x2570,L,2
26062,8.334,0.777,0.330,0.049,0.000,0.017,0.066,0.000,6.049,0.073,5.919,0.057,8120,15600,,1.00,1,0,4112x2570,L,2
26063,8.209,0.000,0.373,0.035,0.000,0.011,0.054,0.000,6.031,0.055,5.917,0.059,8120,15600,,1.00,1,0,4112x2570,L,2
26064,8.380,0.811,0.327,0.033,0.000,0.011,0.055,0.000,6.058,0.087,5.913,0.058,8120,15600,,1.00,1,0,4112x2570,L,2
26065,8.302,0.000,0.362,0.039,0.000,0.017,0.056,0.000,6.087,0.066,5.964,0.056,8120,15600,,1.00,1,0,4112x2570,L,2
26066,8.296,1.087,0.328,0.035,0.000,0.014,0.043,0.000,6.055,0.075,5.913,0.067,8120,15600,,1.00,1,0,4112x2570,L,2
26067,8.336,0.000,0.368,0.040,0.000,0.013,0.069,0.000,6.062,0.053,5.946,0.064,8120,15600,,1.00,1,0,4112x2570,L,2
26068,8.344,0.895,0.355,0.036,0.000,0.011,0.051,0.000,6.039,0.070,5.912,0.057,8120,15600,,1.00,1,0,4112x2570,L,2
26069,8.345,0.000,0.412,0.039,0.000,0.011,0.069,0.000,5.972,0.021,5.897,0.054,8120,15600,,1.00,1,0,4112x2570,L,2
26070,8.292,1.013,0.374,0.040,0.000,0.012,0.049,0.000,6.017,0.072,5.883,0.062,8120,15600,,1.00,1,0,4112x2570,L,2
26071,8.279,0.000,0.429,0.038,0.000,0.011,0.057,0.000,6.035,0.053,5.923,0.059,8120,15600,,1.00,1,0,4112x2570,L,2
26072,8.409,1.205,0.374,0.046,0.000,0.014,0.066,0.000,6.035,0.068,5.910,0.057,8120,15600,,1.00,1,0,4112x2570,L,2
26073,8.286,0.000,0.466,0.052,0.000,0.025,0.048,0.000,6.056,0.054,5.937,0.065,8120,15600,,1.00,1,0,4112x2570,L,2
26074,8.353,1.102,0.432,0.050,0.000,0.014,0.060,0.000,6.052,0.082,5.913,0.057,8120,15600,,1.00,1,0,4112x2570,L,2
26075,8.365,0.000,0.447,0.048,0.000,0.013,0.059,0.000,6.119,0.025,6.034,0.059,8120,15600,,1.00,1,0,4112x2570,L,2
26076,8.273,1.021,0.421,0.041,0.000,0.013,0.050,0.000,6.075,0.020,5.999,0.056,8120,15600,,1.00,1,0,4112x2570,L,2
26077,8.382,0.000,0.466,0.049,0.000,0.014,0.075,0.000,6.159,0.050,6.048,0.060,8120,15600,,1.00,1,0,4112x2570,L,2
26078,8.321,1.247,0.505,0.050,0.000,0.016,0.075,0.000,6.143,0.089,5.991,0.063,8120,15600,,1.00,1,0,4112x2570,L,2
26079,8.366,0.000,0.530,0.049,0.000,0.015,0.059,0.000,6.084,0.054,5.977,0.054,8120,15600,,1.00,1,0,4112x2570,L,2
26080,8.299,1.211,0.530,0.062,0.000,0.018,0.067,0.000,5.958,0.057,5.856,0.045,8120,15600,,1.00,1,0,4112x2570,L,2
26081,8.042,0.000,0.424,0.051,0.000,0.015,0.052,0.000,5.967,0.073,5.849,0.045,8120,15600,,1.00,1,0,4112x2570,L,2
26082,8.160,0.809,0.370,0.041,0.000,0.012,0.048,0.000,6.004,0.065,5.895,0.044,8120,15600,,1.00,1,0,4112x2570,L,2
26083,8.213,0.000,0.462,0.039,0.000,0.011,0.076,0.000,5.987,0.072,5.870,0.045,8120,15600,,1.00,1,0,4112x2570,L,2
26084,8.213,0.832,0.307,0.033,0.000,0.011,0.044,0.000,6.014,0.050,5.919,0.045,8120,15600,,1.00,1,0,4112x2570,L,2
26085,8.209,0.000,0.294,0.031,0.000,0.010,0.034,0.000,5.995,0.068,5.879,0.047,8120,15600,,1.00,1,0,4112x2570,L,2
26086,8.224,0.528,0.243,0.029,0.000,0.009,0.028,0.000,6.023,0.061,5.914,0.047,8120,15600,,1.00,1,0,4112x2570,L,2
26087,8.256,0.000,0.390,0.025,0.000,0.009,0.037,0.000,6.095,0.068,5.966,0.061,8120,15600,,1.00,1,0,4112x2570,L,2
26088,8.247,0.533,0.234,0.023,0.000,0.007,0.028,0.000,6.114,0.067,5.994,0.054,8120,15600,,1.00,1,0,4112x2570,L,2
26089,8.288,0.000,0.245,0.023,0.000,0.007,0.039,0.000,6.118,0.077,5.980,0.060,8120,15600,,1.00,1,0,4112x2570,L,2
26090,8.270,0.553,0.226,0.023,0.000,0.007,0.034,0.000,6.108,0.068,5.982,0.059,8120,15600,,1.00,1,0,4112x2570,L,2
26091,8.366,0.000,0.257,0.023,0.000,0.007,0.028,0.000,6.138,0.074,6.007,0.057,8120,15600,,1.00,1,0,4112x2570,L,2
26092,8.216,0.545,0.234,0.022,0.000,0.007,0.033,0.000,6.104,0.069,5.970,0.066,8120,15600,,1.00,1,0,4112x2570,L,2
26093,8.324,0.000,0.324,0.028,0.000,0.010,0.041,0.000,6.192,0.073,6.062,0.058,8120,15600,,1.00,1,0,4112x2570,L,2
26094,8.142,0.551,0.237,0.031,0.000,0.009,0.046,0.000,6.050,0.022,5.982,0.047,8120,15600,,1.00,1,0,4112x2570,L,2
26095,8.271,0.000,0.268,0.041,0.000,0.008,0.040,0.000,6.008,0.072,5.889,0.047,8120,15600,,1.00,1,0,4112x2570,L,2
26096,8.337,0.529,0.271,0.030,0.000,0.009,0.039,0.000,6.023,0.059,5.921,0.043,8120,15600,,1.00,1,0,4112x2570,L,2
26097,8.314,0.000,0.259,0.038,0.000,0.012,0.045,0.000,5.985,0.069,5.874,0.042,8120,15600,,1.00,1,0,4112x2570,L,2
26098,8.170,0.637,0.277,0.058,0.000,0.015,0.060,0.000,5.976,0.073,5.858,0.045,8120,15600,,1.00,1,0,4112x2570,L,2
26099,8.193,0.000,0.278,0.060,0.000,0.016,0.060,0.000,5.969,0.070,5.855,0.044,8120,15600,,1.00,1,0,4112x2570,L,2
26100,8.160,0.741,0.340,0.065,0.000,0.018,0.062,0.000,5.970,0.066,5.860,0.044,8120,15600,,1.00,1,0,4112x2570,L,2
26101,8.112,0.000,0.306,0.064,0.000,0.017,0.059,0.000,6.152,0.055,6.047,0.050,8120,15600,,1.00,1,0,4112x2570,L,2
26102,8.177,0.804,0.275,0.058,0.000,0.014,0.063,0.000,6.110,0.069,5.998,0.043,8120,15600,,1.00,1,0,4112x2570,L,2
26103,8.122,0.000,0.414,0.058,0.000,0.018,0.053,0.000,6.126,0.079,6.000,0.046,8120,15600,,1.00,1,0,4112x2570,L,2
26104,16.554,0.801,0.286,0.059,0.000,0.015,0.060,0.000,6.194,0.020,6.115,0.060,8120,15600,,1.00,1,0,4112x2570,L,2
26105,8.446,0.882,0.279,0.047,0.000,0.013,0.102,0.000,6.406,0.072,6.277,0.057,8120,15600,,1.00,1,0,4112x2570,L,2
26106,8.020,0.000,0.309,0.043,0.000,0.011,0.051,0.000,6.213,0.020,6.141,0.052,8120,15600,,1.00,1,0,4112x2570,L,2
26107,8.324,0.893,0.297,0.035,0.000,0.010,0.069,0.000,6.249,0.037,6.151,0.062,8120,15600,,1.00,1,0,4112x2570,L,2
26108,8.459,0.000,0.346,0.041,0.000,0.014,0.053,0.000,6.060,0.064,5.931,0.065,8120,15600,,1.00,1,0,4112x2570,L,2
26109,8.347,0.909,0.323,0.039,0.000,0.015,0.062,0.000,6.022,0.070,5.887,0.066,8120,15600,,1.00,1,0,4112x2570,L,2
26110,8.302,0.000,0.361,0.046,0.000,0.016,0.088,0.000,6.077,0.057,5.965,0.054,8120,15600,,1.00,1,0,4112x2570,L,2
26111,8.330,0.828,0.301,0.052,0.000,0.011,0.041,0.000,6.045,0.076,5.909,0.060,8120,15600,,1.00,1,0,4112x2570,L,2
26112,8.264,0.000,0.354,0.037,0.000,0.010,0.046,0.000,6.076,0.066,5.955,0.055,8120,15600,,1.00,1,0,4112x2570,L,2
26113,8.361,0.864,0.350,0.041,0.000,0.011,0.049,0.000,6.016,0.081,5.877,0.057,8120,15600,,1.00,1,0,4112x2570,L,2
26114,8.326,0.000,0.377,0.036,0.000,0.011,0.072,0.000,6.073,0.071,5.945,0.057,8120,15600,,1.00,1,0,4112x2570,L,2
26115,8.395,0.908,0.357,0.041,0.000,0.014,0.058,0.000,6.012,0.066,5.888,0.057,8120,15600,,1.00,1,0,4112x2570,L,2
26116,8.177,0.000,0.433,0.040,0.000,0.014,0.052,0.000,6.064,0.069,5.937,0.057,8120,15600,,1.00,1,0,4112x2570,L,2
26117,8.448,0.935,0.409,0.040,0.000,0.013,0.085,0.000,6.013,0.035,5.924,0.054,8120,15600,,1.00,1,0,4112x2570,L,2
26118,8.235,0.000,0.463,0.065,0.000,0.015,0.057,0.000,6.046,0.082,5.894,0.070,8120,15600,,1.00,1,0,4112x2570,L,2
26119,8.432,1.178,0.384,0.044,0.000,0.013,0.080,0.000,6.013,0.056,5.900,0.057,8120,15600,,1.00,1,0,4112x2570,L,2
26120,8.288,0.000,0.453,0.046,0.000,0.014,0.068,0.000,6.027,0.082,5.885,0.059,8120,15600,,1.00,1,0,4112x2570,L,2
26121,8.373,1.112,0.431,0.042,0.000,0.012,0.067,0.000,6.028,0.059,5.914,0.055,8120,15600,,1.00,1,0,4112x2570,L,2
26122,8.301,0.000,0.449,0.050,0.000,0.020,0.081,0.000,6.053,0.091,5.907,0.055,8120,15600,,1.00,1,0,4112x2570,L,2
26123,8.386,1.045,0.450,0.047,0.000,0.018,0.083,0.000,6.036,0.043,5.939,0.054,8120,15600,,1.00,1,0,4112x2570,L,2
26124,8.247,0.000,0.531,0.070,0.000,0.026,0.070,0.000,6.037,0.085,5.904,0.049,8120,15600,,1.00,1,0,4112x2570,L,2
26125,8.301,1.167,0.399,0.061,0.000,0.016,0.061,0.000,5.919,0.020,5.853,0.046,8120,15600,,1.00,1,0,4112x2570,L,2
26126,8.343,0.000,0.497,0.050,0.000,0.017,0.080,0.000,5.970,0.084,5.844,0.042,8120,15600,,1.00,1,0,4112x2570,L,2
26127,8.345,0.749,0.317,0.058,0.000,0.014,0.067,0.000,5.947,0.020,5.878,0.049,8120,15600,,1.00,1,0,4112x2570,L,2
26128,8.210,0.000,0.334,0.054,0.000,0.013,0.067,0.000,5.966,0.068,5.853,0.045,8120,15600,,1.00,1,0,4112x2570,L,2
26129,8.361,0.665,0.297,0.049,0.000,0.012,0.059,0.000,5.984,0.053,5.888,0.044,8120,15600,,1.00,1,0,4112x2570,L,2
26130,8.213,0.001,0.308,0.054,0.000,0.013,0.050,0.000,5.975,0.064,5.864,0.046,8120,15600,,1.00,1,0,4112x2570,L,2
26131,8.248,0.775,0.257,0.040,0.000,0.010,0.040,0.000,6.019,0.061,5.911,0.046,8120,15600,,1.00,1,0,4112x2570,L,2
26132,8.333,0.000,0.266,0.031,0.000,0.009,0.057,0.000,5.996,0.085,5.865,0.046,8120,15600,,1.00,1,0,4112x2570,L,2
26133,8.310,0.668,0.243,0.034,0.000,0.011,0.031,0.000,6.004,0.038,5.921,0.045,8120,15600,,1.00,1,0,4112x2570,L,2
26134,8.321,0.000,0.253,0.025,0.000,0.008,0.034,0.000,6.101,0.067,5.987,0.047,8120,15600,,1.00,1,0,4112x2570,L,2
26135,8.326,0.549,0.226,0.025,0.000,0.010,0.042,0.000,6.193,0.067,6.078,0.048,8120,15600,,1.00,1,0,4112x2570,L,2
26136,8.478,0.000,0.256,0.025,0.000,0.008,0.043,0.000,6.205,0.068,6.091,0.046,8120,15600,,1.00,1,0,4112x2570,L,2
26137,8.154,0.613,0.236,0.041,0.000,0.011,0.044,0.000,6.075,0.073,5.956,0.046,8120,15600,,1.00,1,0,4112x2570,L,2
26138,8.380,0.000,0.264,0.028,0.000,0.008,0.048,0.000,6.197,0.059,6.091,0.047,8120,15600,,1.00,1,0,4112x2570,L,2
26139,8.241,0.647,0.214,0.030,0.000,0.009,0.032,0.000,6.375,0.067,6.249,0.059,8120,15600,,1.00,1,0,4112x2570,L,2
26140,8.385,0.000,0.260,0.032,0.000,0.010,0.048,0.000,6.179,0.055,6.079,0.044,8120,15600,,1.00,1,0,4112x2570,L,2
26141,8.579,0.590,0.226,0.029,0.000,0.009,0.057,0.000,6.097,0.070,5.983,0.044,8120,15600,,1.00,1,0,4112x2570,L,2
26142,8.269,0.000,0.266,0.042,0.000,0.013,0.062,0.000,6.073,0.069,5.959,0.044,8120,15600,,1.00,1,0,4112x2570,L,2
26143,8.278,0.679,0.253,0.058,0.000,0.015,0.051,0.000,6.024,0.020,5.962,0.043,8120,15600,,1.00,1,0,4112x2570,L,2
26144,8.309,0.000,0.297,0.054,0.000,0.013,0.059,0.000,6.081,0.070,5.966,0.045,8120,15600,,1.00,1,0,4112x2570,L,2
26145,8.356,0.654,0.231,0.060,0.000,0.015,0.053,0.000,6.076,0.019,6.016,0.041,8120,15600,,1.00,1,0,4112x2570,L,2
26146,8.387,0.000,0.292,0.063,0.000,0.013,0.060,0.000,6.234,0.063,6.115,0.056,8120,15600,,1.00,1,0,4112x2570,L,2
26147,8.147,0.724,0.251,0.061,0.000,0.014,0.040,0.000,6.101,0.020,6.022,0.059,8120,15600,,1.00,1,0,4112x2570,L,2
26148,8.245,0.000,0.290,0.047,0.000,0.010,0.041,0.000,6.222,0.072,6.099,0.051,8120,15600,,1.00,1,0,4112x2570,L,2
26149,8.329,0.751,0.253,0.037,0.000,0.015,0.060,0.000,6.179,0.021,6.102,0.056,8120,15600,,1.00,1,0,4112x2570,L,2
26150,8.433,0.000,0.331,0.033,0.000,0.011,0.071,0.000,6.303,0.061,6.185,0.057,8120,15600,,1.00,1,0,4112x2570,L,2
26151,8.263,0.802,0.284,0.034,0.000,0.011,0.039,0.000,6.082,0.054,5.967,0.060,8120,15600,,1.00,1,0,4112x2570,L,2
26152,8.321,0.000,0.283,0.027,0.000,0.013,0.050,0.000,6.040,0.074,5.901,0.065,8120,15600,,1.00,1,0,4112x2570,L,2
26153,8.342,0.731,0.267,0.038,0.000,0.019,0.040,0.000,6.037,0.020,5.956,0.061,8120,15600,,1.00,1,0,4112x2570,L,2
26154,8.265,0.000,0.330,0.028,0.000,0.015,0.054,0.000,6.068,0.073,5.930,0.065,8120,15600,,1.00,1,0,4112x2570,L,2
26155,8.352,0.744,0.298,0.030,0.000,0.010,0.054,0.000,5.954,0.064,5.840,0.050,8120,15600,,1.00,1,0,4112x2570,L,2
26156,8.369,0.000,0.316,0.030,0.000,0.009,0.036,0.000,5.960,0.062,5.843,0.055,8120,15600,,1.00,1,0,4112x2570,L,2
26157,8.249,0.723,0.277,0.027,0.000,0.009,0.037,0.000,5.927,0.079,5.792,0.055,8120,15600,,1.00,1,0,4112x2570,L,2
26158,8.470,0.000,0.343,0.032,0.000,0.010,0.064,0.000,5.970,0.040,5.869,0.062,8120,15600,,1.00,1,0,4112x2570,L,2
26159,8.264,0.751,0.322,0.033,0.000,0.011,0.049,0.000,5.934,0.070,5.806,0.058,8120,15600,,1.00,1,0,4112x2570,L,2
26160,8.274,0.000,0.359,0.036,0.000,0.010,0.064,0.000,5.974,0.052,5.856,0.065,8120,15600,,1.00,1,0,4112x2570,L,2
26161,8.377,0.852,0.309,0.032,0.000,0.010,0.059,0.000,5.939,0.075,5.797,0.067,8120,15600,,1.00,1,0,4112x2570,L,2
26162,8.352,0.000,0.396,0.039,0.000,0.011,0.054,0.000,5.949,0.080,5.814,0.055,8120,15600,,1.00,1,0,4112x2570,L,2
26163,8.334,0.884,0.331,0.035,0.000,0.010,0.064,0.000,5.945,0.051,5.836,0.058,8120,15600,,1.00,1,0,4112x2570,L,2
26164,8.304,0.000,0.361,0.032,0.000,0.011,0.050,0.000,5.936,0.084,5.798,0.055,8120,15600,,1.00,1,0,4112x2570,L,2
26165,8.413,0.850,0.349,0.039,0.000,0.014,0.071,0.000,5.902,0.020,5.832,0.050,8120,15600,,1.00,1,0,4112x2570,L,2
26166,8.263,0.000,0.414,0.068,0.000,0.028,0.066,0.000,5.940,0.067,5.815,0.058,8120,15600,,1.00,1,0,4112x2570,L,2
26167,8.395,1.222,0.378,0.048,0.000,0.013,0.057,0.000,6.028,0.050,5.919,0.059,8120,15600,,1.00,1,0,4112x2570,L,2
26168,8.267,0.000,0.430,0.050,0.000,0.015,0.077,0.000,6.030,0.086,5.885,0.059,8120,15600,,1.00,1,0,4112x2570,L,2
26169,8.434,0.934,0.400,0.042,0.000,0.013,0.137,0.000,6.039,0.052,5.923,0.064,8120,15600,,1.00,1,0,4112x2570,L,2
26170,8.191,0.000,0.494,0.049,0.000,0.019,0.050,0.000,6.037,0.086,5.894,0.057,8120,15600,,1.00,1,0,4112x2570,L,2
26171,8.406,1.035,0.473,0.046,0.000,0.014,0.097,0.000,6.050,0.050,5.943,0.057,8120,15600,,1.00,1,0,4112x2570,L,2
26172,8.245,0.000,0.484,0.050,0.000,0.014,0.063,0.000,6.025,0.081,5.881,0.063,8120,15600,,1.00,1,0,4112x2570,L,2
26173,8.352,1.040,0.447,0.046,0.000,0.013,0.052,0.000,6.020,0.050,5.914,0.056,8120,15600,,1.00,1,0,4112x2570,L,2
26174,8.439,0.000,0.493,0.044,0.000,0.014,0.072,0.000,6.054,0.087,5.906,0.060,8120,15600,,1.00,1,0,4112x2570,L,2
26175,8.311,1.365,0.522,0.058,0.000,0.021,0.101,0.000,5.996,0.053,5.888,0.055,8120,15600,,1.00,1,0,4112x2570,L,2
26176,8.331,0.000,0.606,0.068,0.000,0.028,0.094,0.000,6.238,0.096,6.086,0.057,8120,15600,,1.00,1,0,4112x2570,L,2
26177,8.267,1.412,0.510,0.067,0.000,0.020,0.089,0.000,6.173,0.031,6.087,0.055,8120,15600,,1.00,1,0,4112x2570,L,2
26178,8.736,0.000,0.544,0.054,0.000,0.020,0.138,0.000,6.154,0.057,6.039,0.058,8120,15600,,1.00,1,0,4112x2570,L,2
26179,8.766,1.613,0.666,0.152,0.000,0.047,0.115,0.000,5.985,0.023,5.902,0.059,8120,15600,,1.00,1,0,4112x2570,L,2
26180,8.512,0.000,0.536,0.065,0.000,0.019,0.121,0.000,5.935,0.020,5.856,0.058,8120,15600,,1.00,1,0,4112x2570,L,2
26181,8.842,1.556,0.633,0.145,0.000,0.039,0.108,0.000,5.868,0.025,5.786,0.057,8120,15600,,1.00,1,0,4112x2570,L,2
26182,8.363,0.000,0.826,0.147,0.000,0.035,0.076,0.000,5.848,0.097,5.692,0.059,8120,15600,,1.00,1,0,4112x2570,L,2
26183,7.892,1.220,0.519,0.077,0.000,0.020,0.064,0.000,5.880,0.052,5.776,0.052,8120,15600,,1.00,1,0,4112x2570,L,2
26184,7.625,0.000,0.453,0.050,0.000,0.013,0.040,0.000,5.905,0.042,5.815,0.048,8120,15600,,1.00,1,0,4112x2570,L,2
26185,7.587,0.779,0.358,0.038,0.000,0.010,0.057,0.000,5.829,0.076,5.706,0.047,8120,15600,,1.00,1,0,4112x2570,L,2
26186,8.339,0.000,0.324,0.043,0.000,0.009,0.083,0.000,5.917,0.069,5.801,0.047,8120,15600,,1.00,1,0,4112x2570,L,2
26187,8.329,0.710,0.327,0.033,0.000,0.011,0.035,0.000,5.785,0.071,5.667,0.047,8120,15600,,1.00,1,0,4112x2570,L,2
26188,8.262,0.000,0.292,0.032,0.000,0.014,0.042,0.000,5.778,0.069,5.661,0.048,8120,15600,,1.00,1,0,4112x2570,L,2
26189,8.305,0.578,0.277,0.026,0.000,0.008,0.031,0.000,5.802,0.076,5.680,0.047,8120,15600,,1.00,1,0,4112x2570,L,2
26190,8.434,0.000,0.242,0.022,0.000,0.011,0.041,0.000,5.804,0.068,5.682,0.054,8120,15600,,1.00,1,0,4112x2570,L,2
26191,8.230,0.571,0.235,0.026,0.000,0.008,0.039,0.000,5.755,0.070,5.630,0.055,8120,15600,,1.00,1,0,4112x2570,L,2
26192,8.438,0.000,0.259,0.022,0.000,0.010,0.049,0.000,5.779,0.083,5.633,0.063,8120,15600,,1.00,1,0,4112x2570,L,2
26193,8.238,0.670,0.254,0.029,0.000,0.009,0.031,0.000,5.741,0.069,5.608,0.064,8120,15600,,1.00,1,0,4112x2570,L,2
26194,8.362,0.000,0.285,0.025,0.000,0.013,0.055,0.000,5.734,0.078,5.598,0.058,8120,15600,,1.00,1,0,4112x2570,L,2
26195,8.308,0.637,0.262,0.040,0.000,0.011,0.031,0.000,5.772,0.068,5.646,0.058,8120,15600,,1.00,1,0,4112x2570,L,2
26196,8.334,0.000,0.298,0.027,0.000,0.011,0.048,0.000,5.610,0.087,5.469,0.054,8120,15600,,1.00,1,0,4112x2570,L,2
26197,8.395,0.688,0.276,0.027,0.000,0.009,0.053,0.000,5.635,0.074,5.505,0.055,8120,15600,,1.00,1,0,4112x2570,L,2
26198,8.263,0.000,0.336,0.030,0.000,0.009,0.052,0.000,5.675,0.065,5.552,0.058,8120,15600,,1.00,1,0,4112x2570,L,2
26199,8.407,0.669,0.271,0.025,0.000,0.009,0.057,0.000,5.748,0.091,5.596,0.061,8120,15600,,1.00,1,0,4112x2570,L,2
26200,8.298,0.000,0.367,0.043,0.000,0.014,0.041,0.000,5.762,0.076,5.622,0.063,8120,15600,,1.00,1,0,4112x2570,L,2
26201,8.349,0.799,0.325,0.035,0.000,0.011,0.059,0.000,5.743,0.072,5.612,0.059,8120,15600,,1.00,1,0,4112x2570,L,2
26202,8.304,0.000,0.335,0.033,0.000,0.009,0.040,0.000,5.757,0.066,5.624,0.067,8120,15600,,1.00,1,0,4112x2570,L,2
26203,8.359,0.758,0.318,0.044,0.000,0.009,0.046,0.000,5.748,0.077,5.605,0.066,8120,15600,,1.00,1,0,4112x2570,L,2
26204,8.326,0.000,0.394,0.033,0.000,0.014,0.067,0.000,5.780,0.093,5.621,0.066,8120,15600,,1.00,1,0,4112x2570,L,2
26205,8.345,0.870,0.337,0.034,0.000,0.011,0.066,0.000,5.734,0.084,5.591,0.059,8120,15600,,1.00,1,0,4112x2570,L,2
26206,8.328,0.000,0.424,0.033,0.000,0.012,0.046,0.000,5.861,0.080,5.715,0.066,8120,15600,,1.00,1,0,4112x2570,L,2
26207,8.366,0.928,0.374,0.037,0.000,0.015,0.075,0.000,5.805,0.093,5.656,0.056,8120,15600,,1.00,1,0,4112x2570,L,2
26208,8.235,0.000,0.444,0.045,0.000,0.014,0.069,0.000,5.836,0.085,5.694,0.057,8120,15600,,1.00,1,0,4112x2570,L,2
26209,8.436,0.940,0.366,0.037,0.000,0.012,0.072,0.000,5.801,0.088,5.654,0.059,8120,15600,,1.00,1,0,4112x2570,L,2
26210,8.235,0.000,0.482,0.053,0.000,0.020,0.053,0.000,5.924,0.099,5.766,0.059,8120,15600,,1.00,1,0,4112x2570,L,2
26211,8.383,1.022,0.443,0.045,0.000,0.016,0.064,0.000,5.920,0.064,5.800,0.057,8120,15600,,1.00,1,0,4112x2570,L,2
26212,8.360,0.000,0.540,0.054,0.000,0.019,0.095,0.000,5.932,0.087,5.786,0.058,8120,15600,,1.00,1,0,4112x2570,L,2
26213,8.267,1.033,0.467,0.065,0.000,0.017,0.093,0.000,6.022,0.057,5.911,0.055,8120,15600,,1.00,1,0,4112x2570,L,2
26214,8.280,0.000,0.540,0.089,0.000,0.032,0.064,0.000,6.038,0.085,5.896,0.058,8120,15600,,1.00,1,0,4112x2570,L,2
26215,8.334,1.057,0.447,0.051,0.000,0.016,0.064,0.000,6.034,0.048,5.935,0.051,8120,15600,,1.00,1,0,4112x2570,L,2
26216,8.384,0.000,0.499,0.051,0.000,0.017,0.059,0.000,6.165,0.083,6.020,0.062,8120,15600,,1.00,1,0,4112x2570,L,2
26217,8.429,1.016,0.467,0.069,0.000,0.018,0.078,0.000,6.122,0.025,6.044,0.052,8120,15600,,1.00,1,0,4112x2570,L,2
26218,8.220,0.000,0.567,0.084,0.000,0.023,0.078,0.000,6.118,0.093,5.967,0.058,8120,15600,,1.00,1,0,4112x2570,L,2
26219,8.342,1.064,0.442,0.064,0.000,0.017,0.071,0.000,6.154,0.054,6.041,0.059,8120,15600,,1.00,1,0,4112x2570,L,2
26220,8.313,0.000,0.500,0.118,0.000,0.031,0.079,0.000,6.071,0.086,5.935,0.050,8120,15600,,1.00,1,0,4112x2570,L,2
26221,8.618,1.010,0.359,0.079,0.000,0.025,0.118,0.000,6.063,0.019,5.999,0.044,8120,15600,,1.00,1,0,4112x2570,L,2
26222,8.536,0.000,0.596,0.115,0.000,0.036,0.121,0.000,6.136,0.068,6.023,0.045,8120,15600,,1.00,1,0,4112x2570,L,2
26223,8.969,1.702,0.682,0.159,0.000,0.041,0.109,0.000,6.276,0.096,6.127,0.053,8120,15600,,1.00,1,0,4112x2570,L,2
26224,8.670,0.000,0.815,0.126,0.000,0.035,0.117,0.000,0.158,0.104,0.000,0.053,8120,15600,,1.00,1,0,4112x2570,L,2
26225,7.806,1.661,0.709,0.118,0.000,0.043,0.069,0.000,6.147,0.080,6.020,0.047,8120,15600,,1.00,1,0,4112x2570,L,2
26226,8.202,0.000,0.503,0.117,0.000,0.030,0.104,0.000,6.146,0.020,6.080,0.047,8120,15600,,1.00,1,0,4112x2570,L,2
26227,7.729,1.090,0.440,0.081,0.000,0.021,0.067,0.000,5.524,0.020,5.460,0.045,8120,15600,,1.00,1,0,4112x2570,L,2
26228,7.934,0.000,0.362,0.067,0.000,0.017,0.064,0.000,5.458,0.020,5.394,0.045,8120,15600,,1.00,1,0,4112x2570,L,2
26229,8.314,0.895,0.352,0.074,0.000,0.019,0.074,0.000,5.486,0.068,5.373,0.045,8120,15600,,1.00,1,0,4112x2570,L,2
26230,8.269,0.000,0.349,0.076,0.000,0.018,0.057,0.000,5.483,0.068,5.372,0.044,8120,15600,,1.00,1,0,4112x2570,L,2
26231,16.697,0.767,0.284,0.057,0.000,0.015,0.082,0.000,5.483,0.058,5.380,0.045,8120,15600,,1.00,1,0,4112x2570,L,2
26232,8.217,0.673,0.285,0.068,0.000,0.021,0.051,0.000,5.482,0.065,5.373,0.044,8120,15600,,1.00,1,0,4112x2570,L,2
26233,8.333,0.000,0.315,0.064,0.000,0.015,0.053,0.000,5.482,0.056,5.382,0.044,8120,15600,,1.00,1,0,4112x2570,L,2
26234,8.310,0.563,0.259,0.057,0.000,0.020,0.057,0.000,5.483,0.066,5.373,0.044,8120,15600,,1.00,1,0,4112x2570,L,2
26235,8.326,0.000,0.290,0.057,0.000,0.014,0.052,0.000,5.481,0.066,5.372,0.043,8120,15600,,1.00,1,0,4112x2570,L,2
26236,8.283,0.651,0.254,0.059,0.000,0.015,0.055,0.000,5.480,0.063,5.375,0.042,8120,15600,,1.00,1,0,4112x2570,L,2
26237,8.364,0.000,0.321,0.052,0.000,0.015,0.058,0.000,5.483,0.074,5.365,0.044,8120,15600,,1.00,1,0,4112x2570,L,2
26238,8.342,0.592,0.249,0.060,0.000,0.016,0.057,0.000,5.483,0.075,5.365,0.043,8120,15600,,1.00,1,0,4112x2570,L,2
26239,8.255,0.000,0.329,0.060,0.000,0.015,0.044,0.000,5.484,0.063,5.377,0.044,8120,15600,,1.00,1,0,4112x2570,L,2
26240,8.328,0.562,0.244,0.058,0.000,0.020,0.051,0.000,5.483,0.071,5.369,0.044,8120,15600,,1.00,1,0,4112x2570,L,2
26241,8.353,0.000,0.319,0.057,0.000,0.014,0.056,0.000,5.487,0.070,5.373,0.045,8120,15600,,1.00,1,0,4112x2570,L,2
26242,8.322,0.556,0.253,0.065,0.000,0.017,0.047,0.000,5.484,0.071,5.367,0.046,8120,15600,,1.00,1,0,4112x2570,L,2
26243,8.236,0.000,0.280,0.063,0.000,0.021,0.047,0.000,5.484,0.058,5.382,0.044,8120,15600,,1.00,1,0,4112x2570,L,2
26244,8.341,0.589,0.264,0.062,0.000,0.014,0.049,0.000,5.484,0.059,5.380,0.044,8120,15600,,1.00,1,0,4112x2570,L,2
26245,8.393,0.000,0.292,0.053,0.000,0.015,0.052,0.000,5.484,0.067,5.373,0.044,8120,15600,,1.00,1,0,4112x2570,L,2
26246,8.206,0.627,0.249,0.060,0.000,0.017,0.042,0.000,5.479,0.066,5.369,0.044,8120,15600,,1.00,1,0,4112x2570,L,2
26247,8.238,0.000,0.286,0.038,0.000,0.016,0.038,0.000,5.528,0.062,5.420,0.046,8120,15600,,1.00,1,0,4112x2570,L,2
26248,8.350,0.624,0.250,0.040,0.000,0.010,0.045,0.000,5.477,0.060,5.371,0.046,8120,15600,,1.00,1,0,4112x2570,L,2
26249,8.269,0.000,0.266,0.041,0.000,0.008,0.032,0.000,5.476,0.065,5.364,0.046,8120,15600,,1.00,1,0,4112x2570,L,2
26250,8.347,0.570,0.234,0.028,0.000,0.012,0.039,0.000,5.579,0.074,5.462,0.043,8120,15600,,1.00,1,0,4112x2570,L,2
26251,8.327,0.000,0.266,0.029,0.000,0.008,0.040,0.000,5.585,0.075,5.464,0.047,8120,15600,,1.00,1,0,4112x2570,L,2
26252,8.295,0.656,0.260,0.034,0.000,0.010,0.039,0.000,5.675,0.077,5.552,0.046,8120,15600,,1.00,1,0,4112x2570,L,2
26253,8.311,0.000,0.261,0.026,0.000,0.007,0.034,0.000,5.847,0.070,5.714,0.063,8120,15600,,1.00,1,0,4112x2570,L,2
26254,8.419,0.528,0.218,0.027,0.000,0.007,0.028,0.000,5.842,0.083,5.704,0.055,8120,15600,,1.00,1,0,4112x2570,L,2
26255,8.293,0.000,0.246,0.024,0.000,0.008,0.047,0.000,5.884,0.071,5.766,0.048,8120,15600,,1.00,1,0,4112x2570,L,2
26256,8.318,0.655,0.239,0.041,0.000,0.010,0.047,0.000,5.926,0.087,5.788,0.051,8120,15600,,1.00,1,0,4112x2570,L,2
26257,8.311,0.000,0.281,0.028,0.000,0.008,0.032,0.000,6.112,0.048,6.017,0.047,8120,15600,,1.00,1,0,4112x2570,L,2
26258,8.333,0.639,0.215,0.026,0.000,0.007,0.041,0.000,6.013,0.070,5.896,0.047,8120,15600,,1.00,1,0,4112x2570,L,2
26259,8.283,0.000,0.288,0.030,0.000,0.010,0.031,0.000,6.294,0.063,6.186,0.045,8120,15600,,1.00,1,0,4112x2570,L,2
26260,8.353,0.506,0.216,0.026,0.000,0.008,0.055,0.000,6.127,0.055,6.026,0.045,8120,15600,,1.00,1,0,4112x2570,L,2
26261,8.378,0.000,0.271,0.028,0.000,0.009,0.055,0.000,6.103,0.067,5.991,0.045,8120,15600,,1.00,1,0,4112x2570,L,2
26262,8.407,0.661,0.244,0.034,0.000,0.016,0.062,0.000,6.197,0.048,6.110,0.039,8120,15600,,1.00,1,0,4112x2570,L,2
26263,8.634,0.000,0.276,0.055,0.000,0.013,0.058,0.000,6.294,0.076,6.166,0.052,8120,15600,,1.00,1,0,4112x2570,L,2
26264,8.019,0.639,0.228,0.047,0.000,0.011,0.037,0.000,6.312,0.052,6.204,0.056,8120,15600,,1.00,1,0,4112x2570,L,2
26265,8.338,0.000,0.266,0.029,0.000,0.007,0.043,0.000,6.222,0.022,6.155,0.046,8120,15600,,1.00,1,0,4112x2570,L,2
26266,8.280,0.677,0.296,0.050,0.000,0.015,0.047,0.000,6.131,0.068,6.013,0.050,8120,15600,,1.00,1,0,4112x2570,L,2
26267,8.280,0.000,0.262,0.040,0.000,0.010,0.058,0.000,6.151,0.020,6.069,0.062,8120,15600,,1.00,1,0,4112x2570,L,2
26268,8.389,0.650,0.259,0.040,0.000,0.012,0.052,0.000,6.014,0.053,5.918,0.044,8120,15600,,1.00,1,0,4112x2570,L,2
26269,8.413,0.000,0.263,0.060,0.000,0.016,0.057,0.000,5.983,0.083,5.855,0.045,8120,15600,,1.00,1,0,4112x2570,L,2
26270,8.207,0.609,0.242,0.059,0.000,0.017,0.062,0.000,5.979,0.077,5.856,0.046,8120,15600,,1.00,1,0,4112x2570,L,2
26271,8.232,0.000,0.296,0.040,0.000,0.011,0.043,0.000,5.913,0.019,5.848,0.046,8120,15600,,1.00,1,0,4112x2570,L,2
26272,8.460,0.749,0.246,0.038,0.000,0.009,0.059,0.000,5.997,0.083,5.867,0.047,8120,15600,,1.00,1,0,4112x2570,L,2
26273,8.234,0.000,0.334,0.046,0.000,0.014,0.054,0.000,5.874,0.083,5.745,0.046,8120,15600,,1.00,1,0,4112x2570,L,2
26274,8.265,0.660,0.299,0.033,0.000,0.010,0.055,0.000,5.885,0.070,5.769,0.047,8120,15600,,1.00,1,0,4112x2570,L,2
26275,8.295,0.000,0.272,0.033,0.000,0.013,0.044,0.000,5.893,0.070,5.776,0.047,8120,15600,,1.00,1,0,4112x2570,L,2
26276,8.378,0.683,0.282,0.026,0.000,0.009,0.048,0.000,5.898,0.070,5.781,0.047,8120,15600,,1.00,1,0,4112x2570,L,2
26277,8.302,0.000,0.254,0.022,0.000,0.008,0.046,0.000,5.888,0.068,5.774,0.046,8120,15600,,1.00,1,0,4112x2570,L,2
26278,8.296,0.626,0.240,0.020,0.000,0.007,0.048,0.000,5.996,0.058,5.891,0.047,8120,15600,,1.00,1,0,4112x2570,L,2
26279,8.336,0.000,0.374,0.021,0.000,0.010,0.032,0.000,5.996,0.037,5.913,0.046,8120,15600,,1.00,1,0,4112x2570,L,2
26280,8.309,0.554,0.227,0.023,0.000,0.007,0.047,0.000,5.997,0.068,5.884,0.045,8120,15600,,1.00,1,0,4112x2570,L,2
26281,8.361,0.000,0.260,0.028,0.000,0.009,0.042,0.000,6.004,0.036,5.920,0.048,8120,15600,,1.00,1,0,4112x2570,L,2
26282,8.485,0.642,0.224,0.027,0.000,0.014,0.071,0.000,5.999,0.070,5.887,0.042,8120,15600,,1.00,1,0,4112x2570,L,2
26283,8.267,0.000,0.308,0.061,0.000,0.014,0.067,0.000,5.976,0.081,5.849,0.045,8120,15600,,1.00,1,0,4112x2570,L,2
26284,8.309,0.675,0.252,0.054,0.000,0.013,0.069,0.000,5.999,0.072,5.884,0.042,8120,15600,,1.00,1,0,4112x2570,L,2
26285,8.384,0.001,0.277,0.056,0.000,0.015,0.063,0.000,5.981,0.078,5.862,0.041,8120,15600,,1.00,1,0,4112x2570,L,2
26286,8.190,0.665,0.226,0.068,0.000,0.015,0.051,0.000,5.970,0.080,5.843,0.046,8120,15600,,1.00,1,0,4112x2570,L,2
26287,8.321,0.000,0.266,0.051,0.000,0.012,0.055,0.000,6.101,0.020,6.036,0.046,8120,15600,,1.00,1,0,4112x2570,L,2
26288,8.305,0.629,0.229,0.042,0.000,0.011,0.047,0.000,6.094,0.070,5.978,0.047,8120,15600,,1.00,1,0,4112x2570,L,2
26289,8.280,0.000,0.272,0.037,0.000,0.012,0.045,0.000,6.132,0.067,6.018,0.047,8120,15600,,1.00,1,0,4112x2570,L,2
26290,8.351,0.634,0.241,0.035,0.000,0.010,0.046,0.000,6.102,0.070,5.986,0.046,8120,15600,,1.00,1,0,4112x2570,L,2
26291,8.314,0.000,0.279,0.034,0.000,0.010,0.039,0.000,6.111,0.054,6.012,0.046,8120,15600,,1.00,1,0,4112x2570,L,2
26292,8.287,0.557,0.233,0.031,0.000,0.011,0.031,0.000,6.204,0.075,6.083,0.046,8120,15600,,1.00,1,0,4112x2570,L,2
26293,8.338,0.000,0.261,0.031,0.000,0.013,0.033,0.000,6.192,0.021,6.124,0.047,8120,15600,,1.00,1,0,4112x2570,L,2
26294,8.423,0.505,0.216,0.023,0.000,0.007,0.055,0.000,6.427,0.082,6.281,0.064,8120,15600,,1.00,1,0,4112x2570,L,2
26295,8.354,0.000,0.311,0.032,0.000,0.010,0.036,0.000,6.143,0.047,6.036,0.059,8120,15600,,1.00,1,0,4112x2570,L,2
26296,8.279,0.778,0.260,0.026,0.000,0.009,0.067,0.000,6.069,0.072,5.937,0.060,8120,15600,,1.00,1,0,4112x2570,L,2
26297,8.396,0.000,0.336,0.046,0.000,0.013,0.057,0.000,6.097,0.047,5.988,0.062,8120,15600,,1.00,1,0,4112x2570,L,2
26298,8.235,0.712,0.280,0.028,0.000,0.009,0.061,0.000,6.043,0.072,5.913,0.058,8120,15600,,1.00,1,0,4112x2570,L,2
26299,8.422,0.000,0.339,0.040,0.000,0.021,0.050,0.000,6.077,0.052,5.960,0.065,8120,15600,,1.00,1,0,4112x2570,L,2
26300,8.328,0.864,0.301,0.036,0.000,0.011,0.055,0.000,6.065,0.076,5.923,0.066,8120,15600,,1.00,1,0,4112x2570,L,2
26301,8.389,0.000,0.332,0.043,0.000,0.010,0.060,0.000,5.986,0.067,5.861,0.058,8120,15600,,1.00,1,0,4112x2570,L,2
26302,8.268,0.961,0.336,0.035,0.000,0.011,0.041,0.000,5.945,0.080,5.811,0.054,8120,15600,,1.00,1,0,4112x2570,L,2
26303,8.284,0.000,0.379,0.036,0.000,0.013,0.040,0.000,5.916,0.061,5.794,0.061,8120,15600,,1.00,1,0,4112x2570,L,2
26304,8.529,0.833,0.301,0.033,0.000,0.010,0.067,0.000,5.943,0.080,5.799,0.064,8120,15600,,1.00,1,0,4112x2570,L,2
26305,8.139,0.000,0.371,0.038,0.000,0.012,0.056,0.000,5.942,0.069,5.813,0.061,8120,15600,,1.00,1,0,4112x2570,L,2
26306,8.377,1.076,0.346,0.039,0.000,0.011,0.059,0.000,5.975,0.066,5.849,0.061,8120,15600,,1.00,1,0,4112x2570,L,2
26307,8.331,0.000,0.371,0.032,0.000,0.010,0.054,0.000,5.928,0.073,5.799,0.055,8120,15600,,1.00,1,0,4112x2570,L,2
26308,8.302,0.903,0.351,0.035,0.000,0.012,0.041,0.000,5.974,0.067,5.850,0.056,8120,15600,,1.00,1,0,4112x2570,L,2
26309,8.333,0.000,0.390,0.033,0.000,0.012,0.058,0.000,5.938,0.100,5.779,0.059,8120,15600,,1.00,1,0,4112x2570,L,2
26310,8.325,0.933,0.387,0.038,0.000,0.012,0.054,0.000,5.976,0.067,5.847,0.062,8120,15600,,1.00,1,0,4112x2570,L,2
26311,8.359,0.000,0.442,0.038,0.000,0.012,0.071,0.000,5.936,0.096,5.778,0.062,8120,15600,,1.00,1,0,4112x2570,L,2
26312,8.327,0.916,0.386,0.039,0.000,0.012,0.081,0.000,5.974,0.076,5.833,0.064,8120,15600,,1.00,1,0,4112x2570,L,2
26313,8.335,0.000,0.419,0.039,0.000,0.015,0.057,0.000,5.898,0.083,5.762,0.053,8120,15600,,1.00,1,0,4112x2570,L,2
26314,8.315,0.954,0.404,0.043,0.000,0.014,0.078,0.000,5.937,0.064,5.819,0.054,8120,15600,,1.00,1,0,4112x2570,L,2
26315,8.344,0.000,0.470,0.047,0.000,0.015,0.064,0.000,5.926,0.088,5.780,0.057,8120,15600,,1.00,1,0,4112x2570,L,2
26316,8.289,1.015,0.446,0.046,0.000,0.014,0.051,0.000,6.004,0.046,5.893,0.064,8120,15600,,1.00,1,0,4112x2570,L,2
26317,8.288,0.000,0.512,0.045,0.000,0.023,0.056,0.000,6.049,0.090,5.896,0.063,8120,15600,,1.00,1,0,4112x2570,L,2
26318,8.403,1.021,0.436,0.044,0.000,0.013,0.048,0.000,6.006,0.021,5.935,0.050,8120,15600,,1.00,1,0,4112x2570,L,2
26319,8.337,0.000,0.524,0.049,0.000,0.021,0.065,0.000,6.043,0.102,5.884,0.058,8120,15600,,1.00,1,0,4112x2570,L,2
26320,8.325,1.264,0.500,0.056,0.000,0.016,0.086,0.000,5.963,0.059,5.844,0.061,8120,15600,,1.00,1,0,4112x2570,L,2
26321,8.279,0.000,0.599,0.059,0.000,0.029,0.063,0.000,6.054,0.093,5.890,0.072,8120,15600,,1.00,1,0,4112x2570,L,2
26322,8.317,1.231,0.491,0.057,0.000,0.017,0.062,0.000,6.053,0.054,5.936,0.063,8120,15600,,1.00,1,0,4112x2570,L,2
26323,8.786,0.000,0.640,0.054,0.000,0.016,0.140,0.000,6.036,0.081,5.900,0.055,8120,15600,,1.00,1,0,4112x2570,L,2
26324,8.415,1.519,0.601,0.068,0.000,0.026,0.082,0.000,5.988,0.024,5.913,0.051,8120,15600,,1.00,1,0,4112x2570,L,2
26325,8.489,0.000,0.509,0.057,0.000,0.017,0.125,0.000,5.905,0.020,5.827,0.057,8120,15600,,1.00,1,0,4112x2570,L,2
26326,7.636,1.580,0.695,0.139,0.000,0.049,0.080,0.000,5.887,0.042,5.788,0.057,8120,15600,,1.00,1,0,4112x2570,L,2
26327,8.863,0.000,0.514,0.072,0.000,0.017,0.205,0.000,6.204,0.059,6.078,0.067,8120,15600,,1.00,1,0,4112x2570,L,2
26328,8.957,1.521,0.609,0.156,0.000,0.047,0.121,0.000,5.863,0.029,5.777,0.057,8120,15600,,1.00,1,0,4112x2570,L,2
26329,8.685,0.000,0.761,0.144,0.000,0.039,0.130,0.000,5.731,0.042,5.634,0.055,8120,15600,,1.00,1,0,4112x2570,L,2
26330,9.225,1.482,0.654,0.152,0.000,0.039,0.258,0.000,5.673,0.023,5.595,0.054,8120,15600,,1.00,1,0,4112x2570,L,2
26331,8.186,0.001,0.744,0.075,0.000,0.026,0.082,0.000,5.954,0.097,5.800,0.057,8120,15600,,1.00,1,0,4112x2570,L,2
26332,7.891,1.222,0.480,0.053,0.000,0.015,0.072,0.000,5.903,0.041,5.805,0.057,8120,15600,,1.00,1,0,4112x2570,L,2
26333,7.859,0.000,0.508,0.058,0.000,0.022,0.064,0.000,5.698,0.046,5.595,0.056,8120,15600,,1.00,1,0,4112x2570,L,2
26334,6.725,1.179,0.492,0.056,0.000,0.018,0.072,0.000,5.539,0.040,5.448,0.051,8120,15600,,1.00,1,0,4112x2570,L,2
26335,8.426,0.000,0.548,0.058,0.000,0.020,0.095,0.000,5.629,0.041,5.539,0.050,8120,15600,,1.00,1,0,4112x2570,L,2
26336,8.235,0.891,0.404,0.059,0.000,0.017,0.067,0.000,5.530,0.073,5.399,0.058,8120,15600,,1.00,1,0,4112x2570,L,2
26337,8.269,0.000,0.385,0.069,0.000,0.013,0.063,0.000,5.545,0.062,5.429,0.055,8120,15600,,1.00,1,0,4112x2570,L,2
26338,8.279,1.006,0.372,0.053,0.000,0.014,0.059,0.000,5.516,0.064,5.396,0.056,8120,15600,,1.00,1,0,4112x2570,L,2
26339,8.350,0.000,0.385,0.044,0.000,0.011,0.070,0.000,5.527,0.056,5.411,0.060,8120,15600,,1.00,1,0,4112x2570,L,2
26340,8.315,0.957,0.388,0.041,0.000,0.014,0.053,0.000,5.519,0.079,5.387,0.053,8120,15600,,1.00,1,0,4112x2570,L,2
26341,8.618,0.000,0.406,0.054,0.000,0.013,0.074,0.000,5.491,0.063,5.381,0.047,8120,15600,,1.00,1,0,4112x2570,L,2
26342,8.228,1.086,0.470,0.082,0.000,0.024,0.073,0.000,5.480,0.069,5.366,0.045,8120,15600,,1.00,1,0,4112x2570,L,2
26343,8.282,0.000,0.456,0.085,0.000,0.023,0.089,0.000,5.494,0.033,5.401,0.059,8120,15600,,1.00,1,0,4112x2570,L,2
26344,8.242,1.050,0.376,0.067,0.000,0.020,0.068,0.000,5.523,0.066,5.397,0.060,8120,15600,,1.00,1,0,4112x2570,L,2
26345,8.523,0.000,0.485,0.051,0.000,0.015,0.099,0.000,5.559,0.067,5.438,0.054,8120,15600,,1.00,1,0,4112x2570,L,2
26346,8.262,1.544,0.396,0.064,0.000,0.019,0.101,0.000,5.564,0.057,5.448,0.059,8120,15600,,1.00,1,0,4112x2570,L,2
26347,8.154,0.000,0.505,0.052,0.000,0.016,0.069,0.000,5.520,0.071,5.392,0.057,8120,15600,,1.00,1,0,4112x2570,L,2
26348,8.554,1.255,0.490,0.056,0.000,0.017,0.097,0.000,5.535,0.069,5.410,0.057,8120,15600,,1.00,1,0,4112x2570,L,2
26349,9.091,0.000,0.555,0.077,0.000,0.028,0.214,0.000,5.502,0.063,5.388,0.051,8120,15600,,1.00,1,0,4112x2570,L,2
26350,7.382,1.458,0.693,0.137,0.000,0.050,0.100,0.000,5.450,0.080,5.326,0.045,8120,15600,,1.00,1,0,4112x2570,L,2
26351,9.111,0.000,0.556,0.075,0.000,0.020,0.211,0.000,5.441,0.018,5.371,0.052,8120,15600,,1.00,1,0,4112x2570,L,2
26352,7.529,1.505,0.721,0.140,0.000,0.051,0.082,0.000,5.432,0.019,5.368,0.045,8120,15600,,1.00,1,0,4112x2570,L,2
26353,9.287,0.000,0.526,0.063,0.000,0.018,0.205,0.000,5.535,0.047,5.437,0.051,8120,15600,,1.00,1,0,4112x2570,L,2
26354,7.307,1.684,0.494,0.061,0.000,0.019,0.070,0.000,5.358,0.021,5.292,0.046,8120,15600,,1.00,1,0,4112x2570,L,2
26355,9.041,0.000,0.499,0.054,0.000,0.016,0.180,0.000,5.484,0.058,5.367,0.059,8120,15600,,1.00,1,0,4112x2570,L,2
26356,7.628,1.576,0.775,0.131,0.000,0.042,0.078,0.000,5.441,0.019,5.361,0.062,8120,15600,,1.00,1,0,4112x2570,L,2
26357,8.878,0.000,0.697,0.129,0.000,0.047,0.214,0.000,5.318,0.018,5.247,0.054,8120,15600,,1.00,1,0,4112x2570,L,2
26358,8.080,1.653,0.693,0.135,0.000,0.043,0.127,0.000,5.514,0.065,5.396,0.053,8120,15600,,1.00,1,0,4112x2570,L,2
26359,7.693,0.001,0.740,0.153,0.000,0.041,0.080,0.000,5.521,0.092,5.378,0.052,8120,15600,,1.00,1,0,4112x2570,L,2
26360,9.475,1.581,0.497,0.086,0.000,0.022,0.199,0.000,5.478,0.018,5.407,0.054,8120,15600,,1.00,1,0,4112x2570,L,2
26361,7.699,0.001,0.841,0.153,0.000,0.049,0.114,0.000,5.526,0.021,5.453,0.053,8120,15600,,1.00,1,0,4112x2570,L,2
26362,8.208,1.568,0.630,0.153,0.000,0.046,0.184,0.000,5.501,0.020,5.420,0.061,8120,15600,,1.00,1,0,4112x2570,L,2
26363,8.358,0.001,0.783,0.158,0.000,0.059,0.093,0.000,5.490,0.024,5.413,0.053,8120,15600,,1.00,1,0,4112x2570,L,2
26364,7.618,1.589,0.702,0.141,0.000,0.052,0.069,0.000,5.605,0.085,5.466,0.055,8120,15600,,1.00,1,0,4112x2570,L,2
26365,8.597,0.000,0.439,0.062,0.000,0.015,0.090,0.000,5.725,0.080,5.590,0.054,8120,15600,,1.00,1,0,4112x2570,L,2
26366,8.144,1.062,0.419,0.091,0.000,0.024,0.066,0.000,5.717,0.081,5.591,0.045,8120,15600,,1.00,1,0,4112x2570,L,2
26367,8.214,0.000,0.361,0.061,0.000,0.015,0.076,0.000,5.772,0.049,5.679,0.044,8120,15600,,1.00,1,0,4112x2570,L,2
26368,8.204,0.847,0.292,0.060,0.000,0.016,0.050,0.000,5.918,0.079,5.790,0.050,8120,15600,,1.00,1,0,4112x2570,L,2
26369,8.308,0.000,0.335,0.040,0.000,0.010,0.064,0.000,5.992,0.048,5.899,0.044,8120,15600,,1.00,1,0,4112x2570,L,2
26370,8.480,0.715,0.304,0.046,0.000,0.013,0.078,0.000,5.997,0.074,5.880,0.042,8120,15600,,1.00,1,0,4112x2570,L,2
26371,8.278,0.000,0.306,0.061,0.000,0.014,0.052,0.000,6.083,0.075,5.966,0.042,8120,15600,,1.00,1,0,4112x2570,L,2
26372,8.255,0.605,0.304,0.057,0.000,0.015,0.047,0.000,6.095,0.019,6.033,0.043,8120,15600,,1.00,1,0,4112x2570,L,2
26373,8.396,0.000,0.362,0.075,0.000,0.020,0.060,0.000,6.131,0.020,6.069,0.043,8120,15600,,1.00,1,0,4112x2570,L,2
26374,8.445,0.702,0.311,0.061,0.000,0.017,0.183,0.000,6.248,0.067,6.138,0.043,8120,15600,,1.00,1,0,4112x2570,L,2
26375,8.111,0.000,0.347,0.071,0.000,0.023,0.061,0.000,6.244,0.020,6.181,0.043,8120,15600,,1.00,1,0,4112x2570,L,2
26376,8.283,0.543,0.286,0.052,0.000,0.014,0.048,0.000,6.230,0.020,6.166,0.044,8120,15600,,1.00,1,0,4112x2570,L,2
26377,8.402,0.000,0.276,0.057,0.000,0.015,0.053,0.000,6.222,0.047,6.129,0.045,8120,15600,,1.00,1,0,4112x2570,L,2
26378,8.313,0.648,0.240,0.059,0.000,0.015,0.062,0.000,6.248,0.067,6.138,0.044,8120,15600,,1.00,1,0,4112x2570,L,2
26379,8.285,0.000,0.300,0.074,0.000,0.018,0.062,0.000,6.233,0.061,6.127,0.044,8120,15600,,1.00,1,0,4112x2570,L,2
26380,8.343,0.588,0.237,0.053,0.000,0.014,0.043,0.000,6.233,0.059,6.130,0.044,8120,15600,,1.00,1,0,4112x2570,L,2
26381,8.340,0.000,0.319,0.051,0.000,0.013,0.049,0.000,6.249,0.081,6.123,0.045,8120,15600,,1.00,1,0,4112x2570,L,2
26382,8.294,0.521,0.269,0.052,0.000,0.013,0.055,0.000,6.251,0.020,6.185,0.046,8120,15600,,1.00,1,0,4112x2570,L,2
26383,8.491,0.000,0.281,0.056,0.000,0.018,0.065,0.000,6.224,0.056,6.125,0.043,8120,15600,,1.00,1,0,4112x2570,L,2
26384,8.178,0.666,0.244,0.066,0.000,0.016,0.042,0.000,6.247,0.079,6.126,0.043,8120,15600,,1.00,1,0,4112x2570,L,2
26385,8.278,0.000,0.282,0.061,0.000,0.013,0.055,0.000,6.229,0.021,6.163,0.044,8120,15600,,1.00,1,0,4112x2570,L,2
26386,8.290,0.556,0.235,0.056,0.000,0.014,0.068,0.000,6.225,0.059,6.122,0.045,8120,15600,,1.00,1,0,4112x2570,L,2
26387,8.362,0.000,0.351,0.052,0.000,0.012,0.045,0.000,6.202,0.021,6.136,0.045,8120,15600,,1.00,1,0,4112x2570,L,2
26388,8.306,0.494,0.398,0.053,0.000,0.015,0.056,0.000,6.206,0.020,6.141,0.045,8120,15600,,1.00,1,0,4112x2570,L,2
26389,8.293,0.000,0.284,0.068,0.000,0.016,0.048,0.000,6.255,0.020,6.191,0.044,8120,15600,,1.00,1,0,4112x2570,L,2
26390,8.308,0.567,0.242,0.052,0.000,0.014,0.066,0.000,6.229,0.020,6.164,0.045,8120,15600,,1.00,1,0,4112x2570,L,2
26391,8.321,0.000,0.287,0.052,0.000,0.013,0.056,0.000,6.215,0.062,6.108,0.045,8120,15600,,1.00,1,0,4112x2570,L,2
26392,8.386,0.518,0.247,0.049,0.000,0.013,0.050,0.000,6.187,0.020,6.123,0.045,8120,15600,,1.00,1,0,4112x2570,L,2
26393,8.265,0.000,0.280,0.067,0.000,0.015,0.050,0.000,6.225,0.053,6.124,0.047,8120,15600,,1.00,1,0,4112x2570,L,2
26394,8.293,0.526,0.275,0.063,0.000,0.018,0.044,0.000,6.157,0.019,6.093,0.045,8120,15600,,1.00,1,0,4112x2570,L,2
26395,8.389,0.000,0.285,0.050,0.000,0.013,0.092,0.000,6.199,0.019,6.135,0.044,8120,15600,,1.00,1,0,4112x2570,L,2
26396,8.239,0.513,0.273,0.048,0.000,0.014,0.045,0.000,6.171,0.020,6.109,0.042,8120,15600,,1.00,1,0,4112x2570,L,2
26397,8.376,0.000,0.319,0.050,0.000,0.012,0.049,0.000,6.112,0.020,6.050,0.042,8120,15600,,1.00,1,0,4112x2570,L,2
26398,8.341,0.691,0.262,0.053,0.000,0.018,0.104,0.000,6.180,0.078,6.060,0.042,8120,15600,,1.00,1,0,4112x2570,L,2
26399,8.322,0.000,0.426,0.048,0.000,0.014,0.067,0.000,6.116,0.067,6.007,0.042,8120,15600,,1.00,1,0,4112x2570,L,2
26400,8.297,0.482,0.255,0.051,0.000,0.014,0.053,0.000,6.091,0.073,5.976,0.042,8120,15600,,1.00,1,0,4112x2570,L,2
26401,8.282,0.000,0.291,0.051,0.000,0.014,0.060,0.000,6.106,0.062,6.002,0.042,8120,15600,,1.00,1,0,4112x2570,L,2
26402,8.305,0.652,0.247,0.057,0.000,0.015,0.048,0.000,6.089,0.076,5.971,0.043,8120,15600,,1.00,1,0,4112x2570,L,2
26403,8.354,0.000,0.382,0.054,0.000,0.012,0.053,0.000,6.104,0.059,6.005,0.041,8120,15600,,1.00,1,0,4112x2570,L,2
26404,8.285,0.553,0.252,0.057,0.000,0.017,0.051,0.000,6.088,0.071,5.974,0.043,8120,15600,,1.00,1,0,4112x2570,L,2
26405,8.292,0.000,0.405,0.049,0.000,0.012,0.048,0.000,6.110,0.058,6.006,0.046,8120,15600,,1.00,1,0,4112x2570,L,2
26406,8.287,0.658,0.238,0.047,0.000,0.012,0.047,0.000,6.097,0.074,5.979,0.044,8120,15600,,1.00,1,0,4112x2570,L,2
26407,8.379,0.000,0.283,0.046,0.000,0.012,0.063,0.000,6.106,0.052,6.011,0.043,8120,15600,,1.00,1,0,4112x2570,L,2
26408,8.276,0.551,0.232,0.049,0.000,0.011,0.047,0.000,6.103,0.067,5.993,0.043,8120,15600,,1.00,1,0,4112x2570,L,2
26409,8.310,0.000,0.277,0.044,0.000,0.014,0.047,0.000,6.007,0.054,5.909,0.044,8120,15600,,1.00,1,0,4112x2570,L,2
26410,8.356,0.510,0.222,0.042,0.000,0.011,0.049,0.000,5.998,0.073,5.880,0.044,8120,15600,,1.00,1,0,4112x2570,L,2
26411,8.341,0.000,0.287,0.049,0.000,0.011,0.053,0.000,6.099,0.072,5.984,0.043,8120,15600,,1.00,1,0,4112x2570,L,2
26412,8.298,0.642,0.227,0.046,0.000,0.016,0.047,0.000,6.086,0.044,6.000,0.043,8120,15600,,1.00,1,0,4112x2570,L,2
26413,8.338,0.000,0.284,0.044,0.000,0.010,0.043,0.000,6.099,0.078,5.978,0.043,8120,15600,,1.00,1,0,4112x2570,L,2
26414,8.281,0.549,0.221,0.043,0.000,0.013,0.048,0.000,6.098,0.059,5.996,0.044,8120,15600,,1.00,1,0,4112x2570,L,2
26415,8.328,0.000,0.258,0.040,0.000,0.013,0.047,0.000,6.094,0.073,5.977,0.044,8120,15600,,1.00,1,0,4112x2570,L,2
26416,8.358,0.517,0.268,0.041,0.000,0.011,0.052,0.000,6.009,0.019,5.946,0.044,8120,15600,,1.00,1,0,4112x2570,L,2
26417,8.281,0.000,0.279,0.042,0.000,0.010,0.041,0.000,6.093,0.067,5.981,0.044,8120,15600,,1.00,1,0,4112x2570,L,2
26418,8.344,0.516,0.234,0.041,0.000,0.011,0.048,0.000,6.052,0.020,5.989,0.043,8120,15600,,1.00,1,0,4112x2570,L,2
26419,8.320,0.000,0.274,0.044,0.000,0.013,0.058,0.000,6.093,0.070,5.982,0.041,8120,15600,,1.00,1,0,4112x2570,L,2
26420,8.289,0.496,0.224,0.044,0.000,0.016,0.044,0.000,6.085,0.056,5.987,0.042,8120,15600,,1.00,1,0,4112x2570,L,2
26421,8.368,0.000,0.288,0.043,0.000,0.012,0.048,0.000,6.104,0.067,5.993,0.044,8120,15600,,1.00,1,0,4112x2570,L,2
26422,8.288,0.585,0.243,0.050,0.000,0.018,0.040,0.000,6.191,0.064,6.081,0.046,8120,15600,,1.00,1,0,4112x2570,L,2
26423,8.340,0.000,0.276,0.040,0.000,0.010,0.042,0.000,6.283,0.043,6.193,0.046,8120,15600,,1.00,1,0,4112x2570,L,2
26424,8.256,0.497,0.211,0.029,0.000,0.008,0.027,0.000,6.105,0.063,5.983,0.059,8120,15600,,1.00,1,0,4112x2570,L,2
26425,8.366,0.000,0.251,0.026,0.000,0.007,0.030,0.000,6.053,0.067,5.940,0.046,8120,15600,,1.00,1,0,4112x2570,L,2
26426,8.293,0.499,0.224,0.025,0.000,0.007,0.052,0.000,6.068,0.059,5.951,0.057,8120,15600,,1.00,1,0,4112x2570,L,2
26427,8.389,0.000,0.275,0.029,0.000,0.010,0.036,0.000,6.091,0.079,5.955,0.057,8120,15600,,1.00,1,0,4112x2570,L,2
26428,8.238,0.687,0.232,0.024,0.000,0.008,0.032,0.000,6.081,0.069,5.959,0.053,8120,15600,,1.00,1,0,4112x2570,L,2
26429,8.401,0.000,0.267,0.022,0.000,0.007,0.049,0.000,6.072,0.087,5.925,0.060,8120,15600,,1.00,1,0,4112x2570,L,2
26430,8.293,0.563,0.240,0.027,0.000,0.009,0.034,0.000,6.084,0.061,5.967,0.056,8120,15600,,1.00,1,0,4112x2570,L,2
26431,8.388,0.000,0.286,0.025,0.000,0.007,0.041,0.000,6.100,0.070,5.968,0.062,8120,15600,,1.00,1,0,4112x2570,L,2
26432,8.270,0.589,0.240,0.025,0.000,0.008,0.059,0.000,6.094,0.069,5.973,0.053,8120,15600,,1.00,1,0,4112x2570,L,2
26433,8.342,0.000,0.287,0.024,0.000,0.013,0.032,0.000,6.029,0.073,5.903,0.052,8120,15600,,1.00,1,0,4112x2570,L,2
26434,8.279,0.610,0.252,0.022,0.000,0.014,0.029,0.000,6.099,0.058,5.981,0.060,8120,15600,,1.00,1,0,4112x2570,L,2
26435,8.437,0.000,0.295,0.024,0.000,0.007,0.059,0.000,6.050,0.079,5.909,0.062,8120,15600,,1.00,1,0,4112x2570,L,2
26436,8.318,0.676,0.277,0.029,0.000,0.009,0.046,0.000,6.052,0.060,5.933,0.059,8120,15600,,1.00,1,0,4112x2570,L,2
26437,8.334,0.000,0.316,0.025,0.000,0.012,0.054,0.000,6.064,0.092,5.918,0.054,8120,15600,,1.00,1,0,4112x2570,L,2
26438,8.420,0.732,0.295,0.030,0.000,0.012,0.071,0.000,6.017,0.038,5.929,0.050,8120,15600,,1.00,1,0,4112x2570,L,2
26439,8.246,0.000,0.340,0.052,0.000,0.017,0.066,0.000,6.004,0.076,5.879,0.048,8120,15600,,1.00,1,0,4112x2570,L,2
26440,8.292,0.626,0.285,0.038,0.000,0.011,0.037,0.000,6.038,0.035,5.948,0.056,8120,15600,,1.00,1,0,4112x2570,L,2
26441,8.370,0.000,0.320,0.030,0.000,0.012,0.060,0.000,6.079,0.070,5.951,0.057,8120,15600,,1.00,1,0,4112x2570,L,2
26442,8.322,0.659,0.271,0.028,0.000,0.009,0.039,0.000,6.067,0.064,5.947,0.056,8120,15600,,1.00,1,0,4112x2570,L,2
26443,8.286,0.000,0.299,0.026,0.000,0.008,0.060,0.000,6.056,0.081,5.916,0.059,8120,15600,,1.00,1,0,4112x2570,L,2
26444,8.424,0.956,0.305,0.037,0.000,0.012,0.066,0.000,6.028,0.067,5.915,0.047,8120,15600,,1.00,1,0,4112x2570,L,2
26445,8.296,0.000,0.337,0.035,0.000,0.013,0.061,0.000,6.112,0.072,5.985,0.055,8120,15600,,1.00,1,0,4112x2570,L,2
26446,8.345,0.695,0.342,0.035,0.000,0.011,0.059,0.000,6.064,0.043,5.975,0.046,8120,15600,,1.00,1,0,4112x2570,L,2
26447,8.283,0.000,0.341,0.043,0.000,0.011,0.052,0.000,6.084,0.070,5.968,0.045,8120,15600,,1.00,1,0,4112x2570,L,2
26448,8.392,0.766,0.370,0.044,0.000,0.012,0.069,0.000,6.060,0.049,5.967,0.044,8120,15600,,1.00,1,0,4112x2570,L,2
26449,8.207,0.000,0.368,0.057,0.000,0.014,0.049,0.000,6.078,0.084,5.949,0.045,8120,15600,,1.00,1,0,4112x2570,L,2
26450,8.329,0.815,0.271,0.045,0.000,0.011,0.052,0.000,6.094,0.052,5.998,0.044,8120,15600,,1.00,1,0,4112x2570,L,2
26451,8.337,0.000,0.292,0.041,0.000,0.010,0.043,0.000,6.097,0.092,5.961,0.044,8120,15600,,1.00,1,0,4112x2570,L,2
26452,8.255,0.524,0.263,0.041,0.000,0.011,0.059,0.000,6.183,0.044,6.094,0.045,8120,15600,,1.00,1,0,4112x2570,L,2
26453,8.420,0.000,0.295,0.050,0.000,0.014,0.057,0.000,6.160,0.021,6.094,0.045,8120,15600,,1.00,1,0,4112x2570,L,2
26454,8.259,0.657,0.242,0.044,0.000,0.015,0.052,0.000,6.187,0.062,6.079,0.045,8120,15600,,1.00,1,0,4112x2570,L,2
26455,8.293,0.000,0.272,0.041,0.000,0.014,0.042,0.000,6.146,0.020,6.081,0.045,8120,15600,,1.00,1,0,4112x2570,L,2
26456,8.226,0.502,0.222,0.037,0.000,0.010,0.036,0.000,6.218,0.053,6.119,0.045,8120,15600,,1.00,1,0,4112x2570,L,2
26457,8.393,0.000,0.303,0.033,0.000,0.010,0.041,0.000,6.199,0.032,6.121,0.045,8120,15600,,1.00,1,0,4112x2570,L,2
26458,8.327,0.552,0.229,0.032,0.000,0.008,0.038,0.000,6.205,0.070,6.092,0.044,8120,15600,,1.00,1,0,4112x2570,L,2
26459,8.270,0.000,0.294,0.033,0.000,0.013,0.042,0.000,6.222,0.063,6.113,0.046,8120,15600,,1.00,1,0,4112x2570,L,2
26460,8.405,0.498,0.224,0.034,0.000,0.008,0.041,0.000,6.237,0.065,6.126,0.046,8120,15600,,1.00,1,0,4112x2570,L,2
26461,8.387,0.000,0.279,0.035,0.000,0.014,0.048,0.000,6.251,0.086,6.118,0.047,8120,15600,,1.00,1,0,4112x2570,L,2
26462,8.727,0.550,0.330,0.049,0.000,0.014,0.113,0.000,6.225,0.057,6.122,0.047,8120,15600,,1.00,1,0,4112x2570,L,2
26463,8.782,0.000,0.702,0.105,0.000,0.038,0.131,0.000,6.248,0.083,6.119,0.047,8120,15600,,1.00,1,0,4112x2570,L,2
26464,8.054,1.748,0.611,0.130,0.000,0.039,0.123,0.000,6.183,0.072,6.066,0.045,8120,15600,,1.00,1,0,4112x2570,L,2
26465,8.716,0.001,0.677,0.132,0.000,0.040,0.127,0.000,6.178,0.020,6.114,0.044,8120,15600,,1.00,1,0,4112x2570,L,2
26466,8.163,1.824,0.653,0.128,0.000,0.039,0.127,0.000,6.059,0.073,5.941,0.044,8120,15600,,1.00,1,0,4112x2570,L,2
26467,8.761,0.000,0.711,0.153,0.000,0.040,0.128,0.000,6.124,0.020,6.060,0.044,8120,15600,,1.00,1,0,4112x2570,L,2
26468,7.936,1.639,0.637,0.123,0.000,0.039,0.125,0.000,0.113,0.069,0.000,0.044,8120,15600,,1.00,1,0,4112x2570,L,2
26469,8.599,0.000,0.682,0.131,0.000,0.042,0.125,0.000,6.052,0.020,5.988,0.043,8120,15600,,1.00,1,0,4112x2570,L,2
26470,8.208,1.797,0.703,0.129,0.000,0.040,0.113,0.000,5.950,0.078,5.826,0.047,8120,15600,,1.00,1,0,4112x2570,L,2
26471,7.857,0.000,0.822,0.163,0.000,0.048,0.135,0.000,5.901,0.020,5.828,0.053,8120,15600,,1.00,1,0,4112x2570,L,2
26472,8.664,2.069,0.758,0.188,0.000,0.062,0.149,0.000,5.903,0.020,5.832,0.051,8120,15600,,1.00,1,0,4112x2570,L,2
26473,8.951,0.001,0.826,0.161,0.000,0.052,0.177,0.000,5.837,0.021,5.764,0.052,8120,15600,,1.00,1,0,4112x2570,L,2
26474,8.251,1.770,0.717,0.167,0.000,0.058,0.122,0.000,5.840,0.069,5.724,0.046,8120,15600,,1.00,1,0,4112x2570,L,2
26475,7.748,0.000,0.816,0.163,0.000,0.043,0.140,0.000,5.798,0.024,5.720,0.054,8120,15600,,1.00,1,0,4112x2570,L,2
26476,8.157,1.645,0.736,0.172,0.000,0.059,0.118,0.000,5.708,0.020,5.629,0.059,8120,15600,,1.00,1,0,4112x2570,L,2
26477,7.925,0.001,0.732,0.128,0.000,0.037,0.155,0.000,5.494,0.018,5.426,0.049,8120,15600,,1.00,1,0,4112x2570,L,2
26478,8.103,1.979,0.724,0.160,0.000,0.049,0.150,0.000,5.495,0.019,5.416,0.060,8120,15600,,1.00,1,0,4112x2570,L,2
26479,8.407,0.001,0.847,0.155,0.000,0.039,0.162,0.000,5.427,0.024,5.354,0.049,8120,15600,,1.00,1,0,4112x2570,L,2
26480,8.398,1.834,0.781,0.146,0.000,0.047,0.143,0.000,5.431,0.027,5.344,0.060,8120,15600,,1.00,1,0,4112x2570,L,2
26481,8.127,0.001,0.842,0.164,0.000,0.048,0.144,0.000,5.453,0.019,5.380,0.053,8120,15600,,1.00,1,0,4112x2570,L,2
26482,8.445,2.047,0.738,0.144,0.000,0.043,0.254,0.000,5.474,0.024,5.398,0.052,8120,15600,,1.00,1,0,4112x2570,L,2
26483,8.094,0.001,0.807,0.163,0.000,0.046,0.136,0.000,5.393,0.023,5.322,0.049,8120,15600,,1.00,1,0,4112x2570,L,2
26484,8.052,1.734,0.741,0.138,0.000,0.050,0.098,0.000,5.391,0.026,5.313,0.052,8120,15600,,1.00,1,0,4112x2570,L,2
26485,8.128,0.000,0.639,0.104,0.000,0.026,0.071,0.000,5.403,0.078,5.283,0.042,8120,15600,,1.00,1,0,4112x2570,L,2
26486,16.752,1.150,0.388,0.076,0.000,0.020,0.072,0.000,5.431,0.071,5.320,0.040,8120,15600,,1.00,1,0,4112x2570,L,2
26487,8.186,0.963,0.436,0.081,0.000,0.021,0.064,0.000,5.455,0.065,5.346,0.044,8120,15600,,1.00,1,0,4112x2570,L,2
26488,8.311,0.000,0.355,0.059,0.000,0.018,0.077,0.000,5.476,0.066,5.368,0.042,8120,15600,,1.00,1,0,4112x2570,L,2
26489,8.287,0.843,0.318,0.070,0.000,0.019,0.073,0.000,5.482,0.064,5.375,0.043,8120,15600,,1.00,1,0,4112x2570,L,2
26490,8.218,0.001,0.322,0.069,0.000,0.017,0.057,0.000,5.475,0.065,5.367,0.042,8120,15600,,1.00,1,0,4112x2570,L,2
26491,8.240,0.747,0.266,0.059,0.000,0.014,0.052,0.000,5.476,0.074,5.358,0.043,8120,15600,,1.00,1,0,4112x2570,L,2
26492,8.314,0.000,0.260,0.040,0.000,0.009,0.040,0.000,5.475,0.073,5.359,0.043,8120,15600,,1.00,1,0,4112x2570,L,2
26493,8.320,0.673,0.236,0.035,0.000,0.010,0.047,0.000,5.475,0.061,5.370,0.044,8120,15600,,1.00,1,0,4112x2570,L,2
26494,8.299,0.000,0.265,0.030,0.000,0.009,0.033,0.000,5.493,0.069,5.381,0.043,8120,15600,,1.00,1,0,4112x2570,L,2
26495,8.368,0.630,0.219,0.032,0.000,0.009,0.035,0.000,5.515,0.062,5.407,0.046,8120,15600,,1.00,1,0,4112x2570,L,2
26496,8.263,0.000,0.254,0.026,0.000,0.009,0.042,0.000,5.477,0.065,5.365,0.046,8120,15600,,1.00,1,0,4112x2570,L,2
26497,8.537,0.628,0.226,0.029,0.000,0.007,0.054,0.000,5.476,0.075,5.354,0.047,8120,15600,,1.00,1,0,4112x2570,L,2
26498,8.097,0.000,0.256,0.036,0.000,0.008,0.046,0.000,5.504,0.063,5.389,0.053,8120,15600,,1.00,1,0,4112x2570,L,2
26499,8.558,0.612,0.238,0.032,0.000,0.010,0.042,0.000,5.479,0.064,5.368,0.047,8120,15600,,1.00,1,0,4112x2570,L,2
26500,8.155,0.000,0.274,0.026,0.000,0.010,0.029,0.000,5.556,0.083,5.425,0.047,8120,15600,,1.00,1,0,4112x2570,L,2
26501,8.396,0.572,0.232,0.027,0.000,0.012,0.049,0.000,5.684,0.068,5.574,0.042,8120,15600,,1.00,1,0,4112x2570,L,2
26502,8.270,0.000,0.268,0.045,0.000,0.011,0.041,0.000,5.690,0.067,5.577,0.046,8120,15600,,1.00,1,0,4112x2570,L,2
26503,8.370,0.538,0.237,0.039,0.000,0.009,0.051,0.000,5.789,0.073,5.672,0.044,8120,15600,,1.00,1,0,4112x2570,L,2
26504,8.349,0.000,0.253,0.044,0.000,0.012,0.048,0.000,5.933,0.070,5.812,0.050,8120,15600,,1.00,1,0,4112x2570,L,2
26505,8.247,0.527,0.239,0.028,0.000,0.009,0.045,0.000,5.915,0.077,5.781,0.057,8120,15600,,1.00,1,0,4112x2570,L,2
26506,8.330,0.000,0.283,0.027,0.000,0.008,0.046,0.000,6.139,0.070,6.016,0.052,8120,15600,,1.00,1,0,4112x2570,L,2
26507,8.338,0.626,0.263,0.034,0.000,0.010,0.046,0.000,6.066,0.073,5.938,0.056,8120,15600,,1.00,1,0,4112x2570,L,2
26508,8.328,0.000,0.290,0.033,0.000,0.009,0.043,0.000,6.251,0.060,6.127,0.063,8120,15600,,1.00,1,0,4112x2570,L,2
26509,8.299,0.567,0.259,0.026,0.000,0.016,0.040,0.000,6.077,0.068,5.949,0.061,8120,15600,,1.00,1,0,4112x2570,L,2
26510,8.391,0.000,0.281,0.025,0.000,0.011,0.047,0.000,6.188,0.072,6.052,0.064,8120,15600,,1.00,1,0,4112x2570,L,2
26511,8.264,0.635,0.246,0.023,0.000,0.008,0.046,0.000,6.264,0.055,6.158,0.051,8120,15600,,1.00,1,0,4112x2570,L,2
26512,8.381,0.000,0.318,0.029,0.000,0.014,0.052,0.000,6.273,0.037,6.174,0.062,8120,15600,,1.00,1,0,4112x2570,L,2
26513,8.345,0.844,0.291,0.034,0.000,0.009,0.050,0.000,6.090,0.061,5.976,0.054,8120,15600,,1.00,1,0,4112x2570,L,2
26514,8.299,0.000,0.331,0.028,0.000,0.014,0.056,0.000,6.037,0.068,5.916,0.054,8120,15600,,1.00,1,0,4112x2570,L,2
26515,8.348,0.694,0.282,0.029,0.000,0.010,0.049,0.000,6.084,0.065,5.963,0.056,8120,15600,,1.00,1,0,4112x2570,L,2
26516,8.357,0.000,0.325,0.027,0.000,0.009,0.056,0.000,6.056,0.078,5.914,0.064,8120,15600,,1.00,1,0,4112x2570,L,2
26517,8.351,0.737,0.318,0.028,0.000,0.009,0.051,0.000,6.102,0.068,5.981,0.053,8120,15600,,1.00,1,0,4112x2570,L,2
26518,8.306,0.000,0.330,0.035,0.000,0.009,0.043,0.000,6.044,0.077,5.912,0.055,8120,15600,,1.00,1,0,4112x2570,L,2
26519,8.317,0.750,0.307,0.038,0.000,0.018,0.049,0.000,6.139,0.064,6.015,0.060,8120,15600,,1.00,1,0,4112x2570,L,2
26520,8.337,0.000,0.344,0.032,0.000,0.010,0.073,0.000,5.989,0.064,5.878,0.046,8120,15600,,1.00,1,0,4112x2570,L,2
26521,8.267,0.725,0.311,0.039,0.000,0.012,0.049,0.000,6.254,0.021,6.175,0.057,8120,15600,,1.00,1,0,4112x2570,L,2
26522,8.365,0.000,0.343,0.034,0.000,0.019,0.041,0.000,6.096,0.065,5.973,0.058,8120,15600,,1.00,1,0,4112x2570,L,2
26523,8.310,0.738,0.305,0.031,0.000,0.009,0.043,0.000,6.073,0.073,5.944,0.056,8120,15600,,1.00,1,0,4112x2570,L,2
26524,8.356,0.000,0.374,0.031,0.000,0.010,0.042,0.000,6.072,0.048,5.966,0.058,8120,15600,,1.00,1,0,4112x2570,L,2
26525,8.362,0.811,0.343,0.031,0.000,0.010,0.058,0.000,5.950,0.081,5.818,0.051,8120,15600,,1.00,1,0,4112x2570,L,2
26526,8.306,0.000,0.365,0.035,0.000,0.011,0.051,0.000,5.951,0.070,5.828,0.054,8120,15600,,1.00,1,0,4112x2570,L,2
26527,8.340,1.025,0.381,0.036,0.000,0.012,0.049,0.000,5.996,0.059,5.880,0.057,8120,15600,,1.00,1,0,4112x2570,L,2
26528,8.333,0.000,0.390,0.050,0.000,0.012,0.052,0.000,5.940,0.073,5.809,0.058,8120,15600,,1.00,1,0,4112x2570,L,2
26529,8.326,0.932,0.402,0.039,0.000,0.012,0.069,0.000,5.941,0.045,5.833,0.064,8120,15600,,1.00,1,0,4112x2570,L,2
26530,8.292,0.000,0.410,0.053,0.000,0.012,0.047,0.000,5.935,0.071,5.813,0.052,8120,15600,,1.00,1,0,4112x2570,L,2
26531,8.376,0.908,0.378,0.040,0.000,0.011,0.064,0.000,5.965,0.067,5.843,0.055,8120,15600,,1.00,1,0,4112x2570,L,2
26532,8.441,0.000,0.443,0.042,0.000,0.016,0.143,0.000,6.051,0.084,5.902,0.065,8120,15600,,1.00,1,0,4112x2570,L,2
26533,8.316,1.373,0.488,0.065,0.000,0.021,0.087,0.000,5.978,0.023,5.891,0.064,8120,15600,,1.00,1,0,4112x2570,L,2
26534,8.292,0.000,0.459,0.064,0.000,0.020,0.127,0.000,6.037,0.079,5.900,0.058,8120,15600,,1.00,1,0,4112x2570,L,2
26535,8.335,1.065,0.424,0.048,0.000,0.013,0.090,0.000,6.036,0.021,5.952,0.063,8120,15600,,1.00,1,0,4112x2570,L,2
26536,8.292,0.000,0.542,0.050,0.000,0.019,0.087,0.000,6.041,0.075,5.910,0.056,8120,15600,,1.00,1,0,4112x2570,L,2
26537,8.322,1.229,0.496,0.051,0.000,0.015,0.088,0.000,5.960,0.057,5.840,0.064,8120,15600,,1.00,1,0,4112x2570,L,2
26538,8.792,0.000,0.560,0.074,0.000,0.017,0.158,0.000,6.047,0.078,5.914,0.055,8120,15600,,1.00,1,0,4112x2570,L,2
26539,8.532,1.511,0.633,0.140,0.000,0.045,0.063,0.000,5.839,0.023,5.762,0.054,8120,15600,,1.00,1,0,4112x2570,L,2
26540,8.459,0.000,0.509,0.064,0.000,0.017,0.152,0.000,5.911,0.042,5.803,0.066,8120,15600,,1.00,1,0,4112x2570,L,2
26541,8.682,1.484,0.644,0.152,0.000,0.040,0.097,0.000,5.768,0.028,5.679,0.060,8120,15600,,1.00,1,0,4112x2570,L,2
26542,7.927,0.001,0.642,0.085,0.000,0.034,0.058,0.000,5.959,0.098,5.809,0.052,8120,15600,,1.00,1,0,4112x2570,L,2
26543,7.430,0.889,0.395,0.057,0.000,0.017,0.075,0.000,5.931,0.020,5.852,0.060,8120,15600,,1.00,1,0,4112x2570,L,2
26544,8.224,0.000,0.436,0.054,0.000,0.014,0.048,0.000,5.841,0.076,5.707,0.057,8120,15600,,1.00,1,0,4112x2570,L,2
26545,8.366,1.193,0.368,0.041,0.000,0.012,0.058,0.000,5.855,0.066,5.729,0.060,8120,15600,,1.00,1,0,4112x2570,L,2
26546,8.371,0.000,0.410,0.044,0.000,0.015,0.065,0.000,5.870,0.065,5.746,0.059,8120,15600,,1.00,1,0,4112x2570,L,2
26547,8.319,1.147,0.408,0.044,0.000,0.013,0.079,0.000,5.703,0.078,5.561,0.063,8120,15600,,1.00,1,0,4112x2570,L,2
26548,8.315,0.000,0.454,0.055,0.000,0.015,0.067,0.000,5.709,0.077,5.574,0.058,8120,15600,,1.00,1,0,4112x2570,L,2
26549,8.440,1.053,0.448,0.040,0.000,0.013,0.084,0.000,5.744,0.072,5.616,0.056,8120,15600,,1.00,1,0,4112x2570,L,2
26550,8.266,0.000,0.464,0.058,0.000,0.023,0.099,0.000,5.695,0.077,5.564,0.054,8120,15600,,1.00,1,0,4112x2570,L,2
26551,8.268,1.324,0.495,0.057,0.000,0.017,0.066,0.000,5.728,0.071,5.603,0.055,8120,15600,,1.00,1,0,4112x2570,L,2
26552,8.340,0.000,0.466,0.050,0.000,0.014,0.079,0.000,5.702,0.073,5.576,0.053,8120,15600,,1.00,1,0,4112x2570,L,2
26553,8.077,1.366,0.428,0.050,0.000,0.019,0.068,0.000,5.615,0.076,5.477,0.062,8120,15600,,1.00,1,0,4112x2570,L,2
26554,8.479,0.000,0.444,0.050,0.000,0.015,0.110,0.000,5.632,0.074,5.491,0.067,8120,15600,,1.00,1,0,4112x2570,L,2
26555,8.008,1.421,0.459,0.058,0.000,0.017,0.070,0.000,5.623,0.079,5.481,0.063,8120,15600,,1.00,1,0,4112x2570,L,2
26556,8.041,0.000,0.540,0.062,0.000,0.019,0.063,0.000,5.621,0.072,5.491,0.058,8120,15600,,1.00,1,0,4112x2570,L,2
26557,8.163,1.132,0.431,0.047,0.000,0.015,0.051,0.000,5.644,0.068,5.524,0.052,8120,15600,,1.00,1,0,4112x2570,L,2
26558,8.205,0.000,0.461,0.049,0.000,0.016,0.068,0.000,5.694,0.081,5.555,0.058,8120,15600,,1.00,1,0,4112x2570,L,2
26559,8.129,1.033,0.441,0.052,0.000,0.015,0.057,0.000,5.713,0.089,5.561,0.064,8120,15600,,1.00,1,0,4112x2570,L,2
26560,8.267,0.000,0.453,0.039,0.000,0.013,0.060,0.000,5.753,0.086,5.597,0.070,8120,15600,,1.00,1,0,4112x2570,L,2
26561,8.102,1.157,0.414,0.052,0.000,0.018,0.085,0.000,5.738,0.078,5.603,0.057,8120,15600,,1.00,1,0,4112x2570,L,2
26562,8.195,0.000,0.465,0.050,0.000,0.017,0.069,0.000,5.748,0.091,5.595,0.063,8120,15600,,1.00,1,0,4112x2570,L,2
26563,8.295,0.971,0.408,0.043,0.000,0.016,0.096,0.000,5.727,0.076,5.592,0.059,8120,15600,,1.00,1,0,4112x2570,L,2
26564,8.146,0.000,0.590,0.042,0.000,0.017,0.068,0.000,5.840,0.094,5.689,0.058,8120,15600,,1.00,1,0,4112x2570,L,2
26565,8.221,1.003,0.403,0.044,0.000,0.014,0.085,0.000,5.810,0.020,5.735,0.055,8120,15600,,1.00,1,0,4112x2570,L,2
26566,8.120,0.000,0.436,0.056,0.000,0.013,0.047,0.000,5.787,0.086,5.645,0.056,8120,15600,,1.00,1,0,4112x2570,L,2
26567,8.300,0.871,0.347,0.039,0.000,0.012,0.053,0.000,5.848,0.065,5.725,0.058,8120,15600,,1.00,1,0,4112x2570,L,2
26568,8.282,0.000,0.459,0.044,0.000,0.014,0.066,0.000,5.911,0.090,5.769,0.052,8120,15600,,1.00,1,0,4112x2570,L,2
26569,8.180,0.822,0.348,0.037,0.000,0.012,0.072,0.000,5.939,0.062,5.822,0.056,8120,15600,,1.00,1,0,4112x2570,L,2
26570,8.145,0.000,0.494,0.046,0.000,0.016,0.057,0.000,5.917,0.086,5.783,0.049,8120,15600,,1.00,1,0,4112x2570,L,2
26571,8.147,0.811,0.354,0.061,0.000,0.016,0.052,0.000,6.006,0.020,5.933,0.053,8120,15600,,1.00,1,0,4112x2570,L,2
26572,8.217,0.000,0.521,0.058,0.000,0.012,0.058,0.000,6.054,0.038,5.957,0.058,8120,15600,,1.00,1,0,4112x2570,L,2
26573,8.230,0.856,0.383,0.054,0.000,0.013,0.057,0.000,6.037,0.089,5.890,0.058,8120,15600,,1.00,1,0,4112x2570,L,2
26574,8.277,0.000,0.411,0.041,0.000,0.017,0.066,0.000,6.295,0.062,6.177,0.057,8120,15600,,1.00,1,0,4112x2570,L,2
26575,8.318,0.890,0.371,0.050,0.000,0.014,0.059,0.000,5.998,0.020,5.922,0.057,8120,15600,,1.00,1,0,4112x2570,L,2
26576,8.096,0.000,0.530,0.057,0.000,0.023,0.078,0.000,6.049,0.085,5.893,0.071,8120,15600,,1.00,1,0,4112x2570,L,2
26577,8.256,0.925,0.392,0.051,0.000,0.015,0.077,0.000,6.048,0.046,5.946,0.056,8120,15600,,1.00,1,0,4112x2570,L,2
26578,8.128,0.000,0.495,0.054,0.000,0.018,0.053,0.000,6.063,0.087,5.923,0.053,8120,15600,,1.00,1,0,4112x2570,L,2
26579,8.228,0.931,0.410,0.045,0.000,0.020,0.063,0.000,6.015,0.020,5.942,0.054,8120,15600,,1.00,1,0,4112x2570,L,2
26580,8.217,0.000,0.453,0.041,0.000,0.014,0.053,0.000,6.049,0.087,5.909,0.054,8120,15600,,1.00,1,0,4112x2570,L,2
26581,8.265,0.801,0.372,0.038,0.000,0.011,0.071,0.000,6.189,0.062,6.071,0.056,8120,15600,,1.00,1,0,4112x2570,L,2
26582,8.247,0.000,0.515,0.042,0.000,0.013,0.056,0.000,6.238,0.024,6.161,0.053,8120,15600,,1.00,1,0,4112x2570,L,2
26583,8.327,0.838,0.345,0.036,0.000,0.011,0.069,0.000,6.170,0.093,6.020,0.057,8120,15600,,1.00,1,0,4112x2570,L,2
26584,8.089,0.000,0.369,0.040,0.000,0.013,0.070,0.000,6.162,0.039,6.069,0.055,8120,15600,,1.00,1,0,4112x2570,L,2
26585,8.265,0.819,0.371,0.046,0.000,0.015,0.049,0.000,6.263,0.053,6.150,0.061,8120,15600,,1.00,1,0,4112x2570,L,2
26586,8.238,0.000,0.376,0.051,0.000,0.014,0.059,0.000,6.096,0.067,5.960,0.069,8120,15600,,1.00,1,0,4112x2570,L,2
26587,8.189,0.811,0.382,0.042,0.000,0.012,0.067,0.000,6.072,0.091,5.913,0.068,8120,15600,,1.00,1,0,4112x2570,L,2
26588,8.246,0.000,0.395,0.030,0.000,0.013,0.062,0.000,6.101,0.061,5.978,0.062,8120,15600,,1.00,1,0,4112x2570,L,2
26589,8.201,0.854,0.335,0.035,0.000,0.011,0.068,0.000,5.979,0.083,5.839,0.057,8120,15600,,1.00,1,0,4112x2570,L,2
26590,8.303,0.000,0.340,0.034,0.000,0.011,0.049,0.000,5.979,0.036,5.883,0.061,8120,15600,,1.00,1,0,4112x2570,L,2
26591,8.234,0.705,0.328,0.043,0.000,0.014,0.061,0.000,5.875,0.084,5.743,0.047,8120,15600,,1.00,1,0,4112x2570,L,2
26592,8.106,0.000,0.441,0.038,0.000,0.012,0.040,0.000,5.895,0.051,5.797,0.047,8120,15600,,1.00,1,0,4112x2570,L,2
26593,8.207,0.591,0.300,0.032,0.000,0.009,0.040,0.000,5.900,0.080,5.773,0.047,8120,15600,,1.00,1,0,4112x2570,L,2
26594,8.336,0.000,0.265,0.026,0.000,0.009,0.043,0.000,5.903,0.066,5.792,0.046,8120,15600,,1.00,1,0,4112x2570,L,2
26595,8.220,0.562,0.241,0.032,0.000,0.010,0.033,0.000,5.991,0.076,5.870,0.045,8120,15600,,1.00,1,0,4112x2570,L,2
26596,8.243,0.000,0.387,0.027,0.000,0.009,0.039,0.000,6.023,0.064,5.915,0.045,8120,15600,,1.00,1,0,4112x2570,L,2
26597,8.252,0.656,0.237,0.026,0.000,0.009,0.041,0.000,6.051,0.086,5.909,0.056,8120,15600,,1.00,1,0,4112x2570,L,2
26598,8.303,0.000,0.257,0.023,0.000,0.008,0.029,0.000,6.062,0.061,5.943,0.057,8120,15600,,1.00,1,0,4112x2570,L,2
26599,8.243,0.563,0.219,0.023,0.000,0.007,0.045,0.000,6.032,0.085,5.890,0.057,8120,15600,,1.00,1,0,4112x2570,L,2
26600,8.285,0.000,0.268,0.025,0.000,0.008,0.044,0.000,6.191,0.055,6.089,0.047,8120,15600,,1.00,1,0,4112x2570,L,2
26601,8.269,0.688,0.237,0.024,0.000,0.011,0.030,0.000,6.085,0.072,5.958,0.054,8120,15600,,1.00,1,0,4112x2570,L,2
26602,8.357,0.000,0.418,0.025,0.000,0.009,0.038,0.000,6.051,0.046,5.955,0.050,8120,15600,,1.00,1,0,4112x2570,L,2
26603,8.173,0.590,0.246,0.029,0.000,0.012,0.048,0.000,5.995,0.071,5.878,0.045,8120,15600,drag_start,1.00,1,1,4112x2570,L,2
26604,8.275,0.000,0.389,0.039,0.000,0.014,0.051,0.000,5.993,0.076,5.872,0.045,8120,15600,,1.00,1,1,4112x2570,L,2
26605,8.333,0.592,0.230,0.045,0.000,0.012,0.043,0.000,6.089,0.066,5.981,0.042,8120,15600,,1.00,1,1,4112x2570,L,2
26606,8.294,0.000,0.267,0.055,0.000,0.014,0.044,0.000,6.247,0.050,6.151,0.046,8120,15600,,1.00,1,1,4112x2570,L,2
26607,8.267,0.630,0.228,0.037,0.000,0.009,0.053,0.000,6.021,0.065,5.910,0.046,8120,15600,,1.00,1,1,4112x2570,L,2
26608,8.290,0.000,0.257,0.033,0.000,0.014,0.035,0.000,5.997,0.070,5.880,0.047,8120,15600,,1.00,1,1,4112x2570,L,2
26609,8.334,0.570,0.226,0.026,0.000,0.008,0.043,0.000,6.040,0.071,5.920,0.049,8120,15600,,1.00,1,1,4112x2570,L,2
26610,8.304,0.000,0.246,0.023,0.000,0.007,0.034,0.000,6.010,0.072,5.891,0.046,8120,15600,,1.00,1,1,4112x2570,L,2
26611,8.309,0.512,0.224,0.023,0.000,0.007,0.039,0.000,6.032,0.075,5.910,0.047,8120,15600,,1.00,1,1,4112x2570,L,2
26612,8.340,0.000,0.229,0.023,0.000,0.014,0.028,0.000,6.007,0.066,5.896,0.044,8120,15600,,1.00,1,1,4112x2570,L,2
26613,8.328,0.498,0.222,0.025,0.000,0.007,0.029,0.000,6.055,0.063,5.947,0.045,8120,15600,,1.00,1,1,4112x2570,L,2
26614,8.421,0.000,0.219,0.025,0.000,0.009,0.042,0.000,6.075,0.069,5.948,0.058,8120,15600,,1.00,1,1,4112x2570,L,2
26615,8.209,0.504,0.214,0.024,0.000,0.009,0.041,0.000,6.021,0.061,5.915,0.045,8120,15600,,1.00,1,1,4112x2570,L,2
26616,8.361,0.000,0.263,0.026,0.000,0.007,0.036,0.000,6.023,0.078,5.900,0.045,8120,15600,,1.00,1,1,4112x2570,L,2
26617,8.311,0.531,0.206,0.024,0.000,0.010,0.041,0.000,6.251,0.076,6.118,0.058,8120,15600,,1.00,1,1,4112x2570,L,2
26618,8.392,0.000,0.241,0.024,0.000,0.012,0.035,0.000,6.194,0.059,6.089,0.046,8120,15600,,1.00,1,1,4112x2570,L,2
26619,8.378,0.517,0.206,0.023,0.000,0.007,0.050,0.000,6.099,0.070,5.983,0.046,8120,15600,,1.00,1,1,4112x2570,L,2
26620,8.286,0.000,0.276,0.037,0.000,0.012,0.038,0.000,6.100,0.041,6.014,0.045,8120,15600,,1.00,1,1,4112x2570,L,2
26621,8.320,0.617,0.214,0.029,0.000,0.007,0.030,0.000,6.291,0.075,6.156,0.060,8120,15600,,1.00,1,1,4112x2570,L,2
26622,8.320,0.000,0.271,0.029,0.000,0.010,0.038,0.000,6.293,0.034,6.205,0.054,8120,15600,,1.00,1,1,4112x2570,L,2
26623,8.431,0.561,0.211,0.029,0.000,0.011,0.047,0.000,6.097,0.055,5.986,0.057,8120,15600,,1.00,1,1,4112x2570,L,2
26624,8.276,0.000,0.422,0.026,0.000,0.013,0.034,0.000,6.058,0.067,5.940,0.051,8120,15600,,1.00,1,1,4112x2570,L,2
26625,8.274,0.604,0.225,0.026,0.000,0.008,0.044,0.000,6.068,0.040,5.971,0.057,8120,15600,,1.00,1,1,4112x2570,L,2
26626,8.313,0.000,0.264,0.022,0.000,0.009,0.046,0.000,6.085,0.087,5.936,0.062,8120,15600,,1.00,1,1,4112x2570,L,2
26627,8.481,0.645,0.309,0.034,0.000,0.016,0.039,0.000,6.114,0.066,5.991,0.057,8120,15600,,1.00,1,1,4112x2570,L,2
26628,8.242,0.000,0.288,0.036,0.000,0.008,0.033,0.000,6.068,0.069,5.934,0.065,8120,15600,,1.00,1,1,4112x2570,L,2
26629,8.304,0.673,0.247,0.027,0.000,0.008,0.053,0.000,6.099,0.063,5.978,0.058,8120,15600,,1.00,1,1,4112x2570,L,2
26630,8.372,0.000,0.305,0.030,0.000,0.015,0.052,0.000,6.078,0.074,5.939,0.066,8120,15600,,1.00,1,1,4112x2570,L,2
26631,8.243,0.721,0.261,0.037,0.000,0.009,0.048,0.000,6.098,0.021,6.022,0.055,8120,15600,,1.00,1,1,4112x2570,L,2
26632,8.418,0.000,0.314,0.028,0.000,0.009,0.031,0.000,6.098,0.061,5.976,0.060,8120,15600,,1.00,1,1,4112x2570,L,2
26633,8.241,0.822,0.260,0.029,0.000,0.010,0.031,0.000,6.064,0.070,5.927,0.067,8120,15600,,1.00,1,1,4112x2570,L,2
26634,8.369,0.000,0.312,0.030,0.000,0.013,0.032,0.000,6.103,0.062,5.981,0.060,8120,15600,,1.00,1,1,4112x2570,L,2
26635,8.296,0.780,0.287,0.028,0.000,0.009,0.034,0.000,6.041,0.084,5.902,0.054,8120,15600,,1.00,1,1,4112x2570,L,2
26636,8.443,0.000,0.327,0.031,0.000,0.011,0.062,0.000,6.062,0.076,5.933,0.053,8120,15600,,1.00,1,1,4112x2570,L,2
26637,8.328,0.821,0.307,0.030,0.000,0.009,0.083,0.000,6.034,0.079,5.888,0.066,8120,15600,,1.00,1,1,4112x2570,L,2
26638,8.123,0.000,0.327,0.045,0.000,0.009,0.064,0.000,6.040,0.040,5.940,0.060,8120,15600,,1.00,1,1,4112x2570,L,2
26639,8.245,0.816,0.362,0.033,0.000,0.010,0.041,0.000,6.051,0.069,5.927,0.055,8120,15600,,1.00,1,1,4112x2570,L,2
26640,8.318,0.000,0.347,0.032,0.000,0.010,0.066,0.000,6.061,0.079,5.925,0.058,8120,15600,,1.00,1,1,4112x2570,L,2
26641,8.254,0.907,0.365,0.034,0.000,0.010,0.086,0.000,6.019,0.075,5.887,0.057,8120,15600,,1.00,1,1,4112x2570,L,2
26642,8.237,0.000,0.378,0.052,0.000,0.013,0.066,0.000,6.070,0.054,5.958,0.058,8120,15600,,1.00,1,1,4112x2570,L,2
26643,8.207,0.960,0.362,0.038,0.000,0.012,0.063,0.000,6.020,0.085,5.878,0.057,8120,15600,,1.00,1,1,4112x2570,L,2
26644,8.249,0.000,0.369,0.034,0.000,0.011,0.045,0.000,6.097,0.073,5.972,0.051,8120,15600,,1.00,1,1,4112x2570,L,2
26645,8.241,0.885,0.368,0.037,0.000,0.011,0.055,0.000,5.997,0.081,5.868,0.047,8120,15600,,1.00,1,1,4112x2570,L,2
26646,8.222,0.000,0.354,0.041,0.000,0.012,0.056,0.000,6.063,0.041,5.972,0.049,8120,15600,,1.00,1,1,4112x2570,L,2
26647,8.235,0.889,0.295,0.039,0.000,0.011,0.052,0.000,6.084,0.077,5.943,0.063,8120,15600,,1.00,1,1,4112x2570,L,2
26648,8.314,0.000,0.348,0.036,0.000,0.011,0.056,0.000,6.064,0.040,5.959,0.064,8120,15600,,1.00,1,1,4112x2570,L,2
26649,8.433,0.913,0.307,0.038,0.000,0.012,0.042,0.000,6.208,0.078,6.075,0.055,8120,15600,,1.00,1,1,4112x2570,L,2
26650,7.976,0.000,0.349,0.039,0.000,0.014,0.074,0.000,6.208,0.063,6.082,0.063,8120,15600,,1.00,1,1,4112x2570,L,2
26651,8.255,0.930,0.346,0.038,0.000,0.012,0.055,0.000,6.297,0.052,6.189,0.055,8120,15600,,1.00,1,1,4112x2570,L,2
26652,8.348,0.000,0.372,0.042,0.000,0.011,0.063,0.000,5.971,0.065,5.849,0.057,8120,15600,,1.00,1,1,4112x2570,L,2
26653,8.258,0.918,0.332,0.039,0.000,0.014,0.070,0.000,5.955,0.076,5.820,0.059,8120,15600,,1.00,1,1,4112x2570,L,2
26654,8.266,0.000,0.392,0.040,0.000,0.012,0.081,0.000,6.013,0.071,5.885,0.057,8120,15600,,1.00,1,1,4112x2570,L,2
26655,8.188,1.104,0.386,0.045,0.000,0.014,0.046,0.000,5.840,0.073,5.710,0.058,8120,15600,,1.00,1,1,4112x2570,L,2
26656,8.349,0.000,0.426,0.037,0.000,0.011,0.124,0.000,5.845,0.077,5.709,0.059,8120,15600,,1.00,1,1,4112x2570,L,2
26657,8.225,1.114,0.376,0.041,0.000,0.014,0.080,0.000,5.829,0.081,5.689,0.059,8120,15600,,1.00,1,1,4112x2570,L,2
26658,8.144,0.000,0.460,0.047,0.000,0.021,0.058,0.000,5.858,0.080,5.717,0.062,8120,15600,,1.00,1,1,4112x2570,L,2
26659,8.302,1.180,0.428,0.045,0.000,0.014,0.063,0.000,5.876,0.072,5.743,0.061,8120,15600,,1.00,1,1,4112x2570,L,2
26660,8.206,0.000,0.470,0.043,0.000,0.016,0.070,0.000,5.870,0.077,5.734,0.059,8120,15600,,1.00,1,1,4112x2570,L,2
26661,8.261,1.169,0.445,0.049,0.000,0.015,0.060,0.000,5.897,0.058,5.782,0.057,8120,15600,,1.00,1,1,4112x2570,L,2
26662,8.274,0.000,0.455,0.046,0.000,0.014,0.088,0.000,5.711,0.083,5.570,0.058,8120,15600,,1.00,1,1,4112x2570,L,2
26663,8.276,1.365,0.524,0.051,0.000,0.016,0.095,0.000,5.762,0.098,5.605,0.059,8120,15600,,1.00,1,1,4112x2570,L,2
26664,8.209,0.000,0.545,0.072,0.000,0.017,0.077,0.000,5.740,0.084,5.598,0.058,8120,15600,,1.00,1,1,4112x2570,L,2
26665,8.203,1.458,0.548,0.054,0.000,0.016,0.071,0.000,5.850,0.084,5.708,0.058,8120,15600,,1.00,1,1,4112x2570,L,2
26666,8.282,0.000,0.534,0.053,0.000,0.019,0.065,0.000,5.864,0.049,5.759,0.056,8120,15600,,1.00,1,1,4112x2570,L,2
26667,8.555,1.435,0.494,0.053,0.000,0.016,0.413,0.000,5.855,0.082,5.714,0.059,8120,15600,,1.00,1,1,4112x2570,L,2
26668,7.552,0.000,0.703,0.154,0.000,0.053,0.089,0.000,5.732,0.088,5.590,0.054,8120,15600,,1.00,1,1,4112x2570,L,2
26669,9.258,1.389,0.510,0.073,0.000,0.024,0.249,0.000,5.798,0.045,5.694,0.058,8120,15600,,1.00,1,1,4112x2570,L,2
26670,7.568,0.001,0.793,0.164,0.000,0.051,0.117,0.000,5.517,0.024,5.440,0.053,8120,15600,,1.00,1,1,4112x2570,L,2
26671,7.422,1.608,0.582,0.138,0.000,0.036,0.089,0.000,5.687,0.020,5.612,0.055,8120,15600,,1.00,1,1,4112x2570,L,2
26672,9.025,0.000,0.509,0.062,0.000,0.022,0.203,0.000,5.790,0.048,5.688,0.054,8120,15600,,1.00,1,1,4112x2570,L,2
26673,7.147,1.527,0.526,0.063,0.000,0.019,0.074,0.000,5.709,0.027,5.628,0.054,8120,15600,,1.00,1,1,4112x2570,L,2
26674,7.863,0.000,0.515,0.054,0.000,0.023,0.063,0.000,5.841,0.019,5.762,0.059,8120,15600,,1.00,1,1,4112x2570,L,2
26675,8.185,1.479,0.516,0.055,0.000,0.016,0.076,0.000,5.847,0.040,5.749,0.058,8120,15600,,1.00,1,1,4112x2570,L,2
26676,8.661,0.000,0.945,0.171,0.000,0.061,0.144,0.000,5.824,0.099,5.668,0.057,8120,15600,,1.00,1,1,4112x2570,L,2
26677,7.510,1.547,0.642,0.146,0.000,0.043,0.101,0.000,5.616,0.024,5.537,0.055,8120,15600,,1.00,1,1,4112x2570,L,2
26678,8.150,0.000,0.532,0.074,0.000,0.019,0.069,0.000,5.812,0.065,5.694,0.053,8120,15600,,1.00,1,1,4112x2570,L,2
26679,8.219,1.526,0.487,0.061,0.000,0.017,0.068,0.000,5.829,0.107,5.664,0.057,8120,15600,,1.00,1,1,4112x2570,L,2
26680,8.246,0.000,0.481,0.065,0.000,0.019,0.066,0.000,5.863,0.066,5.742,0.054,8120,15600,,1.00,1,1,4112x2570,L,2
26681,8.221,1.380,0.489,0.057,0.000,0.016,0.077,0.000,5.933,0.102,5.775,0.056,8120,15600,,1.00,1,1,4112x2570,L,2
26682,8.157,0.000,0.498,0.058,0.000,0.015,0.061,0.000,6.010,0.058,5.891,0.062,8120,15600,,1.00,1,1,4112x2570,L,2
26683,8.737,1.359,0.518,0.053,0.000,0.021,0.156,0.000,5.952,0.089,5.800,0.063,8120,15600,,1.00,1,1,4112x2570,L,2
26684,7.665,0.001,0.695,0.160,0.000,0.044,0.129,0.000,5.744,0.026,5.654,0.063,8120,15600,,1.00,1,1,4112x2570,L,2
26685,8.321,1.613,0.648,0.178,0.000,0.053,0.124,0.000,5.891,0.020,5.818,0.053,8120,15600,,1.00,1,1,4112x2570,L,2
26686,8.012,0.001,0.881,0.068,0.000,0.027,0.138,0.000,5.701,0.024,5.625,0.053,8120,15600,,1.00,1,1,4112x2570,L,2
26687,7.634,1.532,0.528,0.065,0.000,0.021,0.094,0.000,5.872,0.020,5.798,0.054,8120,15600,,1.00,1,1,4112x2570,L,2
26688,8.160,0.000,0.520,0.049,0.000,0.017,0.086,0.000,6.058,0.058,5.942,0.058,8120,15600,,1.00,1,1,4112x2570,L,2
26689,8.268,1.414,0.520,0.058,0.000,0.016,0.082,0.000,6.075,0.090,5.926,0.058,8120,15600,,1.00,1,1,4112x2570,L,2
26690,8.248,0.000,0.643,0.061,0.000,0.018,0.087,0.000,6.072,0.075,5.944,0.052,8120,15600,,1.00,1,1,4112x2570,L,2
26691,8.128,1.277,0.450,0.063,0.000,0.016,0.076,0.000,6.049,0.080,5.913,0.056,8120,15600,,1.00,1,1,4112x2570,L,2
26692,8.252,0.000,0.448,0.055,0.000,0.018,0.095,0.000,6.281,0.083,6.143,0.054,8120,15600,,1.00,1,1,4112x2570,L,2
26693,8.235,1.439,0.548,0.063,0.000,0.020,0.071,0.000,6.045,0.054,5.941,0.050,8120,15600,,1.00,1,1,4112x2570,L,2
26694,8.102,0.000,0.525,0.066,0.000,0.020,0.051,0.000,6.012,0.084,5.881,0.047,8120,15600,,1.00,1,1,4112x2570,L,2
26695,8.204,0.934,0.345,0.045,0.000,0.012,0.052,0.000,6.024,0.051,5.927,0.045,8120,15600,,1.00,1,1,4112x2570,L,2
26696,8.290,0.000,0.330,0.045,0.000,0.017,0.055,0.000,6.042,0.072,5.922,0.047,8120,15600,,1.00,1,1,4112x2570,L,2
26697,8.248,0.807,0.308,0.045,0.000,0.012,0.046,0.000,6.026,0.070,5.909,0.047,8120,15600,,1.00,1,1,4112x2570,L,2
26698,8.153,0.000,0.280,0.040,0.000,0.011,0.049,0.000,6.063,0.066,5.950,0.046,8120,15600,,1.00,1,1,4112x2570,L,2
26699,8.323,0.708,0.264,0.030,0.000,0.009,0.052,0.000,6.048,0.083,5.918,0.047,8120,15600,,1.00,1,1,4112x2570,L,2
26700,8.420,0.000,0.230,0.026,0.000,0.012,0.087,0.000,6.153,0.061,6.030,0.062,8120,15600,,1.00,1,1,4112x2570,L,2
26701,8.134,0.668,0.259,0.049,0.000,0.013,0.066,0.000,6.078,0.019,6.005,0.053,8120,15600,,1.00,1,1,4112x2570,L,2
26702,8.180,0.000,0.281,0.048,0.000,0.011,0.031,0.000,6.086,0.079,5.953,0.054,8120,15600,,1.00,1,1,4112x2570,L,2
26703,8.290,0.664,0.299,0.031,0.000,0.010,0.057,0.000,6.088,0.072,5.958,0.058,8120,15600,,1.00,1,1,4112x2570,L,2
26704,8.242,0.000,0.295,0.030,0.000,0.010,0.039,0.000,6.160,0.060,6.040,0.060,8120,15600,,1.00,1,1,4112x2570,L,2
26705,8.275,0.736,0.264,0.025,0.000,0.008,0.059,0.000,6.208,0.079,6.068,0.061,8120,15600,,1.00,1,1,4112x2570,L,2
26706,8.302,0.000,0.316,0.035,0.000,0.011,0.041,0.000,6.305,0.057,6.200,0.048,8120,15600,,1.00,1,1,4112x2570,L,2
26707,8.261,0.845,0.268,0.033,0.000,0.010,0.054,0.000,6.361,0.059,6.252,0.050,8120,15600,,1.00,1,1,4112x2570,L,2
26708,8.350,0.000,0.301,0.029,0.000,0.014,0.040,0.000,6.135,0.065,6.015,0.055,8120,15600,,1.00,1,1,4112x2570,L,2
26709,8.382,0.926,0.273,0.032,0.000,0.009,0.099,0.000,6.096,0.086,5.955,0.055,8120,15600,,1.00,1,1,4112x2570,L,2
26710,8.216,0.000,0.334,0.036,0.000,0.015,0.045,0.000,6.110,0.068,5.989,0.053,8120,15600,,1.00,1,1,4112x2570,L,2
26711,8.327,0.877,0.277,0.032,0.000,0.009,0.046,0.000,6.100,0.070,5.973,0.057,8120,15600,,1.00,1,1,4112x2570,L,2
26712,8.301,0.000,0.384,0.033,0.000,0.010,0.054,0.000,6.125,0.062,6.006,0.057,8120,15600,,1.00,1,1,4112x2570,L,2
26713,8.383,0.900,0.303,0.033,0.000,0.010,0.062,0.000,6.067,0.073,5.936,0.058,8120,15600,,1.00,1,1,4112x2570,L,2
26714,8.259,0.000,0.369,0.034,0.000,0.011,0.045,0.000,6.111,0.066,5.990,0.056,8120,15600,,1.00,1,1,4112x2570,L,2
26715,8.317,0.880,0.315,0.034,0.000,0.010,0.040,0.000,5.957,0.050,5.852,0.055,8120,15600,,1.00,1,1,4112x2570,L,2
26716,8.300,0.000,0.366,0.046,0.000,0.011,0.065,0.000,5.974,0.063,5.853,0.057,8120,15600,,1.00,1,1,4112x2570,L,2
26717,8.359,0.927,0.355,0.033,0.000,0.011,0.050,0.000,6.014,0.056,5.899,0.060,8120,15600,,1.00,1,1,4112x2570,L,2
26718,8.316,0.000,0.369,0.032,0.000,0.013,0.048,0.000,5.982,0.077,5.844,0.061,8120,15600,,1.00,1,1,4112x2570,L,2
26719,8.344,0.989,0.393,0.040,0.000,0.012,0.064,0.000,5.949,0.050,5.844,0.055,8120,15600,,1.00,1,1,4112x2570,L,2
26720,8.327,0.000,0.429,0.038,0.000,0.011,0.053,0.000,5.970,0.091,5.823,0.056,8120,15600,,1.00,1,1,4112x2570,L,2
26721,8.346,0.983,0.382,0.037,0.000,0.011,0.080,0.000,6.085,0.050,5.977,0.058,8120,15600,,1.00,1,1,4112x2570,L,2
26722,8.341,0.000,0.443,0.050,0.000,0.014,0.073,0.000,6.053,0.089,5.908,0.057,8120,15600,,1.00,1,1,4112x2570,L,2
26723,8.319,1.219,0.432,0.046,0.000,0.013,0.062,0.000,6.101,0.020,6.030,0.051,8120,15600,,1.00,1,1,4112x2570,L,2
26724,8.319,0.000,0.406,0.044,0.000,0.013,0.061,0.000,6.015,0.064,5.906,0.045,8120,15600,,1.00,1,1,4112x2570,L,2
26725,8.292,0.955,0.337,0.049,0.000,0.013,0.060,0.000,6.023,0.073,5.906,0.044,8120,15600,,1.00,1,1,4112x2570,L,2
26726,8.335,0.000,0.400,0.053,0.000,0.015,0.057,0.000,6.050,0.068,5.939,0.043,8120,15600,,1.00,1,1,4112x2570,L,2
26727,8.311,0.878,0.271,0.049,0.000,0.013,0.048,0.000,6.102,0.077,5.966,0.059,8120,15600,,1.00,1,1,4112x2570,L,2
26728,8.193,0.000,0.330,0.036,0.000,0.013,0.065,0.000,6.023,0.022,5.954,0.047,8120,15600,,1.00,1,1,4112x2570,L,2
26729,8.340,0.834,0.292,0.042,0.000,0.012,0.057,0.000,6.037,0.070,5.920,0.046,8120,15600,,1.00,1,1,4112x2570,L,2
26730,8.318,0.000,0.305,0.031,0.000,0.009,0.039,0.000,6.067,0.071,5.950,0.046,8120,15600,,1.00,1,1,4112x2570,L,2
26731,8.295,0.653,0.247,0.025,0.000,0.008,0.042,0.000,6.035,0.063,5.926,0.046,8120,15600,,1.00,1,1,4112x2570,L,2
26732,8.301,0.000,0.276,0.035,0.000,0.010,0.038,0.000,6.048,0.035,5.967,0.046,8120,15600,,1.00,1,1,4112x2570,L,2
26733,8.306,0.683,0.232,0.027,0.000,0.008,0.042,0.000,6.159,0.071,6.042,0.046,8120,15600,,1.00,1,1,4112x2570,L,2
26734,8.346,0.000,0.266,0.024,0.000,0.012,0.055,0.000,6.166,0.044,6.071,0.051,8120,15600,,1.00,1,1,4112x2570,L,2
26735,8.340,0.575,0.224,0.023,0.000,0.010,0.045,0.000,6.181,0.075,6.050,0.056,8120,15600,,1.00,1,1,4112x2570,L,2
26736,8.328,0.000,0.265,0.025,0.000,0.007,0.049,0.000,6.173,0.066,6.060,0.047,8120,15600,,1.00,1,1,4112x2570,L,2
26737,8.321,0.653,0.236,0.032,0.000,0.014,0.044,0.000,6.195,0.069,6.074,0.052,8120,15600,,1.00,1,1,4112x2570,L,2
26738,8.369,0.000,0.280,0.022,0.000,0.007,0.046,0.000,6.355,0.067,6.235,0.053,8120,15600,,1.00,1,1,4112x2570,L,2
26739,8.309,0.562,0.231,0.028,0.000,0.008,0.041,0.000,6.068,0.065,5.958,0.045,8120,15600,,1.00,1,1,4112x2570,L,2
26740,8.344,0.000,0.393,0.034,0.000,0.008,0.047,0.000,6.125,0.078,5.991,0.056,8120,15600,,1.00,1,1,4112x2570,L,2
26741,8.341,0.570,0.222,0.034,0.000,0.017,0.036,0.000,5.959,0.059,5.854,0.046,8120,15600,,1.00,1,1,4112x2570,L,2
26742,8.326,0.000,0.246,0.028,0.000,0.007,0.036,0.000,6.001,0.081,5.868,0.052,8120,15600,,1.00,1,1,4112x2570,L,2
26743,8.282,0.620,0.235,0.034,0.000,0.008,0.041,0.000,5.961,0.053,5.862,0.046,8120,15600,,1.00,1,1,4112x2570,L,2
26744,8.328,0.000,0.234,0.030,0.000,0.008,0.048,0.000,5.996,0.079,5.862,0.056,8120,15600,,1.00,1,1,4112x2570,L,2
26745,8.361,0.563,0.225,0.024,0.000,0.012,0.040,0.000,6.036,0.054,5.923,0.059,8120,15600,,1.00,1,1,4112x2570,L,2
26746,8.344,0.000,0.260,0.021,0.000,0.007,0.043,0.000,6.013,0.066,5.887,0.060,8120,15600,,1.00,1,1,4112x2570,L,2
26747,8.326,0.616,0.243,0.026,0.000,0.008,0.046,0.000,5.996,0.058,5.881,0.057,8120,15600,,1.00,1,1,4112x2570,L,2
26748,8.337,0.000,0.283,0.029,0.000,0.012,0.049,0.000,6.008,0.083,5.864,0.060,8120,15600,,1.00,1,1,4112x2570,L,2
26749,8.382,0.721,0.243,0.028,0.000,0.009,0.046,0.000,6.057,0.058,5.941,0.059,8120,15600,,1.00,1,1,4112x2570,L,2
26750,8.302,0.000,0.292,0.027,0.000,0.013,0.041,0.000,6.017,0.068,5.887,0.062,8120,15600,,1.00,1,1,4112x2570,L,2
26751,8.293,0.701,0.256,0.024,0.000,0.008,0.044,0.000,5.910,0.058,5.798,0.054,8120,15600,,1.00,1,1,4112x2570,L,2
26752,8.326,0.000,0.297,0.025,0.000,0.008,0.042,0.000,5.917,0.076,5.787,0.054,8120,15600,,1.00,1,1,4112x2570,L,2
26753,8.390,0.707,0.289,0.026,0.000,0.008,0.072,0.000,5.938,0.070,5.798,0.070,8120,15600,,1.00,1,1,4112x2570,L,2
26754,8.276,0.000,0.325,0.032,0.000,0.009,0.036,0.000,5.996,0.083,5.853,0.060,8120,15600,,1.00,1,1,4112x2570,L,2
26755,8.334,0.886,0.281,0.031,0.000,0.009,0.048,0.000,6.027,0.068,5.901,0.059,8120,15600,,1.00,1,1,4112x2570,L,2
26756,8.345,0.000,0.315,0.026,0.000,0.011,0.039,0.000,5.992,0.076,5.855,0.060,8120,15600,,1.00,1,1,4112x2570,L,2
26757,8.375,0.810,0.313,0.028,0.000,0.009,0.036,0.000,6.001,0.053,5.888,0.060,8120,15600,,1.00,1,1,4112x2570,L,2
26758,8.251,0.000,0.333,0.030,0.000,0.009,0.060,0.000,5.975,0.089,5.830,0.056,8120,15600,,1.00,1,1,4112x2570,L,2
26759,8.480,0.834,0.312,0.034,0.000,0.010,0.052,0.000,5.998,0.067,5.881,0.051,8120,15600,,1.00,1,1,4112x2570,L,2
26760,8.431,0.000,0.394,0.041,0.000,0.018,0.069,0.000,5.936,0.078,5.807,0.050,8120,15600,,1.00,1,1,4112x2570,L,2
26761,8.134,1.015,0.370,0.063,0.000,0.017,0.054,0.000,5.917,0.073,5.799,0.045,8120,15600,,1.00,1,1,4112x2570,L,2
26762,8.401,0.000,0.372,0.055,0.000,0.015,0.061,0.000,5.921,0.056,5.820,0.045,8120,15600,,1.00,1,1,4112x2570,L,2
26763,8.311,1.026,0.358,0.062,0.000,0.016,0.064,0.000,5.959,0.077,5.837,0.045,8120,15600,,1.00,1,1,4112x2570,L,2
26764,8.322,0.000,0.390,0.048,0.000,0.013,0.090,0.000,5.903,0.020,5.817,0.067,8120,15600,,1.00,1,1,4112x2570,L,2
26765,8.329,1.206,0.420,0.061,0.000,0.018,0.073,0.000,6.060,0.076,5.932,0.051,8120,15600,,1.00,1,1,4112x2570,L,2
26766,8.251,0.000,0.417,0.050,0.000,0.017,0.063,0.000,6.005,0.021,5.922,0.063,8120,15600,,1.00,1,1,4112x2570,L,2
26767,8.313,1.045,0.372,0.042,0.000,0.012,0.049,0.000,6.090,0.067,5.970,0.054,8120,15600,,1.00,1,1,4112x2570,L,2
26768,8.422,0.000,0.390,0.044,0.000,0.014,0.068,0.000,6.108,0.064,5.977,0.067,8120,15600,,1.00,1,1,4112x2570,L,2
26769,8.262,1.367,0.415,0.051,0.000,0.015,0.067,0.000,6.034,0.059,5.920,0.056,8120,15600,,1.00,1,1,4112x2570,L,2
26770,8.326,0.000,0.462,0.049,0.000,0.014,0.074,0.000,6.032,0.043,5.929,0.060,8120,15600,,1.00,1,1,4112x2570,L,2
26771,8.311,1.197,0.416,0.044,0.000,0.014,0.055,0.000,6.183,0.068,6.057,0.057,8120,15600,,1.00,1,1,4112x2570,L,2
26772,8.360,0.000,0.459,0.043,0.000,0.015,0.063,0.000,6.188,0.045,6.088,0.055,8120,15600,,1.00,1,1,4112x2570,L,2
26773,8.316,1.145,0.421,0.047,0.000,0.013,0.079,0.000,6.247,0.039,6.147,0.060,8120,15600,,1.00,1,1,4112x2570,L,2
26774,8.379,0.000,0.475,0.049,0.000,0.016,0.112,0.000,5.952,0.019,5.877,0.055,8120,15600,,1.00,1,1,4112x2570,L,2
26775,8.356,1.424,0.487,0.064,0.000,0.022,0.084,0.000,6.053,0.043,5.953,0.057,8120,15600,,1.00,1,1,4112x2570,L,2
26776,8.311,0.000,0.451,0.053,0.000,0.020,0.070,0.000,6.075,0.087,5.928,0.060,8120,15600,,1.00,1,1,4112x2570,L,2
26777,8.088,1.582,0.453,0.055,0.000,0.019,0.081,0.000,6.029,0.042,5.932,0.055,8120,15600,,1.00,1,1,4112x2570,L,2
26778,8.279,0.000,0.539,0.059,0.000,0.019,0.079,0.000,5.921,0.083,5.788,0.051,8120,15600,,1.00,1,1,4112x2570,L,2
26779,8.415,1.388,0.533,0.059,0.000,0.016,0.077,0.000,5.953,0.064,5.834,0.055,8120,15600,,1.00,1,1,4112x2570,L,2
26780,8.539,0.000,0.556,0.059,0.000,0.024,0.138,0.000,5.943,0.080,5.805,0.057,8120,15600,,1.00,1,1,4112x2570,L,2
26781,7.455,1.541,0.610,0.160,0.000,0.051,0.082,0.000,5.683,0.025,5.604,0.054,8120,15600,,1.00,1,1,4112x2570,L,2
26782,8.238,0.000,0.462,0.067,0.000,0.019,0.102,0.000,6.005,0.019,5.933,0.053,8120,15600,,1.00,1,1,4112x2570,L,2
26783,7.928,1.091,0.380,0.072,0.000,0.019,0.087,0.000,5.993,0.020,5.916,0.057,8120,15600,drag_snap,1.00,1,0,4112x2570,L,2
26784,8.259,0.000,0.438,0.051,0.000,0.017,0.057,0.000,6.019,0.019,5.939,0.061,8120,15600,,1.00,1,0,4112x2570,L,2
26785,8.358,1.043,0.370,0.041,0.000,0.012,0.062,0.000,6.079,0.074,5.953,0.052,8120,15600,,1.00,1,0,4112x2570,L,2
26786,8.256,0.000,0.399,0.043,0.000,0.012,0.056,0.000,6.065,0.082,5.925,0.059,8120,15600,,1.00,1,0,4112x2570,L,2
26787,8.393,1.031,0.375,0.042,0.000,0.012,0.068,0.000,6.088,0.046,5.986,0.055,8120,15600,,1.00,1,0,4112x2570,L,2
26788,8.381,0.000,0.430,0.049,0.000,0.015,0.090,0.000,6.106,0.081,5.972,0.054,8120,15600,,1.00,1,0,4112x2570,L,2
26789,8.298,1.345,0.437,0.064,0.000,0.019,0.079,0.000,5.978,0.020,5.903,0.055,8120,15600,,1.00,1,0,4112x2570,L,2
26790,8.278,0.000,0.457,0.048,0.000,0.016,0.065,0.000,6.045,0.088,5.900,0.058,8120,15600,,1.00,1,0,4112x2570,L,2
26791,8.345,1.373,0.420,0.044,0.000,0.014,0.082,0.000,6.020,0.022,5.941,0.057,8120,15600,,1.00,1,0,4112x2570,L,2
26792,8.468,0.000,0.529,0.054,0.000,0.018,0.090,0.000,6.034,0.074,5.912,0.049,8120,15600,,1.00,1,0,4112x2570,L,2
26793,8.244,1.624,0.530,0.079,0.000,0.022,0.087,0.000,5.889,0.020,5.814,0.056,8120,15600,,1.00,1,0,4112x2570,L,2
26794,8.378,0.000,0.503,0.058,0.000,0.016,0.093,0.000,6.022,0.058,5.909,0.054,8120,15600,,1.00,1,0,4112x2570,L,2
26795,8.384,1.551,0.551,0.068,0.000,0.020,0.090,0.000,6.058,0.084,5.918,0.056,8120,15600,,1.00,1,0,4112x2570,L,2
26796,8.239,0.000,0.535,0.061,0.000,0.021,0.144,0.000,6.056,0.039,5.957,0.060,8120,15600,,1.00,1,0,4112x2570,L,2
26797,8.206,1.527,0.545,0.075,0.000,0.022,0.114,0.000,6.084,0.042,5.992,0.050,8120,15600,,1.00,1,0,4112x2570,L,2
26798,8.263,0.000,0.451,0.061,0.000,0.019,0.069,0.000,6.115,0.020,6.048,0.047,8120,15600,,1.00,1,0,4112x2570,L,2
26799,8.282,1.061,0.470,0.038,0.000,0.013,0.049,0.000,6.117,0.068,6.003,0.047,8120,15600,,1.00,1,0,4112x2570,L,2
26800,8.274,0.000,0.324,0.032,0.000,0.010,0.036,0.000,6.146,0.070,6.030,0.046,8120,15600,,1.00,1,0,4112x2570,L,2
26801,8.343,0.789,0.269,0.027,0.000,0.012,0.045,0.000,6.127,0.070,6.014,0.043,8120,15600,,1.00,1,0,4112x2570,L,2
26802,8.317,0.000,0.302,0.035,0.000,0.011,0.048,0.000,6.151,0.064,6.041,0.045,8120,15600,,1.00,1,0,4112x2570,L,2
26803,8.299,0.660,0.244,0.032,0.000,0.009,0.037,0.000,6.133,0.064,6.022,0.047,8120,15600,,1.00,1,0,4112x2570,L,2
26804,8.325,0.000,0.248,0.031,0.000,0.014,0.029,0.000,6.333,0.057,6.219,0.058,8120,15600,,1.00,1,0,4112x2570,L,2
26805,8.308,0.716,0.238,0.026,0.000,0.008,0.033,0.000,6.367,0.067,6.242,0.058,8120,15600,,1.00,1,0,4112x2570,L,2
26806,8.329,0.000,0.282,0.031,0.000,0.011,0.034,0.000,6.118,0.067,6.000,0.050,8120,15600,,1.00,1,0,4112x2570,L,2
26807,8.336,0.772,0.259,0.037,0.000,0.008,0.049,0.000,6.089,0.074,5.957,0.058,8120,15600,,1.00,1,0,4112x2570,L,2
26808,8.344,0.000,0.280,0.027,0.000,0.008,0.049,0.000,6.126,0.062,6.006,0.058,8120,15600,,1.00,1,0,4112x2570,L,2
26809,8.323,0.756,0.253,0.026,0.000,0.008,0.041,0.000,6.068,0.070,5.946,0.052,8120,15600,,1.00,1,0,4112x2570,L,2
26810,8.400,0.000,0.302,0.033,0.000,0.010,0.048,0.000,6.036,0.071,5.913,0.052,8120,15600,,1.00,1,0,4112x2570,L,2
26811,8.196,0.792,0.265,0.040,0.000,0.010,0.033,0.000,5.943,0.076,5.809,0.058,8120,15600,,1.00,1,0,4112x2570,L,2
26812,8.348,0.000,0.316,0.030,0.000,0.009,0.045,0.000,5.973,0.071,5.844,0.058,8120,15600,,1.00,1,0,4112x2570,L,2
26813,8.332,0.819,0.296,0.028,0.000,0.008,0.059,0.000,5.994,0.072,5.866,0.057,8120,15600,,1.00,1,0,4112x2570,L,2
26814,8.386,0.000,0.342,0.031,0.000,0.019,0.035,0.000,6.030,0.060,5.911,0.059,8120,15600,,1.00,1,0,4112x2570,L,2
26815,8.362,0.819,0.285,0.031,0.000,0.012,0.060,0.000,5.982,0.066,5.862,0.054,8120,15600,,1.00,1,0,4112x2570,L,2
26816,8.295,0.000,0.336,0.032,0.000,0.017,0.041,0.000,6.029,0.070,5.898,0.061,8120,15600,,1.00,1,0,4112x2570,L,2
26817,8.341,0.868,0.323,0.029,0.000,0.010,0.056,0.000,5.977,0.078,5.841,0.058,8120,15600,,1.00,1,0,4112x2570,L,2
26818,8.344,0.000,0.348,0.034,0.000,0.011,0.053,0.000,5.985,0.069,5.858,0.057,8120,15600,,1.00,1,0,4112x2570,L,2
26819,8.352,1.021,0.345,0.034,0.000,0.010,0.093,0.000,5.970,0.072,5.837,0.060,8120,15600,,1.00,1,0,4112x2570,L,2
26820,8.287,0.000,0.383,0.032,0.000,0.011,0.042,0.000,6.030,0.065,5.907,0.058,8120,15600,,1.00,1,0,4112x2570,L,2
26821,8.353,0.946,0.342,0.035,0.000,0.010,0.067,0.000,5.988,0.071,5.859,0.058,8120,15600,,1.00,1,0,4112x2570,L,2
26822,8.428,0.000,0.380,0.035,0.000,0.011,0.086,0.000,5.982,0.089,5.838,0.055,8120,15600,,1.00,1,0,4112x2570,L,2
26823,8.249,1.246,0.416,0.051,0.000,0.016,0.066,0.000,5.971,0.079,5.845,0.047,8120,15600,,1.00,1,0,4112x2570,L,2
26824,8.308,0.000,0.417,0.049,0.000,0.016,0.075,0.000,5.971,0.069,5.845,0.057,8120,15600,,1.00,1,0,4112x2570,L,2
26825,8.328,1.100,0.392,0.035,0.000,0.011,0.077,0.000,5.960,0.049,5.852,0.059,8120,15600,,1.00,1,0,4112x2570,L,2
26826,8.363,0.000,0.406,0.042,0.000,0.014,0.048,0.000,5.983,0.067,5.853,0.064,8120,15600,,1.00,1,0,4112x2570,L,2
26827,8.314,1.167,0.365,0.036,0.000,0.012,0.071,0.000,5.932,0.068,5.812,0.052,8120,15600,,1.00,1,0,4112x2570,L,2
26828,8.305,0.000,0.429,0.041,0.000,0.013,0.048,0.000,5.961,0.062,5.844,0.055,8120,15600,,1.00,1,0,4112x2570,L,2
26829,8.329,1.212,0.423,0.045,0.000,0.014,0.070,0.000,5.971,0.078,5.833,0.060,8120,15600,,1.00,1,0,4112x2570,L,2
26830,8.319,0.000,0.447,0.041,0.000,0.014,0.069,0.000,5.944,0.048,5.840,0.057,8120,15600,,1.00,1,0,4112x2570,L,2
26831,8.343,1.183,0.413,0.042,0.000,0.013,0.064,0.000,6.054,0.092,5.905,0.057,8120,15600,,1.00,1,0,4112x2570,L,2
26832,8.378,0.000,0.482,0.049,0.000,0.022,0.075,0.000,6.082,0.066,5.959,0.057,8120,15600,,1.00,1,0,4112x2570,L,2
26833,8.525,1.382,0.507,0.050,0.000,0.016,0.080,0.000,6.090,0.069,5.970,0.051,8120,15600,,1.00,1,0,4112x2570,L,2
26834,8.532,0.000,0.539,0.076,0.000,0.025,0.118,0.000,5.867,0.021,5.800,0.046,8120,15600,,1.00,1,0,4112x2570,L,2
26835,9.764,1.572,0.751,0.124,0.000,0.039,0.060,0.000,13.370,6.019,7.308,0.044,8120,15600,,1.00,1,0,4112x2570,L,2
26836,7.140,0.000,0.399,0.067,0.000,0.017,0.122,0.000,5.378,0.071,5.263,0.044,8120,15600,,1.00,1,0,4112x2570,L,2
26837,7.612,1.550,0.635,0.127,0.000,0.039,0.081,0.000,5.305,0.018,5.237,0.050,8120,15600,,1.00,1,0,4112x2570,L,2
26838,9.502,0.000,0.525,0.064,0.000,0.017,0.201,0.000,5.243,0.043,5.151,0.050,8120,15600,,1.00,1,0,4112x2570,L,2
26839,7.371,1.557,0.681,0.060,0.000,0.031,0.075,0.000,4.954,0.040,4.858,0.056,8120,15600,,1.00,1,0,4112x2570,L,2
26840,8.104,0.000,0.547,0.054,0.000,0.019,0.084,0.000,5.053,0.041,4.965,0.047,8120,15600,,1.00,1,0,4112x2570,L,2
26841,9.374,1.592,0.500,0.052,0.000,0.018,0.189,0.000,4.950,0.063,4.837,0.050,8120,15600,,1.00,1,0,4112x2570,L,2
26842,7.253,0.001,0.745,0.166,0.045,0.059,0.101,0.000,4.858,0.018,4.789,0.051,8120,15600,,1.00,1,0,4112x2570,L,2
26843,8.367,1.595,0.513,0.072,0.000,0.023,0.084,0.000,4.902,0.043,4.811,0.049,8120,15600,,1.00,1,0,4112x2570,L,2
26844,8.202,0.000,0.511,0.062,0.000,0.017,0.069,0.000,4.971,0.066,4.859,0.046,8120,15600,,1.00,1,0,4112x2570,L,2
26845,8.274,1.262,0.417,0.061,0.000,0.016,0.064,0.000,4.897,0.073,4.781,0.042,8120,15600,,1.00,1,0,4112x2570,L,2
26846,8.415,0.000,0.547,0.052,0.000,0.015,0.053,0.000,4.833,0.059,4.733,0.041,8120,15600,,1.00,1,0,4112x2570,L,2
26847,8.188,0.832,0.317,0.055,0.000,0.015,0.064,0.000,4.829,0.058,4.731,0.040,8120,15600,,1.00,1,0,4112x2570,L,2
26848,8.486,0.000,0.310,0.057,0.000,0.015,0.048,0.000,4.770,0.061,4.668,0.041,8120,15600,,1.00,1,0,4112x2570,L,2
26849,8.140,0.753,0.324,0.052,0.000,0.012,0.054,0.000,4.655,0.050,4.563,0.042,8120,15600,,1.00,1,0,4112x2570,L,2
26850,8.342,0.000,0.314,0.053,0.000,0.016,0.054,0.000,4.679,0.059,4.578,0.042,8120,15600,,1.00,1,0,4112x2570,L,2
26851,8.281,0.795,0.308,0.061,0.000,0.018,0.051,0.000,4.680,0.055,4.585,0.040,8120,15600,,1.00,1,0,4112x2570,L,2
26852,8.287,0.000,0.419,0.055,0.000,0.016,0.051,0.000,4.596,0.060,4.495,0.042,8120,15600,,1.00,1,0,4112x2570,L,2
26853,8.297,0.654,0.253,0.054,0.000,0.014,0.050,0.000,4.599,0.058,4.500,0.041,8120,15600,,1.00,1,0,4112x2570,L,2
26854,8.367,0.000,0.361,0.052,0.000,0.014,0.077,0.000,4.602,0.060,4.500,0.042,8120,15600,,1.00,1,0,4112x2570,L,2
26855,8.291,0.693,0.292,0.053,0.000,0.014,0.048,0.000,4.600,0.058,4.501,0.040,8120,15600,,1.00,1,0,4112x2570,L,2
26856,8.366,0.000,0.369,0.046,0.000,0.012,0.074,0.000,4.601,0.062,4.498,0.041,8120,15600,,1.00,1,0,4112x2570,L,2
26857,8.309,0.610,0.269,0.043,0.000,0.013,0.039,0.000,4.597,0.062,4.493,0.042,8120,15600,,1.00,1,0,4112x2570,L,2
26858,8.374,0.000,0.250,0.042,0.000,0.010,0.073,0.000,4.676,0.056,4.579,0.041,8120,15600,,1.00,1,0,4112x2570,L,2
26859,8.213,0.601,0.271,0.052,0.000,0.014,0.049,0.000,4.679,0.063,4.576,0.041,8120,15600,,1.00,1,0,4112x2570,L,2
26860,7.980,0.000,0.251,0.046,0.000,0.013,0.049,0.000,4.764,0.061,4.663,0.040,8120,15600,,1.00,1,0,4112x2570,L,2
26861,8.339,0.591,0.225,0.047,0.000,0.013,0.048,0.000,4.766,0.055,4.670,0.041,8120,15600,,1.00,1,0,4112x2570,L,2
26862,8.314,0.000,0.376,0.048,0.000,0.016,0.053,0.000,4.850,0.062,4.748,0.040,8120,15600,,1.00,1,0,4112x2570,L,2
26863,8.341,0.605,0.223,0.043,0.000,0.013,0.051,0.000,5.634,0.697,4.898,0.040,8120,15600,,1.00,1,0,4112x2570,L,2
26864,8.336,0.000,0.384,0.062,0.000,0.015,0.056,0.000,4.922,0.057,4.825,0.040,8120,15600,,1.00,1,0,4112x2570,L,2
26865,8.302,0.574,0.273,0.059,0.000,0.015,0.053,0.000,4.918,0.052,4.826,0.040,8120,15600,,1.00,1,0,4112x2570,L,2
26866,8.315,0.000,0.273,0.053,0.000,0.014,0.054,0.000,4.924,0.075,4.808,0.041,8120,15600,,1.00,1,0,4112x2570,L,2
26867,8.349,0.668,0.243,0.052,0.000,0.015,0.058,0.000,4.926,0.057,4.826,0.042,8120,15600,,1.00,1,0,4112x2570,L,2
26868,8.331,0.000,0.284,0.045,0.000,0.012,0.051,0.000,4.926,0.055,4.830,0.041,8120,15600,,1.00,1,0,4112x2570,L,2
26869,8.282,0.629,0.242,0.053,0.000,0.015,0.043,0.000,4.928,0.068,4.817,0.042,8120,15600,,1.00,1,0,4112x2570,L,2
26870,8.383,0.000,0.293,0.044,0.000,0.013,0.079,0.000,4.989,0.064,4.884,0.042,8120,15600,,1.00,1,0,4112x2570,L,2
26871,8.240,0.651,0.269,0.054,0.000,0.015,0.063,0.000,5.068,0.067,4.960,0.041,8120,15600,,1.00,1,0,4112x2570,L,2
26872,8.357,0.000,0.302,0.050,0.000,0.013,0.055,0.000,5.156,0.062,5.052,0.042,8120,15600,,1.00,1,0,4112x2570,L,2
26873,8.263,0.588,0.287,0.058,0.000,0.014,0.045,0.000,5.231,0.066,5.122,0.042,8120,15600,,1.00,1,0,4112x2570,L,2
26874,8.354,0.000,0.359,0.057,0.000,0.013,0.051,0.000,5.395,0.059,5.294,0.042,8120,15600,,1.00,1,0,4112x2570,L,2
26875,8.340,0.615,0.266,0.054,0.000,0.015,0.061,0.000,5.463,0.059,5.362,0.042,8120,15600,,1.00,1,0,4112x2570,L,2
26876,8.257,0.001,0.420,0.056,0.000,0.018,0.044,0.000,5.502,0.062,5.396,0.044,8120,15600,,1.00,1,0,4112x2570,L,2
26877,8.351,0.658,0.276,0.053,0.000,0.013,0.057,0.000,5.504,0.061,5.400,0.043,8120,15600,,1.00,1,0,4112x2570,L,2
26878,9.825,0.000,0.337,0.047,0.000,0.013,0.048,0.000,8.037,0.064,7.932,0.041,8120,15600,,1.00,1,0,4112x2570,L,2
26879,7.106,0.708,0.276,0.059,0.000,0.015,0.054,0.000,5.169,0.045,5.079,0.044,8120,15600,,1.00,1,0,4112x2570,L,2
26880,8.016,0.000,0.262,0.053,0.000,0.013,0.051,0.000,5.213,0.050,5.122,0.041,8120,15600,,1.00,1,0,4112x2570,L,2
26881,8.226,0.635,0.268,0.053,0.000,0.013,0.042,0.000,5.241,0.061,5.135,0.045,8120,15600,,1.00,1,0,4112x2570,L,2
26882,8.314,0.000,0.267,0.037,0.000,0.010,0.041,0.000,5.237,0.076,5.117,0.044,8120,15600,,1.00,1,0,4112x2570,L,2
26883,8.306,0.591,0.265,0.029,0.000,0.008,0.047,0.000,5.241,0.059,5.137,0.045,8120,15600,,1.00,1,0,4112x2570,L,2
26884,8.816,0.000,0.266,0.025,0.000,0.009,0.061,0.000,5.245,0.075,5.123,0.047,8120,15600,,1.00,1,0,4112x2570,L,2
26885,7.994,0.790,0.221,0.036,0.000,0.011,0.056,0.000,5.192,0.061,5.088,0.043,8120,15600,,1.00,1,0,4112x2570,L,2
26886,8.276,0.000,0.383,0.051,0.000,0.015,0.052,0.000,5.230,0.063,5.123,0.044,8120,15600,,1.00,1,0,4112x2570,L,2
26887,8.367,0.672,0.233,0.052,0.000,0.013,0.057,0.000,5.229,0.070,5.119,0.040,8120,15600,,1.00,1,0,4112x2570,L,2
26888,8.341,0.000,0.277,0.062,0.000,0.017,0.066,0.000,5.222,0.071,5.110,0.041,8120,15600,,1.00,1,0,4112x2570,L,2
26889,8.198,0.665,0.239,0.055,0.000,0.015,0.065,0.000,5.222,0.070,5.107,0.044,8120,15600,,1.00,1,0,4112x2570,L,2
26890,8.299,0.000,0.279,0.044,0.000,0.010,0.056,0.000,5.314,0.064,5.206,0.045,8120,15600,,1.00,1,0,4112x2570,L,2
26891,8.288,0.699,0.224,0.035,0.000,0.010,0.053,0.000,5.321,0.073,5.201,0.046,8120,15600,,1.00,1,0,4112x2570,L,2
26892,8.346,0.000,0.274,0.028,0.000,0.013,0.048,0.000,5.321,0.066,5.210,0.044,8120,15600,,1.00,1,0,4112x2570,L,2
26893,8.303,0.568,0.383,0.030,0.000,0.013,0.046,0.000,5.400,0.063,5.292,0.045,8120,15600,,1.00,1,0,4112x2570,L,2
26894,8.623,0.000,0.390,0.029,0.000,0.009,0.064,0.000,5.458,0.069,5.332,0.057,8120,15600,,1.00,1,0,4112x2570,L,2
26895,8.936,1.271,0.451,0.060,0.000,0.018,0.203,0.000,5.543,0.068,5.416,0.058,8120,15600,,1.00,1,0,4112x2570,L,2
26896,7.953,0.001,0.806,0.155,0.000,0.048,0.123,0.000,5.329,0.024,5.249,0.057,8120,15600,,1.00,1,0,4112x2570,L,2
26897,8.305,1.662,0.605,0.139,0.000,0.037,0.123,0.000,5.513,0.018,5.443,0.052,8120,15600,,1.00,1,0,4112x2570,L,2
26898,8.312,0.001,0.779,0.119,0.000,0.038,0.105,0.000,5.459,0.040,5.366,0.052,8120,15600,,1.00,1,0,4112x2570,L,2
26899,8.248,1.653,0.657,0.111,0.000,0.033,0.118,0.000,5.528,0.089,5.385,0.054,8120,15600,,1.00,1,0,4112x2570,L,2
26900,8.197,0.000,0.712,0.117,0.000,0.032,0.106,0.000,5.477,0.095,5.329,0.053,8120,15600,,1.00,1,0,4112x2570,L,2
26901,8.078,1.390,0.446,0.074,0.000,0.028,0.070,0.000,5.506,0.068,5.391,0.047,8120,15600,,1.00,1,0,4112x2570,L,2
26902,8.236,0.000,0.538,0.048,0.000,0.015,0.041,0.000,5.502,0.068,5.388,0.047,8120,15600,,1.00,1,0,4112x2570,L,2
26903,8.305,1.088,0.336,0.038,0.000,0.011,0.046,0.000,5.598,0.079,5.473,0.047,8120,15600,,1.00,1,0,4112x2570,L,2
26904,8.279,0.000,0.339,0.032,0.000,0.010,0.044,0.000,5.701,0.068,5.585,0.048,8120,15600,,1.00,1,0,4112x2570,L,2
26905,8.336,0.741,0.263,0.039,0.000,0.008,0.057,0.000,5.822,0.077,5.698,0.048,8120,15600,,1.00,1,0,4112x2570,L,2
26906,8.333,0.000,0.296,0.037,0.000,0.012,0.035,0.000,5.914,0.079,5.789,0.047,8120,15600,,1.00,1,0,4112x2570,L,2
26907,8.326,0.738,0.238,0.027,0.000,0.009,0.048,0.000,6.022,0.086,5.889,0.047,8120,15600,,1.00,1,0,4112x2570,L,2
26908,8.357,0.000,0.274,0.024,0.000,0.013,0.041,0.000,6.348,0.055,6.228,0.066,8120,15600,,1.00,1,0,4112x2570,L,2
26909,8.305,0.639,0.238,0.028,0.000,0.007,0.047,0.000,6.130,0.021,6.049,0.060,8120,15600,,1.00,1,0,4112x2570,L,2
26910,8.364,0.000,0.255,0.030,0.000,0.014,0.043,0.000,6.121,0.085,5.979,0.058,8120,15600,,1.00,1,0,4112x2570,L,2
26911,8.268,0.717,0.260,0.028,0.000,0.009,0.055,0.000,6.204,0.047,6.100,0.058,8120,15600,,1.00,1,0,4112x2570,L,2
26912,8.350,0.000,0.306,0.035,0.000,0.009,0.032,0.000,6.335,0.054,6.231,0.050,8120,15600,,1.00,1,0,4112x2570,L,2
26913,8.335,0.688,0.267,0.026,0.000,0.008,0.048,0.000,6.105,0.058,5.990,0.058,8120,15600,,1.00,1,0,4112x2570,L,2
26914,8.368,0.000,0.297,0.041,0.000,0.012,0.048,0.000,6.179,0.070,6.044,0.065,8120,15600,,1.00,1,0,4112x2570,L,2
26915,8.307,0.714,0.300,0.031,0.000,0.009,0.037,0.000,6.096,0.056,5.984,0.057,8120,15600,,1.00,1,0,4112x2570,L,2
26916,8.330,0.000,0.351,0.029,0.000,0.009,0.053,0.000,6.078,0.079,5.937,0.063,8120,15600,,1.00,1,0,4112x2570,L,2
26917,8.324,0.729,0.279,0.027,0.000,0.009,0.064,0.000,6.231,0.022,6.151,0.058,8120,15600,,1.00,1,0,4112x2570,L,2
26918,8.317,0.000,0.350,0.034,0.000,0.010,0.043,0.000,6.114,0.068,5.991,0.054,8120,15600,,1.00,1,0,4112x2570,L,2
26919,8.329,0.761,0.300,0.029,0.000,0.019,0.040,0.000,6.047,0.070,5.921,0.056,8120,15600,,1.00,1,0,4112x2570,L,2
26920,8.384,0.000,0.352,0.032,0.000,0.012,0.043,0.000,6.095,0.068,5.973,0.054,8120,15600,,1.00,1,0,4112x2570,L,2
26921,8.369,0.854,0.336,0.032,0.000,0.010,0.064,0.000,6.083,0.071,5.957,0.055,8120,15600,,1.00,1,0,4112x2570,L,2
26922,8.416,0.000,0.370,0.031,0.000,0.011,0.095,0.000,6.097,0.057,5.986,0.054,8120,15600,,1.00,1,0,4112x2570,L,2
26923,8.241,0.919,0.352,0.037,0.000,0.012,0.052,0.000,6.065,0.091,5.916,0.058,8120,15600,,1.00,1,0,4112x2570,L,2
26924,8.328,0.000,0.371,0.038,0.000,0.015,0.063,0.000,6.096,0.063,5.975,0.057,8120,15600,,1.00,1,0,4112x2570,L,2
26925,8.279,1.020,0.386,0.037,0.000,0.012,0.057,0.000,6.068,0.077,5.933,0.058,8120,15600,,1.00,1,0,4112x2570,L,2
26926,8.405,0.000,0.417,0.036,0.000,0.012,0.123,0.000,6.105,0.070,5.977,0.058,8120,15600,,1.00,1,0,4112x2570,L,2
26927,8.266,0.967,0.408,0.039,0.000,0.012,0.045,0.000,6.069,0.094,5.916,0.058,8120,15600,,1.00,1,0,4112x2570,L,2
26928,8.370,0.000,0.398,0.037,0.000,0.012,0.061,0.000,6.076,0.063,5.955,0.058,8120,15600,,1.00,1,0,4112x2570,L,2
26929,8.334,1.137,0.449,0.042,0.000,0.013,0.060,0.000,6.069,0.090,5.923,0.057,8120,15600,,1.00,1,0,4112x2570,L,2
26930,8.370,0.000,0.458,0.041,0.000,0.014,0.082,0.000,6.050,0.072,5.927,0.051,8120,15600,,1.00,1,0,4112x2570,L,2
26931,8.249,1.026,0.410,0.050,0.000,0.015,0.067,0.000,6.058,0.081,5.919,0.057,8120,15600,,1.00,1,0,4112x2570,L,2
26932,8.341,0.000,0.467,0.047,0.000,0.013,0.081,0.000,6.047,0.043,5.946,0.058,8120,15600,,1.00,1,0,4112x2570,L,2
26933,8.239,1.091,0.442,0.047,0.000,0.014,0.052,0.000,6.068,0.104,5.906,0.058,8120,15600,,1.00,1,0,4112x2570,L,2
26934,8.334,0.000,0.441,0.048,0.000,0.013,0.062,0.000,6.066,0.055,5.956,0.056,8120,15600,,1.00,1,0,4112x2570,L,2
26935,8.312,1.242,0.441,0.052,0.000,0.018,0.063,0.000,6.089,0.087,5.944,0.058,8120,15600,,1.00,1,0,4112x2570,L,2
26936,8.627,0.000,0.452,0.055,0.000,0.017,0.135,0.000,6.055,0.036,5.960,0.059,8120,15600,,1.00,1,0,4112x2570,L,2
26937,8.534,1.672,0.529,0.080,0.000,0.026,0.086,0.000,6.022,0.102,5.863,0.058,8120,15600,,1.00,1,0,4112x2570,L,2
26938,8.707,0.000,0.519,0.077,0.000,0.019,0.213,0.000,5.985,0.048,5.879,0.058,8120,15600,,1.00,1,0,4112x2570,L,2
26939,8.715,1.616,0.655,0.152,0.000,0.046,0.085,0.000,5.798,0.023,5.721,0.054,8120,15600,,1.00,1,0,4112x2570,L,2
26940,8.444,0.000,0.607,0.074,0.000,0.024,0.117,0.000,6.005,0.091,5.861,0.053,8120,15600,,1.00,1,0,4112x2570,L,2
26941,7.457,1.539,0.624,0.154,0.000,0.043,0.084,0.000,5.898,0.026,5.812,0.061,8120,15600,,1.00,1,0,4112x2570,L,2
26942,8.436,0.000,0.511,0.071,0.000,0.017,0.116,0.000,6.082,0.020,6.005,0.058,8120,15600,,1.00,1,0,4112x2570,L,2
26943,7.662,1.555,0.648,0.126,0.000,0.042,0.065,0.000,5.445,0.018,5.372,0.055,8120,15600,,1.00,1,0,4112x2570,L,2
26944,9.345,0.000,0.510,0.064,0.000,0.018,0.201,0.000,5.518,0.038,5.423,0.057,8120,15600,,1.00,1,0,4112x2570,L,2
26945,7.616,1.514,0.518,0.066,0.000,0.019,0.116,0.000,5.463,0.028,5.382,0.054,8120,15600,,1.00,1,0,4112x2570,L,2
26946,7.949,0.001,0.647,0.158,0.000,0.039,0.080,0.000,5.420,0.017,5.348,0.055,8120,15600,,1.00,1,0,4112x2570,L,2
26947,9.312,1.489,0.515,0.064,0.000,0.019,0.218,0.000,5.417,0.078,5.284,0.055,8120,15600,,1.00,1,0,4112x2570,L,2
26948,7.266,0.001,0.805,0.157,0.000,0.047,0.067,0.000,5.084,0.026,5.009,0.049,8120,15600,,1.00,1,0,4112x2570,L,2
26949,8.445,1.324,0.510,0.064,0.000,0.017,0.086,0.000,5.251,0.018,5.184,0.049,8120,15600,,1.00,1,0,4112x2570,L,2
26950,9.383,0.000,0.553,0.090,0.000,0.017,0.228,0.000,5.141,0.076,5.014,0.050,8120,15600,,1.00,1,0,4112x2570,L,2
26951,7.345,1.543,0.626,0.130,0.000,0.042,0.071,0.000,4.935,0.027,4.863,0.046,8120,15600,,1.00,1,0,4112x2570,L,2
26952,8.232,0.000,0.448,0.058,0.000,0.021,0.096,0.000,5.035,0.043,4.947,0.045,8120,15600,,1.00,1,0,4112x2570,L,2
26953,8.105,1.027,0.403,0.068,0.000,0.019,0.064,0.000,4.993,0.079,4.865,0.050,8120,15600,,1.00,1,0,4112x2570,L,2
26954,8.412,0.000,0.414,0.069,0.000,0.015,0.064,0.000,5.041,0.066,4.926,0.050,8120,15600,,1.00,1,0,4112x2570,L,2
26955,8.390,0.992,0.376,0.044,0.000,0.012,0.054,0.000,5.012,0.069,4.890,0.053,8120,15600,,1.00,1,0,4112x2570,L,2
26956,8.322,0.000,0.418,0.041,0.000,0.013,0.063,0.000,4.968,0.053,4.864,0.051,8120,15600,,1.00,1,0,4112x2570,L,2
26957,8.292,1.169,0.421,0.045,0.000,0.014,0.082,0.000,4.969,0.060,4.855,0.055,8120,15600,,1.00,1,0,4112x2570,L,2
26958,8.273,0.000,0.458,0.047,0.000,0.015,0.074,0.000,4.961,0.064,4.848,0.049,8120,15600,,1.00,1,0,4112x2570,L,2
26959,8.363,1.231,0.460,0.040,0.000,0.014,0.070,0.000,4.949,0.065,4.833,0.050,8120,15600,,1.00,1,0,4112x2570,L,2
26960,8.356,0.000,0.443,0.042,0.000,0.014,0.114,0.000,4.965,0.080,4.834,0.051,8120,15600,,1.00,1,0,4112x2570,L,2
26961,8.311,1.146,0.426,0.042,0.000,0.014,0.069,0.000,4.953,0.071,4.831,0.051,8120,15600,,1.00,1,0,4112x2570,L,2
26962,8.266,0.000,0.459,0.043,0.000,0.014,0.059,0.000,4.962,0.071,4.840,0.051,8120,15600,,1.00,1,0,4112x2570,L,2
26963,8.427,1.078,0.475,0.048,0.000,0.016,0.097,0.000,4.965,0.069,4.849,0.047,8120,15600,,1.00,1,0,4112x2570,L,2
26964,8.351,0.000,0.502,0.084,0.000,0.019,0.093,0.000,4.986,0.072,4.867,0.046,8120,15600,,1.00,1,0,4112x2570,L,2
26965,8.089,1.234,0.402,0.046,0.000,0.015,0.052,0.000,4.981,0.075,4.862,0.043,8120,15600,,1.00,1,0,4112x2570,L,2
26966,8.347,0.000,0.355,0.046,0.000,0.013,0.055,0.000,4.986,0.067,4.875,0.044,8120,15600,,1.00,1,0,4112x2570,L,2
26967,8.316,0.845,0.356,0.063,0.000,0.016,0.047,0.000,5.060,0.063,4.955,0.042,8120,15600,,1.00,1,0,4112x2570,L,2
26968,8.463,0.000,0.332,0.057,0.000,0.015,0.070,0.000,5.079,0.068,4.966,0.045,8120,15600,,1.00,1,0,4112x2570,L,2
26969,8.115,0.734,0.281,0.047,0.000,0.011,0.051,0.000,5.162,0.054,5.063,0.045,8120,15600,,1.00,1,0,4112x2570,L,2
26970,8.257,0.000,0.314,0.043,0.000,0.015,0.040,0.000,5.227,0.071,5.111,0.044,8120,15600,,1.00,1,0,4112x2570,L,2
26971,8.363,0.728,0.275,0.034,0.000,0.010,0.050,0.000,5.231,0.060,5.126,0.045,8120,15600,,1.00,1,0,4112x2570,L,2
26972,8.354,0.000,0.310,0.041,0.000,0.012,0.046,0.000,5.312,0.068,5.199,0.044,8120,15600,,1.00,1,0,4112x2570,L,2
26973,8.224,0.663,0.251,0.047,0.000,0.011,0.047,0.000,5.414,0.065,5.303,0.046,8120,15600,,1.00,1,0,4112x2570,L,2
26974,8.286,0.000,0.290,0.035,0.000,0.008,0.040,0.000,5.478,0.066,5.368,0.044,8120,15600,,1.00,1,0,4112x2570,L,2
26975,8.330,0.601,0.238,0.027,0.000,0.012,0.048,0.000,5.503,0.059,5.400,0.044,8120,15600,,1.00,1,0,4112x2570,L,2
26976,8.328,0.000,0.280,0.030,0.000,0.014,0.032,0.000,5.545,0.068,5.419,0.058,8120,15600,,1.00,1,0,4112x2570,L,2
26977,8.406,0.580,0.228,0.026,0.000,0.008,0.039,0.000,5.560,0.062,5.447,0.050,8120,15600,,1.00,1,0,4112x2570,L,2
26978,8.270,0.000,0.262,0.030,0.000,0.008,0.031,0.000,5.504,0.055,5.402,0.047,8120,15600,,1.00,1,0,4112x2570,L,2
26979,8.624,0.690,0.227,0.025,0.000,0.008,0.065,0.000,5.609,0.073,5.494,0.042,8120,15600,,1.00,1,0,4112x2570,L,2
26980,8.130,0.001,0.289,0.072,0.000,0.022,0.067,0.000,5.694,0.077,5.571,0.046,8120,15600,,1.00,1,0,4112x2570,L,2
26981,8.176,0.700,0.245,0.051,0.000,0.012,0.039,0.000,5.856,0.073,5.726,0.056,8120,15600,,1.00,1,0,4112x2570,L,2
26982,8.398,0.000,0.249,0.036,0.000,0.009,0.036,0.000,5.932,0.070,5.817,0.045,8120,15600,,1.00,1,0,4112x2570,L,2
26983,8.431,0.686,0.261,0.031,0.000,0.008,0.055,0.000,6.024,0.072,5.908,0.045,8120,15600,,1.00,1,0,4112x2570,L,2
26984,8.249,0.000,0.288,0.039,0.000,0.015,0.065,0.000,6.122,0.079,5.998,0.045,8120,15600,,1.00,1,0,4112x2570,L,2
26985,8.308,0.697,0.238,0.033,0.000,0.010,0.044,0.000,6.211,0.044,6.122,0.046,8120,15600,,1.00,1,0,4112x2570,L,2
26986,8.265,0.000,0.259,0.031,0.000,0.008,0.038,0.000,6.338,0.060,6.231,0.047,8120,15600,,1.00,1,0,4112x2570,L,2
26987,8.374,0.583,0.266,0.029,0.000,0.013,0.041,0.000,6.108,0.069,5.982,0.057,8120,15600,,1.00,1,0,4112x2570,L,2
26988,8.409,0.000,0.308,0.038,0.000,0.014,0.052,0.000,6.216,0.075,6.088,0.053,8120,15600,,1.00,1,0,4112x2570,L,2
26989,8.251,0.758,0.239,0.027,0.000,0.010,0.058,0.000,6.264,0.057,6.150,0.057,8120,15600,,1.00,1,0,4112x2570,L,2
26990,8.451,0.000,0.322,0.031,0.000,0.010,0.077,0.000,6.256,0.059,6.134,0.063,8120,15600,,1.00,1,0,4112x2570,L,2
26991,8.304,0.787,0.268,0.037,0.000,0.014,0.061,0.000,6.052,0.065,5.930,0.057,8120,15600,,1.00,1,0,4112x2570,L,2
26992,8.286,0.000,0.394,0.029,0.000,0.016,0.039,0.000,6.063,0.020,5.993,0.049,8120,15600,,1.00,1,0,4112x2570,L,2
26993,8.289,0.835,0.250,0.030,0.000,0.009,0.071,0.000,6.115,0.049,6.013,0.053,8120,15600,,1.00,1,0,4112x2570,L,2
26994,8.375,0.000,0.301,0.030,0.000,0.010,0.040,0.000,6.126,0.066,6.001,0.059,8120,15600,,1.00,1,0,4112x2570,L,2
26995,8.289,0.791,0.264,0.030,0.000,0.009,0.057,0.000,6.032,0.073,5.905,0.054,8120,15600,,1.00,1,0,4112x2570,L,2
26996,8.346,0.000,0.340,0.030,0.000,0.013,0.060,0.000,6.089,0.063,5.975,0.050,8120,15600,,1.00,1,0,4112x2570,L,2
26997,16.892,0.918,0.285,0.032,0.000,0.015,0.083,0.000,6.049,0.082,5.911,0.056,8120,15600,,1.00,1,0,4112x2570,L,2
26998,8.256,0.947,0.338,0.070,0.000,0.019,0.069,0.000,6.074,0.080,5.951,0.043,8120,15600,,1.00,1,0,4112x2570,L,2
26999,8.118,0.000,0.318,0.069,0.000,0.020,0.066,0.000,6.197,0.019,6.136,0.042,8120,15600,,1.00,1,0,4112x2570,L,2
27000,8.094,0.824,0.320,0.067,0.000,0.016,0.072,0.000,6.187,0.019,6.125,0.043,8120,15600,,1.00,1,0,4112x2570,L,2
27001,8.085,0.000,0.432,0.053,0.000,0.014,0.051,0.000,6.163,0.020,6.100,0.043,8120,15600,,1.00,1,0,4112x2570,L,2
27002,8.193,0.692,0.250,0.051,0.000,0.013,0.045,0.000,6.362,0.043,6.269,0.049,8120,15600,,1.00,1,0,4112x2570,L,2
27003,8.273,0.000,0.270,0.046,0.000,0.012,0.054,0.000,6.091,0.019,6.027,0.044,8120,15600,,1.00,1,0,4112x2570,L,2
27004,8.131,0.615,0.290,0.062,0.000,0.016,0.046,0.000,6.096,0.068,5.987,0.042,8120,15600,,1.00,1,0,4112x2570,L,2
27005,8.028,0.000,0.286,0.049,0.000,0.015,0.044,0.000,6.007,0.020,5.944,0.043,8120,15600,,1.00,1,0,4112x2570,L,2
27006,8.235,0.539,0.254,0.056,0.000,0.015,0.094,0.000,6.015,0.020,5.952,0.043,8120,15600,,1.00,1,0,4112x2570,L,2
27007,8.113,0.000,0.295,0.053,0.000,0.017,0.045,0.000,6.019,0.065,5.910,0.044,8120,15600,,1.00,1,0,4112x2570,L,2
27008,8.186,0.673,0.282,0.051,0.000,0.014,0.046,0.000,5.998,0.020,5.936,0.043,8120,15600,,1.00,1,0,4112x2570,L,2
27009,8.113,0.000,0.366,0.055,0.000,0.014,0.041,0.000,6.005,0.076,5.885,0.044,8120,15600,,1.00,1,0,4112x2570,L,2
27010,8.180,0.707,0.261,0.049,0.000,0.015,0.042,0.000,6.007,0.054,5.909,0.044,8120,15600,,1.00,1,0,4112x2570,L,2
27011,8.238,0.000,0.378,0.045,0.000,0.013,0.048,0.000,6.014,0.075,5.895,0.044,8120,15600,,1.00,1,0,4112x2570,L,2
27012,8.161,0.563,0.267,0.047,0.000,0.012,0.036,0.000,6.017,0.047,5.926,0.044,8120,15600,,1.00,1,0,4112x2570,L,2
27013,8.197,0.000,0.286,0.048,0.000,0.012,0.050,0.000,6.024,0.085,5.894,0.044,8120,15600,,1.00,1,0,4112x2570,L,2
27014,8.267,0.534,0.260,0.044,0.000,0.013,0.054,0.000,6.017,0.050,5.924,0.044,8120,15600,,1.00,1,0,4112x2570,L,2
27015,8.126,0.000,0.271,0.054,0.000,0.013,0.043,0.000,6.011,0.085,5.883,0.043,8120,15600,,1.00,1,0,4112x2570,L,2
27016,8.133,0.577,0.225,0.052,0.000,0.013,0.037,0.000,6.024,0.020,5.961,0.043,8120,15600,,1.00,1,0,4112x2570,L,2
27017,8.433,0.000,0.252,0.055,0.000,0.010,0.070,0.000,6.023,0.078,5.902,0.044,8120,15600,,1.00,1,0,4112x2570,L,2
27018,8.245,0.652,0.256,0.054,0.000,0.014,0.056,0.000,5.999,0.064,5.891,0.044,8120,15600,,1.00,1,0,4112x2570,L,2
27019,7.992,0.000,0.267,0.052,0.000,0.014,0.051,0.000,5.987,0.071,5.873,0.043,8120,15600,,1.00,1,0,4112x2570,L,2
27020,8.340,0.567,0.263,0.047,0.000,0.013,0.062,0.000,6.101,0.020,6.037,0.044,8120,15600,,1.00,1,0,4112x2570,L,2
27021,8.204,0.000,0.297,0.052,0.000,0.014,0.062,0.000,6.105,0.077,5.985,0.043,8120,15600,,1.00,1,0,4112x2570,L,2
27022,8.034,0.662,0.285,0.065,0.000,0.018,0.061,0.000,6.109,0.020,6.045,0.044,8120,15600,,1.00,1,0,4112x2570,L,2
27023,8.311,0.000,0.251,0.049,0.000,0.013,0.042,0.000,6.099,0.020,6.034,0.044,8120,15600,,1.00,1,0,4112x2570,L,2
27024,8.070,0.654,0.231,0.048,0.000,0.014,0.050,0.000,6.107,0.071,5.994,0.042,8120,15600,,1.00,1,0,4112x2570,L,2
27025,8.222,0.000,0.252,0.043,0.000,0.010,0.046,0.000,6.132,0.020,6.069,0.043,8120,15600,,1.00,1,0,4112x2570,L,2
27026,8.213,0.562,0.222,0.044,0.000,0.012,0.047,0.000,6.144,0.019,6.082,0.043,8120,15600,,1.00,1,0,4112x2570,L,2
27027,8.257,0.000,0.296,0.040,0.000,0.010,0.045,0.000,6.123,0.073,6.007,0.043,8120,15600,,1.00,1,0,4112x2570,L,2
27028,8.219,0.519,0.260,0.046,0.000,0.013,0.052,0.000,6.132,0.052,6.040,0.040,8120,15600,,1.00,1,0,4112x2570,L,2
27029,8.140,0.000,0.368,0.046,0.000,0.011,0.041,0.000,6.225,0.080,6.101,0.044,8120,15600,,1.00,1,0,4112x2570,L,2
27030,8.252,0.563,0.287,0.049,0.000,0.014,0.046,0.000,6.064,0.052,5.969,0.043,8120,15600,,1.00,1,0,4112x2570,L,2
27031,8.277,0.000,0.288,0.047,0.000,0.013,0.051,0.000,6.327,0.070,6.202,0.055,8120,15600,,1.00,1,0,4112x2570,L,2
27032,8.154,0.647,0.271,0.046,0.000,0.014,0.051,0.000,6.250,0.068,6.129,0.053,8120,15600,,1.00,1,0,4112x2570,L,2
27033,8.158,0.000,0.261,0.037,0.000,0.009,0.038,0.000,6.059,0.046,5.957,0.057,8120,15600,,1.00,1,0,4112x2570,L,2
27034,8.218,0.591,0.217,0.026,0.000,0.007,0.048,0.000,6.059,0.073,5.930,0.055,8120,15600,,1.00,1,0,4112x2570,L,2
27035,8.291,0.000,0.263,0.023,0.000,0.007,0.031,0.000,6.175,0.059,6.069,0.047,8120,15600,,1.00,1,0,4112x2570,L,2
27036,8.222,0.527,0.214,0.026,0.000,0.011,0.046,0.000,6.065,0.080,5.930,0.055,8120,15600,,1.00,1,0,4112x2570,L,2
27037,8.268,0.000,0.240,0.026,0.000,0.011,0.030,0.000,6.035,0.057,5.925,0.053,8120,15600,,1.00,1,0,4112x2570,L,2
27038,8.284,0.584,0.211,0.022,0.000,0.012,0.048,0.000,5.972,0.079,5.838,0.055,8120,15600,,1.00,1,0,4112x2570,L,2
27039,8.263,0.000,0.254,0.028,0.000,0.012,0.044,0.000,6.010,0.070,5.881,0.059,8120,15600,,1.00,1,0,4112x2570,L,2
27040,8.344,0.689,0.223,0.024,0.000,0.008,0.036,0.000,6.021,0.060,5.903,0.058,8120,15600,,1.00,1,0,4112x2570,L,2
27041,8.248,0.000,0.247,0.024,0.000,0.011,0.041,0.000,5.965,0.073,5.839,0.053,8120,15600,,1.00,1,0,4112x2570,L,2
27042,8.227,0.572,0.233,0.025,0.000,0.009,0.044,0.000,5.978,0.059,5.866,0.053,8120,15600,,1.00,1,0,4112x2570,L,2
27043,8.269,0.000,0.255,0.022,0.000,0.010,0.041,0.000,5.976,0.074,5.839,0.063,8120,15600,,1.00,1,0,4112x2570,L,2
27044,8.305,0.574,0.242,0.028,0.000,0.010,0.045,0.000,5.955,0.038,5.861,0.056,8120,15600,,1.00,1,0,4112x2570,L,2
27045,8.202,0.000,0.255,0.026,0.000,0.011,0.030,0.000,5.854,0.073,5.723,0.057,8120,15600,,1.00,1,0,4112x2570,L,2
27046,8.276,0.561,0.231,0.023,0.000,0.008,0.038,0.000,5.863,0.073,5.733,0.057,8120,15600,,1.00,1,0,4112x2570,L,2
27047,8.313,0.000,0.292,0.030,0.000,0.012,0.064,0.000,5.874,0.074,5.742,0.058,8120,15600,,1.00,1,0,4112x2570,L,2
27048,8.191,0.638,0.243,0.029,0.000,0.014,0.049,0.000,5.975,0.077,5.847,0.051,8120,15600,,1.00,1,0,4112x2570,L,2
27049,8.432,0.000,0.297,0.028,0.000,0.012,0.041,0.000,5.976,0.063,5.856,0.058,8120,15600,,1.00,1,0,4112x2570,L,2
27050,8.110,0.651,0.270,0.041,0.000,0.011,0.047,0.000,5.966,0.070,5.833,0.063,8120,15600,,1.00,1,0,4112x2570,L,2
27051,8.322,0.000,0.281,0.033,0.000,0.009,0.055,0.000,6.048,0.060,5.929,0.059,8120,15600,,1.00,1,0,4112x2570,L,2
27052,8.227,0.651,0.262,0.034,0.000,0.010,0.064,0.000,5.967,0.074,5.842,0.051,8120,15600,,1.00,1,0,4112x2570,L,2
27053,8.306,0.000,0.363,0.038,0.000,0.013,0.068,0.000,5.915,0.063,5.808,0.044,8120,15600,,1.00,1,0,4112x2570,L,2
27054,8.197,0.650,0.294,0.052,0.000,0.015,0.055,0.000,5.954,0.069,5.825,0.060,8120,15600,,1.00,1,0,4112x2570,L,2
27055,8.156,0.000,0.270,0.036,0.000,0.009,0.047,0.000,5.920,0.072,5.804,0.044,8120,15600,,1.00,1,0,4112x2570,L,2
27056,8.281,0.628,0.255,0.034,0.000,0.009,0.043,0.000,5.941,0.020,5.869,0.052,8120,15600,,1.00,1,0,4112x2570,L,2
27057,8.252,0.000,0.264,0.030,0.000,0.008,0.041,0.000,5.949,0.070,5.830,0.048,8120,15600,,1.00,1,0,4112x2570,L,2
27058,8.279,0.595,0.250,0.026,0.000,0.008,0.049,0.000,6.074,0.053,5.966,0.055,8120,15600,,1.00,1,0,4112x2570,L,2
27059,8.198,0.000,0.290,0.038,0.000,0.011,0.036,0.000,6.100,0.075,5.969,0.057,8120,15600,,1.00,1,0,4112x2570,L,2
27060,8.401,0.784,0.254,0.029,0.000,0.009,0.047,0.000,6.083,0.040,5.992,0.051,8120,15600,,1.00,1,0,4112x2570,L,2
27061,8.201,0.000,0.277,0.033,0.000,0.010,0.054,0.000,6.067,0.087,5.925,0.056,8120,15600,,1.00,1,0,4112x2570,L,2
27062,8.367,0.688,0.253,0.027,0.000,0.009,0.046,0.000,6.062,0.035,5.973,0.053,8120,15600,,1.00,1,0,4112x2570,L,2
27063,8.306,0.000,0.309,0.036,0.000,0.019,0.034,0.000,6.220,0.076,6.089,0.056,8120,15600,,1.00,1,0,4112x2570,L,2
27064,8.297,0.751,0.281,0.030,0.000,0.009,0.053,0.000,6.273,0.057,6.161,0.055,8120,15600,,1.00,1,0,4112x2570,L,2
27065,8.422,0.000,0.318,0.028,0.000,0.015,0.040,0.000,6.110,0.051,6.001,0.059,8120,15600,,1.00,1,0,4112x2570,L,2
27066,8.277,0.771,0.304,0.033,0.000,0.009,0.054,0.000,6.064,0.071,5.937,0.056,8120,15600,,1.00,1,0,4112x2570,L,2
27067,8.394,0.000,0.341,0.037,0.000,0.011,0.056,0.000,6.105,0.070,5.982,0.052,8120,15600,,1.00,1,0,4112x2570,L,2
27068,8.302,0.808,0.304,0.033,0.000,0.010,0.056,0.000,6.066,0.084,5.927,0.055,8120,15600,,1.00,1,0,4112x2570,L,2
27069,8.387,0.000,0.339,0.031,0.000,0.010,0.056,0.000,6.106,0.062,5.988,0.056,8120,15600,,1.00,1,0,4112x2570,L,2
27070,8.351,0.854,0.335,0.033,0.000,0.010,0.048,0.000,6.026,0.074,5.900,0.052,8120,15600,,1.00,1,0,4112x2570,L,2
27071,8.298,0.000,0.377,0.034,0.000,0.011,0.072,0.000,6.101,0.067,5.975,0.059,8120,15600,,1.00,1,0,4112x2570,L,2
27072,8.368,1.003,0.339,0.039,0.000,0.013,0.065,0.000,6.064,0.081,5.927,0.056,8120,15600,,1.00,1,0,4112x2570,L,2
27073,8.292,0.000,0.418,0.040,0.000,0.015,0.072,0.000,6.046,0.042,5.944,0.060,8120,15600,,1.00,1,0,4112x2570,L,2
27074,8.347,0.946,0.364,0.049,0.000,0.012,0.080,0.000,6.067,0.081,5.933,0.053,8120,15600,,1.00,1,0,4112x2570,L,2
27075,8.302,0.000,0.437,0.046,0.000,0.017,0.064,0.000,6.076,0.038,5.977,0.061,8120,15600,,1.00,1,0,4112x2570,L,2
27076,8.311,1.015,0.377,0.045,0.000,0.017,0.071,0.000,6.039,0.091,5.895,0.053,8120,15600,,1.00,1,0,4112x2570,L,2
27077,8.347,0.000,0.452,0.044,0.000,0.013,0.085,0.000,6.093,0.078,5.954,0.061,8120,15600,,1.00,1,0,4112x2570,L,2
27078,8.348,1.141,0.439,0.048,0.000,0.015,0.079,0.000,6.072,0.088,5.930,0.054,8120,15600,,1.00,1,0,4112x2570,L,2
27079,8.212,0.000,0.459,0.044,0.000,0.014,0.073,0.000,6.068,0.046,5.966,0.056,8120,15600,,1.00,1,0,4112x2570,L,2
27080,8.358,1.070,0.435,0.044,0.000,0.013,0.078,0.000,6.056,0.045,5.953,0.057,8120,15600,,1.00,1,0,4112x2570,L,2
27081,8.358,0.000,0.536,0.048,0.000,0.015,0.096,0.000,6.085,0.092,5.935,0.059,8120,15600,,1.00,1,0,4112x2570,L,2
27082,8.234,1.239,0.479,0.043,0.000,0.015,0.062,0.000,6.079,0.048,5.979,0.052,8120,15600,,1.00,1,0,4112x2570,L,2
27083,8.367,0.000,0.443,0.049,0.000,0.018,0.058,0.000,6.032,0.058,5.924,0.049,8120,15600,,1.00,1,0,4112x2570,L,2
27084,8.320,0.933,0.399,0.053,0.000,0.016,0.048,0.000,5.991,0.088,5.860,0.044,8120,15600,,1.00,1,0,4112x2570,L,2
27085,8.319,0.000,0.366,0.051,0.000,0.013,0.047,0.000,6.005,0.054,5.906,0.045,8120,15600,,1.00,1,0,4112x2570,L,2
27086,8.285,0.698,0.336,0.054,0.000,0.015,0.052,0.000,6.105,0.078,5.984,0.043,8120,15600,,1.00,1,0,4112x2570,L,2
27087,8.303,0.000,0.385,0.052,0.000,0.015,0.059,0.000,6.167,0.040,6.081,0.045,8120,15600,,1.00,1,0,4112x2570,L,2
27088,8.308,0.737,0.307,0.046,0.000,0.011,0.053,0.000,6.125,0.064,6.016,0.045,8120,15600,,1.00,1,0,4112x2570,L,2
27089,8.160,0.000,0.321,0.049,0.000,0.014,0.109,0.000,6.121,0.075,6.002,0.044,8120,15600,,1.00,1,0,4112x2570,L,2
27090,8.117,0.661,0.263,0.037,0.000,0.010,0.040,0.000,6.137,0.045,6.045,0.047,8120,15600,,1.00,1,0,4112x2570,L,2
27091,8.220,0.000,0.281,0.036,0.000,0.009,0.036,0.000,6.125,0.070,6.010,0.045,8120,15600,,1.00,1,0,4112x2570,L,2
27092,8.236,0.621,0.260,0.030,0.000,0.009,0.034,0.000,6.140,0.058,6.038,0.045,8120,15600,,1.00,1,0,4112x2570,L,2
27093,8.288,0.000,0.258,0.028,0.000,0.008,0.063,0.000,6.234,0.071,6.119,0.044,8120,15600,,1.00,1,0,4112x2570,L,2
27094,8.292,0.536,0.231,0.024,0.000,0.011,0.041,0.000,6.265,0.035,6.177,0.052,8120,15600,,1.00,1,0,4112x2570,L,2
27095,8.295,0.000,0.260,0.030,0.000,0.011,0.041,0.000,6.250,0.051,6.155,0.044,8120,15600,,1.00,1,0,4112x2570,L,2
27096,8.224,0.639,0.222,0.028,0.000,0.008,0.030,0.000,6.222,0.062,6.118,0.042,8120,15600,,1.00,1,0,4112x2570,L,2
27097,8.328,0.000,0.257,0.027,0.000,0.011,0.043,0.000,6.327,0.061,6.217,0.049,8120,15600,,1.00,1,0,4112x2570,L,2
27098,8.276,0.514,0.219,0.031,0.000,0.012,0.049,0.000,6.131,0.052,6.036,0.043,8120,15600,,1.00,1,0,4112x2570,L,2
27099,8.062,0.000,0.268,0.050,0.000,0.012,0.040,0.000,6.179,0.060,6.075,0.045,8120,15600,,1.00,1,0,4112x2570,L,2
27100,8.261,0.585,0.223,0.040,0.000,0.010,0.043,0.000,6.294,0.058,6.186,0.051,8120,15600,,1.00,1,0,4112x2570,L,2
27101,8.216,0.000,0.418,0.032,0.000,0.008,0.027,0.000,6.153,0.068,6.043,0.043,8120,15600,,1.00,1,0,4112x2570,L,2
27102,8.265,0.526,0.228,0.030,0.000,0.008,0.039,0.000,6.184,0.073,6.061,0.050,8120,15600,,1.00,1,0,4112x2570,L,2
27103,8.298,0.000,0.377,0.032,0.000,0.008,0.075,0.000,6.155,0.070,6.041,0.044,8120,15600,,1.00,1,0,4112x2570,L,2
27104,8.237,0.554,0.254,0.036,0.000,0.010,0.052,0.000,6.130,0.078,6.008,0.043,8120,15600,,1.00,1,0,4112x2570,L,2
27105,8.159,0.000,0.285,0.044,0.000,0.012,0.039,0.000,6.128,0.059,6.026,0.043,8120,15600,,1.00,1,0,4112x2570,L,2
27106,8.299,0.598,0.257,0.035,0.000,0.009,0.042,0.000,6.135,0.037,6.054,0.043,8120,15600,,1.00,1,0,4112x2570,L,2
27107,8.148,0.000,0.354,0.039,0.000,0.010,0.040,0.000,6.123,0.093,5.985,0.044,8120,15600,,1.00,1,0,4112x2570,L,2
27108,8.263,0.536,0.256,0.028,0.000,0.009,0.049,0.000,6.144,0.064,6.037,0.043,8120,15600,,1.00,1,0,4112x2570,L,2
27109,8.253,0.000,0.288,0.030,0.000,0.009,0.032,0.000,6.137,0.073,6.021,0.044,8120,15600,,1.00,1,0,4112x2570,L,2
27110,8.233,0.525,0.206,0.022,0.000,0.008,0.029,0.000,6.298,0.038,6.202,0.057,8120,15600,,1.00,1,0,4112x2570,L,2
27111,8.342,0.000,0.252,0.029,0.000,0.007,0.044,0.000,6.185,0.061,6.077,0.047,8120,15600,,1.00,1,0,4112x2570,L,2
27112,8.259,0.562,0.216,0.024,0.000,0.008,0.037,0.000,6.077,0.076,5.955,0.047,8120,15600,,1.00,1,0,4112x2570,L,2
27113,8.282,0.000,0.282,0.021,0.000,0.008,0.034,0.000,6.088,0.057,5.985,0.047,8120,15600,,1.00,1,0,4112x2570,L,2
27114,8.237,0.529,0.219,0.022,0.000,0.007,0.040,0.000,5.943,0.069,5.814,0.060,8120,15600,,1.00,1,0,4112x2570,L,2
27115,8.293,0.000,0.236,0.022,0.000,0.007,0.030,0.000,5.995,0.065,5.865,0.065,8120,15600,,1.00,1,0,4112x2570,L,2
27116,8.254,0.620,0.211,0.022,0.000,0.007,0.037,0.000,5.956,0.074,5.826,0.056,8120,15600,,1.00,1,0,4112x2570,L,2
27117,8.367,0.000,0.233,0.029,0.000,0.007,0.049,0.000,5.981,0.058,5.867,0.056,8120,15600,,1.00,1,0,4112x2570,L,2
27118,8.186,0.600,0.226,0.025,0.000,0.009,0.038,0.000,5.958,0.083,5.821,0.053,8120,15600,,1.00,1,0,4112x2570,L,2
27119,8.311,0.000,0.250,0.025,0.000,0.007,0.031,0.000,5.998,0.064,5.880,0.054,8120,15600,,1.00,1,0,4112x2570,L,2
27120,8.211,0.584,0.220,0.023,0.000,0.007,0.042,0.000,5.949,0.078,5.813,0.059,8120,15600,,1.00,1,0,4112x2570,L,2
27121,8.377,0.000,0.245,0.023,0.000,0.009,0.047,0.000,5.994,0.065,5.876,0.053,8120,15600,,1.00,1,0,4112x2570,L,2
27122,8.150,0.569,0.249,0.024,0.000,0.008,0.040,0.000,5.953,0.065,5.833,0.055,8120,15600,,1.00,1,0,4112x2570,L,2
27123,8.349,0.000,0.267,0.023,0.000,0.008,0.038,0.000,6.040,0.066,5.917,0.057,8120,15600,,1.00,1,0,4112x2570,L,2
27124,8.232,0.601,0.227,0.022,0.000,0.008,0.041,0.000,5.918,0.071,5.802,0.045,8120,15600,,1.00,1,0,4112x2570,L,2
27125,8.294,0.000,0.256,0.031,0.000,0.009,0.038,0.000,5.997,0.074,5.865,0.058,8120,15600,,1.00,1,0,4112x2570,L,2
27126,8.212,0.552,0.229,0.027,0.000,0.007,0.039,0.000,5.977,0.065,5.852,0.060,8120,15600,,1.00,1,0,4112x2570,L,2
27127,8.317,0.000,0.266,0.027,0.000,0.009,0.037,0.000,5.997,0.068,5.875,0.055,8120,15600,,1.00,1,0,4112x2570,L,2
27128,8.226,0.580,0.225,0.024,0.000,0.007,0.042,0.000,5.983,0.054,5.868,0.061,8120,15600,,1.00,1,0,4112x2570,L,2
27129,8.319,0.000,0.265,0.027,0.000,0.011,0.029,0.000,6.097,0.071,5.968,0.058,8120,15600,,1.00,1,0,4112x2570,L,2
27130,8.216,0.579,0.237,0.025,0.000,0.008,0.079,0.000,6.086,0.041,5.988,0.057,8120,15600,,1.00,1,0,4112x2570,L,2
27131,8.331,0.000,0.288,0.026,0.000,0.010,0.038,0.000,6.127,0.066,6.001,0.060,8120,15600,,1.00,1,0,4112x2570,L,2
27132,8.220,0.630,0.246,0.026,0.000,0.008,0.047,0.000,6.040,0.088,5.902,0.050,8120,15600,,1.00,1,0,4112x2570,L,2
27133,8.278,0.000,0.263,0.026,0.000,0.011,0.037,0.000,6.151,0.059,6.022,0.069,8120,15600,,1.00,1,0,4112x2570,L,2
27134,8.327,0.647,0.255,0.029,0.000,0.015,0.053,0.000,6.113,0.077,5.975,0.061,8120,15600,,1.00,1,0,4112x2570,L,2
27135,8.358,0.000,0.288,0.026,0.000,0.007,0.032,0.000,6.125,0.059,6.012,0.054,8120,15600,,1.00,1,0,4112x2570,L,2
27136,8.319,0.672,0.252,0.029,0.000,0.008,0.053,0.000,6.058,0.075,5.924,0.059,8120,15600,,1.00,1,0,4112x2570,L,2
27137,8.311,0.000,0.320,0.028,0.000,0.008,0.035,0.000,6.290,0.068,6.162,0.060,8120,15600,,1.00,1,0,4112x2570,L,2
27138,8.414,0.713,0.284,0.027,0.000,0.008,0.058,0.000,6.070,0.042,5.970,0.058,8120,15600,,1.00,1,0,4112x2570,L,2
27139,8.273,0.000,0.333,0.043,0.000,0.009,0.032,0.000,6.067,0.077,5.931,0.059,8120,15600,,1.00,1,0,4112x2570,L,2
27140,8.355,0.701,0.280,0.027,0.000,0.008,0.042,0.000,6.103,0.067,5.977,0.058,8120,15600,,1.00,1,0,4112x2570,L,2
27141,8.370,0.000,0.333,0.039,0.000,0.009,0.056,0.000,6.073,0.074,5.944,0.055,8120,15600,,1.00,1,0,4112x2570,L,2
27142,8.303,0.774,0.290,0.033,0.000,0.010,0.038,0.000,6.086,0.054,5.975,0.058,8120,15600,,1.00,1,0,4112x2570,L,2
27143,8.301,0.000,0.353,0.029,0.000,0.009,0.038,0.000,6.076,0.066,5.952,0.058,8120,15600,,1.00,1,0,4112x2570,L,2
27144,8.369,0.757,0.304,0.031,0.000,0.009,0.051,0.000,6.056,0.022,5.976,0.059,8120,15600,,1.00,1,0,4112x2570,L,2
27145,8.324,0.000,0.399,0.033,0.000,0.010,0.045,0.000,5.972,0.078,5.836,0.058,8120,15600,,1.00,1,0,4112x2570,L,2
27146,8.392,0.850,0.345,0.035,0.000,0.010,0.043,0.000,6.091,0.043,5.990,0.059,8120,15600,,1.00,1,0,4112x2570,L,2
27147,8.339,0.000,0.393,0.031,0.000,0.017,0.072,0.000,5.965,0.086,5.820,0.059,8120,15600,,1.00,1,0,4112x2570,L,2
27148,8.297,1.026,0.390,0.043,0.000,0.012,0.048,0.000,6.070,0.065,5.951,0.055,8120,15600,,1.00,1,0,4112x2570,L,2
27149,8.340,0.000,0.458,0.051,0.000,0.011,0.068,0.000,6.071,0.088,5.925,0.058,8120,15600,,1.00,1,0,4112x2570,L,2
27150,8.281,0.941,0.416,0.037,0.000,0.012,0.067,0.000,6.072,0.046,5.969,0.056,8120,15600,,1.00,1,0,4112x2570,L,2
27151,8.321,0.000,0.395,0.038,0.000,0.012,0.060,0.000,6.065,0.095,5.913,0.057,8120,15600,,1.00,1,0,4112x2570,L,2
27152,8.350,0.956,0.373,0.036,0.000,0.011,0.075,0.000,5.923,0.021,5.842,0.060,8120,15600,,1.00,1,0,4112x2570,L,2
27153,8.328,0.000,0.471,0.038,0.000,0.012,0.073,0.000,6.025,0.094,5.880,0.051,8120,15600,,1.00,1,0,4112x2570,L,2
27154,8.137,0.920,0.387,0.045,0.000,0.012,0.051,0.000,6.060,0.070,5.940,0.050,8120,15600,,1.00,1,0,4112x2570,L,2
27155,8.199,0.000,0.505,0.043,0.000,0.017,0.071,0.000,6.078,0.101,5.918,0.058,8120,15600,,1.00,1,0,4112x2570,L,2
27156,8.241,0.973,0.397,0.043,0.000,0.012,0.059,0.000,6.076,0.075,5.950,0.051,8120,15600,,1.00,1,0,4112x2570,L,2
27157,8.252,0.000,0.530,0.051,0.000,0.022,0.066,0.000,6.012,0.086,5.881,0.045,8120,15600,,1.00,1,0,4112x2570,L,2
27158,8.135,0.971,0.326,0.057,0.000,0.016,0.064,0.000,6.139,0.050,6.041,0.048,8120,15600,,1.00,1,0,4112x2570,L,2
27159,8.214,0.000,0.343,0.054,0.000,0.014,0.059,0.000,6.057,0.083,5.925,0.050,8120,15600,,1.00,1,0,4112x2570,L,2
27160,8.163,0.810,0.317,0.042,0.000,0.018,0.056,0.000,6.106,0.064,5.981,0.061,8120,15600,,1.00,1,0,4112x2570,L,2
27161,8.244,0.000,0.311,0.037,0.000,0.010,0.042,0.000,6.072,0.085,5.936,0.051,8120,15600,,1.00,1,0,4112x2570,L,2
27162,8.236,0.979,0.326,0.038,0.000,0.014,0.041,0.000,6.322,0.064,6.194,0.064,8120,15600,,1.00,1,0,4112x2570,L,2
27163,8.328,0.000,0.316,0.033,0.000,0.013,0.057,0.000,6.139,0.066,6.013,0.061,8120,15600,,1.00,1,0,4112x2570,L,2
27164,8.146,0.804,0.324,0.040,0.000,0.016,0.062,0.000,6.072,0.071,5.945,0.056,8120,15600,,1.00,1,0,4112x2570,L,2
27165,8.205,0.000,0.353,0.038,0.000,0.012,0.059,0.000,6.039,0.020,5.965,0.055,8120,15600,,1.00,1,0,4112x2570,L,2
27166,8.286,0.718,0.270,0.030,0.000,0.010,0.054,0.000,6.089,0.074,5.957,0.057,8120,15600,,1.00,1,0,4112x2570,L,2
27167,8.220,0.000,0.330,0.032,0.000,0.012,0.059,0.000,6.038,0.078,5.903,0.056,8120,15600,,1.00,1,0,4112x2570,L,2
27168,8.324,0.892,0.272,0.031,0.000,0.010,0.064,0.000,6.067,0.040,5.970,0.057,8120,15600,,1.00,1,0,4112x2570,L,2
27169,8.244,0.000,0.352,0.040,0.000,0.015,0.050,0.000,6.064,0.073,5.944,0.046,8120,15600,,1.00,1,0,4112x2570,L,2
27170,8.163,0.776,0.286,0.047,0.000,0.013,0.035,0.000,6.082,0.039,5.996,0.047,8120,15600,,1.00,1,0,4112x2570,L,2
27171,8.281,0.000,0.341,0.041,0.000,0.011,0.047,0.000,6.069,0.072,5.951,0.046,8120,15600,,1.00,1,0,4112x2570,L,2
27172,8.199,0.797,0.277,0.038,0.000,0.011,0.045,0.000,6.053,0.032,5.974,0.047,8120,15600,,1.00,1,0,4112x2570,L,2
27173,8.257,0.000,0.333,0.041,0.000,0.009,0.053,0.000,6.036,0.076,5.911,0.049,8120,15600,,1.00,1,0,4112x2570,L,2
27174,8.237,0.750,0.263,0.029,0.000,0.009,0.037,0.000,6.075,0.078,5.941,0.056,8120,15600,,1.00,1,0,4112x2570,L,2
27175,8.264,0.000,0.296,0.033,0.000,0.012,0.054,0.000,6.062,0.083,5.924,0.055,8120,15600,,1.00,1,0,4112x2570,L,2
27176,8.250,0.715,0.268,0.027,0.000,0.010,0.043,0.000,6.094,0.069,5.963,0.062,8120,15600,,1.00,1,0,4112x2570,L,2
27177,8.271,0.000,0.289,0.027,0.000,0.009,0.073,0.000,6.093,0.071,5.962,0.060,8120,15600,,1.00,1,0,4112x2570,L,2
27178,8.276,0.723,0.289,0.027,0.000,0.015,0.054,0.000,6.076,0.056,5.965,0.055,8120,15600,,1.00,1,0,4112x2570,L,2
27179,8.290,0.000,0.302,0.038,0.000,0.009,0.050,0.000,6.094,0.075,5.965,0.054,8120,15600,,1.00,1,0,4112x2570,L,2
27180,8.223,0.692,0.312,0.032,0.000,0.010,0.049,0.000,6.081,0.062,5.964,0.055,8120,15600,,1.00,1,0,4112x2570,L,2
27181,8.259,0.000,0.381,0.035,0.000,0.014,0.051,0.000,6.043,0.073,5.914,0.056,8120,15600,,1.00,1,0,4112x2570,L,2
27182,8.225,0.861,0.312,0.039,0.000,0.012,0.042,0.000,6.070,0.042,5.967,0.061,8120,15600,,1.00,1,0,4112x2570,L,2
27183,8.288,0.000,0.460,0.032,0.000,0.010,0.050,0.000,6.080,0.073,5.945,0.063,8120,15600,,1.00,1,0,4112x2570,L,2
27184,8.158,0.983,0.337,0.047,0.000,0.014,0.057,0.000,6.087,0.033,6.003,0.051,8120,15600,,1.00,1,0,4112x2570,L,2
27185,8.254,0.000,0.344,0.041,0.000,0.013,0.060,0.000,6.254,0.070,6.126,0.058,8120,15600,,1.00,1,0,4112x2570,L,2
27186,8.232,0.826,0.300,0.031,0.000,0.010,0.066,0.000,6.323,0.063,6.203,0.057,8120,15600,,1.00,1,0,4112x2570,L,2
27187,8.207,0.000,0.355,0.033,0.000,0.025,0.042,0.000,6.092,0.052,5.982,0.058,8120,15600,,1.00,1,0,4112x2570,L,2
27188,8.289,0.812,0.348,0.034,0.000,0.011,0.071,0.000,6.043,0.070,5.915,0.058,8120,15600,,1.00,1,0,4112x2570,L,2
27189,8.213,0.000,0.325,0.031,0.000,0.009,0.068,0.000,6.091,0.062,5.975,0.054,8120,15600,,1.00,1,0,4112x2570,L,2
27190,8.227,0.786,0.307,0.034,0.000,0.013,0.056,0.000,5.958,0.077,5.825,0.055,8120,15600,,1.00,1,0,4112x2570,L,2
27191,8.233,0.000,0.335,0.032,0.000,0.009,0.036,0.000,5.938,0.038,5.842,0.057,8120,15600,,1.00,1,0,4112x2570,L,2
27192,8.253,0.711,0.289,0.030,0.000,0.009,0.049,0.000,5.960,0.071,5.831,0.057,8120,15600,,1.00,1,0,4112x2570,L,2
27193,8.219,0.000,0.340,0.027,0.000,0.009,0.058,0.000,6.025,0.024,5.946,0.056,8120,15600,,1.00,1,0,4112x2570,L,2
27194,8.272,0.772,0.306,0.030,0.000,0.011,0.056,0.000,5.982,0.074,5.851,0.057,8120,15600,,1.00,1,0,4112x2570,L,2
27195,8.229,0.000,0.324,0.029,0.000,0.010,0.049,0.000,6.015,0.060,5.894,0.061,8120,15600,,1.00,1,0,4112x2570,L,2
27196,8.304,0.691,0.300,0.028,0.000,0.009,0.053,0.000,5.988,0.080,5.854,0.054,8120,15600,,1.00,1,0,4112x2570,L,2
27197,8.257,0.000,0.305,0.036,0.000,0.008,0.049,0.000,6.007,0.059,5.889,0.059,8120,15600,,1.00,1,0,4112x2570,L,2
27198,8.195,0.750,0.284,0.031,0.000,0.010,0.049,0.000,5.971,0.085,5.830,0.055,8120,15600,,1.00,1,0,4112x2570,L,2
27199,8.283,0.000,0.314,0.029,0.000,0.009,0.047,0.000,6.018,0.068,5.893,0.057,8120,15600,,1.00,1,0,4112x2570,L,2
27200,8.282,0.731,0.294,0.029,0.000,0.014,0.050,0.000,5.959,0.082,5.823,0.054,8120,15600,,1.00,1,0,4112x2570,L,2
27201,8.239,0.000,0.395,0.040,0.000,0.011,0.043,0.000,6.120,0.077,5.988,0.055,8120,15600,,1.00,1,0,4112x2570,L,2
27202,8.258,0.757,0.326,0.032,0.000,0.009,0.037,0.000,6.086,0.078,5.952,0.056,8120,15600,,1.00,1,0,4112x2570,L,2
27203,8.261,0.000,0.313,0.030,0.000,0.009,0.052,0.000,6.099,0.047,5.987,0.064,8120,15600,,1.00,1,0,4112x2570,L,2
27204,8.319,0.699,0.333,0.040,0.000,0.012,0.059,0.000,6.014,0.095,5.876,0.043,8120,15600,,1.00,1,0,4112x2570,L,2
27205,8.145,0.000,0.297,0.055,0.000,0.017,0.056,0.000,5.994,0.055,5.896,0.043,8120,15600,,1.00,1,0,4112x2570,L,2
27206,8.117,0.716,0.296,0.071,0.000,0.020,0.048,0.000,6.007,0.073,5.891,0.043,8120,15600,,1.00,1,0,4112x2570,L,2
27207,8.186,0.000,0.274,0.052,0.000,0.012,0.103,0.000,6.027,0.056,5.927,0.043,8120,15600,,1.00,1,0,4112x2570,L,2
27208,8.154,0.648,0.243,0.044,0.000,0.011,0.044,0.000,6.025,0.091,5.889,0.044,8120,15600,,1.00,1,0,4112x2570,L,2
27209,8.171,0.000,0.355,0.040,0.000,0.010,0.037,0.000,6.019,0.073,5.900,0.046,8120,15600,,1.00,1,0,4112x2570,L,2
27210,8.262,0.665,0.247,0.028,0.000,0.008,0.038,0.000,6.054,0.071,5.938,0.044,8120,15600,,1.00,1,0,4112x2570,L,2
27211,8.303,0.000,0.245,0.026,0.000,0.007,0.045,0.000,6.128,0.081,6.002,0.045,8120,15600,,1.00,1,0,4112x2570,L,2
27212,8.220,0.550,0.210,0.032,0.000,0.008,0.039,0.000,6.157,0.067,6.045,0.045,8120,15600,,1.00,1,0,4112x2570,L,2
27213,8.244,0.000,0.254,0.039,0.000,0.007,0.035,0.000,6.136,0.071,6.020,0.046,8120,15600,,1.00,1,0,4112x2570,L,2
27214,8.252,0.526,0.226,0.029,0.000,0.011,0.034,0.000,6.156,0.054,6.056,0.046,8120,15600,,1.00,1,0,4112x2570,L,2
27215,8.242,0.000,0.262,0.031,0.000,0.009,0.037,0.000,6.140,0.070,6.024,0.046,8120,15600,,1.00,1,0,4112x2570,L,2
27216,8.261,0.558,0.224,0.023,0.000,0.008,0.038,0.000,6.257,0.054,6.157,0.046,8120,15600,,1.00,1,0,4112x2570,L,2
27217,8.435,0.000,0.235,0.025,0.000,0.007,0.034,0.000,6.243,0.069,6.124,0.050,8120,15600,,1.00,1,0,4112x2570,L,2
27218,8.128,0.482,0.226,0.028,0.000,0.008,0.045,0.000,6.208,0.034,6.130,0.045,8120,15600,,1.00,1,0,4112x2570,L,2
27219,8.242,0.000,0.255,0.034,0.000,0.010,0.042,0.000,6.236,0.052,6.139,0.045,8120,15600,,1.00,1,0,4112x2570,L,2
27220,8.199,0.636,0.224,0.030,0.000,0.009,0.043,0.000,6.216,0.078,6.092,0.046,8120,15600,,1.00,1,0,4112x2570,L,2
27221,8.275,0.000,0.390,0.033,0.000,0.009,0.037,0.000,6.342,0.075,6.221,0.046,8120,15600,,1.00,1,0,4112x2570,L,2
27222,8.273,0.600,0.216,0.026,0.000,0.008,0.048,0.000,6.295,0.057,6.186,0.052,8120,15600,,1.00,1,0,4112x2570,L,2
27223,8.220,0.000,0.277,0.034,0.000,0.010,0.047,0.000,6.001,0.058,5.883,0.061,8120,15600,,1.00,1,0,4112x2570,L,2
27224,8.180,0.551,0.204,0.035,0.000,0.010,0.038,0.000,6.059,0.073,5.930,0.056,8120,15600,,1.00,1,0,4112x2570,L,2
27225,8.261,0.000,0.266,0.026,0.000,0.009,0.049,0.000,6.178,0.061,6.067,0.051,8120,15600,,1.00,1,0,4112x2570,L,2
27226,8.289,0.519,0.234,0.034,0.000,0.011,0.040,0.000,5.991,0.066,5.867,0.059,8120,15600,,1.00,1,0,4112x2570,L,2
27227,8.235,0.000,0.257,0.024,0.000,0.007,0.047,0.000,6.042,0.070,5.916,0.057,8120,15600,,1.00,1,0,4112x2570,L,2
27228,8.327,0.641,0.226,0.026,0.000,0.009,0.038,0.000,6.016,0.054,5.904,0.058,8120,15600,,1.00,1,0,4112x2570,L,2
27229,8.230,0.000,0.222,0.023,0.000,0.007,0.034,0.000,5.982,0.062,5.860,0.060,8120,15600,,1.00,1,0,4112x2570,L,2
27230,8.239,0.559,0.209,0.021,0.000,0.007,0.037,0.000,6.026,0.055,5.913,0.058,8120,15600,,1.00,1,0,4112x2570,L,2
27231,8.368,0.000,0.304,0.028,0.000,0.009,0.033,0.000,5.972,0.075,5.851,0.046,8120,15600,,1.00,1,0,4112x2570,L,2
27232,8.192,0.539,0.254,0.025,0.000,0.009,0.035,0.000,5.825,0.083,5.697,0.045,8120,15600,,1.00,1,0,4112x2570,L,2
27233,8.339,0.000,0.275,0.025,0.000,0.011,0.050,0.000,5.842,0.059,5.736,0.046,8120,15600,,1.00,1,0,4112x2570,L,2
27234,8.200,0.581,0.234,0.026,0.000,0.007,0.047,0.000,5.845,0.063,5.724,0.058,8120,15600,,1.00,1,0,4112x2570,L,2
27235,8.347,0.000,0.245,0.027,0.000,0.008,0.038,0.000,5.869,0.071,5.752,0.046,8120,15600,,1.00,1,0,4112x2570,L,2
27236,8.264,0.649,0.245,0.039,0.000,0.007,0.061,0.000,5.838,0.075,5.707,0.056,8120,15600,,1.00,1,0,4112x2570,L,2
27237,8.240,0.000,0.299,0.046,0.000,0.014,0.039,0.000,5.847,0.075,5.714,0.058,8120,15600,,1.00,1,0,4112x2570,L,2
27238,8.261,0.831,0.365,0.029,0.000,0.010,0.053,0.000,5.876,0.075,5.743,0.058,8120,15600,,1.00,1,0,4112x2570,L,2
27239,8.240,0.000,0.292,0.027,0.000,0.008,0.046,0.000,5.857,0.063,5.740,0.055,8120,15600,,1.00,1,0,4112x2570,L,2
27240,8.367,0.661,0.264,0.026,0.000,0.008,0.065,0.000,6.012,0.065,5.888,0.059,8120,15600,,1.00,1,0,4112x2570,L,2
27241,8.336,0.000,0.297,0.028,0.000,0.010,0.044,0.000,5.989,0.085,5.845,0.059,8120,15600,,1.00,1,0,4112x2570,L,2
27242,8.340,0.714,0.275,0.028,0.000,0.008,0.032,0.000,5.998,0.063,5.878,0.058,8120,15600,,1.00,1,0,4112x2570,L,2
27243,8.354,0.000,0.322,0.027,0.000,0.013,0.047,0.000,5.934,0.073,5.802,0.058,8120,15600,,1.00,1,0,4112x2570,L,2
27244,8.391,0.721,0.285,0.034,0.000,0.009,0.043,0.000,5.997,0.062,5.878,0.056,8120,15600,,1.00,1,0,4112x2570,L,2
27245,8.265,0.000,0.341,0.036,0.000,0.013,0.048,0.000,5.959,0.086,5.814,0.059,8120,15600,,1.00,1,0,4112x2570,L,2
27246,8.368,0.956,0.368,0.031,0.000,0.010,0.059,0.000,6.019,0.064,5.894,0.061,8120,15600,,1.00,1,0,4112x2570,L,2
27247,8.345,0.000,0.358,0.043,0.000,0.009,0.069,0.000,5.961,0.078,5.826,0.057,8120,15600,,1.00,1,0,4112x2570,L,2
27248,8.293,0.839,0.347,0.036,0.000,0.011,0.048,0.000,5.978,0.036,5.882,0.060,8120,15600,,1.00,1,0,4112x2570,L,2
27249,8.360,0.000,0.461,0.033,0.000,0.011,0.063,0.000,6.064,0.086,5.922,0.057,8120,15600,,1.00,1,0,4112x2570,L,2
27250,8.289,0.860,0.356,0.034,0.000,0.012,0.055,0.000,6.106,0.065,5.982,0.059,8120,15600,,1.00,1,0,4112x2570,L,2
27251,8.438,0.000,0.381,0.033,0.000,0.016,0.080,0.000,6.073,0.088,5.929,0.056,8120,15600,,1.00,1,0,4112x2570,L,2
27252,16.683,0.988,0.382,0.042,0.000,0.013,0.074,0.000,6.092,0.021,6.018,0.053,8120,15600,,1.00,1,0,4112x2570,L,2
27253,8.752,1.029,0.410,0.059,0.000,0.017,0.083,0.000,6.385,0.088,6.245,0.052,8120,15600,,1.00,1,0,4112x2570,L,2
27254,7.803,0.000,0.452,0.073,0.000,0.016,0.054,0.000,6.113,0.093,5.965,0.055,8120,15600,,1.00,1,0,4112x2570,L,2
27255,8.438,0.945,0.392,0.044,0.000,0.013,0.137,0.000,6.185,0.048,6.080,0.057,8120,15600,,1.00,1,0,4112x2570,L,2
27256,8.243,0.000,0.551,0.048,0.000,0.013,0.055,0.000,6.018,0.046,5.916,0.057,8120,15600,,1.00,1,0,4112x2570,L,2
27257,8.267,0.983,0.398,0.052,0.000,0.015,0.047,0.000,6.032,0.084,5.888,0.060,8120,15600,,1.00,1,0,4112x2570,L,2
27258,8.369,0.000,0.434,0.040,0.000,0.012,0.053,0.000,6.108,0.065,5.988,0.055,8120,15600,,1.00,1,0,4112x2570,L,2
27259,8.363,1.055,0.424,0.045,0.000,0.014,0.071,0.000,5.933,0.089,5.793,0.050,8120,15600,,1.00,1,0,4112x2570,L,2
27260,8.386,0.000,0.425,0.055,0.000,0.016,0.089,0.000,5.908,0.049,5.806,0.052,8120,15600,,1.00,1,0,4112x2570,L,2
27261,8.210,0.861,0.344,0.050,0.000,0.017,0.050,0.000,5.908,0.076,5.776,0.057,8120,15600,,1.00,1,0,4112x2570,L,2
