frame,cpu_frame_ms,cpu_physics_ms,cpu_mesh_ms,cpu_egui_ms,cpu_check_win_ms,cpu_shadow_segs_ms,cpu_submit_ms,cpu_celebration_ms,gpu_total_ms,gpu_shadow_ms,gpu_hdr_ms,gpu_bloom_ms,rope_verts,rope_tris,event,render_scale,render_mode,dragging,render_size,skip,table_shadow_mode
661,65.462,2.093,0.218,0.151,0.000,0.015,0.042,0.000,63.557,0.013,63.493,0.051,8120,15600,,2.00,2,0,8224x5140,S,0
662,66.284,1.865,0.202,0.116,0.000,0.011,0.037,0.000,63.500,0.017,63.433,0.051,8120,15600,,2.00,2,0,8224x5140,S,0
663,65.940,1.802,0.217,0.060,0.000,0.011,0.064,0.000,63.556,0.014,63.495,0.047,8120,15600,,2.00,2,0,8224x5140,S,0
664,66.646,2.506,0.238,0.066,0.000,0.016,0.055,0.000,63.563,0.014,63.507,0.043,8120,15600,,2.00,2,0,8224x5140,S,0
665,65.756,2.628,0.254,0.056,0.000,0.015,0.062,0.000,63.576,0.014,63.523,0.038,8120,15600,,2.00,2,0,8224x5140,S,0
666,65.798,2.600,0.296,0.058,0.000,0.016,0.047,0.000,63.465,0.013,63.414,0.039,8120,15600,,2.00,2,0,8224x5140,S,0
667,66.327,2.249,0.263,0.058,0.000,0.016,0.049,0.000,63.504,0.013,63.448,0.043,8120,15600,,2.00,2,0,8224x5140,S,0
668,66.068,1.972,0.261,0.060,0.000,0.015,0.064,0.000,63.526,0.014,63.470,0.042,8120,15600,,2.00,2,0,8224x5140,S,0
669,69.752,2.298,0.252,0.081,0.000,0.019,0.057,0.000,66.927,0.014,66.872,0.041,8120,15600,,2.00,2,0,8224x5140,S,0
670,66.237,1.952,0.283,0.051,0.000,0.014,0.061,0.000,63.525,0.014,63.468,0.042,8120,15600,,2.00,2,0,8224x5140,S,0
671,66.521,2.188,0.223,0.082,0.000,0.018,0.047,0.000,63.512,0.014,63.455,0.043,8120,15600,,2.00,2,0,8224x5140,S,0
672,65.885,2.641,0.247,0.049,0.000,0.014,0.080,0.000,63.506,0.014,63.449,0.043,8120,15600,,2.00,2,0,8224x5140,S,0
673,66.395,3.117,0.283,0.049,0.000,0.016,0.068,0.000,63.480,0.014,63.424,0.042,8120,15600,,2.00,2,0,8224x5140,S,0
674,66.241,2.856,0.322,0.063,0.000,0.017,0.061,0.000,63.535,0.014,63.480,0.041,8120,15600,,2.00,2,0,8224x5140,S,0
675,66.088,2.866,0.260,0.063,0.000,0.017,0.035,0.000,63.474,0.014,63.413,0.047,8120,15600,,2.00,2,0,8224x5140,S,0
676,66.336,2.106,0.199,0.032,0.000,0.009,0.048,0.000,63.555,0.016,63.492,0.047,8120,15600,,2.00,2,0,8224x5140,S,0
677,66.254,2.060,0.245,0.032,0.000,0.010,0.048,0.000,63.586,0.014,63.529,0.043,8120,15600,,2.00,2,0,8224x5140,S,0
678,65.891,1.791,0.205,0.030,0.000,0.009,0.050,0.000,63.566,0.014,63.504,0.047,8120,15600,,2.00,2,0,8224x5140,S,0
679,65.936,1.926,0.234,0.062,0.000,0.016,0.050,0.000,63.546,0.013,63.491,0.042,8120,15600,,2.00,2,0,8224x5140,S,0
680,65.720,1.529,0.246,0.055,0.000,0.020,0.056,0.000,63.621,0.014,63.564,0.043,8120,15600,,2.00,2,0,8224x5140,S,0
681,66.519,2.250,0.224,0.052,0.000,0.016,0.076,0.000,63.505,0.016,63.442,0.048,8120,15600,,2.00,2,0,8224x5140,S,0
682,65.497,2.521,0.273,0.067,0.000,0.018,0.052,0.000,63.524,0.014,63.463,0.048,8120,15600,,2.00,2,0,8224x5140,S,0
683,66.353,2.347,0.248,0.065,0.000,0.019,0.047,0.000,63.508,0.013,63.447,0.048,8120,15600,,2.00,2,0,8224x5140,S,0
684,65.639,2.367,0.222,0.048,0.000,0.013,0.058,0.000,63.583,0.014,63.519,0.050,8120,15600,,2.00,2,0,8224x5140,S,0
685,66.587,2.161,0.211,0.047,0.000,0.013,0.049,0.000,63.564,0.014,63.499,0.051,8120,15600,,2.00,2,0,8224x5140,S,0
686,66.591,2.134,0.241,0.041,0.000,0.013,0.057,0.000,63.564,0.014,63.506,0.044,8120,15600,,2.00,2,0,8224x5140,S,0
687,66.243,1.993,0.239,0.056,0.000,0.014,0.041,0.000,63.486,0.014,63.427,0.046,8120,15600,,2.00,2,0,8224x5140,S,0
688,66.135,1.863,0.215,0.036,0.000,0.010,0.038,0.000,63.545,0.015,63.484,0.046,8120,15600,,2.00,2,0,8224x5140,S,0
689,66.100,1.876,0.207,0.029,0.000,0.010,0.041,0.000,63.573,0.013,63.512,0.047,8120,15600,,2.00,2,0,8224x5140,S,0
690,66.155,1.855,0.211,0.033,0.000,0.011,0.055,0.000,63.577,0.014,63.511,0.052,8120,15600,,2.00,2,0,8224x5140,S,0
691,66.401,2.126,0.216,0.035,0.000,0.011,0.035,0.000,63.496,0.014,63.430,0.052,8120,15600,,2.00,2,0,8224x5140,S,0
692,66.079,2.076,0.235,0.029,0.000,0.009,0.041,0.000,63.531,0.014,63.466,0.051,8120,15600,,2.00,2,0,8224x5140,S,0
693,66.444,2.182,0.255,0.044,0.000,0.013,0.062,0.000,63.553,0.014,63.495,0.044,8120,15600,,2.00,2,0,8224x5140,S,0
694,65.620,2.761,0.267,0.064,0.000,0.018,0.042,0.000,63.505,0.014,63.445,0.046,8120,15600,,2.00,2,0,8224x5140,S,0
695,66.194,2.039,0.227,0.050,0.000,0.013,0.052,0.000,63.541,0.014,63.481,0.045,8120,15600,,2.00,2,0,8224x5140,S,0
696,66.519,2.152,0.232,0.054,0.000,0.014,0.063,0.000,63.516,0.014,63.455,0.046,8120,15600,,2.00,2,0,8224x5140,S,0
697,65.741,2.722,0.318,0.057,0.000,0.019,0.058,0.000,63.485,0.014,63.427,0.044,8120,15600,,2.00,2,0,8224x5140,S,0
698,66.326,2.242,0.260,0.060,0.000,0.016,0.050,0.000,63.506,0.014,63.448,0.045,8120,15600,,2.00,2,0,8224x5140,S,0
699,66.481,2.320,0.249,0.053,0.000,0.015,0.060,0.000,63.535,0.014,63.476,0.045,8120,15600,,2.00,2,0,8224x5140,S,0
700,66.550,2.197,0.225,0.063,0.000,0.020,0.046,0.000,63.588,0.014,63.529,0.045,8120,15600,,2.00,2,0,8224x5140,S,0
701,66.386,2.171,0.212,0.044,0.000,0.012,0.058,0.000,63.515,0.014,63.457,0.044,8120,15600,,2.00,2,0,8224x5140,S,0
702,66.330,2.225,0.208,0.061,0.000,0.015,0.048,0.000,63.506,0.014,63.451,0.041,8120,15600,,2.00,2,0,8224x5140,S,0
703,66.681,2.329,0.223,0.062,0.000,0.018,0.053,0.000,63.598,0.014,63.539,0.045,8120,15600,,2.00,2,0,8224x5140,S,0
704,66.396,2.099,0.219,0.057,0.000,0.015,0.058,0.000,63.538,0.014,63.481,0.043,8120,15600,,2.00,2,0,8224x5140,S,0
705,66.495,2.180,0.256,0.073,0.000,0.020,0.070,0.000,63.517,0.014,63.459,0.043,8120,15600,,2.00,2,0,8224x5140,S,0
706,66.196,3.010,0.273,0.074,0.000,0.019,0.083,0.000,63.512,0.014,63.449,0.049,8120,15600,,2.00,2,0,8224x5140,S,0
707,65.703,3.487,0.349,0.085,0.000,0.022,0.048,0.000,63.504,0.014,63.447,0.043,8120,15600,,2.00,2,0,8224x5140,S,0
708,66.357,2.114,0.223,0.055,0.000,0.016,0.053,0.000,63.548,0.014,63.488,0.047,8120,15600,,2.00,2,0,8224x5140,S,0
709,66.050,2.000,0.232,0.053,0.000,0.015,0.060,0.000,63.516,0.014,63.458,0.044,8120,15600,,2.00,2,0,8224x5140,S,0
710,66.297,2.212,0.226,0.069,0.000,0.018,0.061,0.000,63.533,0.014,63.473,0.046,8120,15600,,2.00,2,0,8224x5140,S,0
711,65.607,2.521,0.275,0.070,0.000,0.018,0.064,0.000,63.546,0.014,63.487,0.045,8120,15600,,2.00,2,0,8224x5140,S,0
712,66.391,2.298,0.272,0.064,0.000,0.018,0.059,0.000,63.517,0.013,63.459,0.045,8120,15600,,2.00,2,0,8224x5140,S,0
713,66.559,2.330,0.243,0.065,0.000,0.018,0.048,0.000,63.485,0.014,63.427,0.045,8120,15600,,2.00,2,0,8224x5140,S,0
714,66.376,2.148,0.211,0.041,0.000,0.014,0.038,0.000,63.486,0.014,63.428,0.045,8120,15600,,2.00,2,0,8224x5140,S,0
715,66.211,1.858,0.220,0.033,0.000,0.009,0.070,0.000,63.489,0.014,63.430,0.045,8120,15600,,2.00,2,0,8224x5140,S,0
716,66.513,2.022,0.277,0.038,0.000,0.010,0.057,0.000,63.554,0.017,63.489,0.048,8120,15600,,2.00,2,0,8224x5140,S,0
717,66.297,1.862,0.240,0.053,0.000,0.015,0.061,0.000,63.537,0.018,63.474,0.046,8120,15600,,2.00,2,0,8224x5140,S,0
718,65.547,2.296,0.228,0.060,0.000,0.018,0.061,0.000,63.520,0.014,63.453,0.052,8120,15600,tshadow_pcf,2.00,2,0,8224x5140,P,1
719,8.097,2.794,0.345,0.065,0.000,0.017,0.050,0.000,5.099,0.014,5.030,0.055,8120,15600,,2.00,2,0,8224x5140,P,1
720,7.535,1.069,0.312,0.041,0.000,0.013,0.045,0.000,5.099,0.017,5.029,0.054,8120,15600,,2.00,2,0,8224x5140,P,1
721,7.551,0.000,0.387,0.039,0.000,0.012,0.043,0.000,5.101,0.014,5.032,0.055,8120,15600,,2.00,2,0,8224x5140,P,1
722,7.305,0.979,0.324,0.036,0.000,0.011,0.043,0.000,5.100,0.014,5.029,0.057,8120,15600,,2.00,2,0,8224x5140,P,1
723,7.548,0.000,0.350,0.033,0.000,0.010,0.080,0.000,5.101,0.014,5.026,0.061,8120,15600,,2.00,2,0,8224x5140,P,1
724,7.718,1.207,0.372,0.049,0.000,0.018,0.054,0.000,5.100,0.014,5.029,0.057,8120,15600,,2.00,2,0,8224x5140,P,1
725,7.569,0.000,0.363,0.039,0.000,0.013,0.069,0.000,5.101,0.017,5.032,0.052,8120,15600,,2.00,2,0,8224x5140,P,1
726,8.281,1.001,0.324,0.038,0.000,0.011,0.091,0.000,5.103,0.014,5.030,0.059,8120,15600,,2.00,2,0,8224x5140,P,1
727,8.295,0.000,0.525,0.052,0.000,0.021,0.076,0.000,5.106,0.018,5.033,0.055,8120,15600,,2.00,2,0,8224x5140,P,1
728,8.309,1.092,0.402,0.050,0.000,0.019,0.058,0.000,5.102,0.014,5.029,0.058,8120,15600,,2.00,2,0,8224x5140,P,1
729,8.441,0.000,0.422,0.041,0.000,0.014,0.127,0.000,5.109,0.020,5.033,0.056,8120,15600,,2.00,2,0,8224x5140,P,1
730,8.258,0.977,0.412,0.049,0.000,0.017,0.055,0.000,5.100,0.014,5.030,0.056,8120,15600,,2.00,2,0,8224x5140,P,1
731,8.164,0.000,0.418,0.046,0.000,0.017,0.046,0.000,5.119,0.020,5.047,0.053,8120,15600,,2.00,2,0,8224x5140,P,1
732,8.332,1.047,0.399,0.044,0.000,0.019,0.047,0.000,5.102,0.014,5.029,0.059,8120,15600,,2.00,2,0,8224x5140,P,1
733,8.303,0.000,0.419,0.045,0.000,0.013,0.056,0.000,5.112,0.019,5.032,0.061,8120,15600,,2.00,2,0,8224x5140,P,1
734,8.409,1.012,0.379,0.037,0.000,0.011,0.067,0.000,5.101,0.014,5.028,0.060,8120,15600,,2.00,2,0,8224x5140,P,1
735,8.315,0.000,0.416,0.047,0.000,0.016,0.056,0.000,5.113,0.023,5.038,0.052,8120,15600,,2.00,2,0,8224x5140,P,1
736,8.246,1.351,0.358,0.045,0.000,0.013,0.072,0.000,5.098,0.014,5.029,0.055,8120,15600,,2.00,2,0,8224x5140,P,1
737,8.327,0.000,0.413,0.042,0.000,0.012,0.071,0.000,5.126,0.026,5.044,0.057,8120,15600,,2.00,2,0,8224x5140,P,1
738,8.330,1.098,0.365,0.041,0.000,0.013,0.073,0.000,5.096,0.017,5.030,0.049,8120,15600,,2.00,2,0,8224x5140,P,1
739,8.334,0.000,0.459,0.051,0.000,0.022,0.059,0.000,5.125,0.027,5.039,0.058,8120,15600,,2.00,2,0,8224x5140,P,1
740,8.353,1.070,0.396,0.045,0.000,0.012,0.047,0.000,5.100,0.014,5.029,0.057,8120,15600,,2.00,2,0,8224x5140,P,1
741,8.317,0.000,0.483,0.047,0.000,0.019,0.057,0.000,5.181,0.038,5.082,0.061,8120,15600,,2.00,2,0,8224x5140,P,1
742,8.338,1.037,0.377,0.041,0.000,0.011,0.048,0.000,5.100,0.014,5.029,0.057,8120,15600,,2.00,2,0,8224x5140,P,1
743,8.319,0.000,0.478,0.045,0.000,0.020,0.060,0.000,5.195,0.039,5.095,0.060,8120,15600,,2.00,2,0,8224x5140,P,1
744,8.308,1.144,0.435,0.047,0.000,0.012,0.046,0.000,5.104,0.017,5.029,0.059,8120,15600,,2.00,2,0,8224x5140,P,1
745,8.375,0.000,0.448,0.044,0.000,0.021,0.051,0.000,5.197,0.036,5.103,0.058,8120,15600,,2.00,2,0,8224x5140,P,1
746,8.297,1.113,0.411,0.045,0.000,0.012,0.050,0.000,5.094,0.013,5.028,0.053,8120,15600,,2.00,2,0,8224x5140,P,1
747,8.303,0.000,0.440,0.045,0.000,0.016,0.054,0.000,5.097,0.014,5.026,0.056,8120,15600,,2.00,2,0,8224x5140,P,1
748,8.366,1.098,0.411,0.042,0.000,0.012,0.072,0.000,5.172,0.030,5.089,0.052,8120,15600,,2.00,2,0,8224x5140,P,1
749,8.270,0.000,0.445,0.051,0.000,0.015,0.056,0.000,5.102,0.017,5.031,0.054,8120,15600,,2.00,2,0,8224x5140,P,1
750,8.409,1.195,0.436,0.049,0.000,0.014,0.061,0.000,5.201,0.037,5.113,0.052,8120,15600,,2.00,2,0,8224x5140,P,1
751,8.226,0.000,0.441,0.060,0.000,0.019,0.066,0.000,5.100,0.014,5.031,0.056,8120,15600,,2.00,2,0,8224x5140,P,1
752,8.391,1.085,0.468,0.056,0.000,0.016,0.059,0.000,5.184,0.022,5.103,0.059,8120,15600,,2.00,2,0,8224x5140,P,1
753,8.251,0.000,0.461,0.051,0.000,0.017,0.080,0.000,5.098,0.013,5.028,0.057,8120,15600,,2.00,2,0,8224x5140,P,1
754,8.432,1.088,0.429,0.046,0.000,0.014,0.066,0.000,5.158,0.041,5.064,0.053,8120,15600,,2.00,2,0,8224x5140,P,1
755,8.276,0.000,0.442,0.046,0.000,0.014,0.050,0.000,5.106,0.017,5.030,0.059,8120,15600,,2.00,2,0,8224x5140,P,1
756,8.345,1.112,0.429,0.044,0.000,0.017,0.058,0.000,5.161,0.042,5.065,0.055,8120,15600,,2.00,2,0,8224x5140,P,1
757,8.324,0.000,0.444,0.060,0.000,0.018,0.064,0.000,5.097,0.014,5.028,0.055,8120,15600,,2.00,2,0,8224x5140,P,1
758,8.293,1.079,0.438,0.074,0.000,0.020,0.054,0.000,5.102,0.017,5.031,0.055,8120,15600,,2.00,2,0,8224x5140,P,1
759,8.342,0.000,0.517,0.058,0.000,0.017,0.062,0.000,5.094,0.014,5.029,0.051,8120,15600,,2.00,2,0,8224x5140,P,1
760,8.262,0.919,0.330,0.074,0.000,0.018,0.041,0.000,5.100,0.016,5.030,0.054,8120,15600,,2.00,2,0,8224x5140,P,1
761,8.286,0.000,0.346,0.045,0.000,0.013,0.044,0.000,5.103,0.017,5.032,0.054,8120,15600,,2.00,2,0,8224x5140,P,1
762,8.310,0.916,0.358,0.043,0.000,0.013,0.056,0.000,5.098,0.017,5.026,0.055,8120,15600,,2.00,2,0,8224x5140,P,1
763,8.298,0.000,0.352,0.034,0.000,0.010,0.041,0.000,5.102,0.018,5.030,0.055,8120,15600,,2.00,2,0,8224x5140,P,1
764,8.274,0.865,0.318,0.037,0.000,0.011,0.040,0.000,5.101,0.017,5.030,0.054,8120,15600,,2.00,2,0,8224x5140,P,1
765,8.308,0.000,0.327,0.032,0.000,0.010,0.042,0.000,5.099,0.017,5.030,0.052,8120,15600,,2.00,2,0,8224x5140,P,1
766,8.363,0.702,0.262,0.027,0.000,0.009,0.037,0.000,5.101,0.016,5.031,0.055,8120,15600,,2.00,2,0,8224x5140,P,1
767,8.393,0.000,0.416,0.034,0.000,0.015,0.053,0.000,5.103,0.017,5.032,0.054,8120,15600,,2.00,2,0,8224x5140,P,1
768,8.260,0.604,0.243,0.052,0.000,0.016,0.078,0.000,5.100,0.016,5.031,0.053,8120,15600,,2.00,2,0,8224x5140,P,1
769,8.368,0.000,0.279,0.038,0.000,0.012,0.040,0.000,5.101,0.017,5.032,0.052,8120,15600,,2.00,2,0,8224x5140,P,1
770,8.221,0.776,0.245,0.032,0.000,0.009,0.034,0.000,5.105,0.016,5.033,0.056,8120,15600,,2.00,2,0,8224x5140,P,1
771,8.424,0.000,0.258,0.032,0.000,0.011,0.038,0.000,5.100,0.018,5.028,0.054,8120,15600,,2.00,2,0,8224x5140,P,1
772,8.225,0.552,0.261,0.032,0.000,0.010,0.036,0.000,5.099,0.017,5.027,0.055,8120,15600,,2.00,2,0,8224x5140,P,1
773,8.401,0.000,0.266,0.028,0.000,0.009,0.031,0.000,5.102,0.017,5.031,0.054,8120,15600,,2.00,2,0,8224x5140,P,1
774,8.336,0.569,0.234,0.025,0.000,0.007,0.032,0.000,5.101,0.016,5.031,0.054,8120,15600,,2.00,2,0,8224x5140,P,1
775,8.279,0.000,0.262,0.024,0.000,0.009,0.030,0.000,5.101,0.017,5.027,0.056,8120,15600,,2.00,2,0,8224x5140,P,1
776,8.433,0.617,0.234,0.027,0.000,0.009,0.042,0.000,5.099,0.016,5.029,0.054,8120,15600,,2.00,2,0,8224x5140,P,1
777,8.275,0.000,0.269,0.036,0.000,0.020,0.035,0.000,5.096,0.014,5.030,0.052,8120,15600,,2.00,2,0,8224x5140,P,1
778,8.235,0.595,0.226,0.035,0.000,0.011,0.034,0.000,5.098,0.016,5.029,0.053,8120,15600,,2.00,2,0,8224x5140,P,1
779,8.486,0.000,0.261,0.028,0.000,0.009,0.046,0.000,5.101,0.017,5.030,0.054,8120,15600,,2.00,2,0,8224x5140,P,1
780,8.283,0.793,0.255,0.028,0.000,0.010,0.040,0.000,5.104,0.016,5.031,0.057,8120,15600,,2.00,2,0,8224x5140,P,1
781,8.337,0.000,0.295,0.039,0.000,0.014,0.043,0.000,5.095,0.014,5.028,0.053,8120,15600,,2.00,2,0,8224x5140,P,1
782,8.228,0.739,0.280,0.036,0.000,0.011,0.033,0.000,5.108,0.017,5.032,0.059,8120,15600,,2.00,2,0,8224x5140,P,1
783,8.461,0.000,0.260,0.029,0.000,0.008,0.040,0.000,5.105,0.014,5.030,0.060,8120,15600,,2.00,2,0,8224x5140,P,1
784,8.213,0.763,0.280,0.024,0.000,0.008,0.055,0.000,5.107,0.017,5.030,0.061,8120,15600,,2.00,2,0,8224x5140,P,1
785,8.519,0.000,0.300,0.025,0.000,0.008,0.059,0.000,5.106,0.014,5.031,0.061,8120,15600,,2.00,2,0,8224x5140,P,1
786,8.217,1.048,0.303,0.029,0.000,0.011,0.046,0.000,5.111,0.017,5.032,0.062,8120,15600,,2.00,2,0,8224x5140,P,1
787,8.395,0.000,0.320,0.028,0.000,0.010,0.044,0.000,5.106,0.015,5.031,0.060,8120,15600,,2.00,2,0,8224x5140,P,1
788,8.257,0.862,0.287,0.024,0.000,0.009,0.036,0.000,5.115,0.018,5.036,0.061,8120,15600,,2.00,2,0,8224x5140,P,1
789,8.404,0.000,0.343,0.030,0.000,0.009,0.036,0.000,5.107,0.018,5.029,0.060,8120,15600,,2.00,2,0,8224x5140,P,1
790,8.287,0.864,0.315,0.030,0.000,0.011,0.036,0.000,5.111,0.019,5.031,0.060,8120,15600,,2.00,2,0,8224x5140,P,1
791,8.302,0.000,0.335,0.028,0.000,0.010,0.040,0.000,5.107,0.018,5.031,0.059,8120,15600,,2.00,2,0,8224x5140,P,1
792,8.395,0.903,0.345,0.029,0.000,0.010,0.052,0.000,5.123,0.019,5.043,0.061,8120,15600,,2.00,2,0,8224x5140,P,1
793,8.256,0.000,0.376,0.033,0.000,0.009,0.038,0.000,5.099,0.014,5.029,0.056,8120,15600,,2.00,2,0,8224x5140,P,1
794,8.439,0.886,0.338,0.032,0.000,0.010,0.035,0.000,5.108,0.017,5.029,0.062,8120,15600,,2.00,2,0,8224x5140,P,1
795,8.348,0.000,0.419,0.032,0.000,0.011,0.048,0.000,5.176,0.023,5.093,0.060,8120,15600,,2.00,2,0,8224x5140,P,1
796,8.207,0.995,0.380,0.034,0.000,0.014,0.057,0.000,5.101,0.017,5.027,0.057,8120,15600,,2.00,2,0,8224x5140,P,1
797,8.328,0.000,0.428,0.036,0.000,0.011,0.040,0.000,5.133,0.027,5.046,0.060,8120,15600,,2.00,2,0,8224x5140,P,1
798,8.338,0.984,0.406,0.037,0.000,0.010,0.046,0.000,5.110,0.014,5.033,0.063,8120,15600,,2.00,2,0,8224x5140,P,1
799,8.402,0.000,0.437,0.038,0.000,0.020,0.088,0.000,5.122,0.026,5.042,0.054,8120,15600,,2.00,2,0,8224x5140,P,1
800,8.326,0.989,0.405,0.058,0.000,0.015,0.069,0.000,5.097,0.014,5.025,0.058,8120,15600,,2.00,2,0,8224x5140,P,1
801,8.220,0.000,0.338,0.053,0.000,0.016,0.056,0.000,5.101,0.016,5.029,0.055,8120,15600,,2.00,2,0,8224x5140,P,1
802,8.329,0.988,0.313,0.048,0.000,0.015,0.045,0.000,5.095,0.014,5.027,0.054,8120,15600,,2.00,2,0,8224x5140,P,1
803,8.262,0.000,0.281,0.033,0.000,0.015,0.039,0.000,5.101,0.017,5.030,0.054,8120,15600,,2.00,2,0,8224x5140,P,1
804,8.482,0.701,0.262,0.038,0.000,0.012,0.045,0.000,5.100,0.014,5.028,0.058,8120,15600,,2.00,2,0,8224x5140,P,1
805,8.129,0.000,0.294,0.031,0.000,0.014,0.052,0.000,5.104,0.017,5.030,0.058,8120,15600,,2.00,2,0,8224x5140,P,1
806,8.335,0.672,0.258,0.026,0.000,0.008,0.040,0.000,5.095,0.014,5.028,0.052,8120,15600,,2.00,2,0,8224x5140,P,1
807,8.372,0.000,0.296,0.033,0.000,0.012,0.036,0.000,5.106,0.017,5.031,0.058,8120,15600,,2.00,2,0,8224x5140,P,1
808,8.421,0.919,0.261,0.031,0.000,0.012,0.054,0.000,5.105,0.017,5.030,0.058,8120,15600,,2.00,2,0,8224x5140,P,1
809,8.281,0.000,0.310,0.026,0.000,0.012,0.057,0.000,5.106,0.016,5.030,0.059,8120,15600,,2.00,2,0,8224x5140,P,1
810,8.248,0.999,0.325,0.039,0.000,0.013,0.036,0.000,5.108,0.017,5.030,0.061,8120,15600,,2.00,2,0,8224x5140,P,1
811,8.303,0.000,0.333,0.029,0.000,0.011,0.044,0.000,5.098,0.017,5.030,0.051,8120,15600,,2.00,2,0,8224x5140,P,1
812,8.243,0.637,0.297,0.041,0.000,0.012,0.034,0.000,5.099,0.014,5.028,0.056,8120,15600,,2.00,2,0,8224x5140,P,1
813,8.299,0.000,0.263,0.025,0.000,0.008,0.025,0.000,5.103,0.017,5.029,0.057,8120,15600,,2.00,2,0,8224x5140,P,1
814,8.352,0.567,0.239,0.026,0.000,0.008,0.025,0.000,5.102,0.017,5.031,0.054,8120,15600,,2.00,2,0,8224x5140,P,1
815,8.339,0.000,0.270,0.020,0.000,0.007,0.026,0.000,5.102,0.016,5.031,0.055,8120,15600,,2.00,2,0,8224x5140,P,1
816,8.316,0.537,0.231,0.020,0.000,0.008,0.030,0.000,5.100,0.017,5.029,0.054,8120,15600,,2.00,2,0,8224x5140,P,1
817,8.399,0.000,0.241,0.020,0.000,0.010,0.027,0.000,5.102,0.016,5.032,0.055,8120,15600,,2.00,2,0,8224x5140,P,1
818,8.383,0.544,0.230,0.018,0.000,0.006,0.030,0.000,5.102,0.014,5.030,0.059,8120,15600,,2.00,2,0,8224x5140,P,1
819,8.302,0.000,0.275,0.019,0.000,0.006,0.049,0.000,5.104,0.016,5.031,0.057,8120,15600,,2.00,2,0,8224x5140,P,1
820,8.444,0.817,0.263,0.029,0.000,0.013,0.036,0.000,5.106,0.017,5.031,0.058,8120,15600,,2.00,2,0,8224x5140,P,1
821,8.194,0.000,0.261,0.023,0.000,0.008,0.045,0.000,5.109,0.017,5.033,0.060,8120,15600,,2.00,2,0,8224x5140,P,1
822,8.297,0.625,0.251,0.021,0.000,0.007,0.043,0.000,5.102,0.014,5.028,0.060,8120,15600,,2.00,2,0,8224x5140,P,1
823,8.304,0.000,0.272,0.026,0.000,0.009,0.031,0.000,5.102,0.018,5.027,0.057,8120,15600,,2.00,2,0,8224x5140,P,1
824,8.397,0.749,0.260,0.024,0.000,0.008,0.040,0.000,5.100,0.014,5.030,0.056,8120,15600,,2.00,2,0,8224x5140,P,1
825,8.253,0.000,0.285,0.022,0.000,0.008,0.038,0.000,5.106,0.018,5.030,0.057,8120,15600,,2.00,2,0,8224x5140,P,1
826,8.331,0.657,0.254,0.024,0.000,0.007,0.031,0.000,5.100,0.014,5.028,0.058,8120,15600,,2.00,2,0,8224x5140,P,1
827,8.342,0.000,0.295,0.025,0.000,0.013,0.033,0.000,5.122,0.018,5.048,0.057,8120,15600,,2.00,2,0,8224x5140,P,1
828,8.493,0.758,0.279,0.034,0.000,0.008,0.034,0.000,5.097,0.014,5.027,0.056,8120,15600,,2.00,2,0,8224x5140,P,1
829,8.154,0.000,0.321,0.028,0.000,0.008,0.036,0.000,5.109,0.018,5.035,0.056,8120,15600,,2.00,2,0,8224x5140,P,1
830,8.488,0.780,0.294,0.032,0.000,0.008,0.035,0.000,5.098,0.014,5.025,0.059,8120,15600,,2.00,2,0,8224x5140,P,1
831,8.258,0.000,0.333,0.030,0.000,0.011,0.038,0.000,5.113,0.018,5.037,0.057,8120,15600,,2.00,2,0,8224x5140,P,1
832,8.330,0.779,0.294,0.030,0.000,0.010,0.036,0.000,5.103,0.014,5.033,0.055,8120,15600,,2.00,2,0,8224x5140,P,1
833,8.306,0.000,0.383,0.047,0.000,0.010,0.043,0.000,5.116,0.020,5.036,0.060,8120,15600,,2.00,2,0,8224x5140,P,1
834,8.356,0.870,0.349,0.032,0.000,0.009,0.040,0.000,5.103,0.015,5.026,0.063,8120,15600,,2.00,2,0,8224x5140,P,1
835,8.371,0.000,0.367,0.031,0.000,0.015,0.108,0.000,5.130,0.023,5.047,0.061,8120,15600,,2.00,2,0,8224x5140,P,1
836,8.314,1.198,0.392,0.046,0.000,0.016,0.069,0.000,5.100,0.014,5.029,0.057,8120,15600,,2.00,2,0,8224x5140,P,1
837,8.291,0.000,0.431,0.043,0.000,0.028,0.076,0.000,5.136,0.026,5.049,0.060,8120,15600,,2.00,2,0,8224x5140,P,1
838,8.474,1.095,0.384,0.041,0.000,0.013,0.068,0.000,5.106,0.017,5.030,0.059,8120,15600,,2.00,2,0,8224x5140,P,1
839,8.215,0.000,0.609,0.039,0.000,0.020,0.062,0.000,5.141,0.026,5.057,0.057,8120,15600,,2.00,2,0,8224x5140,P,1
840,8.351,1.153,0.438,0.046,0.000,0.014,0.071,0.000,5.111,0.017,5.036,0.057,8120,15600,,2.00,2,0,8224x5140,P,1
841,8.290,0.000,0.477,0.054,0.000,0.014,0.050,0.000,5.135,0.038,5.038,0.059,8120,15600,,2.00,2,0,8224x5140,P,1
842,8.321,1.124,0.421,0.040,0.000,0.012,0.050,0.000,5.102,0.014,5.031,0.057,8120,15600,,2.00,2,0,8224x5140,P,1
843,8.370,0.000,0.486,0.038,0.000,0.014,0.053,0.000,5.174,0.036,5.078,0.060,8120,15600,,2.00,2,0,8224x5140,P,1
844,8.308,1.310,0.476,0.049,0.000,0.014,0.056,0.000,5.102,0.014,5.027,0.060,8120,15600,,2.00,2,0,8224x5140,P,1
845,8.370,0.000,0.560,0.052,0.000,0.015,0.080,0.000,5.187,0.039,5.088,0.060,8120,15600,,2.00,2,0,8224x5140,P,1
846,8.308,1.330,0.488,0.055,0.000,0.016,0.073,0.000,5.103,0.015,5.028,0.061,8120,15600,,2.00,2,0,8224x5140,P,1
847,8.280,0.000,0.593,0.061,0.000,0.018,0.063,0.000,5.169,0.034,5.081,0.054,8120,15600,,2.00,2,0,8224x5140,P,1
848,8.326,1.129,0.428,0.056,0.000,0.015,0.050,0.000,5.100,0.014,5.027,0.059,8120,15600,,2.00,2,0,8224x5140,P,1
849,8.325,0.000,0.452,0.064,0.000,0.018,0.063,0.000,5.175,0.022,5.093,0.060,8120,15600,,2.00,2,0,8224x5140,P,1
850,8.324,1.188,0.497,0.052,0.000,0.016,0.058,0.000,5.100,0.015,5.029,0.056,8120,15600,,2.00,2,0,8224x5140,P,1
851,8.319,0.000,0.570,0.054,0.000,0.017,0.062,0.000,5.235,0.039,5.137,0.059,8120,15600,,2.00,2,0,8224x5140,P,1
852,8.927,1.301,0.508,0.055,0.000,0.015,0.203,0.000,5.102,0.014,5.031,0.057,8120,15600,,2.00,2,0,8224x5140,P,1
853,8.755,0.001,0.784,0.135,0.000,0.040,0.130,0.000,5.102,0.016,5.031,0.055,8120,15600,,2.00,2,0,8224x5140,P,1
854,7.856,1.843,0.548,0.115,0.000,0.033,0.097,0.000,5.099,0.014,5.028,0.058,8120,15600,,2.00,2,0,8224x5140,P,1
855,8.314,0.001,0.592,0.097,0.000,0.030,0.098,0.000,5.098,0.014,5.030,0.054,8120,15600,,2.00,2,0,8224x5140,P,1
856,7.986,1.787,0.576,0.105,0.000,0.032,0.102,0.000,5.099,0.014,5.029,0.056,8120,15600,,2.00,2,0,8224x5140,P,1
857,8.523,0.000,0.664,0.107,0.000,0.036,0.098,0.000,5.098,0.014,5.030,0.055,8120,15600,,2.00,2,0,8224x5140,P,1
858,8.605,1.743,0.552,0.091,0.000,0.031,0.080,0.000,5.178,0.022,5.100,0.056,8120,15600,,2.00,2,0,8224x5140,P,1
859,8.462,0.000,0.550,0.089,0.000,0.024,0.121,0.000,5.175,0.021,5.095,0.060,8120,15600,,2.00,2,0,8224x5140,P,1
860,7.499,1.700,0.544,0.112,0.000,0.035,0.069,0.000,5.104,0.014,5.029,0.062,8120,15600,,2.00,2,0,8224x5140,P,1
861,8.214,0.000,0.537,0.060,0.000,0.019,0.083,0.000,5.101,0.014,5.028,0.060,8120,15600,,2.00,2,0,8224x5140,P,1
862,8.921,1.315,0.492,0.046,0.000,0.015,0.219,0.000,5.102,0.014,5.029,0.058,8120,15600,,2.00,2,0,8224x5140,P,1
863,8.936,0.001,0.912,0.127,0.000,0.045,0.113,0.000,5.107,0.022,5.033,0.053,8120,15600,,2.00,2,0,8224x5140,P,1
864,8.661,1.718,0.613,0.127,0.000,0.044,0.078,0.000,5.145,0.037,5.054,0.055,8120,15600,,2.00,2,0,8224x5140,P,1
865,8.384,0.000,0.549,0.072,0.000,0.022,0.115,0.000,5.203,0.036,5.109,0.058,8120,15600,,2.00,2,0,8224x5140,P,1
866,7.546,1.704,0.649,0.125,0.000,0.041,0.093,0.000,5.097,0.014,5.029,0.055,8120,15600,,2.00,2,0,8224x5140,P,1
867,8.358,0.000,0.510,0.064,0.000,0.023,0.118,0.000,5.096,0.014,5.027,0.056,8120,15600,,2.00,2,0,8224x5140,P,1
868,8.179,1.517,0.506,0.052,0.000,0.017,0.054,0.000,5.171,0.041,5.075,0.055,8120,15600,,2.00,2,0,8224x5140,P,1
869,7.789,0.000,0.454,0.068,0.000,0.018,0.061,0.000,5.096,0.014,5.029,0.053,8120,15600,,2.00,2,0,8224x5140,P,1
870,8.011,0.964,0.385,0.066,0.000,0.017,0.099,0.000,5.095,0.014,5.028,0.054,8120,15600,,2.00,2,0,8224x5140,P,1
871,8.322,0.000,0.409,0.041,0.000,0.013,0.100,0.000,5.106,0.014,5.033,0.059,8120,15600,,2.00,2,0,8224x5140,P,1
872,8.301,1.331,0.384,0.048,0.000,0.015,0.053,0.000,5.108,0.017,5.030,0.061,8120,15600,,2.00,2,0,8224x5140,P,1
873,8.361,0.000,0.414,0.039,0.000,0.012,0.081,0.000,5.101,0.014,5.031,0.056,8120,15600,,2.00,2,0,8224x5140,P,1
874,8.342,1.155,0.449,0.050,0.000,0.015,0.059,0.000,5.112,0.019,5.036,0.057,8120,15600,,2.00,2,0,8224x5140,P,1
875,8.314,0.000,0.452,0.044,0.000,0.018,0.061,0.000,5.105,0.017,5.033,0.055,8120,15600,,2.00,2,0,8224x5140,P,1
876,8.232,1.108,0.416,0.043,0.000,0.013,0.070,0.000,5.113,0.019,5.036,0.058,8120,15600,,2.00,2,0,8224x5140,P,1
877,8.321,0.000,0.438,0.045,0.000,0.015,0.050,0.000,5.100,0.017,5.030,0.053,8120,15600,,2.00,2,0,8224x5140,P,1
878,8.475,1.089,0.351,0.047,0.000,0.014,0.068,0.000,5.110,0.018,5.037,0.055,8120,15600,,2.00,2,0,8224x5140,P,1
879,8.174,0.000,0.391,0.081,0.000,0.026,0.058,0.000,5.098,0.014,5.030,0.054,8120,15600,,2.00,2,0,8224x5140,P,1
880,8.284,0.862,0.352,0.079,0.000,0.024,0.054,0.000,5.097,0.013,5.030,0.054,8120,15600,,2.00,2,0,8224x5140,P,1
881,8.191,0.000,0.328,0.059,0.000,0.016,0.039,0.000,5.105,0.017,5.033,0.055,8120,15600,,2.00,2,0,8224x5140,P,1
882,8.291,0.964,0.265,0.045,0.000,0.012,0.035,0.000,5.107,0.018,5.033,0.057,8120,15600,,2.00,2,0,8224x5140,P,1
883,8.328,0.000,0.283,0.033,0.000,0.015,0.035,0.000,5.101,0.017,5.030,0.055,8120,15600,,2.00,2,0,8224x5140,P,1
884,8.347,0.710,0.252,0.032,0.000,0.009,0.036,0.000,5.102,0.017,5.031,0.054,8120,15600,,2.00,2,0,8224x5140,P,1
885,8.289,0.000,0.278,0.031,0.000,0.013,0.033,0.000,5.099,0.016,5.029,0.054,8120,15600,,2.00,2,0,8224x5140,P,1
886,8.334,0.650,0.249,0.027,0.000,0.009,0.035,0.000,5.103,0.017,5.030,0.055,8120,15600,,2.00,2,0,8224x5140,P,1
887,8.309,0.000,0.280,0.025,0.000,0.009,0.025,0.000,5.101,0.017,5.031,0.054,8120,15600,,2.00,2,0,8224x5140,P,1
888,8.343,0.570,0.229,0.024,0.000,0.011,0.032,0.000,5.100,0.018,5.028,0.055,8120,15600,,2.00,2,0,8224x5140,P,1
889,8.307,0.000,0.259,0.023,0.000,0.013,0.027,0.000,5.100,0.016,5.030,0.054,8120,15600,,2.00,2,0,8224x5140,P,1
890,8.363,0.754,0.244,0.022,0.000,0.010,0.032,0.000,5.101,0.017,5.029,0.055,8120,15600,,2.00,2,0,8224x5140,P,1
891,8.333,0.000,0.247,0.022,0.000,0.011,0.033,0.000,5.101,0.017,5.032,0.053,8120,15600,,2.00,2,0,8224x5140,P,1
892,8.306,0.604,0.222,0.026,0.000,0.010,0.033,0.000,5.103,0.018,5.032,0.054,8120,15600,,2.00,2,0,8224x5140,P,1
893,8.441,0.000,0.249,0.027,0.000,0.008,0.071,0.000,5.100,0.017,5.031,0.053,8120,15600,,2.00,2,0,8224x5140,P,1
894,8.296,0.601,0.231,0.044,0.000,0.012,0.038,0.000,5.101,0.018,5.031,0.053,8120,15600,,2.00,2,0,8224x5140,P,1
895,8.300,0.000,0.269,0.025,0.000,0.009,0.037,0.000,5.102,0.017,5.031,0.054,8120,15600,,2.00,2,0,8224x5140,P,1
896,8.342,0.551,0.223,0.028,0.000,0.012,0.045,0.000,5.101,0.017,5.031,0.053,8120,15600,,2.00,2,0,8224x5140,P,1
897,8.391,0.000,0.265,0.037,0.000,0.014,0.038,0.000,5.109,0.017,5.039,0.053,8120,15600,,2.00,2,0,8224x5140,P,1
898,8.323,0.583,0.231,0.028,0.000,0.011,0.045,0.000,5.106,0.017,5.032,0.056,8120,15600,,2.00,2,0,8224x5140,P,1
899,8.314,0.000,0.270,0.026,0.000,0.009,0.042,0.000,5.108,0.018,5.030,0.060,8120,15600,,2.00,2,0,8224x5140,P,1
900,8.346,0.615,0.239,0.024,0.000,0.009,0.030,0.000,5.102,0.018,5.029,0.055,8120,15600,,2.00,2,0,8224x5140,P,1
901,8.300,0.000,0.281,0.023,0.000,0.008,0.031,0.000,5.104,0.016,5.030,0.057,8120,15600,,2.00,2,0,8224x5140,P,1
902,8.325,0.845,0.271,0.023,0.000,0.008,0.044,0.000,5.097,0.014,5.029,0.054,8120,15600,,2.00,2,0,8224x5140,P,1
903,8.312,0.000,0.315,0.021,0.000,0.009,0.030,0.000,5.107,0.017,5.030,0.060,8120,15600,,2.00,2,0,8224x5140,P,1
904,8.295,0.759,0.270,0.025,0.000,0.008,0.034,0.000,5.105,0.014,5.033,0.058,8120,15600,,2.00,2,0,8224x5140,P,1
905,8.367,0.000,0.302,0.022,0.000,0.009,0.033,0.000,5.098,0.014,5.031,0.053,8120,15600,,2.00,2,0,8224x5140,P,1
906,8.280,0.705,0.253,0.023,0.000,0.008,0.028,0.000,5.107,0.017,5.031,0.060,8120,15600,,2.00,2,0,8224x5140,P,1
907,8.392,0.000,0.314,0.026,0.000,0.008,0.032,0.000,5.107,0.018,5.029,0.060,8120,15600,,2.00,2,0,8224x5140,P,1
908,8.270,0.731,0.279,0.023,0.000,0.008,0.047,0.000,5.099,0.017,5.029,0.053,8120,15600,,2.00,2,0,8224x5140,P,1
909,8.466,0.000,0.312,0.028,0.000,0.010,0.060,0.000,5.100,0.018,5.032,0.050,8120,15600,,2.00,2,0,8224x5140,P,1
910,8.323,1.071,0.330,0.054,0.000,0.018,0.048,0.000,5.113,0.018,5.038,0.058,8120,15600,,2.00,2,0,8224x5140,P,1
911,8.374,0.000,0.361,0.041,0.000,0.013,0.055,0.000,5.098,0.014,5.030,0.054,8120,15600,,2.00,2,0,8224x5140,P,1
912,8.255,1.082,0.324,0.051,0.000,0.016,0.050,0.000,5.105,0.018,5.033,0.054,8120,15600,,2.00,2,0,8224x5140,P,1
913,8.285,0.000,0.336,0.038,0.000,0.014,0.059,0.000,5.099,0.017,5.029,0.052,8120,15600,,2.00,2,0,8224x5140,P,1
914,8.398,0.898,0.318,0.062,0.000,0.018,0.050,0.000,5.102,0.017,5.030,0.055,8120,15600,,2.00,2,0,8224x5140,P,1
915,8.195,0.000,0.418,0.050,0.000,0.014,0.040,0.000,5.099,0.014,5.029,0.055,8120,15600,,2.00,2,0,8224x5140,P,1
916,8.313,0.681,0.304,0.050,0.000,0.015,0.045,0.000,5.098,0.017,5.029,0.052,8120,15600,,2.00,2,0,8224x5140,P,1
917,8.314,0.000,0.268,0.047,0.000,0.013,0.038,0.000,5.100,0.017,5.032,0.052,8120,15600,,2.00,2,0,8224x5140,P,1
918,8.361,0.559,0.278,0.045,0.000,0.017,0.036,0.000,5.097,0.014,5.031,0.053,8120,15600,,2.00,2,0,8224x5140,P,1
919,8.331,0.000,0.286,0.040,0.000,0.018,0.046,0.000,5.098,0.017,5.029,0.052,8120,15600,,2.00,2,0,8224x5140,P,1
920,8.295,0.552,0.237,0.050,0.000,0.017,0.049,0.000,5.094,0.014,5.027,0.053,8120,15600,,2.00,2,0,8224x5140,P,1
921,8.296,0.000,0.275,0.055,0.000,0.015,0.047,0.000,5.095,0.014,5.029,0.052,8120,15600,,2.00,2,0,8224x5140,P,1
922,8.326,0.727,0.237,0.049,0.000,0.016,0.048,0.000,5.100,0.017,5.031,0.052,8120,15600,,2.00,2,0,8224x5140,P,1
923,8.308,0.000,0.271,0.052,0.000,0.020,0.048,0.000,5.095,0.014,5.030,0.051,8120,15600,,2.00,2,0,8224x5140,P,1
924,8.398,0.528,0.227,0.045,0.000,0.013,0.048,0.000,5.102,0.017,5.031,0.054,8120,15600,,2.00,2,0,8224x5140,P,1
925,8.401,0.000,0.278,0.052,0.000,0.013,0.055,0.000,5.094,0.015,5.028,0.052,8120,15600,,2.00,2,0,8224x5140,P,1
926,8.157,0.716,0.251,0.059,0.000,0.019,0.044,0.000,5.098,0.016,5.031,0.050,8120,15600,,2.00,2,0,8224x5140,P,1
927,8.368,0.000,0.403,0.052,0.000,0.019,0.042,0.000,5.094,0.014,5.029,0.051,8120,15600,,2.00,2,0,8224x5140,P,1
928,8.295,0.594,0.281,0.060,0.000,0.016,0.045,0.000,5.101,0.017,5.032,0.052,8120,15600,,2.00,2,0,8224x5140,P,1
929,8.296,0.000,0.365,0.054,0.000,0.018,0.040,0.000,5.097,0.014,5.030,0.053,8120,15600,,2.00,2,0,8224x5140,P,1
930,8.353,0.560,0.233,0.050,0.000,0.015,0.093,0.000,5.100,0.016,5.031,0.053,8120,15600,,2.00,2,0,8224x5140,P,1
931,8.344,0.000,0.267,0.045,0.000,0.017,0.036,0.000,5.095,0.014,5.029,0.052,8120,15600,,2.00,2,0,8224x5140,P,1
932,8.342,0.520,0.249,0.044,0.000,0.013,0.042,0.000,5.101,0.017,5.030,0.053,8120,15600,,2.00,2,0,8224x5140,P,1
933,8.246,0.000,0.279,0.053,0.000,0.016,0.041,0.000,5.095,0.014,5.031,0.050,8120,15600,,2.00,2,0,8224x5140,P,1
934,8.498,0.553,0.263,0.047,0.000,0.015,0.056,0.000,5.096,0.016,5.030,0.049,8120,15600,,2.00,2,0,8224x5140,P,1
935,8.245,0.001,0.299,0.075,0.000,0.019,0.047,0.000,5.096,0.014,5.032,0.050,8120,15600,,2.00,2,0,8224x5140,P,1
936,8.253,0.647,0.281,0.060,0.000,0.016,0.051,0.000,5.095,0.016,5.028,0.051,8120,15600,,2.00,2,0,8224x5140,P,1
937,8.306,0.000,0.285,0.057,0.000,0.018,0.042,0.000,5.092,0.014,5.029,0.050,8120,15600,,2.00,2,0,8224x5140,P,1
938,8.434,0.554,0.268,0.048,0.000,0.016,0.046,0.000,5.100,0.017,5.033,0.051,8120,15600,,2.00,2,0,8224x5140,P,1
939,8.221,0.000,0.273,0.065,0.000,0.018,0.061,0.000,5.100,0.014,5.036,0.050,8120,15600,,2.00,2,0,8224x5140,P,1
940,8.360,0.762,0.234,0.063,0.000,0.019,0.041,0.000,5.096,0.013,5.030,0.053,8120,15600,,2.00,2,0,8224x5140,P,1
941,8.280,0.000,0.269,0.043,0.000,0.016,0.040,0.000,5.100,0.017,5.030,0.053,8120,15600,,2.00,2,0,8224x5140,P,1
942,8.399,0.633,0.228,0.054,0.000,0.016,0.047,0.000,5.095,0.014,5.029,0.053,8120,15600,,2.00,2,0,8224x5140,P,1
943,8.268,0.000,0.285,0.053,0.000,0.015,0.041,0.000,5.091,0.016,5.030,0.045,8120,15600,,2.00,2,0,8224x5140,P,1
944,8.305,0.600,0.240,0.056,0.000,0.020,0.045,0.000,5.090,0.014,5.028,0.048,8120,15600,,2.00,2,0,8224x5140,P,1
945,8.353,0.000,0.396,0.045,0.000,0.014,0.055,0.000,5.099,0.016,5.032,0.051,8120,15600,,2.00,2,0,8224x5140,P,1
946,8.287,0.790,0.262,0.070,0.000,0.019,0.040,0.000,5.092,0.014,5.025,0.053,8120,15600,,2.00,2,0,8224x5140,P,1
947,8.306,0.000,0.266,0.052,0.000,0.015,0.047,0.000,5.091,0.014,5.026,0.052,8120,15600,,2.00,2,0,8224x5140,P,1
948,8.232,0.570,0.206,0.035,0.000,0.013,0.037,0.000,5.098,0.016,5.029,0.053,8120,15600,,2.00,2,0,8224x5140,P,1
949,8.535,0.000,0.272,0.025,0.000,0.011,0.031,0.000,5.104,0.018,5.031,0.056,8120,15600,,2.00,2,0,8224x5140,P,1
950,8.177,0.564,0.225,0.024,0.000,0.007,0.032,0.000,5.104,0.016,5.030,0.058,8120,15600,,2.00,2,0,8224x5140,P,1
951,8.458,0.000,0.278,0.021,0.000,0.009,0.039,0.000,5.100,0.017,5.027,0.055,8120,15600,,2.00,2,0,8224x5140,P,1
952,8.186,0.806,0.246,0.032,0.000,0.012,0.031,0.000,5.101,0.017,5.027,0.057,8120,15600,,2.00,2,0,8224x5140,P,1
953,8.524,0.000,0.275,0.024,0.000,0.008,0.054,0.000,5.099,0.014,5.029,0.055,8120,15600,,2.00,2,0,8224x5140,P,1
954,8.159,0.701,0.245,0.026,0.000,0.010,0.049,0.000,5.100,0.017,5.029,0.054,8120,15600,,2.00,2,0,8224x5140,P,1
955,8.534,0.000,0.296,0.030,0.000,0.010,0.051,0.000,5.107,0.017,5.033,0.057,8120,15600,,2.00,2,0,8224x5140,P,1
956,8.159,0.738,0.249,0.027,0.000,0.008,0.034,0.000,5.100,0.017,5.028,0.055,8120,15600,,2.00,2,0,8224x5140,P,1
957,8.270,0.000,0.320,0.029,0.000,0.010,0.045,0.000,5.100,0.018,5.030,0.053,8120,15600,,2.00,2,0,8224x5140,P,1
958,8.332,0.930,0.266,0.027,0.000,0.009,0.050,0.000,5.109,0.017,5.035,0.057,8120,15600,,2.00,2,0,8224x5140,P,1
959,8.345,0.000,0.337,0.028,0.000,0.010,0.041,0.000,5.108,0.017,5.033,0.058,8120,15600,,2.00,2,0,8224x5140,P,1
960,8.371,0.776,0.308,0.028,0.000,0.009,0.050,0.000,5.105,0.019,5.032,0.054,8120,15600,,2.00,2,0,8224x5140,P,1
961,8.283,0.000,0.364,0.040,0.000,0.018,0.068,0.000,5.100,0.014,5.030,0.056,8120,15600,,2.00,2,0,8224x5140,P,1
962,8.434,1.124,0.322,0.035,0.000,0.012,0.054,0.000,5.100,0.018,5.033,0.049,8120,15600,,2.00,2,0,8224x5140,P,1
963,8.286,0.000,0.344,0.059,0.000,0.016,0.049,0.000,5.098,0.014,5.029,0.055,8120,15600,,2.00,2,0,8224x5140,P,1
964,8.381,0.911,0.313,0.041,0.000,0.013,0.049,0.000,5.106,0.018,5.031,0.057,8120,15600,,2.00,2,0,8224x5140,P,1
965,8.175,0.000,0.352,0.037,0.000,0.011,0.048,0.000,5.108,0.017,5.034,0.057,8120,15600,,2.00,2,0,8224x5140,P,1
966,8.436,0.915,0.340,0.033,0.000,0.011,0.078,0.000,5.119,0.021,5.042,0.057,8120,15600,,2.00,2,0,8224x5140,P,1
967,8.331,0.000,0.363,0.041,0.000,0.017,0.058,0.000,5.097,0.014,5.030,0.053,8120,15600,,2.00,2,0,8224x5140,P,1
968,8.316,1.269,0.348,0.060,0.000,0.017,0.054,0.000,5.121,0.022,5.042,0.057,8120,15600,,2.00,2,0,8224x5140,P,1
969,8.302,0.000,0.388,0.041,0.000,0.017,0.064,0.000,5.100,0.017,5.030,0.053,8120,15600,,2.00,2,0,8224x5140,P,1
970,8.380,1.063,0.352,0.049,0.000,0.015,0.079,0.000,5.099,0.016,5.029,0.053,8120,15600,,2.00,2,0,8224x5140,P,1
971,8.152,0.000,0.379,0.052,0.000,0.016,0.049,0.000,5.094,0.014,5.027,0.053,8120,15600,,2.00,2,0,8224x5140,P,1
972,8.522,0.851,0.311,0.037,0.000,0.012,0.052,0.000,5.101,0.014,5.029,0.058,8120,15600,,2.00,2,0,8224x5140,P,1
973,8.203,0.000,0.330,0.031,0.000,0.021,0.036,0.000,5.101,0.018,5.029,0.054,8120,15600,,2.00,2,0,8224x5140,P,1
974,8.419,0.810,0.300,0.031,0.000,0.009,0.050,0.000,5.098,0.017,5.027,0.054,8120,15600,,2.00,2,0,8224x5140,P,1
975,8.281,0.000,0.371,0.035,0.000,0.016,0.047,0.000,5.109,0.017,5.037,0.055,8120,15600,,2.00,2,0,8224x5140,P,1
976,8.310,1.142,0.330,0.034,0.000,0.011,0.046,0.000,5.104,0.017,5.030,0.056,8120,15600,,2.00,2,0,8224x5140,P,1
977,8.342,0.000,0.380,0.037,0.000,0.015,0.048,0.000,5.102,0.018,5.029,0.054,8120,15600,,2.00,2,0,8224x5140,P,1
978,8.356,1.074,0.366,0.037,0.000,0.011,0.091,0.000,5.102,0.014,5.029,0.059,8120,15600,,2.00,2,0,8224x5140,P,1
979,8.313,0.000,0.410,0.035,0.000,0.011,0.065,0.000,5.099,0.014,5.030,0.055,8120,15600,,2.00,2,0,8224x5140,P,1
980,8.346,1.008,0.360,0.034,0.000,0.012,0.072,0.000,5.107,0.019,5.033,0.056,8120,15600,,2.00,2,0,8224x5140,P,1
981,8.320,0.000,0.434,0.037,0.000,0.013,0.060,0.000,5.100,0.014,5.031,0.054,8120,15600,,2.00,2,0,8224x5140,P,1
982,8.357,1.165,0.413,0.042,0.000,0.014,0.062,0.000,5.115,0.020,5.037,0.059,8120,15600,,2.00,2,0,8224x5140,P,1
983,8.307,0.000,0.446,0.052,0.000,0.017,0.072,0.000,5.104,0.016,5.034,0.054,8120,15600,,2.00,2,0,8224x5140,P,1
984,8.309,1.495,0.429,0.047,0.000,0.015,0.072,0.000,5.111,0.020,5.034,0.057,8120,15600,,2.00,2,0,8224x5140,P,1
985,8.856,0.000,0.465,0.042,0.000,0.014,0.074,0.000,5.101,0.017,5.030,0.054,8120,15600,,2.00,2,0,8224x5140,P,1
986,8.103,1.323,0.461,0.042,0.000,0.013,0.083,0.000,5.103,0.014,5.029,0.060,8120,15600,,2.00,2,0,8224x5140,P,1
987,10.320,0.000,0.489,0.082,0.000,0.030,0.090,0.000,5.111,0.014,5.029,0.067,8120,15600,,2.00,2,0,8224x5140,P,1
988,8.367,1.603,0.456,0.095,0.000,0.026,0.091,0.000,5.129,0.016,5.031,0.082,8120,15600,,2.00,2,0,8224x5140,P,1
989,8.424,0.000,0.511,0.073,0.000,0.023,0.119,0.000,5.100,0.017,5.031,0.052,8120,15600,,2.00,2,0,8224x5140,P,1
990,7.587,1.747,0.598,0.088,0.000,0.030,0.093,0.000,5.102,0.017,5.030,0.055,8120,15600,,2.00,2,0,8224x5140,P,1
991,8.413,0.000,0.529,0.063,0.000,0.020,0.114,0.000,5.098,0.014,5.029,0.055,8120,15600,,2.00,2,0,8224x5140,P,1
992,7.383,1.704,0.593,0.059,0.000,0.019,0.073,0.000,5.097,0.015,5.027,0.055,8120,15600,,2.00,2,0,8224x5140,P,1
993,8.365,0.000,0.525,0.050,0.000,0.016,0.104,0.000,5.098,0.014,5.030,0.055,8120,15600,,2.00,2,0,8224x5140,P,1
994,8.608,1.680,0.606,0.118,0.000,0.038,0.086,0.000,5.188,0.035,5.099,0.054,8120,15600,,2.00,2,0,8224x5140,P,1
995,8.422,0.000,0.512,0.063,0.000,0.019,0.116,0.000,5.100,0.014,5.028,0.059,8120,15600,,2.00,2,0,8224x5140,P,1
996,8.209,1.892,0.647,0.134,0.000,0.040,0.111,0.000,5.163,0.034,5.073,0.056,8120,15600,,2.00,2,0,8224x5140,P,1
997,8.082,0.000,0.554,0.131,0.000,0.038,0.073,0.000,5.096,0.014,5.027,0.055,8120,15600,,2.00,2,0,8224x5140,P,1
998,7.246,1.749,0.438,0.063,0.000,0.020,0.066,0.000,5.099,0.014,5.029,0.056,8120,15600,,2.00,2,0,8224x5140,P,1
999,8.313,0.000,0.404,0.065,0.000,0.019,0.055,0.000,5.099,0.014,5.030,0.054,8120,15600,,2.00,2,0,8224x5140,P,1
1000,8.300,0.982,0.370,0.070,0.000,0.021,0.053,0.000,5.093,0.014,5.029,0.050,8120,15600,,2.00,2,0,8224x5140,P,1
1001,8.705,0.000,0.355,0.064,0.000,0.022,0.047,0.000,5.108,0.014,5.031,0.064,8120,15600,,2.00,2,0,8224x5140,P,1
1002,16.139,0.942,0.310,0.055,0.000,0.015,0.047,0.000,5.126,0.014,5.030,0.082,8120,15600,,2.00,2,0,8224x5140,P,1
1003,8.286,0.874,0.307,0.046,0.000,0.013,0.043,0.000,5.101,0.017,5.030,0.054,8120,15600,,2.00,2,0,8224x5140,P,1
1004,8.299,0.000,0.313,0.035,0.000,0.012,0.044,0.000,5.100,0.014,5.029,0.056,8120,15600,,2.00,2,0,8224x5140,P,1
1005,8.301,0.692,0.264,0.033,0.000,0.009,0.031,0.000,5.101,0.017,5.031,0.052,8120,15600,,2.00,2,0,8224x5140,P,1
1006,8.405,0.000,0.291,0.027,0.000,0.014,0.041,0.000,5.094,0.013,5.029,0.052,8120,15600,,2.00,2,0,8224x5140,P,1
1007,8.274,0.853,0.258,0.037,0.000,0.011,0.038,0.000,5.095,0.017,5.028,0.050,8120,15600,,2.00,2,0,8224x5140,P,1
1008,8.322,0.000,0.268,0.027,0.000,0.009,0.039,0.000,5.098,0.017,5.031,0.050,8120,15600,,2.00,2,0,8224x5140,P,1
1009,16.655,0.703,0.242,0.027,0.000,0.008,0.036,0.000,5.101,0.017,5.030,0.054,8120,15600,,2.00,2,0,8224x5140,P,1
1010,8.345,0.616,0.233,0.030,0.000,0.011,0.036,0.000,5.097,0.016,5.030,0.051,8120,15600,,2.00,2,0,8224x5140,P,1
1011,8.223,0.000,0.253,0.031,0.000,0.011,0.040,0.000,5.095,0.015,5.027,0.053,8120,15600,,2.00,2,0,8224x5140,P,1
1012,8.134,0.590,0.230,0.034,0.000,0.011,0.048,0.000,5.099,0.017,5.030,0.052,8120,15600,,2.00,2,0,8224x5140,P,1
1013,8.353,0.000,0.288,0.031,0.000,0.012,0.041,0.000,5.100,0.017,5.033,0.051,8120,15600,,2.00,2,0,8224x5140,P,1
1014,9.420,0.772,0.283,0.046,0.000,0.016,0.046,0.000,5.118,0.017,5.031,0.070,8120,15600,,2.00,2,0,8224x5140,P,1
1015,7.408,0.000,0.256,0.060,0.000,0.019,0.042,0.000,5.124,0.014,5.031,0.079,8120,15600,,2.00,2,0,8224x5140,P,1
1016,7.918,0.595,0.220,0.052,0.000,0.015,0.039,0.000,5.095,0.014,5.031,0.050,8120,15600,,2.00,2,0,8224x5140,P,1
1017,8.036,0.000,0.255,0.041,0.000,0.014,0.044,0.000,5.096,0.014,5.031,0.051,8120,15600,,2.00,2,0,8224x5140,P,1
1018,8.158,0.652,0.252,0.061,0.000,0.020,0.045,0.000,5.094,0.014,5.031,0.049,8120,15600,,2.00,2,0,8224x5140,P,1
1019,8.181,0.000,0.271,0.051,0.000,0.018,0.050,0.000,5.098,0.017,5.033,0.049,8120,15600,,2.00,2,0,8224x5140,P,1
1020,8.139,0.569,0.215,0.041,0.000,0.012,0.054,0.000,5.094,0.014,5.028,0.052,8120,15600,,2.00,2,0,8224x5140,P,1
1021,8.302,0.000,0.261,0.028,0.000,0.012,0.034,0.000,5.102,0.016,5.032,0.053,8120,15600,,2.00,2,0,8224x5140,P,1
1022,8.221,0.725,0.230,0.024,0.000,0.009,0.047,0.000,5.103,0.017,5.027,0.058,8120,15600,,2.00,2,0,8224x5140,P,1
1023,8.227,0.000,0.255,0.029,0.000,0.026,0.052,0.000,5.106,0.017,5.033,0.056,8120,15600,,2.00,2,0,8224x5140,P,1
1024,8.221,0.731,0.244,0.036,0.000,0.012,0.046,0.000,5.104,0.014,5.031,0.059,8120,15600,,2.00,2,0,8224x5140,P,1
1025,8.230,0.000,0.262,0.029,0.000,0.009,0.049,0.000,5.108,0.017,5.031,0.060,8120,15600,,2.00,2,0,8224x5140,P,1
1026,8.206,0.601,0.258,0.024,0.000,0.014,0.035,0.000,5.101,0.017,5.028,0.056,8120,15600,,2.00,2,0,8224x5140,P,1
1027,8.310,0.000,0.251,0.020,0.000,0.010,0.029,0.000,5.110,0.017,5.029,0.064,8120,15600,,2.00,2,0,8224x5140,P,1
1028,8.248,0.583,0.226,0.022,0.000,0.007,0.027,0.000,5.105,0.017,5.029,0.059,8120,15600,,2.00,2,0,8224x5140,P,1
1029,9.627,0.000,0.257,0.022,0.000,0.010,0.036,0.000,6.832,0.016,6.766,0.049,8120,15600,,2.00,2,0,8224x5140,P,1
1030,15.413,0.780,0.229,0.028,0.000,0.009,0.039,0.000,5.103,0.017,5.028,0.059,8120,15600,,2.00,2,0,8224x5140,P,1
1031,8.138,0.668,0.234,0.033,0.000,0.009,0.048,0.000,5.111,0.018,5.033,0.060,8120,15600,,2.00,2,0,8224x5140,P,1
1032,8.425,0.000,0.273,0.023,0.000,0.008,0.037,0.000,5.100,0.014,5.027,0.060,8120,15600,,2.00,2,0,8224x5140,P,1
1033,8.178,0.636,0.237,0.022,0.000,0.008,0.059,0.000,5.107,0.017,5.031,0.060,8120,15600,,2.00,2,0,8224x5140,P,1
1034,8.352,0.000,0.282,0.032,0.000,0.008,0.033,0.000,5.102,0.017,5.029,0.056,8120,15600,,2.00,2,0,8224x5140,P,1
1035,8.235,0.630,0.237,0.023,0.000,0.008,0.033,0.000,5.105,0.017,5.032,0.056,8120,15600,,2.00,2,0,8224x5140,P,1
1036,8.387,0.000,0.287,0.023,0.000,0.009,0.043,0.000,5.108,0.017,5.032,0.059,8120,15600,,2.00,2,0,8224x5140,P,1
1037,8.252,0.681,0.251,0.021,0.000,0.007,0.070,0.000,5.116,0.019,5.038,0.059,8120,15600,,2.00,2,0,8224x5140,P,1
1038,8.364,0.000,0.296,0.027,0.000,0.009,0.034,0.000,5.108,0.018,5.031,0.058,8120,15600,,2.00,2,0,8224x5140,P,1
1039,8.371,0.936,0.280,0.027,0.000,0.012,0.035,0.000,5.111,0.018,5.031,0.062,8120,15600,,2.00,2,0,8224x5140,P,1
1040,8.271,0.000,0.317,0.026,0.000,0.015,0.046,0.000,5.105,0.017,5.029,0.059,8120,15600,,2.00,2,0,8224x5140,P,1
1041,8.330,0.705,0.257,0.024,0.000,0.008,0.052,0.000,5.108,0.017,5.031,0.060,8120,15600,,2.00,2,0,8224x5140,P,1
1042,8.375,0.000,0.321,0.025,0.000,0.010,0.048,0.000,5.108,0.017,5.031,0.060,8120,15600,,2.00,2,0,8224x5140,P,1
1043,8.277,0.737,0.289,0.024,0.000,0.015,0.036,0.000,5.113,0.017,5.033,0.063,8120,15600,,2.00,2,0,8224x5140,P,1
1044,8.500,0.000,0.303,0.026,0.000,0.010,0.040,0.000,5.105,0.014,5.033,0.059,8120,15600,,2.00,2,0,8224x5140,P,1
1045,8.306,0.880,0.300,0.027,0.000,0.010,0.041,0.000,5.112,0.018,5.031,0.062,8120,15600,,2.00,2,0,8224x5140,P,1
1046,8.223,0.000,0.348,0.028,0.000,0.014,0.038,0.000,5.109,0.018,5.032,0.060,8120,15600,,2.00,2,0,8224x5140,P,1
1047,8.420,0.847,0.300,0.027,0.000,0.011,0.114,0.000,5.113,0.018,5.036,0.060,8120,15600,,2.00,2,0,8224x5140,P,1
1048,8.270,0.000,0.374,0.030,0.000,0.013,0.040,0.000,5.100,0.014,5.028,0.058,8120,15600,,2.00,2,0,8224x5140,P,1
1049,8.317,0.904,0.332,0.033,0.000,0.010,0.039,0.000,5.118,0.021,5.036,0.061,8120,15600,,2.00,2,0,8224x5140,P,1
1050,8.424,0.000,0.365,0.033,0.000,0.010,0.038,0.000,5.110,0.017,5.032,0.060,8120,15600,,2.00,2,0,8224x5140,P,1
1051,8.503,0.912,0.374,0.035,0.000,0.014,0.083,0.000,5.123,0.025,5.039,0.059,8120,15600,,2.00,2,0,8224x5140,P,1
1052,8.057,0.000,0.407,0.039,0.000,0.012,0.058,0.000,5.106,0.015,5.029,0.062,8120,15600,,2.00,2,0,8224x5140,P,1
1053,8.444,1.160,0.368,0.038,0.000,0.011,0.047,0.000,5.108,0.017,5.029,0.062,8120,15600,,2.00,2,0,8224x5140,P,1
1054,8.297,0.000,0.443,0.035,0.000,0.019,0.062,0.000,5.124,0.027,5.039,0.059,8120,15600,,2.00,2,0,8224x5140,P,1
1055,8.302,1.226,0.440,0.044,0.000,0.013,0.080,0.000,5.100,0.017,5.028,0.054,8120,15600,,2.00,2,0,8224x5140,P,1
1056,8.333,0.000,0.452,0.048,0.000,0.020,0.052,0.000,5.124,0.024,5.047,0.053,8120,15600,,2.00,2,0,8224x5140,P,1
1057,8.330,1.184,0.422,0.046,0.000,0.014,0.076,0.000,5.102,0.014,5.028,0.060,8120,15600,,2.00,2,0,8224x5140,P,1
1058,8.303,0.000,0.502,0.054,0.000,0.024,0.080,0.000,5.169,0.038,5.070,0.061,8120,15600,,2.00,2,0,8224x5140,P,1
1059,8.318,1.159,0.449,0.048,0.000,0.014,0.055,0.000,5.104,0.014,5.029,0.061,8120,15600,,2.00,2,0,8224x5140,P,1
1060,8.377,0.000,0.432,0.046,0.000,0.017,0.086,0.000,5.165,0.038,5.067,0.060,8120,15600,,2.00,2,0,8224x5140,P,1
1061,8.212,1.338,0.515,0.043,0.000,0.013,0.051,0.000,5.103,0.014,5.031,0.058,8120,15600,,2.00,2,0,8224x5140,P,1
1062,8.265,0.000,0.541,0.048,0.000,0.014,0.125,0.000,5.150,0.039,5.054,0.056,8120,15600,,2.00,2,0,8224x5140,P,1
1063,8.135,1.132,0.457,0.050,0.000,0.019,0.081,0.000,5.095,0.014,5.028,0.053,8120,15600,,2.00,2,0,8224x5140,P,1
1064,8.146,0.000,0.507,0.056,0.000,0.019,0.049,0.000,5.145,0.039,5.052,0.053,8120,15600,,2.00,2,0,8224x5140,P,1
1065,8.504,1.106,0.428,0.049,0.000,0.014,0.078,0.000,5.100,0.017,5.028,0.055,8120,15600,,2.00,2,0,8224x5140,P,1
1066,7.940,0.000,0.475,0.049,0.000,0.015,0.050,0.000,5.140,0.037,5.044,0.059,8120,15600,,2.00,2,0,8224x5140,P,1
1067,8.385,1.118,0.417,0.048,0.000,0.013,0.074,0.000,5.101,0.017,5.029,0.055,8120,15600,,2.00,2,0,8224x5140,P,1
1068,8.047,0.000,0.428,0.056,0.000,0.018,0.080,0.000,5.132,0.038,5.040,0.054,8120,15600,,2.00,2,0,8224x5140,P,1
1069,8.179,1.177,0.369,0.067,0.000,0.019,0.065,0.000,5.095,0.014,5.027,0.054,8120,15600,,2.00,2,0,8224x5140,P,1
1070,8.085,0.000,0.363,0.047,0.000,0.015,0.047,0.000,5.107,0.016,5.031,0.060,8120,15600,,2.00,2,0,8224x5140,P,1
1071,8.433,0.843,0.296,0.035,0.000,0.011,0.052,0.000,5.106,0.018,5.029,0.059,8120,15600,,2.00,2,0,8224x5140,P,1
1072,8.096,0.000,0.332,0.034,0.000,0.012,0.042,0.000,5.108,0.016,5.032,0.059,8120,15600,,2.00,2,0,8224x5140,P,1
1073,8.358,0.790,0.304,0.035,0.000,0.012,0.040,0.000,5.103,0.017,5.030,0.056,8120,15600,,2.00,2,0,8224x5140,P,1
1074,8.090,0.000,0.305,0.030,0.000,0.009,0.035,0.000,5.108,0.017,5.031,0.059,8120,15600,,2.00,2,0,8224x5140,P,1
1075,8.505,0.793,0.313,0.029,0.000,0.010,0.054,0.000,5.105,0.018,5.029,0.059,8120,15600,,2.00,2,0,8224x5140,P,1
1076,7.994,0.000,0.355,0.037,0.000,0.012,0.058,0.000,5.102,0.018,5.033,0.050,8120,15600,,2.00,2,0,8224x5140,P,1
1077,8.641,0.784,0.301,0.031,0.000,0.010,0.060,0.000,5.101,0.017,5.029,0.055,8120,15600,,2.00,2,0,8224x5140,P,1
1078,7.772,0.000,0.390,0.044,0.000,0.015,0.041,0.000,5.108,0.018,5.036,0.055,8120,15600,,2.00,2,0,8224x5140,P,1
1079,8.268,0.826,0.304,0.031,0.000,0.010,0.037,0.000,5.097,0.013,5.030,0.054,8120,15600,,2.00,2,0,8224x5140,P,1
1080,8.311,0.000,0.371,0.032,0.000,0.010,0.057,0.000,5.107,0.019,5.033,0.055,8120,15600,,2.00,2,0,8224x5140,P,1
1081,8.372,1.064,0.342,0.042,0.000,0.014,0.055,0.000,5.096,0.014,5.028,0.054,8120,15600,,2.00,2,0,8224x5140,P,1
1082,8.060,0.000,0.495,0.039,0.000,0.015,0.063,0.000,5.116,0.021,5.036,0.058,8120,15600,,2.00,2,0,8224x5140,P,1
1083,8.411,0.820,0.327,0.039,0.000,0.017,0.051,0.000,5.104,0.015,5.029,0.060,8120,15600,,2.00,2,0,8224x5140,P,1
1084,8.242,0.000,0.371,0.044,0.000,0.016,0.058,0.000,5.166,0.023,5.091,0.053,8120,15600,,2.00,2,0,8224x5140,P,1
1085,8.287,0.787,0.306,0.052,0.000,0.014,0.047,0.000,5.096,0.014,5.029,0.053,8120,15600,,2.00,2,0,8224x5140,P,1
1086,8.379,0.000,0.371,0.041,0.000,0.018,0.072,0.000,5.124,0.024,5.044,0.056,8120,15600,,2.00,2,0,8224x5140,P,1
1087,16.703,1.192,0.343,0.046,0.000,0.013,0.059,0.000,5.104,0.017,5.028,0.059,8120,15600,,2.00,2,0,8224x5140,P,1
1088,8.558,1.003,0.324,0.037,0.000,0.012,0.078,0.000,5.134,0.025,5.048,0.060,8120,15600,,2.00,2,0,8224x5140,P,1
1089,8.018,0.000,0.416,0.043,0.000,0.017,0.074,0.000,5.106,0.014,5.032,0.060,8120,15600,,2.00,2,0,8224x5140,P,1
1090,8.355,1.024,0.376,0.040,0.000,0.012,0.078,0.000,5.103,0.015,5.029,0.059,8120,15600,,2.00,2,0,8224x5140,P,1
1091,8.279,0.000,0.491,0.044,0.000,0.022,0.053,0.000,5.186,0.038,5.088,0.061,8120,15600,,2.00,2,0,8224x5140,P,1
1092,8.368,1.005,0.365,0.041,0.000,0.012,0.066,0.000,5.101,0.014,5.030,0.057,8120,15600,,2.00,2,0,8224x5140,P,1
1093,8.338,0.000,0.466,0.045,0.000,0.022,0.077,0.000,5.180,0.044,5.079,0.058,8120,15600,,2.00,2,0,8224x5140,P,1
1094,8.322,1.130,0.420,0.049,0.000,0.013,0.066,0.000,5.103,0.014,5.028,0.060,8120,15600,,2.00,2,0,8224x5140,P,1
1095,8.223,0.000,0.502,0.063,0.000,0.016,0.057,0.000,5.215,0.038,5.120,0.057,8120,15600,,2.00,2,0,8224x5140,P,1
1096,8.442,1.124,0.446,0.048,0.000,0.019,0.078,0.000,5.102,0.014,5.031,0.057,8120,15600,,2.00,2,0,8224x5140,P,1
1097,8.312,0.000,0.572,0.059,0.000,0.029,0.057,0.000,5.182,0.035,5.091,0.056,8120,15600,,2.00,2,0,8224x5140,P,1
1098,8.334,1.327,0.488,0.057,0.000,0.015,0.072,0.000,5.098,0.014,5.029,0.055,8120,15600,,2.00,2,0,8224x5140,P,1
1099,8.239,0.000,0.508,0.057,0.000,0.019,0.057,0.000,5.100,0.014,5.028,0.059,8120,15600,,2.00,2,0,8224x5140,P,1
1100,8.732,1.334,0.491,0.049,0.000,0.016,0.121,0.000,5.163,0.037,5.067,0.059,8120,15600,,2.00,2,0,8224x5140,P,1
1101,8.881,0.000,0.921,0.132,0.000,0.054,0.092,0.000,5.204,0.037,5.112,0.055,8120,15600,,2.00,2,0,8224x5140,P,1
1102,8.006,1.324,0.510,0.064,0.000,0.019,0.064,0.000,5.168,0.037,5.077,0.054,8120,15600,,2.00,2,0,8224x5140,P,1
1103,7.681,0.000,0.439,0.048,0.000,0.014,0.055,0.000,5.097,0.014,5.029,0.054,8120,15600,,2.00,2,0,8224x5140,P,1
1104,7.760,1.112,0.415,0.050,0.000,0.013,0.061,0.000,5.102,0.014,5.030,0.058,8120,15600,,2.00,2,0,8224x5140,P,1
1105,8.207,0.000,0.378,0.041,0.000,0.013,0.067,0.000,5.101,0.014,5.031,0.057,8120,15600,,2.00,2,0,8224x5140,P,1
1106,8.210,1.019,0.438,0.068,0.000,0.020,0.061,0.000,5.103,0.016,5.031,0.055,8120,15600,,2.00,2,0,8224x5140,P,1
1107,8.102,0.000,0.415,0.063,0.000,0.020,0.049,0.000,5.096,0.014,5.029,0.053,8120,15600,,2.00,2,0,8224x5140,P,1
1108,8.244,0.861,0.362,0.062,0.000,0.018,0.058,0.000,5.101,0.014,5.034,0.053,8120,15600,,2.00,2,0,8224x5140,P,1
1109,8.098,0.000,0.354,0.062,0.000,0.019,0.052,0.000,5.103,0.017,5.029,0.058,8120,15600,,2.00,2,0,8224x5140,P,1
1110,8.319,1.191,0.309,0.047,0.000,0.015,0.070,0.000,5.096,0.014,5.026,0.056,8120,15600,,2.00,2,0,8224x5140,P,1
1111,8.099,0.000,0.382,0.055,0.000,0.019,0.056,0.000,5.107,0.017,5.034,0.056,8120,15600,,2.00,2,0,8224x5140,P,1
1112,8.226,0.981,0.405,0.044,0.000,0.015,0.057,0.000,5.099,0.014,5.029,0.055,8120,15600,,2.00,2,0,8224x5140,P,1
1113,8.212,0.000,0.435,0.051,0.000,0.015,0.060,0.000,5.115,0.019,5.035,0.062,8120,15600,,2.00,2,0,8224x5140,P,1
1114,8.196,1.166,0.380,0.059,0.000,0.020,0.057,0.000,5.094,0.014,5.028,0.052,8120,15600,,2.00,2,0,8224x5140,P,1
1115,8.102,0.000,0.351,0.063,0.000,0.018,0.053,0.000,5.102,0.016,5.032,0.054,8120,15600,,2.00,2,0,8224x5140,P,1
1116,8.165,0.871,0.317,0.061,0.000,0.020,0.057,0.000,5.093,0.014,5.030,0.049,8120,15600,,2.00,2,0,8224x5140,P,1
1117,8.141,0.000,0.310,0.059,0.000,0.017,0.040,0.000,5.093,0.014,5.027,0.052,8120,15600,,2.00,2,0,8224x5140,P,1
1118,8.236,0.678,0.261,0.041,0.000,0.014,0.054,0.000,5.098,0.016,5.030,0.052,8120,15600,,2.00,2,0,8224x5140,P,1
1119,8.267,0.000,0.299,0.040,0.000,0.017,0.042,0.000,5.099,0.017,5.027,0.055,8120,15600,,2.00,2,0,8224x5140,P,1
1120,8.276,0.797,0.262,0.038,0.000,0.012,0.038,0.000,5.107,0.019,5.033,0.056,8120,15600,,2.00,2,0,8224x5140,P,1
1121,8.291,0.000,0.256,0.030,0.000,0.011,0.028,0.000,5.099,0.018,5.028,0.052,8120,15600,,2.00,2,0,8224x5140,P,1
1122,8.332,0.614,0.225,0.027,0.000,0.008,0.049,0.000,5.104,0.017,5.033,0.054,8120,15600,,2.00,2,0,8224x5140,P,1
1123,8.219,0.000,0.278,0.031,0.000,0.014,0.038,0.000,5.101,0.018,5.030,0.054,8120,15600,,2.00,2,0,8224x5140,P,1
1124,8.329,0.766,0.224,0.023,0.000,0.008,0.032,0.000,5.097,0.016,5.028,0.053,8120,15600,,2.00,2,0,8224x5140,P,1
1125,8.305,0.000,0.252,0.023,0.000,0.009,0.030,0.000,5.098,0.017,5.028,0.053,8120,15600,,2.00,2,0,8224x5140,P,1
1126,8.145,0.622,0.236,0.025,0.000,0.009,0.034,0.000,5.103,0.017,5.030,0.056,8120,15600,,2.00,2,0,8224x5140,P,1
1127,8.344,0.000,0.389,0.024,0.000,0.009,0.033,0.000,5.096,0.015,5.029,0.052,8120,15600,,2.00,2,0,8224x5140,P,1
1128,8.255,0.528,0.247,0.035,0.000,0.012,0.041,0.000,5.101,0.016,5.032,0.053,8120,15600,,2.00,2,0,8224x5140,P,1
1129,8.388,0.000,0.286,0.028,0.000,0.015,0.045,0.000,5.101,0.018,5.030,0.053,8120,15600,,2.00,2,0,8224x5140,P,1
1130,8.189,0.616,0.226,0.023,0.000,0.010,0.041,0.000,5.101,0.017,5.029,0.055,8120,15600,,2.00,2,0,8224x5140,P,1
1131,8.340,0.000,0.393,0.030,0.000,0.012,0.044,0.000,5.103,0.017,5.031,0.055,8120,15600,,2.00,2,0,8224x5140,P,1
1132,8.206,0.698,0.222,0.027,0.000,0.009,0.042,0.000,5.101,0.016,5.030,0.054,8120,15600,,2.00,2,0,8224x5140,P,1
1133,8.298,0.000,0.235,0.048,0.000,0.014,0.040,0.000,5.095,0.014,5.030,0.051,8120,15600,,2.00,2,0,8224x5140,P,1
1134,8.155,0.690,0.225,0.036,0.000,0.011,0.057,0.000,5.102,0.017,5.032,0.054,8120,15600,,2.00,2,0,8224x5140,P,1
1135,8.483,0.000,0.267,0.033,0.000,0.011,0.042,0.000,5.098,0.014,5.029,0.055,8120,15600,,2.00,2,0,8224x5140,P,1
1136,7.990,0.694,0.215,0.027,0.000,0.010,0.031,0.000,5.101,0.016,5.031,0.054,8120,15600,,2.00,2,0,8224x5140,P,1
1137,8.589,0.000,0.253,0.023,0.000,0.011,0.053,0.000,5.102,0.017,5.032,0.052,8120,15600,,2.00,2,0,8224x5140,P,1
1138,7.970,0.594,0.243,0.024,0.000,0.010,0.035,0.000,5.100,0.018,5.029,0.053,8120,15600,,2.00,2,0,8224x5140,P,1
1139,8.533,0.000,0.256,0.023,0.000,0.008,0.035,0.000,5.109,0.018,5.035,0.057,8120,15600,,2.00,2,0,8224x5140,P,1
1140,8.068,0.671,0.219,0.023,0.000,0.008,0.036,0.000,5.103,0.017,5.031,0.056,8120,15600,,2.00,2,0,8224x5140,P,1
1141,8.611,0.000,0.268,0.027,0.000,0.012,0.039,0.000,5.096,0.017,5.028,0.050,8120,15600,,2.00,2,0,8224x5140,P,1
1142,8.070,0.764,0.224,0.037,0.000,0.012,0.039,0.000,5.107,0.017,5.031,0.060,8120,15600,,2.00,2,0,8224x5140,P,1
1143,8.176,0.000,0.308,0.027,0.000,0.011,0.046,0.000,5.102,0.018,5.032,0.052,8120,15600,,2.00,2,0,8224x5140,P,1
1144,8.192,0.767,0.228,0.042,0.000,0.013,0.054,0.000,5.107,0.017,5.031,0.059,8120,15600,,2.00,2,0,8224x5140,P,1
1145,8.459,0.000,0.397,0.029,0.000,0.011,0.037,0.000,5.101,0.017,5.030,0.053,8120,15600,,2.00,2,0,8224x5140,P,1
1146,8.039,0.672,0.235,0.031,0.000,0.009,0.036,0.000,5.103,0.017,5.031,0.056,8120,15600,,2.00,2,0,8224x5140,P,1
1147,8.301,0.000,0.258,0.028,0.000,0.010,0.041,0.000,5.105,0.018,5.032,0.055,8120,15600,,2.00,2,0,8224x5140,P,1
1148,8.128,0.737,0.232,0.023,0.000,0.008,0.030,0.000,5.105,0.016,5.029,0.060,8120,15600,,2.00,2,0,8224x5140,P,1
1149,8.664,0.000,0.267,0.023,0.000,0.011,0.051,0.000,5.099,0.017,5.031,0.052,8120,15600,,2.00,2,0,8224x5140,P,1
1150,8.178,0.826,0.245,0.034,0.000,0.012,0.035,0.000,5.105,0.017,5.029,0.060,8120,15600,,2.00,2,0,8224x5140,P,1
1151,8.057,0.000,0.257,0.028,0.000,0.011,0.034,0.000,5.108,0.017,5.031,0.060,8120,15600,,2.00,2,0,8224x5140,P,1
1152,8.208,0.678,0.253,0.024,0.000,0.009,0.034,0.000,5.103,0.017,5.029,0.057,8120,15600,,2.00,2,0,8224x5140,P,1
1153,8.589,0.000,0.291,0.026,0.000,0.010,0.031,0.000,5.105,0.018,5.033,0.053,8120,15600,,2.00,2,0,8224x5140,P,1
1154,8.053,0.684,0.249,0.028,0.000,0.009,0.041,0.000,5.102,0.016,5.028,0.058,8120,15600,,2.00,2,0,8224x5140,P,1
1155,8.346,0.000,0.271,0.027,0.000,0.011,0.033,0.000,5.102,0.014,5.029,0.060,8120,15600,,2.00,2,0,8224x5140,P,1
1156,8.091,0.716,0.248,0.024,0.000,0.009,0.049,0.000,5.108,0.018,5.033,0.057,8120,15600,,2.00,2,0,8224x5140,P,1
1157,8.480,0.000,0.285,0.028,0.000,0.011,0.035,0.000,5.104,0.017,5.032,0.054,8120,15600,,2.00,2,0,8224x5140,P,1
1158,8.157,0.665,0.263,0.029,0.000,0.012,0.043,0.000,5.104,0.016,5.031,0.056,8120,15600,,2.00,2,0,8224x5140,P,1
1159,8.364,0.000,0.273,0.043,0.000,0.015,0.060,0.000,5.096,0.013,5.030,0.053,8120,15600,,2.00,2,0,8224x5140,P,1
1160,8.134,0.831,0.280,0.068,0.000,0.020,0.058,0.000,5.103,0.017,5.031,0.055,8120,15600,,2.00,2,0,8224x5140,P,1
1161,8.199,0.000,0.284,0.059,0.000,0.018,0.055,0.000,5.094,0.014,5.030,0.050,8120,15600,,2.00,2,0,8224x5140,P,1
1162,8.176,0.860,0.287,0.070,0.000,0.019,0.076,0.000,5.102,0.017,5.031,0.054,8120,15600,,2.00,2,0,8224x5140,P,1
1163,8.338,0.000,0.286,0.058,0.000,0.019,0.068,0.000,5.099,0.014,5.033,0.052,8120,15600,,2.00,2,0,8224x5140,P,1
1164,8.151,0.963,0.280,0.072,0.000,0.019,0.043,0.000,5.106,0.017,5.031,0.058,8120,15600,,2.00,2,0,8224x5140,P,1
1165,8.015,0.000,0.269,0.047,0.000,0.013,0.035,0.000,5.100,0.014,5.031,0.055,8120,15600,drag_start,2.00,2,1,8224x5140,P,1
1166,8.313,0.818,0.288,0.037,0.000,0.011,0.045,0.000,5.123,0.017,5.051,0.056,8120,15600,,2.00,2,1,8224x5140,P,1
1167,8.322,0.000,0.319,0.034,0.000,0.011,0.045,0.000,5.132,0.014,5.058,0.060,8120,15600,,2.00,2,1,8224x5140,P,1
1168,8.432,0.780,0.323,0.037,0.000,0.012,0.054,0.000,5.130,0.016,5.058,0.055,8120,15600,,2.00,2,1,8224x5140,P,1
1169,8.169,0.000,0.302,0.062,0.000,0.021,0.039,0.000,5.135,0.014,5.062,0.059,8120,15600,,2.00,2,1,8224x5140,P,1
1170,8.494,0.955,0.289,0.036,0.000,0.012,0.074,0.000,5.134,0.014,5.061,0.058,8120,15600,,2.00,2,1,8224x5140,P,1
1171,8.326,0.000,0.319,0.041,0.000,0.019,0.047,0.000,5.143,0.017,5.066,0.060,8120,15600,,2.00,2,1,8224x5140,P,1
1172,8.247,1.005,0.298,0.037,0.000,0.012,0.047,0.000,5.140,0.017,5.063,0.060,8120,15600,,2.00,2,1,8224x5140,P,1
1173,8.318,0.000,0.348,0.037,0.000,0.016,0.046,0.000,5.151,0.018,5.073,0.060,8120,15600,,2.00,2,1,8224x5140,P,1
1174,8.481,1.006,0.295,0.032,0.000,0.011,0.048,0.000,5.139,0.014,5.068,0.057,8120,15600,,2.00,2,1,8224x5140,P,1
1175,8.259,0.000,0.343,0.047,0.000,0.018,0.046,0.000,5.148,0.017,5.077,0.053,8120,15600,,2.00,2,1,8224x5140,P,1
1176,8.318,1.082,0.329,0.041,0.000,0.013,0.052,0.000,5.140,0.014,5.071,0.055,8120,15600,,2.00,2,1,8224x5140,P,1
1177,8.252,0.000,0.349,0.033,0.000,0.011,0.064,0.000,5.143,0.016,5.068,0.059,8120,15600,,2.00,2,1,8224x5140,P,1
1178,8.397,0.926,0.300,0.032,0.000,0.010,0.051,0.000,5.142,0.014,5.070,0.057,8120,15600,,2.00,2,1,8224x5140,P,1
1179,8.424,0.000,0.373,0.043,0.000,0.016,0.069,0.000,5.146,0.018,5.073,0.055,8120,15600,,2.00,2,1,8224x5140,P,1
1180,8.325,1.163,0.379,0.082,0.000,0.026,0.066,0.000,5.135,0.014,5.067,0.054,8120,15600,,2.00,2,1,8224x5140,P,1
1181,8.284,0.000,0.374,0.072,0.000,0.023,0.065,0.000,5.136,0.015,5.067,0.054,8120,15600,,2.00,2,1,8224x5140,P,1
1182,8.198,1.122,0.353,0.064,0.000,0.019,0.057,0.000,5.134,0.014,5.067,0.053,8120,15600,,2.00,2,1,8224x5140,P,1
1183,8.494,0.000,0.377,0.057,0.000,0.017,0.080,0.000,5.129,0.014,5.062,0.053,8120,15600,,2.00,2,1,8224x5140,P,1
1184,8.161,1.143,0.325,0.080,0.000,0.023,0.053,0.000,5.140,0.017,5.065,0.057,8120,15600,,2.00,2,1,8224x5140,P,1
1185,8.492,0.000,0.355,0.049,0.000,0.015,0.080,0.000,5.130,0.014,5.063,0.054,8120,15600,,2.00,2,1,8224x5140,P,1
1186,8.340,1.240,0.401,0.082,0.000,0.025,0.135,0.000,5.134,0.017,5.065,0.053,8120,15600,,2.00,2,1,8224x5140,P,1
1187,7.928,0.000,0.377,0.074,0.000,0.025,0.052,0.000,5.129,0.014,5.060,0.055,8120,15600,,2.00,2,1,8224x5140,P,1
1188,8.295,0.990,0.325,0.047,0.000,0.014,0.075,0.000,5.128,0.014,5.060,0.054,8120,15600,,2.00,2,1,8224x5140,P,1
1189,8.143,0.000,0.360,0.062,0.000,0.023,0.076,0.000,5.129,0.016,5.060,0.053,8120,15600,,2.00,2,1,8224x5140,P,1
1190,8.085,0.993,0.300,0.059,0.000,0.020,0.041,0.000,5.130,0.014,5.061,0.056,8120,15600,,2.00,2,1,8224x5140,P,1
1191,8.223,0.000,0.288,0.039,0.000,0.013,0.042,0.000,5.130,0.014,5.061,0.055,8120,15600,,2.00,2,1,8224x5140,P,1
1192,8.188,0.840,0.265,0.038,0.000,0.013,0.034,0.000,5.134,0.016,5.062,0.056,8120,15600,,2.00,2,1,8224x5140,P,1
1193,8.313,0.000,0.269,0.031,0.000,0.011,0.030,0.000,5.133,0.014,5.062,0.057,8120,15600,,2.00,2,1,8224x5140,P,1
1194,8.421,0.654,0.262,0.029,0.000,0.013,0.049,0.000,5.136,0.017,5.066,0.054,8120,15600,,2.00,2,1,8224x5140,P,1
1195,8.189,0.000,0.264,0.058,0.000,0.017,0.051,0.000,5.131,0.014,5.064,0.054,8120,15600,,2.00,2,1,8224x5140,P,1
1196,8.227,0.732,0.261,0.080,0.000,0.024,0.057,0.000,5.129,0.014,5.063,0.053,8120,15600,,2.00,2,1,8224x5140,P,1
1197,8.149,0.000,0.254,0.055,0.000,0.020,0.052,0.000,5.132,0.017,5.064,0.050,8120,15600,,2.00,2,1,8224x5140,P,1
1198,8.611,0.739,0.272,0.072,0.000,0.025,0.114,0.000,5.132,0.014,5.067,0.051,8120,15600,,2.00,2,1,8224x5140,P,1
1199,7.875,0.000,0.611,0.120,0.000,0.037,0.058,0.000,5.138,0.016,5.071,0.050,8120,15600,,2.00,2,1,8224x5140,P,1
1200,8.173,0.734,0.262,0.073,0.000,0.019,0.118,0.000,5.142,0.014,5.072,0.057,8120,15600,,2.00,2,1,8224x5140,P,1
1201,8.374,0.000,0.628,0.108,0.000,0.036,0.092,0.000,5.140,0.014,5.072,0.054,8120,15600,,2.00,2,1,8224x5140,P,1
1202,7.385,1.744,0.613,0.065,0.000,0.027,0.049,0.000,5.141,0.016,5.071,0.053,8120,15600,,2.00,2,1,8224x5140,P,1
1203,8.272,0.000,0.253,0.058,0.000,0.016,0.054,0.000,5.141,0.014,5.073,0.054,8120,15600,,2.00,2,1,8224x5140,P,1
1204,8.090,0.747,0.235,0.072,0.000,0.019,0.036,0.000,5.152,0.017,5.080,0.055,8120,15600,,2.00,2,1,8224x5140,P,1
1205,8.664,0.000,0.255,0.039,0.000,0.011,0.106,0.000,5.149,0.014,5.080,0.055,8120,15600,,2.00,2,1,8224x5140,P,1
1206,7.912,1.708,0.245,0.033,0.000,0.014,0.035,0.000,5.152,0.017,5.078,0.057,8120,15600,,2.00,2,1,8224x5140,P,1
1207,8.511,0.000,0.244,0.036,0.000,0.011,0.116,0.000,5.152,0.014,5.082,0.056,8120,15600,,2.00,2,1,8224x5140,P,1
1208,7.534,1.912,0.645,0.097,0.000,0.033,0.036,0.000,5.151,0.016,5.079,0.055,8120,15600,,2.00,2,1,8224x5140,P,1
1209,8.874,0.000,0.247,0.031,0.000,0.012,0.117,0.000,5.149,0.014,5.080,0.055,8120,15600,,2.00,2,1,8224x5140,P,1
1210,7.993,1.811,0.586,0.114,0.000,0.041,0.105,0.000,5.155,0.016,5.084,0.055,8120,15600,,2.00,2,1,8224x5140,P,1
1211,8.351,0.000,0.626,0.108,0.000,0.034,0.133,0.000,5.157,0.014,5.088,0.055,8120,15600,,2.00,2,1,8224x5140,P,1
1212,8.232,2.047,0.646,0.116,0.000,0.038,0.107,0.000,5.171,0.022,5.094,0.055,8120,15600,,2.00,2,1,8224x5140,P,1
1213,8.406,0.000,0.668,0.116,0.000,0.034,0.110,0.000,5.154,0.014,5.088,0.053,8120,15600,,2.00,2,1,8224x5140,P,1
1214,7.483,1.753,0.628,0.132,0.000,0.049,0.053,0.000,5.157,0.017,5.087,0.054,8120,15600,,2.00,2,1,8224x5140,P,1
1215,7.986,0.000,0.248,0.071,0.000,0.017,0.095,0.000,5.158,0.014,5.089,0.055,8120,15600,,2.00,2,1,8224x5140,P,1
1216,7.765,1.593,0.582,0.104,0.000,0.035,0.048,0.000,5.160,0.014,5.089,0.057,8120,15600,,2.00,2,1,8224x5140,P,1
1217,8.171,0.000,0.281,0.049,0.000,0.020,0.041,0.000,5.157,0.014,5.089,0.054,8120,15600,,2.00,2,1,8224x5140,P,1
1218,8.203,0.798,0.235,0.056,0.000,0.016,0.045,0.000,5.161,0.017,5.089,0.056,8120,15600,,2.00,2,1,8224x5140,P,1
1219,8.277,0.000,0.272,0.051,0.000,0.013,0.039,0.000,5.157,0.014,5.088,0.056,8120,15600,,2.00,2,1,8224x5140,P,1
1220,8.195,0.720,0.228,0.037,0.000,0.013,0.044,0.000,5.156,0.017,5.085,0.053,8120,15600,,2.00,2,1,8224x5140,P,1
1221,8.279,0.000,0.285,0.043,0.000,0.014,0.046,0.000,5.154,0.014,5.086,0.054,8120,15600,,2.00,2,1,8224x5140,P,1
1222,8.173,0.724,0.265,0.049,0.000,0.015,0.039,0.000,5.160,0.018,5.086,0.055,8120,15600,,2.00,2,1,8224x5140,P,1
1223,8.335,0.000,0.392,0.037,0.000,0.014,0.043,0.000,5.156,0.014,5.087,0.055,8120,15600,,2.00,2,1,8224x5140,P,1
1224,8.188,0.746,0.228,0.041,0.000,0.012,0.034,0.000,5.153,0.016,5.082,0.054,8120,15600,,2.00,2,1,8224x5140,P,1
1225,8.320,0.000,0.241,0.030,0.000,0.010,0.032,0.000,5.150,0.014,5.079,0.057,8120,15600,,2.00,2,1,8224x5140,P,1
1226,8.251,0.664,0.260,0.031,0.000,0.009,0.030,0.000,5.153,0.017,5.079,0.057,8120,15600,,2.00,2,1,8224x5140,P,1
1227,8.363,0.000,0.251,0.026,0.000,0.008,0.040,0.000,5.143,0.018,5.071,0.054,8120,15600,,2.00,2,1,8224x5140,P,1
1228,8.209,0.714,0.258,0.038,0.000,0.013,0.031,0.000,5.144,0.016,5.073,0.055,8120,15600,,2.00,2,1,8224x5140,P,1
1229,8.315,0.000,0.330,0.025,0.000,0.009,0.033,0.000,5.133,0.017,5.065,0.051,8120,15600,,2.00,2,1,8224x5140,P,1
1230,8.179,0.684,0.227,0.031,0.000,0.011,0.034,0.000,5.138,0.017,5.065,0.055,8120,15600,,2.00,2,1,8224x5140,P,1
1231,8.312,0.000,0.241,0.029,0.000,0.010,0.031,0.000,5.124,0.016,5.053,0.054,8120,15600,,2.00,2,1,8224x5140,P,1
1232,8.280,0.618,0.239,0.033,0.000,0.009,0.038,0.000,5.128,0.016,5.055,0.057,8120,15600,,2.00,2,1,8224x5140,P,1
1233,8.594,0.000,0.247,0.039,0.000,0.012,0.054,0.000,5.107,0.014,5.042,0.051,8120,15600,,2.00,2,1,8224x5140,P,1
1234,8.009,1.195,0.374,0.075,0.000,0.020,0.105,0.000,5.115,0.017,5.042,0.056,8120,15600,,2.00,2,1,8224x5140,P,1
1235,8.202,0.000,0.334,0.057,0.000,0.016,0.048,0.000,5.107,0.014,5.041,0.051,8120,15600,,2.00,2,1,8224x5140,P,1
1236,8.194,0.798,0.305,0.056,0.000,0.017,0.050,0.000,5.109,0.014,5.041,0.053,8120,15600,,2.00,2,1,8224x5140,P,1
1237,8.244,0.000,0.319,0.054,0.000,0.025,0.044,0.000,5.112,0.016,5.043,0.052,8120,15600,,2.00,2,1,8224x5140,P,1
1238,8.244,0.822,0.271,0.063,0.000,0.017,0.056,0.000,5.111,0.014,5.042,0.055,8120,15600,,2.00,2,1,8224x5140,P,1
1239,8.195,0.000,0.291,0.039,0.000,0.019,0.056,0.000,5.111,0.016,5.040,0.055,8120,15600,,2.00,2,1,8224x5140,P,1
1240,8.150,0.851,0.263,0.039,0.000,0.013,0.036,0.000,5.111,0.014,5.041,0.056,8120,15600,,2.00,2,1,8224x5140,P,1
1241,8.232,0.000,0.283,0.029,0.000,0.013,0.031,0.000,5.115,0.017,5.043,0.055,8120,15600,,2.00,2,1,8224x5140,P,1
1242,8.538,0.663,0.231,0.024,0.000,0.009,0.036,0.000,5.120,0.017,5.048,0.055,8120,15600,,2.00,2,1,8224x5140,P,1
1243,8.456,0.000,0.258,0.029,0.000,0.009,0.038,0.000,5.112,0.017,5.043,0.053,8120,15600,,2.00,2,1,8224x5140,P,1
1244,8.078,0.611,0.262,0.053,0.000,0.015,0.052,0.000,5.111,0.014,5.041,0.055,8120,15600,,2.00,2,1,8224x5140,P,1
1245,8.113,0.000,0.294,0.054,0.000,0.014,0.061,0.000,5.106,0.014,5.041,0.051,8120,15600,,2.00,2,1,8224x5140,P,1
1246,8.196,0.798,0.250,0.063,0.000,0.021,0.054,0.000,5.109,0.015,5.043,0.052,8120,15600,,2.00,2,1,8224x5140,P,1
1247,8.150,0.000,0.296,0.057,0.000,0.017,0.052,0.000,5.114,0.017,5.044,0.054,8120,15600,,2.00,2,1,8224x5140,P,1
1248,8.255,0.799,0.284,0.066,0.000,0.020,0.061,0.000,5.114,0.014,5.046,0.054,8120,15600,,2.00,2,1,8224x5140,P,1
1249,8.180,0.000,0.283,0.046,0.000,0.018,0.039,0.000,5.112,0.016,5.041,0.055,8120,15600,,2.00,2,1,8224x5140,P,1
1250,8.199,0.786,0.274,0.046,0.000,0.016,0.041,0.000,5.112,0.014,5.042,0.056,8120,15600,,2.00,2,1,8224x5140,P,1
1251,8.270,0.000,0.241,0.031,0.000,0.011,0.037,0.000,5.115,0.016,5.044,0.056,8120,15600,,2.00,2,1,8224x5140,P,1
1252,8.372,0.639,0.272,0.033,0.000,0.013,0.069,0.000,5.114,0.017,5.044,0.053,8120,15600,,2.00,2,1,8224x5140,P,1
1253,8.076,0.000,0.287,0.045,0.000,0.013,0.078,0.000,5.115,0.016,5.045,0.054,8120,15600,,2.00,2,1,8224x5140,P,1
1254,8.315,0.705,0.242,0.038,0.000,0.012,0.043,0.000,5.120,0.017,5.047,0.055,8120,15600,,2.00,2,1,8224x5140,P,1
1255,8.260,0.000,0.379,0.044,0.000,0.013,0.052,0.000,5.114,0.016,5.046,0.052,8120,15600,,2.00,2,1,8224x5140,P,1
1256,8.124,0.748,0.262,0.061,0.000,0.016,0.037,0.000,5.110,0.014,5.044,0.052,8120,15600,,2.00,2,1,8224x5140,P,1
1257,8.321,0.000,0.246,0.040,0.000,0.009,0.052,0.000,5.136,0.017,5.057,0.063,8120,15600,,2.00,2,1,8224x5140,P,1
1258,8.231,0.655,0.231,0.028,0.000,0.009,0.041,0.000,5.127,0.018,5.049,0.061,8120,15600,,2.00,2,1,8224x5140,P,1
1259,8.344,0.000,0.287,0.024,0.000,0.012,0.039,0.000,5.126,0.017,5.052,0.057,8120,15600,,2.00,2,1,8224x5140,P,1
1260,8.393,0.804,0.249,0.030,0.000,0.010,0.045,0.000,5.124,0.017,5.047,0.060,8120,15600,,2.00,2,1,8224x5140,P,1
1261,8.053,0.000,0.255,0.027,0.000,0.009,0.030,0.000,5.125,0.017,5.052,0.056,8120,15600,,2.00,2,1,8224x5140,P,1
1262,8.478,0.855,0.256,0.026,0.000,0.009,0.044,0.000,5.127,0.018,5.053,0.057,8120,15600,,2.00,2,1,8224x5140,P,1
1263,8.136,0.000,0.275,0.023,0.000,0.015,0.031,0.000,5.127,0.016,5.054,0.058,8120,15600,,2.00,2,1,8224x5140,P,1
1264,8.306,0.794,0.267,0.024,0.000,0.008,0.031,0.000,5.129,0.017,5.055,0.057,8120,15600,,2.00,2,1,8224x5140,P,1
1265,8.215,0.000,0.284,0.023,0.000,0.012,0.034,0.000,5.136,0.017,5.059,0.060,8120,15600,,2.00,2,1,8224x5140,P,1
1266,8.457,0.737,0.274,0.026,0.000,0.008,0.030,0.000,5.129,0.014,5.058,0.057,8120,15600,,2.00,2,1,8224x5140,P,1
1267,8.217,0.000,0.293,0.025,0.000,0.009,0.048,0.000,5.137,0.017,5.064,0.057,8120,15600,,2.00,2,1,8224x5140,P,1
1268,8.227,0.966,0.315,0.033,0.000,0.012,0.042,0.000,5.132,0.018,5.059,0.055,8120,15600,,2.00,2,1,8224x5140,P,1
1269,8.309,0.000,0.298,0.028,0.000,0.013,0.088,0.000,5.142,0.017,5.067,0.057,8120,15600,,2.00,2,1,8224x5140,P,1
1270,8.203,0.991,0.317,0.034,0.000,0.011,0.050,0.000,5.130,0.014,5.059,0.057,8120,15600,,2.00,2,1,8224x5140,P,1
1271,8.356,0.000,0.332,0.041,0.000,0.015,0.067,0.000,5.147,0.019,5.068,0.060,8120,15600,,2.00,2,1,8224x5140,P,1
1272,8.139,0.951,0.327,0.038,0.000,0.012,0.051,0.000,5.136,0.018,5.066,0.053,8120,15600,,2.00,2,1,8224x5140,P,1
1273,8.311,0.000,0.348,0.036,0.000,0.012,0.050,0.000,5.142,0.017,5.068,0.057,8120,15600,,2.00,2,1,8224x5140,P,1
1274,8.262,0.926,0.327,0.035,0.000,0.011,0.053,0.000,5.133,0.013,5.064,0.056,8120,15600,,2.00,2,1,8224x5140,P,1
1275,8.310,0.000,0.380,0.039,0.000,0.011,0.069,0.000,5.146,0.020,5.070,0.057,8120,15600,,2.00,2,1,8224x5140,P,1
1276,8.316,1.142,0.388,0.066,0.000,0.020,0.166,0.000,5.136,0.014,5.067,0.055,8120,15600,,2.00,2,1,8224x5140,P,1
1277,7.984,0.000,0.406,0.064,0.000,0.020,0.048,0.000,5.141,0.017,5.069,0.055,8120,15600,,2.00,2,1,8224x5140,P,1
1278,8.275,1.064,0.329,0.051,0.000,0.015,0.051,0.000,5.135,0.014,5.065,0.056,8120,15600,,2.00,2,1,8224x5140,P,1
1279,8.155,0.000,0.459,0.045,0.000,0.019,0.044,0.000,5.141,0.016,5.070,0.054,8120,15600,,2.00,2,1,8224x5140,P,1
1280,8.203,0.861,0.296,0.051,0.000,0.015,0.041,0.000,5.136,0.014,5.067,0.055,8120,15600,,2.00,2,1,8224x5140,P,1
1281,8.282,0.000,0.273,0.035,0.000,0.011,0.054,0.000,5.142,0.016,5.069,0.057,8120,15600,,2.00,2,1,8224x5140,P,1
1282,8.175,0.699,0.260,0.042,0.000,0.014,0.041,0.000,5.138,0.014,5.068,0.056,8120,15600,,2.00,2,1,8224x5140,P,1
1283,8.313,0.000,0.422,0.030,0.000,0.011,0.039,0.000,5.141,0.017,5.071,0.054,8120,15600,,2.00,2,1,8224x5140,P,1
1284,8.223,0.647,0.289,0.061,0.000,0.016,0.052,0.000,5.133,0.014,5.068,0.052,8120,15600,,2.00,2,1,8224x5140,P,1
1285,8.157,0.000,0.270,0.055,0.000,0.014,0.046,0.000,5.138,0.016,5.067,0.055,8120,15600,,2.00,2,1,8224x5140,P,1
1286,8.166,0.707,0.246,0.056,0.000,0.015,0.038,0.000,5.137,0.014,5.067,0.056,8120,15600,,2.00,2,1,8224x5140,P,1
1287,8.272,0.000,0.245,0.038,0.000,0.015,0.050,0.000,5.141,0.017,5.067,0.057,8120,15600,,2.00,2,1,8224x5140,P,1
1288,8.209,0.744,0.259,0.053,0.000,0.016,0.039,0.000,5.134,0.014,5.066,0.054,8120,15600,,2.00,2,1,8224x5140,P,1
1289,8.206,0.000,0.260,0.039,0.000,0.010,0.039,0.000,5.140,0.016,5.068,0.055,8120,15600,,2.00,2,1,8224x5140,P,1
1290,8.703,0.734,0.244,0.055,0.000,0.014,0.107,0.000,5.133,0.013,5.067,0.053,8120,15600,,2.00,2,1,8224x5140,P,1
1291,8.738,0.000,0.649,0.110,0.000,0.037,0.120,0.000,5.137,0.016,5.067,0.053,8120,15600,,2.00,2,1,8224x5140,P,1
1292,8.091,1.922,0.651,0.141,0.000,0.039,0.100,0.000,5.144,0.017,5.068,0.059,8120,15600,,2.00,2,1,8224x5140,P,1
1293,8.290,0.000,0.622,0.109,0.000,0.031,0.103,0.000,5.136,0.014,5.067,0.055,8120,15600,,2.00,2,1,8224x5140,P,1
1294,8.337,2.124,0.653,0.112,0.000,0.041,0.121,0.000,5.138,0.017,5.070,0.051,8120,15600,,2.00,2,1,8224x5140,P,1
1295,8.728,0.000,0.703,0.116,0.000,0.042,0.130,0.000,5.136,0.014,5.069,0.053,8120,15600,,2.00,2,1,8224x5140,P,1
1296,8.687,2.360,0.618,0.122,0.000,0.040,0.137,0.000,5.146,0.017,5.073,0.056,8120,15600,,2.00,2,1,8224x5140,P,1
1297,8.893,0.000,0.802,0.127,0.000,0.047,0.144,0.000,5.236,0.037,5.142,0.057,8120,15600,,2.00,2,1,8224x5140,P,1
1298,8.589,2.366,0.730,0.145,0.000,0.046,0.097,0.000,5.139,0.017,5.070,0.052,8120,15600,,2.00,2,1,8224x5140,P,1
1299,8.616,0.000,0.727,0.127,0.000,0.034,0.111,0.000,5.140,0.016,5.074,0.050,8120,15600,,2.00,2,1,8224x5140,P,1
1300,8.198,1.923,0.554,0.116,0.000,0.037,0.108,0.000,5.143,0.018,5.074,0.051,8120,15600,,2.00,2,1,8224x5140,P,1
1301,7.651,1.916,0.599,0.122,0.000,0.038,0.062,0.000,5.146,0.017,5.077,0.052,8120,15600,,2.00,2,1,8224x5140,P,1
1302,7.669,0.000,0.272,0.065,0.000,0.018,0.052,0.000,5.142,0.014,5.075,0.053,8120,15600,,2.00,2,1,8224x5140,P,1
1303,7.814,0.000,0.272,0.107,0.000,0.025,0.091,0.000,5.142,0.013,5.074,0.055,8120,15600,,2.00,2,1,8224x5140,P,1
1304,7.434,0.872,0.321,0.077,0.000,0.031,0.068,0.000,5.144,0.014,5.074,0.056,8120,15600,,2.00,2,1,8224x5140,P,1
1305,7.557,0.000,0.436,0.058,0.000,0.017,0.049,0.000,5.148,0.014,5.078,0.056,8120,15600,,2.00,2,1,8224x5140,P,1
1306,7.316,0.796,0.246,0.034,0.000,0.010,0.077,0.000,5.151,0.018,5.076,0.057,8120,15600,,2.00,2,1,8224x5140,P,1
1307,7.732,0.000,0.516,0.029,0.000,0.010,0.034,0.000,5.152,0.014,5.079,0.059,8120,15600,,2.00,2,1,8224x5140,P,1
1308,7.923,1.091,0.430,0.051,0.000,0.016,0.079,0.000,5.151,0.017,5.077,0.056,8120,15600,,2.00,2,1,8224x5140,P,1
1309,8.158,0.000,0.523,0.049,0.000,0.021,0.028,0.000,5.150,0.014,5.079,0.057,8120,15600,,2.00,2,1,8224x5140,P,1
1310,8.117,1.017,0.346,0.027,0.000,0.009,0.032,0.000,5.159,0.019,5.080,0.060,8120,15600,,2.00,2,1,8224x5140,P,1
1311,8.986,0.000,0.365,0.051,0.000,0.019,0.206,0.000,5.151,0.014,5.080,0.057,8120,15600,,2.00,2,1,8224x5140,P,1
1312,7.634,1.733,0.588,0.120,0.000,0.039,0.100,0.000,5.159,0.022,5.082,0.056,8120,15600,,2.00,2,1,8224x5140,P,1
1313,7.931,0.000,0.511,0.039,0.000,0.017,0.074,0.000,5.150,0.014,5.080,0.056,8120,15600,,2.00,2,1,8224x5140,P,1
1314,8.871,1.378,0.316,0.063,0.000,0.020,0.189,0.000,5.153,0.014,5.078,0.062,8120,15600,,2.00,2,1,8224x5140,P,1
1315,8.932,0.001,0.737,0.129,0.000,0.055,0.222,0.000,5.154,0.023,5.077,0.055,8120,15600,,2.00,2,1,8224x5140,P,1
1316,7.572,1.711,0.616,0.127,0.000,0.043,0.076,0.000,5.145,0.016,5.074,0.054,8120,15600,,2.00,2,1,8224x5140,P,1
1317,8.309,0.000,0.591,0.075,0.000,0.020,0.109,0.000,5.149,0.014,5.080,0.055,8120,15600,,2.00,2,1,8224x5140,P,1
1318,7.427,1.821,0.449,0.078,0.000,0.023,0.076,0.000,5.209,0.036,5.120,0.053,8120,15600,,2.00,2,1,8224x5140,P,1
1319,7.685,0.000,0.390,0.083,0.000,0.024,0.059,0.000,5.148,0.014,5.081,0.053,8120,15600,,2.00,2,1,8224x5140,P,1
1320,7.654,1.295,0.363,0.058,0.000,0.015,0.039,0.000,5.152,0.014,5.082,0.056,8120,15600,,2.00,2,1,8224x5140,P,1
1321,8.005,0.000,0.471,0.039,0.000,0.012,0.037,0.000,5.147,0.014,5.077,0.056,8120,15600,,2.00,2,1,8224x5140,P,1
1322,8.323,0.825,0.331,0.031,0.000,0.010,0.056,0.000,5.148,0.014,5.079,0.055,8120,15600,,2.00,2,1,8224x5140,P,1
1323,8.326,0.000,0.279,0.034,0.000,0.010,0.043,0.000,5.150,0.016,5.082,0.052,8120,15600,,2.00,2,1,8224x5140,P,1
1324,8.167,0.689,0.269,0.053,0.000,0.014,0.041,0.000,5.146,0.014,5.079,0.053,8120,15600,,2.00,2,1,8224x5140,P,1
1325,8.288,0.000,0.380,0.038,0.000,0.013,0.043,0.000,5.150,0.013,5.082,0.054,8120,15600,,2.00,2,1,8224x5140,P,1
1326,8.190,0.803,0.250,0.032,0.000,0.011,0.035,0.000,5.157,0.016,5.082,0.058,8120,15600,,2.00,2,1,8224x5140,P,1
1327,8.265,0.000,0.258,0.029,0.000,0.009,0.054,0.000,5.156,0.017,5.083,0.056,8120,15600,,2.00,2,1,8224x5140,P,1
1328,8.263,0.828,0.251,0.031,0.000,0.020,0.037,0.000,5.158,0.017,5.080,0.061,8120,15600,,2.00,2,1,8224x5140,P,1
1329,8.316,0.000,0.298,0.027,0.000,0.010,0.039,0.000,5.154,0.017,5.080,0.057,8120,15600,,2.00,2,1,8224x5140,P,1
1330,8.227,0.743,0.280,0.025,0.000,0.009,0.050,0.000,5.162,0.019,5.085,0.059,8120,15600,,2.00,2,1,8224x5140,P,1
1331,8.300,0.000,0.292,0.025,0.000,0.035,0.046,0.000,5.157,0.017,5.079,0.060,8120,15600,,2.00,2,1,8224x5140,P,1
1332,8.228,0.793,0.266,0.025,0.000,0.012,0.038,0.000,5.152,0.019,5.078,0.055,8120,15600,,2.00,2,1,8224x5140,P,1
1333,8.368,0.000,0.298,0.033,0.000,0.009,0.033,0.000,5.153,0.018,5.080,0.056,8120,15600,,2.00,2,1,8224x5140,P,1
1334,8.236,0.828,0.300,0.025,0.000,0.008,0.033,0.000,5.158,0.018,5.079,0.061,8120,15600,,2.00,2,1,8224x5140,P,1
1335,8.383,0.000,0.303,0.026,0.000,0.012,0.061,0.000,5.147,0.014,5.077,0.056,8120,15600,,2.00,2,1,8224x5140,P,1
1336,8.266,0.789,0.286,0.031,0.000,0.009,0.034,0.000,5.160,0.019,5.080,0.060,8120,15600,,2.00,2,1,8224x5140,P,1
1337,8.335,0.000,0.335,0.027,0.000,0.010,0.036,0.000,5.144,0.014,5.076,0.054,8120,15600,,2.00,2,1,8224x5140,P,1
1338,8.300,0.875,0.299,0.028,0.000,0.009,0.048,0.000,5.169,0.021,5.082,0.066,8120,15600,,2.00,2,1,8224x5140,P,1
1339,8.285,0.000,0.331,0.029,0.000,0.013,0.041,0.000,5.146,0.014,5.072,0.060,8120,15600,,2.00,2,1,8224x5140,P,1
1340,8.370,0.974,0.332,0.036,0.000,0.009,0.043,0.000,5.176,0.026,5.089,0.060,8120,15600,,2.00,2,1,8224x5140,P,1
1341,8.187,0.000,0.352,0.032,0.000,0.011,0.066,0.000,5.146,0.013,5.072,0.061,8120,15600,,2.00,2,1,8224x5140,P,1
1342,8.304,1.056,0.335,0.035,0.000,0.012,0.083,0.000,5.148,0.014,5.076,0.058,8120,15600,,2.00,2,1,8224x5140,P,1
1343,8.235,0.000,0.426,0.037,0.000,0.013,0.044,0.000,5.177,0.029,5.091,0.057,8120,15600,,2.00,2,1,8224x5140,P,1
1344,8.229,1.106,0.364,0.039,0.000,0.012,0.043,0.000,5.144,0.014,5.073,0.057,8120,15600,,2.00,2,1,8224x5140,P,1
1345,8.308,0.000,0.433,0.060,0.000,0.015,0.044,0.000,5.180,0.025,5.094,0.060,8120,15600,,2.00,2,1,8224x5140,P,1
1346,8.234,1.086,0.373,0.039,0.000,0.011,0.044,0.000,5.145,0.014,5.072,0.059,8120,15600,,2.00,2,1,8224x5140,P,1
1347,8.268,0.000,0.388,0.035,0.000,0.012,0.073,0.000,5.144,0.014,5.070,0.060,8120,15600,,2.00,2,1,8224x5140,P,1
1348,8.336,1.133,0.369,0.032,0.000,0.012,0.109,0.000,5.205,0.043,5.098,0.064,8120,15600,,2.00,2,1,8224x5140,P,1
1349,8.246,0.000,0.385,0.036,0.000,0.014,0.076,0.000,5.140,0.014,5.071,0.055,8120,15600,,2.00,2,1,8224x5140,P,1
1350,8.274,1.243,0.421,0.041,0.000,0.013,0.101,0.000,5.249,0.041,5.150,0.057,8120,15600,,2.00,2,1,8224x5140,P,1
1351,8.248,0.000,0.452,0.049,0.000,0.017,0.089,0.000,5.145,0.014,5.072,0.058,8120,15600,,2.00,2,1,8224x5140,P,1
1352,8.183,1.517,0.449,0.045,0.000,0.016,0.077,0.000,5.142,0.014,5.071,0.057,8120,15600,,2.00,2,1,8224x5140,P,1
1353,8.242,0.000,0.544,0.045,0.000,0.018,0.062,0.000,5.225,0.036,5.129,0.060,8120,15600,,2.00,2,1,8224x5140,P,1
1354,8.202,1.235,0.421,0.044,0.000,0.013,0.061,0.000,5.136,0.014,5.067,0.055,8120,15600,,2.00,2,1,8224x5140,P,1
1355,8.283,0.000,0.430,0.066,0.000,0.020,0.061,0.000,5.213,0.021,5.139,0.053,8120,15600,,2.00,2,1,8224x5140,P,1
1356,8.170,0.894,0.365,0.061,0.000,0.018,0.043,0.000,5.139,0.014,5.068,0.057,8120,15600,,2.00,2,1,8224x5140,P,1
1357,8.352,0.000,0.312,0.049,0.000,0.017,0.058,0.000,5.140,0.016,5.071,0.053,8120,15600,,2.00,2,1,8224x5140,P,1
1358,8.122,0.957,0.300,0.070,0.000,0.020,0.051,0.000,5.136,0.015,5.068,0.053,8120,15600,,2.00,2,1,8224x5140,P,1
1359,8.138,0.000,0.313,0.050,0.000,0.018,0.052,0.000,5.131,0.014,5.065,0.052,8120,15600,,2.00,2,1,8224x5140,P,1
1360,8.325,0.938,0.262,0.041,0.000,0.011,0.041,0.000,5.138,0.016,5.066,0.056,8120,15600,,2.00,2,1,8224x5140,P,1
1361,8.138,0.000,0.326,0.041,0.000,0.012,0.049,0.000,5.137,0.014,5.068,0.056,8120,15600,,2.00,2,1,8224x5140,P,1
1362,8.352,0.831,0.276,0.029,0.000,0.010,0.059,0.000,5.141,0.017,5.070,0.054,8120,15600,,2.00,2,1,8224x5140,P,1
1363,8.180,0.000,0.270,0.027,0.000,0.014,0.035,0.000,5.136,0.018,5.065,0.054,8120,15600,,2.00,2,1,8224x5140,P,1
1364,8.250,0.770,0.248,0.027,0.000,0.010,0.042,0.000,5.139,0.018,5.067,0.054,8120,15600,,2.00,2,1,8224x5140,P,1
1365,8.561,0.000,0.284,0.032,0.000,0.012,0.056,0.000,5.138,0.016,5.065,0.058,8120,15600,,2.00,2,1,8224x5140,P,1
1366,8.133,0.737,0.224,0.046,0.000,0.014,0.045,0.000,5.137,0.016,5.066,0.055,8120,15600,,2.00,2,1,8224x5140,P,1
1367,8.195,0.000,0.240,0.045,0.000,0.013,0.055,0.000,5.134,0.014,5.065,0.055,8120,15600,,2.00,2,1,8224x5140,P,1
1368,8.138,0.717,0.239,0.037,0.000,0.012,0.042,0.000,5.134,0.017,5.065,0.053,8120,15600,,2.00,2,1,8224x5140,P,1
1369,8.253,0.000,0.412,0.034,0.000,0.014,0.037,0.000,5.127,0.014,5.060,0.053,8120,15600,,2.00,2,1,8224x5140,P,1
1370,8.376,0.722,0.211,0.030,0.000,0.010,0.048,0.000,5.135,0.017,5.064,0.055,8120,15600,,2.00,2,1,8224x5140,P,1
1371,8.306,0.000,0.255,0.036,0.000,0.013,0.032,0.000,5.128,0.014,5.061,0.053,8120,15600,,2.00,2,1,8224x5140,P,1
1372,16.686,0.769,0.238,0.025,0.000,0.014,0.047,0.000,5.131,0.017,5.060,0.053,8120,15600,,2.00,2,1,8224x5140,P,1
1373,8.210,0.643,0.226,0.047,0.000,0.015,0.048,0.000,5.133,0.017,5.062,0.053,8120,15600,,2.00,2,1,8224x5140,P,1
1374,8.379,0.000,0.263,0.046,0.000,0.015,0.051,0.000,5.130,0.014,5.062,0.054,8120,15600,,2.00,2,1,8224x5140,P,1
1375,8.235,0.724,0.224,0.044,0.000,0.016,0.039,0.000,5.130,0.016,5.061,0.052,8120,15600,,2.00,2,1,8224x5140,P,1
1376,8.513,0.000,0.249,0.039,0.000,0.019,0.060,0.000,5.132,0.014,5.062,0.055,8120,15600,,2.00,2,1,8224x5140,P,1
1377,8.156,0.698,0.240,0.032,0.000,0.011,0.035,0.000,5.135,0.016,5.062,0.056,8120,15600,,2.00,2,1,8224x5140,P,1
1378,8.468,0.000,0.272,0.028,0.000,0.009,0.036,0.000,5.141,0.018,5.065,0.059,8120,15600,,2.00,2,1,8224x5140,P,1
1379,8.186,0.800,0.234,0.028,0.000,0.013,0.050,0.000,5.137,0.016,5.063,0.057,8120,15600,,2.00,2,1,8224x5140,P,1
1380,8.448,0.000,0.274,0.022,0.000,0.007,0.045,0.000,5.140,0.018,5.066,0.056,8120,15600,,2.00,2,1,8224x5140,P,1
1381,8.175,0.691,0.249,0.025,0.000,0.008,0.044,0.000,5.138,0.019,5.063,0.057,8120,15600,,2.00,2,1,8224x5140,P,1
1382,8.503,0.000,0.280,0.023,0.000,0.011,0.040,0.000,5.137,0.017,5.064,0.055,8120,15600,,2.00,2,1,8224x5140,P,1
1383,8.258,0.786,0.271,0.027,0.000,0.009,0.053,0.000,5.144,0.017,5.066,0.060,8120,15600,,2.00,2,1,8224x5140,P,1
1384,8.282,0.000,0.322,0.032,0.000,0.012,0.034,0.000,5.137,0.014,5.067,0.056,8120,15600,,2.00,2,1,8224x5140,P,1
1385,8.361,0.946,0.273,0.026,0.000,0.010,0.037,0.000,5.140,0.018,5.065,0.057,8120,15600,,2.00,2,1,8224x5140,P,1
1386,8.336,0.000,0.359,0.027,0.000,0.009,0.055,0.000,5.140,0.013,5.066,0.061,8120,15600,,2.00,2,1,8224x5140,P,1
1387,8.294,0.817,0.293,0.027,0.000,0.009,0.037,0.000,5.146,0.021,5.067,0.058,8120,15600,,2.00,2,1,8224x5140,P,1
1388,8.362,0.000,0.316,0.028,0.000,0.009,0.046,0.000,5.142,0.018,5.064,0.060,8120,15600,,2.00,2,1,8224x5140,P,1
1389,8.547,1.138,0.310,0.033,0.000,0.013,0.085,0.000,5.143,0.020,5.070,0.054,8120,15600,,2.00,2,1,8224x5140,P,1
1390,8.189,0.001,0.382,0.109,0.000,0.024,0.064,0.000,5.150,0.020,5.069,0.060,8120,15600,,2.00,2,1,8224x5140,P,1
1391,8.285,1.064,0.330,0.050,0.000,0.016,0.066,0.000,5.137,0.014,5.065,0.058,8120,15600,,2.00,2,1,8224x5140,P,1
1392,8.236,0.000,0.377,0.040,0.000,0.013,0.053,0.000,5.157,0.021,5.077,0.059,8120,15600,,2.00,2,1,8224x5140,P,1
1393,8.285,1.190,0.342,0.039,0.000,0.013,0.041,0.000,5.138,0.014,5.064,0.061,8120,15600,,2.00,2,1,8224x5140,P,1
1394,8.439,0.000,0.371,0.040,0.000,0.015,0.076,0.000,5.165,0.025,5.080,0.061,8120,15600,,2.00,2,1,8224x5140,P,1
1395,8.274,1.136,0.355,0.057,0.000,0.018,0.077,0.000,5.133,0.015,5.063,0.055,8120,15600,,2.00,2,1,8224x5140,P,1
1396,8.295,0.000,0.341,0.047,0.000,0.016,0.067,0.000,5.138,0.017,5.065,0.056,8120,15600,,2.00,2,1,8224x5140,P,1
1397,8.314,0.944,0.348,0.051,0.000,0.014,0.109,0.000,5.132,0.014,5.064,0.055,8120,15600,,2.00,2,1,8224x5140,P,1
1398,8.338,0.000,0.315,0.049,0.000,0.014,0.059,0.000,5.131,0.015,5.062,0.055,8120,15600,,2.00,2,1,8224x5140,P,1
1399,8.321,0.829,0.282,0.052,0.000,0.016,0.060,0.000,5.133,0.016,5.061,0.056,8120,15600,,2.00,2,1,8224x5140,P,1
1400,8.213,0.000,0.292,0.041,0.000,0.013,0.046,0.000,5.138,0.018,5.062,0.058,8120,15600,,2.00,2,1,8224x5140,P,1
1401,8.301,0.884,0.254,0.028,0.000,0.010,0.053,0.000,5.137,0.016,5.063,0.057,8120,15600,,2.00,2,1,8224x5140,P,1
1402,8.503,0.000,0.292,0.026,0.000,0.009,0.046,0.000,5.138,0.015,5.063,0.060,8120,15600,,2.00,2,1,8224x5140,P,1
1403,8.231,0.842,0.285,0.024,0.000,0.009,0.033,0.000,5.139,0.018,5.064,0.057,8120,15600,,2.00,2,1,8224x5140,P,1
1404,8.455,0.000,0.311,0.027,0.000,0.009,0.130,0.000,5.134,0.018,5.066,0.050,8120,15600,,2.00,2,1,8224x5140,P,1
1405,8.419,0.923,0.385,0.072,0.000,0.024,0.072,0.000,5.130,0.016,5.062,0.051,8120,15600,,2.00,2,1,8224x5140,P,1
1406,8.170,0.000,0.322,0.079,0.000,0.023,0.049,0.000,5.130,0.014,5.065,0.052,8120,15600,,2.00,2,1,8224x5140,P,1
1407,8.304,0.970,0.296,0.063,0.000,0.018,0.059,0.000,5.127,0.014,5.061,0.053,8120,15600,,2.00,2,1,8224x5140,P,1
1408,8.281,0.000,0.325,0.041,0.000,0.015,0.046,0.000,5.130,0.014,5.061,0.055,8120,15600,,2.00,2,1,8224x5140,P,1
1409,8.521,0.960,0.311,0.034,0.000,0.012,0.065,0.000,5.139,0.017,5.067,0.055,8120,15600,,2.00,2,1,8224x5140,P,1
1410,8.280,0.000,0.375,0.035,0.000,0.011,0.063,0.000,5.138,0.017,5.064,0.057,8120,15600,,2.00,2,1,8224x5140,P,1
1411,8.287,1.058,0.324,0.052,0.000,0.016,0.058,0.000,5.138,0.017,5.065,0.056,8120,15600,,2.00,2,1,8224x5140,P,1
1412,8.271,0.000,0.376,0.040,0.000,0.015,0.048,0.000,5.140,0.014,5.067,0.059,8120,15600,,2.00,2,1,8224x5140,P,1
1413,8.260,1.048,0.328,0.040,0.000,0.013,0.072,0.000,5.133,0.017,5.062,0.054,8120,15600,,2.00,2,1,8224x5140,P,1
1414,8.134,0.000,0.381,0.064,0.000,0.015,0.055,0.000,5.138,0.019,5.068,0.052,8120,15600,drag_snap,2.00,2,0,8224x5140,P,1
1415,8.223,0.992,0.378,0.042,0.000,0.014,0.045,0.000,5.118,0.017,5.047,0.054,8120,15600,,2.00,2,0,8224x5140,P,1
1416,8.355,0.000,0.386,0.036,0.000,0.018,0.054,0.000,5.122,0.018,5.048,0.056,8120,15600,,2.00,2,0,8224x5140,P,1
1417,8.369,0.917,0.333,0.033,0.000,0.011,0.079,0.000,5.120,0.018,5.045,0.057,8120,15600,,2.00,2,0,8224x5140,P,1
1418,8.284,0.000,0.484,0.047,0.000,0.019,0.051,0.000,5.130,0.020,5.057,0.053,8120,15600,,2.00,2,0,8224x5140,P,1
1419,8.248,1.093,0.372,0.041,0.000,0.013,0.048,0.000,5.118,0.014,5.047,0.056,8120,15600,,2.00,2,0,8224x5140,P,1
1420,8.445,0.000,0.408,0.040,0.000,0.014,0.053,0.000,5.117,0.018,5.047,0.052,8120,15600,,2.00,2,0,8224x5140,P,1
1421,8.403,1.166,0.448,0.047,0.000,0.016,0.076,0.000,5.132,0.023,5.056,0.053,8120,15600,,2.00,2,0,8224x5140,P,1
1422,8.137,0.000,0.544,0.071,0.000,0.022,0.076,0.000,5.108,0.014,5.041,0.054,8120,15600,,2.00,2,0,8224x5140,P,1
1423,8.356,1.143,0.352,0.045,0.000,0.014,0.049,0.000,5.116,0.017,5.047,0.052,8120,15600,,2.00,2,0,8224x5140,P,1
1424,8.221,0.000,0.327,0.035,0.000,0.012,0.037,0.000,5.118,0.016,5.047,0.054,8120,15600,,2.00,2,0,8224x5140,P,1
1425,8.324,0.732,0.267,0.026,0.000,0.009,0.030,0.000,5.120,0.017,5.047,0.055,8120,15600,,2.00,2,0,8224x5140,P,1
1426,8.369,0.000,0.280,0.024,0.000,0.007,0.035,0.000,5.114,0.017,5.044,0.054,8120,15600,,2.00,2,0,8224x5140,P,1
1427,8.275,0.766,0.248,0.032,0.000,0.010,0.028,0.000,5.118,0.018,5.048,0.053,8120,15600,,2.00,2,0,8224x5140,P,1
1428,8.294,0.000,0.267,0.022,0.000,0.006,0.027,0.000,5.113,0.016,5.046,0.051,8120,15600,,2.00,2,0,8224x5140,P,1
1429,8.359,0.631,0.234,0.021,0.000,0.007,0.043,0.000,5.117,0.018,5.046,0.053,8120,15600,,2.00,2,0,8224x5140,P,1
1430,8.339,0.000,0.252,0.021,0.000,0.007,0.028,0.000,5.138,0.016,5.065,0.057,8120,15600,,2.00,2,0,8224x5140,P,1
1431,8.249,0.654,0.237,0.024,0.000,0.008,0.028,0.000,5.120,0.017,5.046,0.057,8120,15600,,2.00,2,0,8224x5140,P,1
1432,8.392,0.000,0.263,0.031,0.000,0.007,0.028,0.000,5.122,0.016,5.049,0.057,8120,15600,,2.00,2,0,8224x5140,P,1
1433,8.323,0.687,0.254,0.023,0.000,0.007,0.027,0.000,5.117,0.016,5.049,0.053,8120,15600,,2.00,2,0,8224x5140,P,1
1434,8.276,0.000,0.325,0.022,0.000,0.009,0.028,0.000,5.125,0.018,5.051,0.056,8120,15600,,2.00,2,0,8224x5140,P,1
1435,8.402,0.671,0.260,0.026,0.000,0.008,0.039,0.000,5.117,0.018,5.045,0.054,8120,15600,,2.00,2,0,8224x5140,P,1
1436,8.411,0.000,0.347,0.034,0.000,0.012,0.052,0.000,5.121,0.016,5.052,0.054,8120,15600,,2.00,2,0,8224x5140,P,1
1437,8.322,0.941,0.301,0.055,0.000,0.016,0.047,0.000,5.116,0.014,5.047,0.055,8120,15600,,2.00,2,0,8224x5140,P,1
1438,8.372,0.000,0.338,0.037,0.000,0.014,0.071,0.000,5.113,0.017,5.043,0.054,8120,15600,,2.00,2,0,8224x5140,P,1
1439,8.363,0.974,0.321,0.040,0.000,0.013,0.069,0.000,5.113,0.014,5.046,0.053,8120,15600,,2.00,2,0,8224x5140,P,1
1440,8.291,0.000,0.325,0.032,0.000,0.011,0.051,0.000,5.121,0.016,5.050,0.055,8120,15600,,2.00,2,0,8224x5140,P,1
1441,8.395,1.051,0.335,0.043,0.000,0.016,0.062,0.000,5.119,0.014,5.046,0.058,8120,15600,,2.00,2,0,8224x5140,P,1
1442,8.246,0.000,0.372,0.048,0.000,0.021,0.067,0.000,5.118,0.016,5.048,0.054,8120,15600,,2.00,2,0,8224x5140,P,1
1443,8.295,1.064,0.323,0.053,0.000,0.015,0.078,0.000,5.115,0.014,5.047,0.054,8120,15600,,2.00,2,0,8224x5140,P,1
1444,8.388,0.000,0.385,0.042,0.000,0.021,0.085,0.000,5.126,0.018,5.050,0.058,8120,15600,,2.00,2,0,8224x5140,P,1
1445,8.178,1.154,0.340,0.045,0.000,0.013,0.051,0.000,5.125,0.017,5.049,0.058,8120,15600,,2.00,2,0,8224x5140,P,1
1446,8.537,0.000,0.370,0.036,0.000,0.020,0.052,0.000,5.133,0.021,5.056,0.057,8120,15600,,2.00,2,0,8224x5140,P,1
1447,8.175,1.166,0.345,0.040,0.000,0.013,0.059,0.000,5.120,0.014,5.047,0.059,8120,15600,,2.00,2,0,8224x5140,P,1
1448,8.380,0.000,0.362,0.036,0.000,0.014,0.054,0.000,5.118,0.014,5.049,0.056,8120,15600,,2.00,2,0,8224x5140,P,1
1449,8.306,1.088,0.379,0.045,0.000,0.015,0.083,0.000,5.135,0.021,5.058,0.056,8120,15600,,2.00,2,0,8224x5140,P,1
1450,8.374,0.000,0.425,0.040,0.000,0.014,0.051,0.000,5.113,0.015,5.046,0.051,8120,15600,,2.00,2,0,8224x5140,P,1
1451,8.243,1.169,0.383,0.041,0.000,0.016,0.049,0.000,5.137,0.022,5.057,0.059,8120,15600,,2.00,2,0,8224x5140,P,1
1452,8.363,0.000,0.416,0.040,0.000,0.016,0.061,0.000,5.119,0.014,5.044,0.061,8120,15600,,2.00,2,0,8224x5140,P,1
1453,8.302,1.188,0.422,0.045,0.000,0.014,0.051,0.000,5.150,0.024,5.066,0.060,8120,15600,,2.00,2,0,8224x5140,P,1
1454,8.369,0.000,0.439,0.044,0.000,0.013,0.080,0.000,5.120,0.014,5.047,0.060,8120,15600,,2.00,2,0,8224x5140,P,1
1455,8.296,1.256,0.433,0.060,0.000,0.016,0.053,0.000,5.146,0.028,5.060,0.058,8120,15600,,2.00,2,0,8224x5140,P,1
1456,8.370,0.000,0.456,0.062,0.000,0.018,0.074,0.000,5.116,0.014,5.045,0.058,8120,15600,,2.00,2,0,8224x5140,P,1
1457,8.330,1.409,0.501,0.054,0.000,0.019,0.093,0.000,5.161,0.031,5.070,0.060,8120,15600,,2.00,2,0,8224x5140,P,1
1458,8.785,0.000,0.527,0.059,0.000,0.017,0.192,0.000,5.122,0.014,5.045,0.063,8120,15600,,2.00,2,0,8224x5140,P,1
1459,8.734,1.784,0.588,0.127,0.000,0.042,0.076,0.000,5.135,0.021,5.055,0.060,8120,15600,,2.00,2,0,8224x5140,P,1
1460,8.510,0.000,0.530,0.058,0.000,0.023,0.115,0.000,5.115,0.014,5.044,0.057,8120,15600,,2.00,2,0,8224x5140,P,1
1461,9.087,1.557,0.626,0.143,0.000,0.045,0.136,0.000,5.117,0.019,5.043,0.055,8120,15600,,2.00,2,0,8224x5140,P,1
1462,8.233,0.001,0.701,0.141,0.000,0.046,0.077,0.000,5.116,0.015,5.046,0.055,8120,15600,,2.00,2,0,8224x5140,P,1
1463,8.629,1.435,0.494,0.061,0.000,0.016,0.114,0.000,5.119,0.014,5.049,0.056,8120,15600,,2.00,2,0,8224x5140,P,1
1464,8.580,0.000,0.750,0.129,0.000,0.050,0.109,0.000,5.144,0.034,5.052,0.057,8120,15600,,2.00,2,0,8224x5140,P,1
1465,7.862,1.785,0.619,0.120,0.000,0.037,0.099,0.000,5.116,0.014,5.046,0.056,8120,15600,,2.00,2,0,8224x5140,P,1
1466,8.315,0.000,0.632,0.110,0.000,0.035,0.099,0.000,5.118,0.014,5.047,0.057,8120,15600,,2.00,2,0,8224x5140,P,1
1467,7.829,1.810,0.579,0.105,0.000,0.034,0.099,0.000,5.121,0.015,5.047,0.059,8120,15600,,2.00,2,0,8224x5140,P,1
1468,8.472,0.000,0.650,0.091,0.000,0.029,0.118,0.000,5.119,0.014,5.046,0.058,8120,15600,,2.00,2,0,8224x5140,P,1
1469,7.979,1.935,0.598,0.091,0.000,0.031,0.101,0.000,5.237,0.040,5.139,0.058,8120,15600,,2.00,2,0,8224x5140,P,1
1470,8.474,0.000,0.646,0.102,0.000,0.031,0.122,0.000,5.117,0.014,5.046,0.057,8120,15600,,2.00,2,0,8224x5140,P,1
1471,8.084,1.942,0.577,0.101,0.000,0.033,0.112,0.000,5.117,0.014,5.047,0.056,8120,15600,,2.00,2,0,8224x5140,P,1
1472,8.458,0.000,0.688,0.097,0.000,0.033,0.117,0.000,5.119,0.014,5.048,0.057,8120,15600,,2.00,2,0,8224x5140,P,1
1473,8.172,2.000,0.588,0.081,0.067,0.028,0.101,0.000,5.116,0.014,5.045,0.057,8120,15600,,2.00,2,0,8224x5140,P,1
1474,7.970,0.000,0.604,0.093,0.000,0.031,0.056,0.000,5.115,0.014,5.045,0.056,8120,15600,,2.00,2,0,8224x5140,P,1
1475,7.831,1.242,0.427,0.062,0.000,0.019,0.052,0.000,5.114,0.014,5.045,0.055,8120,15600,,2.00,2,0,8224x5140,P,1
1476,7.885,0.000,0.453,0.067,0.000,0.017,0.061,0.000,5.112,0.014,5.044,0.054,8120,15600,,2.00,2,0,8224x5140,P,1
1477,8.315,1.036,0.408,0.083,0.000,0.025,0.069,0.000,5.112,0.014,5.046,0.052,8120,15600,,2.00,2,0,8224x5140,P,1
1478,8.154,0.000,0.361,0.065,0.000,0.017,0.061,0.000,5.122,0.016,5.049,0.058,8120,15600,,2.00,2,0,8224x5140,P,1
1479,8.267,1.017,0.312,0.050,0.000,0.015,0.046,0.000,5.120,0.014,5.044,0.063,8120,15600,,2.00,2,0,8224x5140,P,1
1480,8.316,0.000,0.342,0.042,0.000,0.014,0.053,0.000,5.121,0.017,5.050,0.054,8120,15600,,2.00,2,0,8224x5140,P,1
1481,8.293,0.793,0.297,0.039,0.000,0.011,0.069,0.000,5.116,0.014,5.047,0.055,8120,15600,,2.00,2,0,8224x5140,P,1
1482,8.322,0.000,0.311,0.042,0.000,0.014,0.041,0.000,5.117,0.016,5.046,0.054,8120,15600,,2.00,2,0,8224x5140,P,1
1483,8.305,0.837,0.284,0.036,0.000,0.012,0.054,0.000,5.120,0.017,5.047,0.056,8120,15600,,2.00,2,0,8224x5140,P,1
1484,8.281,0.000,0.293,0.029,0.000,0.010,0.032,0.000,5.116,0.017,5.047,0.052,8120,15600,,2.00,2,0,8224x5140,P,1
1485,8.329,0.642,0.242,0.026,0.000,0.008,0.031,0.000,5.117,0.014,5.047,0.055,8120,15600,,2.00,2,0,8224x5140,P,1
1486,8.366,0.000,0.257,0.025,0.000,0.008,0.047,0.000,5.121,0.016,5.049,0.055,8120,15600,,2.00,2,0,8224x5140,P,1
1487,8.335,0.759,0.229,0.026,0.000,0.009,0.052,0.000,5.117,0.017,5.045,0.054,8120,15600,,2.00,2,0,8224x5140,P,1
1488,8.425,0.000,0.392,0.028,0.000,0.012,0.046,0.000,5.116,0.016,5.049,0.050,8120,15600,,2.00,2,0,8224x5140,P,1
1489,8.254,0.641,0.236,0.043,0.000,0.014,0.041,0.000,5.110,0.014,5.045,0.051,8120,15600,,2.00,2,0,8224x5140,P,1
1490,8.276,0.000,0.292,0.045,0.000,0.014,0.039,0.000,5.115,0.015,5.046,0.054,8120,15600,,2.00,2,0,8224x5140,P,1
1491,8.366,0.640,0.244,0.038,0.000,0.012,0.041,0.000,5.119,0.016,5.049,0.054,8120,15600,,2.00,2,0,8224x5140,P,1
1492,8.269,0.000,0.284,0.040,0.000,0.012,0.039,0.000,5.112,0.014,5.046,0.052,8120,15600,,2.00,2,0,8224x5140,P,1
1493,8.336,0.627,0.229,0.031,0.000,0.012,0.037,0.000,5.116,0.016,5.047,0.053,8120,15600,,2.00,2,0,8224x5140,P,1
1494,8.273,0.000,0.283,0.031,0.000,0.010,0.029,0.000,5.114,0.017,5.044,0.053,8120,15600,,2.00,2,0,8224x5140,P,1
1495,8.367,0.544,0.225,0.030,0.000,0.010,0.035,0.000,5.116,0.016,5.049,0.051,8120,15600,,2.00,2,0,8224x5140,P,1
1496,8.669,0.000,0.255,0.031,0.000,0.010,0.039,0.000,5.115,0.014,5.046,0.055,8120,15600,,2.00,2,0,8224x5140,P,1
1497,8.072,0.697,0.234,0.034,0.000,0.012,0.038,0.000,5.122,0.017,5.048,0.056,8120,15600,,2.00,2,0,8224x5140,P,1
1498,8.485,0.000,0.280,0.026,0.000,0.008,0.037,0.000,5.120,0.018,5.049,0.053,8120,15600,,2.00,2,0,8224x5140,P,1
1499,8.125,0.652,0.235,0.022,0.000,0.008,0.036,0.000,5.119,0.017,5.045,0.057,8120,15600,,2.00,2,0,8224x5140,P,1
1500,8.591,0.000,0.280,0.024,0.000,0.008,0.056,0.000,5.120,0.017,5.046,0.057,8120,15600,,2.00,2,0,8224x5140,P,1
1501,8.249,0.848,0.269,0.038,0.000,0.013,0.045,0.000,5.124,0.016,5.050,0.058,8120,15600,,2.00,2,0,8224x5140,P,1
1502,8.195,0.000,0.293,0.026,0.000,0.009,0.032,0.000,5.116,0.017,5.046,0.053,8120,15600,,2.00,2,0,8224x5140,P,1
1503,8.243,0.738,0.262,0.026,0.000,0.009,0.034,0.000,5.117,0.017,5.047,0.053,8120,15600,,2.00,2,0,8224x5140,P,1
1504,8.424,0.000,0.299,0.024,0.000,0.012,0.030,0.000,5.113,0.014,5.044,0.054,8120,15600,,2.00,2,0,8224x5140,P,1
1505,8.289,0.735,0.280,0.027,0.000,0.009,0.043,0.000,5.119,0.017,5.047,0.055,8120,15600,,2.00,2,0,8224x5140,P,1
1506,8.387,0.000,0.319,0.032,0.000,0.010,0.041,0.000,5.115,0.014,5.048,0.053,8120,15600,,2.00,2,0,8224x5140,P,1
1507,8.330,0.829,0.288,0.029,0.000,0.012,0.043,0.000,5.121,0.017,5.046,0.058,8120,15600,,2.00,2,0,8224x5140,P,1
1508,8.139,0.000,0.333,0.039,0.000,0.015,0.042,0.000,5.120,0.015,5.047,0.058,8120,15600,,2.00,2,0,8224x5140,P,1
1509,8.189,0.973,0.282,0.029,0.000,0.011,0.047,0.000,5.129,0.019,5.052,0.059,8120,15600,,2.00,2,0,8224x5140,P,1
1510,8.240,0.000,0.304,0.030,0.000,0.014,0.039,0.000,5.120,0.018,5.045,0.057,8120,15600,,2.00,2,0,8224x5140,P,1
1511,8.204,0.947,0.284,0.027,0.000,0.011,0.057,0.000,5.131,0.021,5.054,0.057,8120,15600,,2.00,2,0,8224x5140,P,1
1512,8.426,0.000,0.308,0.030,0.000,0.013,0.043,0.000,5.125,0.018,5.045,0.062,8120,15600,,2.00,2,0,8224x5140,P,1
1513,8.198,0.792,0.289,0.028,0.000,0.010,0.049,0.000,5.128,0.019,5.053,0.056,8120,15600,,2.00,2,0,8224x5140,P,1
1514,8.095,0.000,0.323,0.031,0.000,0.010,0.049,0.000,5.121,0.017,5.048,0.056,8120,15600,,2.00,2,0,8224x5140,P,1
1515,8.324,0.968,0.289,0.044,0.000,0.015,0.045,0.000,5.118,0.017,5.046,0.055,8120,15600,,2.00,2,0,8224x5140,P,1
1516,8.083,0.000,0.302,0.030,0.000,0.011,0.058,0.000,5.125,0.018,5.052,0.054,8120,15600,,2.00,2,0,8224x5140,P,1
1517,8.574,0.812,0.283,0.031,0.000,0.011,0.054,0.000,5.121,0.017,5.045,0.058,8120,15600,,2.00,2,0,8224x5140,P,1
1518,7.872,0.000,0.362,0.032,0.000,0.010,0.039,0.000,5.122,0.021,5.048,0.053,8120,15600,,2.00,2,0,8224x5140,P,1
1519,8.200,0.818,0.297,0.030,0.000,0.010,0.033,0.000,5.117,0.014,5.047,0.056,8120,15600,,2.00,2,0,8224x5140,P,1
1520,8.681,0.000,0.319,0.026,0.000,0.009,0.040,0.000,5.120,0.017,5.049,0.054,8120,15600,,2.00,2,0,8224x5140,P,1
1521,8.346,0.956,0.289,0.035,0.000,0.012,0.044,0.000,5.129,0.023,5.054,0.052,8120,15600,,2.00,2,0,8224x5140,P,1
1522,7.776,0.000,0.315,0.028,0.000,0.009,0.034,0.000,5.113,0.015,5.043,0.055,8120,15600,,2.00,2,0,8224x5140,P,1
1523,8.558,0.776,0.289,0.029,0.000,0.009,0.048,0.000,5.113,0.014,5.047,0.052,8120,15600,,2.00,2,0,8224x5140,P,1
1524,16.354,0.000,0.340,0.032,0.000,0.011,0.042,0.000,5.197,0.022,5.124,0.051,8120,15600,,2.00,2,0,8224x5140,P,1
1525,8.148,0.641,0.299,0.063,0.000,0.018,0.037,0.000,5.117,0.017,5.050,0.050,8120,15600,,2.00,2,0,8224x5140,P,1
1526,8.332,0.583,0.297,0.058,0.000,0.016,0.049,0.000,5.112,0.014,5.047,0.052,8120,15600,,2.00,2,0,8224x5140,P,1
1527,8.070,0.000,0.296,0.064,0.000,0.017,0.051,0.000,5.117,0.017,5.049,0.052,8120,15600,,2.00,2,0,8224x5140,P,1
1528,8.180,0.719,0.246,0.067,0.000,0.019,0.041,0.000,5.110,0.014,5.044,0.052,8120,15600,,2.00,2,0,8224x5140,P,1
1529,8.315,0.000,0.384,0.048,0.000,0.013,0.053,0.000,5.115,0.016,5.049,0.051,8120,15600,,2.00,2,0,8224x5140,P,1
1530,8.181,0.598,0.282,0.059,0.000,0.015,0.040,0.000,5.111,0.014,5.044,0.053,8120,15600,,2.00,2,0,8224x5140,P,1
1531,8.389,0.000,0.265,0.057,0.000,0.018,0.051,0.000,5.113,0.014,5.047,0.052,8120,15600,,2.00,2,0,8224x5140,P,1
1532,8.269,0.632,0.236,0.069,0.000,0.019,0.039,0.000,5.121,0.017,5.051,0.053,8120,15600,,2.00,2,0,8224x5140,P,1
1533,8.344,0.000,0.285,0.068,0.000,0.020,0.038,0.000,5.110,0.014,5.046,0.050,8120,15600,,2.00,2,0,8224x5140,P,1
1534,8.288,0.570,0.241,0.058,0.000,0.015,0.045,0.000,5.115,0.016,5.046,0.053,8120,15600,,2.00,2,0,8224x5140,P,1
1535,8.317,0.000,0.289,0.051,0.000,0.013,0.037,0.000,5.116,0.015,5.050,0.052,8120,15600,,2.00,2,0,8224x5140,P,1
1536,8.334,0.575,0.241,0.046,0.000,0.015,0.048,0.000,5.116,0.016,5.047,0.052,8120,15600,,2.00,2,0,8224x5140,P,1
1537,8.324,0.000,0.279,0.047,0.000,0.016,0.045,0.000,5.113,0.013,5.048,0.052,8120,15600,,2.00,2,0,8224x5140,P,1
1538,8.289,0.562,0.225,0.048,0.000,0.014,0.045,0.000,5.117,0.016,5.047,0.054,8120,15600,,2.00,2,0,8224x5140,P,1
1539,8.498,0.000,0.284,0.053,0.000,0.020,0.056,0.000,5.110,0.013,5.046,0.051,8120,15600,,2.00,2,0,8224x5140,P,1
1540,8.115,0.707,0.245,0.056,0.001,0.019,0.051,0.000,5.114,0.016,5.046,0.051,8120,15600,,2.00,2,0,8224x5140,P,1
1541,8.129,0.001,0.276,0.056,0.000,0.015,0.039,0.000,5.114,0.014,5.048,0.052,8120,15600,,2.00,2,0,8224x5140,P,1
1542,8.326,0.587,0.267,0.048,0.000,0.015,0.052,0.000,5.113,0.014,5.046,0.053,8120,15600,,2.00,2,0,8224x5140,P,1
1543,8.138,0.000,0.384,0.045,0.000,0.015,0.039,0.000,5.118,0.016,5.049,0.052,8120,15600,,2.00,2,0,8224x5140,P,1
1544,8.198,0.543,0.281,0.054,0.000,0.015,0.038,0.000,5.114,0.014,5.048,0.052,8120,15600,,2.00,2,0,8224x5140,P,1
1545,8.189,0.000,0.273,0.047,0.000,0.014,0.045,0.000,5.119,0.017,5.049,0.053,8120,15600,,2.00,2,0,8224x5140,P,1
1546,8.251,0.571,0.271,0.053,0.000,0.019,0.042,0.000,5.115,0.014,5.048,0.054,8120,15600,,2.00,2,0,8224x5140,P,1
1547,8.175,0.000,0.295,0.045,0.000,0.019,0.048,0.000,5.109,0.016,5.047,0.046,8120,15600,,2.00,2,0,8224x5140,P,1
1548,8.246,0.559,0.277,0.050,0.000,0.016,0.041,0.000,5.110,0.014,5.047,0.049,8120,15600,,2.00,2,0,8224x5140,P,1
1549,8.173,0.000,0.282,0.055,0.000,0.015,0.039,0.000,5.119,0.016,5.050,0.053,8120,15600,,2.00,2,0,8224x5140,P,1
1550,8.238,0.579,0.284,0.057,0.000,0.018,0.056,0.000,5.113,0.014,5.045,0.054,8120,15600,,2.00,2,0,8224x5140,P,1
1551,8.147,0.000,0.238,0.041,0.000,0.014,0.039,0.000,5.117,0.017,5.048,0.052,8120,15600,,2.00,2,0,8224x5140,P,1
1552,8.500,0.656,0.224,0.039,0.000,0.011,0.034,0.000,5.114,0.018,5.045,0.051,8120,15600,,2.00,2,0,8224x5140,P,1
1553,8.001,0.000,0.257,0.027,0.000,0.013,0.031,0.000,5.116,0.016,5.047,0.053,8120,15600,,2.00,2,0,8224x5140,P,1
1554,8.239,0.645,0.217,0.025,0.000,0.008,0.035,0.000,5.118,0.017,5.046,0.055,8120,15600,,2.00,2,0,8224x5140,P,1
1555,8.242,0.000,0.243,0.022,0.000,0.007,0.026,0.000,5.114,0.017,5.045,0.052,8120,15600,,2.00,2,0,8224x5140,P,1
1556,8.480,0.678,0.229,0.021,0.000,0.007,0.027,0.000,5.123,0.017,5.047,0.058,8120,15600,,2.00,2,0,8224x5140,P,1
1557,8.071,0.000,0.247,0.022,0.000,0.012,0.044,0.000,5.121,0.017,5.047,0.058,8120,15600,,2.00,2,0,8224x5140,P,1
1558,8.345,0.614,0.222,0.022,0.000,0.008,0.044,0.000,5.119,0.017,5.045,0.056,8120,15600,,2.00,2,0,8224x5140,P,1
1559,8.197,0.000,0.248,0.021,0.000,0.010,0.041,0.000,5.119,0.016,5.047,0.057,8120,15600,,2.00,2,0,8224x5140,P,1
1560,8.281,0.589,0.231,0.020,0.000,0.007,0.034,0.000,5.123,0.017,5.048,0.058,8120,15600,,2.00,2,0,8224x5140,P,1
1561,8.337,0.000,0.239,0.019,0.000,0.007,0.051,0.000,5.117,0.016,5.049,0.052,8120,15600,,2.00,2,0,8224x5140,P,1
1562,8.198,0.774,0.266,0.054,0.000,0.016,0.045,0.000,5.118,0.014,5.048,0.056,8120,15600,,2.00,2,0,8224x5140,P,1
1563,8.197,0.000,0.251,0.034,0.000,0.010,0.040,0.000,5.118,0.016,5.046,0.055,8120,15600,,2.00,2,0,8224x5140,P,1
1564,8.460,0.647,0.249,0.031,0.000,0.010,0.038,0.000,5.118,0.017,5.047,0.054,8120,15600,,2.00,2,0,8224x5140,P,1
1565,8.054,0.000,0.249,0.022,0.000,0.010,0.048,0.000,5.118,0.017,5.044,0.057,8120,15600,,2.00,2,0,8224x5140,P,1
1566,8.497,0.812,0.292,0.026,0.000,0.010,0.040,0.000,5.121,0.018,5.047,0.057,8120,15600,,2.00,2,0,8224x5140,P,1
1567,8.009,0.000,0.258,0.024,0.000,0.011,0.038,0.000,5.120,0.016,5.046,0.058,8120,15600,,2.00,2,0,8224x5140,P,1
1568,8.337,0.656,0.235,0.021,0.000,0.007,0.054,0.000,5.120,0.017,5.046,0.057,8120,15600,,2.00,2,0,8224x5140,P,1
1569,8.213,0.000,0.267,0.027,0.000,0.014,0.037,0.000,5.122,0.016,5.048,0.058,8120,15600,,2.00,2,0,8224x5140,P,1
1570,8.243,0.719,0.426,0.026,0.000,0.010,0.039,0.000,5.122,0.015,5.045,0.062,8120,15600,,2.00,2,0,8224x5140,P,1
1571,8.231,0.000,0.278,0.027,0.000,0.009,0.038,0.000,5.117,0.016,5.045,0.056,8120,15600,,2.00,2,0,8224x5140,P,1
1572,8.328,0.660,0.266,0.026,0.000,0.009,0.034,0.000,5.118,0.018,5.047,0.053,8120,15600,,2.00,2,0,8224x5140,P,1
1573,8.199,0.000,0.271,0.023,0.000,0.008,0.063,0.000,5.120,0.016,5.047,0.057,8120,15600,,2.00,2,0,8224x5140,P,1
1574,8.322,0.697,0.286,0.027,0.000,0.010,0.037,0.000,5.122,0.017,5.048,0.057,8120,15600,,2.00,2,0,8224x5140,P,1
1575,8.198,0.000,0.262,0.034,0.000,0.012,0.039,0.000,5.114,0.017,5.044,0.053,8120,15600,,2.00,2,0,8224x5140,P,1
1576,8.432,0.778,0.264,0.046,0.000,0.013,0.041,0.000,5.114,0.017,5.045,0.052,8120,15600,,2.00,2,0,8224x5140,P,1
1577,8.043,0.000,0.252,0.037,0.000,0.019,0.046,0.000,5.117,0.017,5.045,0.055,8120,15600,,2.00,2,0,8224x5140,P,1
1578,8.333,0.648,0.250,0.033,0.000,0.010,0.041,0.000,5.117,0.017,5.046,0.054,8120,15600,,2.00,2,0,8224x5140,P,1
1579,8.173,0.000,0.392,0.032,0.000,0.012,0.039,0.000,5.117,0.016,5.047,0.054,8120,15600,,2.00,2,0,8224x5140,P,1
1580,8.194,0.715,0.250,0.028,0.000,0.009,0.044,0.000,5.114,0.014,5.049,0.052,8120,15600,,2.00,2,0,8224x5140,P,1
1581,8.373,0.000,0.280,0.024,0.000,0.010,0.034,0.000,5.113,0.014,5.047,0.053,8120,15600,,2.00,2,0,8224x5140,P,1
1582,8.122,0.663,0.256,0.022,0.000,0.008,0.033,0.000,5.115,0.016,5.048,0.051,8120,15600,,2.00,2,0,8224x5140,P,1
1583,8.521,0.000,0.431,0.025,0.000,0.010,0.084,0.000,5.121,0.017,5.048,0.056,8120,15600,,2.00,2,0,8224x5140,P,1
1584,8.086,0.688,0.280,0.028,0.000,0.009,0.043,0.000,5.119,0.017,5.049,0.053,8120,15600,,2.00,2,0,8224x5140,P,1
1585,8.505,0.000,0.293,0.024,0.000,0.011,0.036,0.000,5.123,0.017,5.049,0.056,8120,15600,,2.00,2,0,8224x5140,P,1
1586,8.039,0.670,0.277,0.024,0.000,0.009,0.034,0.000,5.123,0.017,5.053,0.052,8120,15600,,2.00,2,0,8224x5140,P,1
1587,8.463,0.000,0.288,0.029,0.000,0.011,0.032,0.000,5.120,0.018,5.046,0.056,8120,15600,,2.00,2,0,8224x5140,P,1
1588,8.015,0.675,0.259,0.025,0.000,0.010,0.032,0.000,5.120,0.019,5.047,0.054,8120,15600,,2.00,2,0,8224x5140,P,1
1589,8.605,0.000,0.294,0.025,0.000,0.008,0.033,0.000,5.120,0.018,5.047,0.055,8120,15600,,2.00,2,0,8224x5140,P,1
1590,8.030,0.681,0.259,0.024,0.000,0.008,0.029,0.000,5.119,0.018,5.048,0.053,8120,15600,,2.00,2,0,8224x5140,P,1
1591,8.514,0.000,0.299,0.025,0.000,0.008,0.039,0.000,5.120,0.014,5.049,0.056,8120,15600,,2.00,2,0,8224x5140,P,1
1592,8.024,0.670,0.265,0.027,0.000,0.009,0.032,0.000,5.126,0.020,5.052,0.054,8120,15600,,2.00,2,0,8224x5140,P,1
1593,8.245,0.000,0.435,0.028,0.000,0.009,0.034,0.000,5.120,0.014,5.050,0.055,8120,15600,,2.00,2,0,8224x5140,P,1
1594,8.314,0.597,0.300,0.034,0.000,0.012,0.044,0.000,5.116,0.016,5.048,0.052,8120,15600,,2.00,2,0,8224x5140,P,1
1595,8.205,0.000,0.404,0.051,0.000,0.019,0.047,0.000,5.111,0.014,5.046,0.052,8120,15600,,2.00,2,0,8224x5140,P,1
1596,8.092,0.573,0.286,0.054,0.000,0.018,0.042,0.000,5.115,0.017,5.046,0.051,8120,15600,,2.00,2,0,8224x5140,P,1
1597,8.295,0.000,0.273,0.043,0.000,0.015,0.048,0.000,5.118,0.017,5.049,0.053,8120,15600,,2.00,2,0,8224x5140,P,1
1598,8.186,0.724,0.244,0.047,0.000,0.014,0.043,0.000,5.118,0.016,5.050,0.052,8120,15600,,2.00,2,0,8224x5140,P,1
1599,8.206,0.000,0.258,0.032,0.000,0.014,0.033,0.000,5.118,0.017,5.048,0.052,8120,15600,,2.00,2,0,8224x5140,P,1
1600,8.313,0.617,0.230,0.025,0.000,0.009,0.052,0.000,5.116,0.016,5.047,0.052,8120,15600,,2.00,2,0,8224x5140,P,1
1601,8.192,0.000,0.248,0.026,0.000,0.010,0.038,0.000,5.113,0.017,5.045,0.051,8120,15600,,2.00,2,0,8224x5140,P,1
1602,8.321,0.541,0.236,0.026,0.000,0.008,0.035,0.000,5.116,0.017,5.046,0.053,8120,15600,,2.00,2,0,8224x5140,P,1
1603,8.313,0.000,0.361,0.022,0.000,0.007,0.035,0.000,5.113,0.014,5.047,0.053,8120,15600,,2.00,2,0,8224x5140,P,1
1604,8.238,0.683,0.221,0.027,0.000,0.009,0.041,0.000,5.116,0.016,5.047,0.053,8120,15600,,2.00,2,0,8224x5140,P,1
1605,8.481,0.000,0.268,0.024,0.000,0.013,0.036,0.000,5.121,0.018,5.050,0.053,8120,15600,,2.00,2,0,8224x5140,P,1
1606,8.088,0.604,0.227,0.025,0.000,0.009,0.030,0.000,5.113,0.016,5.044,0.052,8120,15600,,2.00,2,0,8224x5140,P,1
1607,8.349,0.000,0.264,0.027,0.000,0.009,0.039,0.000,5.115,0.017,5.046,0.051,8120,15600,,2.00,2,0,8224x5140,P,1
1608,8.287,0.565,0.229,0.031,0.000,0.010,0.045,0.000,5.114,0.017,5.044,0.053,8120,15600,,2.00,2,0,8224x5140,P,1
1609,8.172,0.000,0.300,0.032,0.000,0.013,0.045,0.000,5.109,0.014,5.046,0.049,8120,15600,,2.00,2,0,8224x5140,P,1
1610,8.319,0.535,0.241,0.027,0.000,0.011,0.043,0.000,5.111,0.017,5.044,0.051,8120,15600,,2.00,2,0,8224x5140,P,1
1611,8.143,0.000,0.302,0.040,0.000,0.015,0.049,0.000,5.111,0.014,5.049,0.049,8120,15600,,2.00,2,0,8224x5140,P,1
1612,8.247,0.627,0.269,0.039,0.000,0.012,0.043,0.000,5.110,0.014,5.044,0.052,8120,15600,,2.00,2,0,8224x5140,P,1
1613,8.211,0.000,0.278,0.026,0.000,0.010,0.035,0.000,5.115,0.016,5.046,0.053,8120,15600,,2.00,2,0,8224x5140,P,1
1614,8.297,0.540,0.230,0.036,0.000,0.012,0.056,0.000,5.110,0.014,5.045,0.051,8120,15600,,2.00,2,0,8224x5140,P,1
1615,8.264,0.000,0.252,0.025,0.000,0.013,0.035,0.000,5.116,0.016,5.049,0.051,8120,15600,,2.00,2,0,8224x5140,P,1
1616,8.195,0.560,0.205,0.021,0.000,0.007,0.026,0.000,5.111,0.014,5.045,0.052,8120,15600,,2.00,2,0,8224x5140,P,1
1617,8.563,0.000,0.229,0.022,0.000,0.009,0.037,0.000,5.114,0.014,5.049,0.051,8120,15600,,2.00,2,0,8224x5140,P,1
1618,7.970,0.501,0.213,0.020,0.000,0.007,0.031,0.000,5.114,0.017,5.045,0.053,8120,15600,,2.00,2,0,8224x5140,P,1
1619,8.660,0.000,0.246,0.025,0.000,0.011,0.046,0.000,5.115,0.018,5.046,0.051,8120,15600,,2.00,2,0,8224x5140,P,1
1620,8.093,0.714,0.246,0.025,0.000,0.008,0.029,0.000,5.120,0.017,5.045,0.058,8120,15600,,2.00,2,0,8224x5140,P,1
1621,8.306,0.000,0.275,0.032,0.000,0.011,0.046,0.000,5.114,0.014,5.049,0.051,8120,15600,,2.00,2,0,8224x5140,P,1
1622,8.214,0.718,0.259,0.061,0.000,0.019,0.045,0.000,5.113,0.016,5.047,0.051,8120,15600,,2.00,2,0,8224x5140,P,1
1623,7.983,0.000,0.263,0.051,0.000,0.015,0.039,0.000,5.114,0.014,5.049,0.051,8120,15600,,2.00,2,0,8224x5140,P,1
1624,8.321,0.614,0.253,0.046,0.000,0.013,0.038,0.000,5.116,0.017,5.048,0.051,8120,15600,,2.00,2,0,8224x5140,P,1
1625,8.262,0.000,0.256,0.027,0.000,0.009,0.076,0.000,5.113,0.016,5.045,0.052,8120,15600,,2.00,2,0,8224x5140,P,1
1626,16.518,0.592,0.226,0.034,0.000,0.010,0.032,0.000,5.115,0.014,5.044,0.057,8120,15600,,2.00,2,0,8224x5140,P,1
1627,8.376,0.527,0.217,0.030,0.000,0.011,0.040,0.000,5.122,0.016,5.051,0.055,8120,15600,,2.00,2,0,8224x5140,P,1
1628,8.124,0.000,0.225,0.031,0.000,0.012,0.045,0.000,5.120,0.018,5.048,0.054,8120,15600,drag_start,2.00,2,1,8224x5140,P,1
1629,8.301,0.698,0.217,0.026,0.000,0.008,0.049,0.000,5.151,0.016,5.076,0.058,8120,15600,,2.00,2,1,8224x5140,P,1
1630,8.518,0.000,0.268,0.038,0.000,0.009,0.039,0.000,5.175,0.018,5.097,0.060,8120,15600,,2.00,2,1,8224x5140,P,1
1631,8.095,0.664,0.215,0.035,0.000,0.008,0.028,0.000,5.175,0.017,5.096,0.062,8120,15600,,2.00,2,1,8224x5140,P,1
1632,8.441,0.000,0.266,0.021,0.000,0.007,0.027,0.000,5.187,0.018,5.110,0.060,8120,15600,,2.00,2,1,8224x5140,P,1
1633,8.243,0.614,0.234,0.022,0.000,0.007,0.032,0.000,5.184,0.017,5.107,0.060,8120,15600,,2.00,2,1,8224x5140,P,1
1634,8.483,0.000,0.286,0.021,0.000,0.007,0.040,0.000,5.196,0.017,5.119,0.060,8120,15600,,2.00,2,1,8224x5140,P,1
1635,8.204,0.775,0.240,0.027,0.000,0.009,0.066,0.000,5.198,0.019,5.121,0.058,8120,15600,,2.00,2,1,8224x5140,P,1
1636,8.362,0.000,0.289,0.025,0.000,0.008,0.045,0.000,5.233,0.018,5.156,0.060,8120,15600,,2.00,2,1,8224x5140,P,1
1637,8.281,0.757,0.258,0.031,0.000,0.008,0.032,0.000,5.208,0.017,5.130,0.060,8120,15600,,2.00,2,1,8224x5140,P,1
1638,8.361,0.000,0.297,0.023,0.000,0.007,0.030,0.000,5.234,0.018,5.159,0.057,8120,15600,,2.00,2,1,8224x5140,P,1
1639,8.284,0.791,0.266,0.025,0.000,0.011,0.032,0.000,5.210,0.017,5.134,0.059,8120,15600,,2.00,2,1,8224x5140,P,1
1640,8.446,0.000,0.303,0.024,0.000,0.008,0.051,0.000,5.228,0.018,5.154,0.056,8120,15600,,2.00,2,1,8224x5140,P,1
1641,8.298,0.881,0.281,0.038,0.000,0.009,0.037,0.000,5.210,0.018,5.131,0.060,8120,15600,,2.00,2,1,8224x5140,P,1
1642,8.339,0.000,0.338,0.030,0.000,0.010,0.050,0.000,5.213,0.015,5.142,0.056,8120,15600,,2.00,2,1,8224x5140,P,1
1643,8.329,0.872,0.288,0.027,0.000,0.009,0.053,0.000,5.200,0.018,5.122,0.060,8120,15600,,2.00,2,1,8224x5140,P,1
1644,8.316,0.000,0.350,0.031,0.000,0.019,0.039,0.000,5.215,0.014,5.140,0.060,8120,15600,,2.00,2,1,8224x5140,P,1
1645,8.463,0.997,0.313,0.031,0.000,0.009,0.069,0.000,5.202,0.018,5.121,0.062,8120,15600,,2.00,2,1,8224x5140,P,1
1646,8.186,0.000,0.324,0.029,0.000,0.009,0.036,0.000,5.206,0.017,5.132,0.057,8120,15600,,2.00,2,1,8224x5140,P,1
1647,8.221,0.948,0.319,0.031,0.000,0.010,0.055,0.000,5.216,0.017,5.142,0.057,8120,15600,,2.00,2,1,8224x5140,P,1
1648,8.232,0.000,0.381,0.037,0.000,0.014,0.060,0.000,5.208,0.023,5.126,0.059,8120,15600,,2.00,2,1,8224x5140,P,1
1649,8.252,1.007,0.326,0.034,0.000,0.010,0.039,0.000,5.215,0.015,5.141,0.059,8120,15600,,2.00,2,1,8224x5140,P,1
1650,8.283,0.000,0.363,0.032,0.000,0.020,0.041,0.000,5.210,0.022,5.132,0.056,8120,15600,,2.00,2,1,8224x5140,P,1
1651,8.298,1.008,0.351,0.032,0.000,0.010,0.103,0.000,5.211,0.014,5.137,0.060,8120,15600,,2.00,2,1,8224x5140,P,1
1652,8.292,0.000,0.352,0.054,0.000,0.014,0.071,0.000,5.208,0.015,5.140,0.053,8120,15600,,2.00,2,1,8224x5140,P,1
1653,8.162,1.353,0.400,0.044,0.000,0.015,0.063,0.000,5.228,0.026,5.143,0.059,8120,15600,,2.00,2,1,8224x5140,P,1
1654,8.243,0.000,0.396,0.044,0.000,0.012,0.055,0.000,5.284,0.017,5.208,0.059,8120,15600,,2.00,2,1,8224x5140,P,1
1655,8.248,1.172,0.368,0.041,0.000,0.013,0.051,0.000,5.279,0.027,5.192,0.060,8120,15600,,2.00,2,1,8224x5140,P,1
1656,8.288,0.000,0.388,0.051,0.000,0.011,0.054,0.000,5.279,0.014,5.206,0.059,8120,15600,,2.00,2,1,8224x5140,P,1
1657,8.271,1.126,0.402,0.034,0.000,0.013,0.049,0.000,5.287,0.018,5.213,0.057,8120,15600,,2.00,2,1,8224x5140,P,1
1658,8.273,0.000,0.416,0.038,0.000,0.014,0.057,0.000,5.348,0.037,5.248,0.063,8120,15600,,2.00,2,1,8224x5140,P,1
1659,8.218,1.384,0.406,0.037,0.000,0.011,0.050,0.000,5.275,0.015,5.200,0.060,8120,15600,,2.00,2,1,8224x5140,P,1
1660,8.334,0.000,0.439,0.042,0.000,0.014,0.078,0.000,5.262,0.015,5.195,0.052,8120,15600,,2.00,2,1,8224x5140,P,1
1661,8.188,1.466,0.437,0.052,0.000,0.016,0.080,0.000,5.275,0.014,5.204,0.057,8120,15600,,2.00,2,1,8224x5140,P,1
1662,8.233,0.000,0.473,0.049,0.000,0.016,0.058,0.000,5.266,0.014,5.192,0.060,8120,15600,,2.00,2,1,8224x5140,P,1
1663,8.224,1.546,0.430,0.048,0.000,0.015,0.063,0.000,5.284,0.018,5.206,0.060,8120,15600,,2.00,2,1,8224x5140,P,1
1664,8.247,0.000,0.447,0.047,0.000,0.018,0.074,0.000,5.275,0.014,5.202,0.059,8120,15600,,2.00,2,1,8224x5140,P,1
1665,8.225,1.378,0.429,0.040,0.000,0.013,0.055,0.000,5.280,0.015,5.207,0.058,8120,15600,,2.00,2,1,8224x5140,P,1
1666,8.400,0.000,0.436,0.048,0.000,0.013,0.080,0.000,5.266,0.015,5.195,0.057,8120,15600,,2.00,2,1,8224x5140,P,1
1667,8.160,1.814,0.442,0.045,0.000,0.015,0.071,0.000,5.259,0.015,5.185,0.059,8120,15600,,2.00,2,1,8224x5140,P,1
1668,8.211,0.000,0.566,0.055,0.000,0.015,0.074,0.000,5.260,0.015,5.189,0.057,8120,15600,,2.00,2,1,8224x5140,P,1
1669,8.269,1.630,0.491,0.049,0.000,0.016,0.064,0.000,5.252,0.014,5.178,0.060,8120,15600,,2.00,2,1,8224x5140,P,1
1670,8.769,0.000,0.509,0.050,0.000,0.015,0.222,0.000,5.247,0.015,5.172,0.059,8120,15600,,2.00,2,1,8224x5140,P,1
1671,7.469,1.715,0.582,0.117,0.000,0.040,0.063,0.000,5.175,0.017,5.102,0.056,8120,15600,,2.00,2,1,8224x5140,P,1
1672,8.617,0.000,0.528,0.062,0.000,0.018,0.168,0.000,5.226,0.014,5.153,0.058,8120,15600,,2.00,2,1,8224x5140,P,1
1673,7.376,1.740,0.558,0.064,0.000,0.019,0.080,0.000,5.216,0.040,5.117,0.060,8120,15600,,2.00,2,1,8224x5140,P,1
1674,8.129,0.000,0.510,0.057,0.000,0.015,0.075,0.000,5.160,0.014,5.084,0.062,8120,15600,,2.00,2,1,8224x5140,P,1
1675,8.233,1.565,0.510,0.055,0.000,0.016,0.092,0.000,5.157,0.014,5.088,0.055,8120,15600,,2.00,2,1,8224x5140,P,1
1676,8.165,0.000,0.633,0.063,0.000,0.023,0.062,0.000,5.244,0.037,5.153,0.054,8120,15600,,2.00,2,1,8224x5140,P,1
1677,8.321,1.425,0.482,0.071,0.000,0.019,0.069,0.000,5.148,0.014,5.079,0.054,8120,15600,,2.00,2,1,8224x5140,P,1
1678,8.070,0.000,0.391,0.058,0.000,0.017,0.086,0.000,5.150,0.016,5.076,0.058,8120,15600,,2.00,2,1,8224x5140,P,1
1679,8.188,1.197,0.385,0.043,0.000,0.013,0.044,0.000,5.145,0.014,5.075,0.056,8120,15600,,2.00,2,1,8224x5140,P,1
1680,8.350,0.000,0.388,0.043,0.000,0.012,0.064,0.000,5.146,0.017,5.074,0.055,8120,15600,,2.00,2,1,8224x5140,P,1
1681,8.197,1.196,0.384,0.052,0.000,0.014,0.075,0.000,5.140,0.013,5.072,0.055,8120,15600,,2.00,2,1,8224x5140,P,1
1682,8.234,0.000,0.445,0.048,0.000,0.018,0.071,0.000,5.146,0.017,5.070,0.059,8120,15600,,2.00,2,1,8224x5140,P,1
1683,8.263,1.142,0.375,0.037,0.000,0.012,0.068,0.000,5.150,0.019,5.075,0.056,8120,15600,,2.00,2,1,8224x5140,P,1
1684,8.164,0.000,0.430,0.033,0.000,0.011,0.050,0.000,5.145,0.017,5.068,0.060,8120,15600,,2.00,2,1,8224x5140,P,1
1685,8.306,1.314,0.419,0.043,0.000,0.013,0.051,0.000,5.135,0.014,5.064,0.056,8120,15600,,2.00,2,1,8224x5140,P,1
1686,8.367,0.000,0.441,0.046,0.000,0.015,0.062,0.000,5.146,0.020,5.067,0.060,8120,15600,,2.00,2,1,8224x5140,P,1
1687,8.129,1.335,0.433,0.041,0.000,0.013,0.050,0.000,5.136,0.014,5.065,0.057,8120,15600,,2.00,2,1,8224x5140,P,1
1688,8.294,0.000,0.441,0.043,0.000,0.013,0.083,0.000,5.132,0.018,5.058,0.056,8120,15600,,2.00,2,1,8224x5140,P,1
1689,8.188,1.556,0.446,0.049,0.000,0.017,0.057,0.000,5.144,0.019,5.068,0.058,8120,15600,,2.00,2,1,8224x5140,P,1
1690,8.299,0.000,0.456,0.045,0.000,0.015,0.062,0.000,5.128,0.014,5.054,0.060,8120,15600,,2.00,2,1,8224x5140,P,1
1691,8.336,1.539,0.420,0.053,0.000,0.017,0.064,0.000,5.130,0.017,5.053,0.060,8120,15600,,2.00,2,1,8224x5140,P,1
1692,8.172,0.000,0.582,0.060,0.000,0.020,0.078,0.000,5.164,0.025,5.078,0.060,8120,15600,,2.00,2,1,8224x5140,P,1
1693,8.225,1.653,0.519,0.057,0.000,0.017,0.058,0.000,5.129,0.014,5.054,0.061,8120,15600,,2.00,2,1,8224x5140,P,1
1694,8.260,0.000,0.578,0.056,0.000,0.022,0.080,0.000,5.150,0.023,5.070,0.056,8120,15600,,2.00,2,1,8224x5140,P,1
1695,8.808,1.543,0.488,0.053,0.000,0.016,0.179,0.000,5.126,0.014,5.059,0.053,8120,15600,,2.00,2,1,8224x5140,P,1
1696,8.704,0.000,0.713,0.139,0.000,0.046,0.136,0.000,5.143,0.021,5.067,0.055,8120,15600,,2.00,2,1,8224x5140,P,1
1697,7.954,1.903,0.595,0.129,0.000,0.037,0.104,0.000,5.144,0.020,5.068,0.056,8120,15600,,2.00,2,1,8224x5140,P,1
1698,8.356,0.000,0.565,0.103,0.000,0.028,0.109,0.000,5.135,0.014,5.062,0.059,8120,15600,,2.00,2,1,8224x5140,P,1
1699,7.824,1.882,0.750,0.101,0.000,0.039,0.084,0.000,5.202,0.035,5.111,0.055,8120,15600,,2.00,2,1,8224x5140,P,1
1700,8.251,0.000,0.526,0.061,0.000,0.019,0.111,0.000,5.139,0.014,5.068,0.057,8120,15600,,2.00,2,1,8224x5140,P,1
1701,7.378,1.664,0.619,0.061,0.000,0.021,0.079,0.000,5.180,0.039,5.085,0.056,8120,15600,,2.00,2,1,8224x5140,P,1
1702,8.335,0.000,0.512,0.053,0.000,0.022,0.107,0.000,5.144,0.015,5.071,0.058,8120,15600,,2.00,2,1,8224x5140,P,1
1703,8.550,1.614,0.587,0.131,0.000,0.040,0.095,0.000,5.231,0.035,5.140,0.056,8120,15600,,2.00,2,1,8224x5140,P,1
1704,8.483,0.000,0.606,0.066,0.000,0.021,0.117,0.000,5.197,0.039,5.097,0.061,8120,15600,,2.00,2,1,8224x5140,P,1
1705,7.761,1.906,0.627,0.139,0.000,0.040,0.101,0.000,5.142,0.014,5.071,0.056,8120,15600,,2.00,2,1,8224x5140,P,1
1706,8.286,0.000,0.521,0.067,0.000,0.022,0.122,0.000,5.150,0.013,5.076,0.061,8120,15600,,2.00,2,1,8224x5140,P,1
1707,7.532,1.881,0.577,0.128,0.000,0.039,0.092,0.000,5.226,0.038,5.130,0.057,8120,15600,,2.00,2,1,8224x5140,P,1
1708,8.383,0.000,0.521,0.060,0.000,0.021,0.123,0.000,5.151,0.014,5.078,0.059,8120,15600,,2.00,2,1,8224x5140,P,1
1709,7.693,1.865,0.599,0.124,0.000,0.050,0.107,0.000,5.175,0.038,5.081,0.056,8120,15600,,2.00,2,1,8224x5140,P,1
1710,8.426,0.000,0.526,0.073,0.000,0.017,0.115,0.000,5.147,0.014,5.078,0.055,8120,15600,,2.00,2,1,8224x5140,P,1
1711,7.685,1.869,0.607,0.127,0.000,0.040,0.096,0.000,5.166,0.035,5.075,0.056,8120,15600,,2.00,2,1,8224x5140,P,1
1712,8.458,0.000,0.510,0.059,0.000,0.017,0.121,0.000,5.153,0.015,5.082,0.056,8120,15600,,2.00,2,1,8224x5140,P,1
1713,7.459,1.700,0.608,0.122,0.000,0.058,0.081,0.000,5.175,0.040,5.082,0.054,8120,15600,,2.00,2,1,8224x5140,P,1
1714,7.830,0.000,0.596,0.067,0.000,0.019,0.065,0.000,5.151,0.014,5.083,0.055,8120,15600,,2.00,2,1,8224x5140,P,1
1715,8.161,1.329,0.373,0.073,0.000,0.020,0.046,0.000,5.152,0.014,5.083,0.055,8120,15600,,2.00,2,1,8224x5140,P,1
1716,8.203,0.000,0.382,0.059,0.000,0.024,0.054,0.000,5.151,0.014,5.085,0.051,8120,15600,,2.00,2,1,8224x5140,P,1
1717,8.024,0.994,0.296,0.064,0.000,0.017,0.048,0.000,5.153,0.014,5.087,0.053,8120,15600,,2.00,2,1,8224x5140,P,1
1718,8.227,0.000,0.327,0.039,0.000,0.015,0.040,0.000,5.161,0.017,5.089,0.055,8120,15600,,2.00,2,1,8224x5140,P,1
1719,8.241,0.919,0.288,0.041,0.000,0.013,0.037,0.000,5.162,0.017,5.090,0.055,8120,15600,,2.00,2,1,8224x5140,P,1
1720,8.328,0.000,0.312,0.034,0.000,0.011,0.071,0.000,5.165,0.018,5.092,0.055,8120,15600,,2.00,2,1,8224x5140,P,1
1721,8.220,0.955,0.336,0.032,0.000,0.011,0.039,0.000,5.165,0.017,5.090,0.057,8120,15600,,2.00,2,1,8224x5140,P,1
1722,8.249,0.000,0.271,0.028,0.000,0.009,0.032,0.000,5.166,0.017,5.093,0.056,8120,15600,,2.00,2,1,8224x5140,P,1
1723,8.313,0.822,0.253,0.027,0.000,0.010,0.044,0.000,5.164,0.017,5.093,0.054,8120,15600,,2.00,2,1,8224x5140,P,1
1724,8.261,0.000,0.259,0.029,0.000,0.009,0.033,0.000,5.170,0.017,5.098,0.055,8120,15600,,2.00,2,1,8224x5140,P,1
1725,8.365,0.842,0.228,0.029,0.000,0.009,0.062,0.000,5.165,0.016,5.098,0.051,8120,15600,,2.00,2,1,8224x5140,P,1
1726,8.300,0.000,0.310,0.041,0.000,0.020,0.046,0.000,5.164,0.018,5.094,0.052,8120,15600,,2.00,2,1,8224x5140,P,1
1727,8.160,0.774,0.242,0.047,0.000,0.014,0.041,0.000,5.167,0.016,5.095,0.055,8120,15600,,2.00,2,1,8224x5140,P,1
1728,8.332,0.000,0.388,0.037,0.000,0.012,0.039,0.000,5.166,0.018,5.095,0.053,8120,15600,,2.00,2,1,8224x5140,P,1
1729,8.306,0.762,0.257,0.043,0.000,0.013,0.038,0.000,5.163,0.017,5.097,0.049,8120,15600,,2.00,2,1,8224x5140,P,1
1730,8.170,0.000,0.273,0.050,0.000,0.016,0.035,0.000,5.164,0.014,5.098,0.052,8120,15600,,2.00,2,1,8224x5140,P,1
1731,8.254,0.695,0.258,0.035,0.000,0.015,0.037,0.000,5.169,0.017,5.098,0.054,8120,15600,,2.00,2,1,8224x5140,P,1
1732,8.384,0.000,0.254,0.027,0.000,0.008,0.033,0.000,5.167,0.017,5.097,0.053,8120,15600,,2.00,2,1,8224x5140,P,1
1733,8.269,0.700,0.273,0.032,0.000,0.011,0.043,0.000,5.170,0.018,5.098,0.054,8120,15600,,2.00,2,1,8224x5140,P,1
1734,8.177,0.000,0.367,0.047,0.000,0.013,0.040,0.000,5.167,0.016,5.100,0.051,8120,15600,,2.00,2,1,8224x5140,P,1
1735,8.214,0.745,0.226,0.037,0.000,0.012,0.030,0.000,5.162,0.014,5.094,0.053,8120,15600,,2.00,2,1,8224x5140,P,1
1736,8.627,0.000,0.255,0.031,0.000,0.010,0.039,0.000,5.168,0.018,5.095,0.055,8120,15600,,2.00,2,1,8224x5140,P,1
1737,8.038,0.725,0.226,0.033,0.000,0.010,0.029,0.000,5.170,0.017,5.098,0.055,8120,15600,,2.00,2,1,8224x5140,P,1
1738,8.299,0.000,0.327,0.029,0.000,0.011,0.043,0.000,5.164,0.014,5.098,0.052,8120,15600,,2.00,2,1,8224x5140,P,1
1739,8.199,0.803,0.246,0.030,0.000,0.011,0.039,0.000,5.171,0.016,5.096,0.058,8120,15600,,2.00,2,1,8224x5140,P,1
1740,8.410,0.000,0.255,0.024,0.000,0.012,0.058,0.000,5.171,0.018,5.100,0.053,8120,15600,,2.00,2,1,8224x5140,P,1
1741,8.282,0.849,0.301,0.036,0.000,0.012,0.038,0.000,5.173,0.017,5.097,0.059,8120,15600,,2.00,2,1,8224x5140,P,1
1742,8.248,0.000,0.310,0.030,0.000,0.010,0.034,0.000,5.169,0.018,5.100,0.051,8120,15600,,2.00,2,1,8224x5140,P,1
1743,8.243,0.887,0.272,0.029,0.000,0.011,0.056,0.000,5.171,0.014,5.096,0.061,8120,15600,,2.00,2,1,8224x5140,P,1
1744,8.319,0.000,0.317,0.029,0.000,0.011,0.045,0.000,5.176,0.017,5.100,0.059,8120,15600,,2.00,2,1,8224x5140,P,1
1745,8.348,0.933,0.282,0.029,0.000,0.009,0.059,0.000,5.172,0.017,5.094,0.060,8120,15600,,2.00,2,1,8224x5140,P,1
1746,8.234,0.000,0.305,0.033,0.000,0.011,0.041,0.000,5.169,0.017,5.097,0.055,8120,15600,,2.00,2,1,8224x5140,P,1
1747,8.419,0.966,0.304,0.041,0.000,0.014,0.068,0.000,5.176,0.017,5.098,0.062,8120,15600,,2.00,2,1,8224x5140,P,1
1748,8.339,0.000,0.319,0.039,0.000,0.013,0.036,0.000,5.175,0.017,5.096,0.062,8120,15600,,2.00,2,1,8224x5140,P,1
1749,8.256,0.942,0.296,0.028,0.000,0.010,0.032,0.000,5.171,0.017,5.097,0.057,8120,15600,,2.00,2,1,8224x5140,P,1
1750,8.353,0.000,0.326,0.026,0.000,0.009,0.055,0.000,5.173,0.017,5.095,0.062,8120,15600,,2.00,2,1,8224x5140,P,1
1751,8.369,1.026,0.343,0.034,0.000,0.012,0.042,0.000,5.164,0.015,5.092,0.057,8120,15600,,2.00,2,1,8224x5140,P,1
1752,8.355,0.000,0.347,0.034,0.000,0.010,0.061,0.000,5.167,0.017,5.095,0.056,8120,15600,,2.00,2,1,8224x5140,P,1
1753,16.705,1.039,0.319,0.031,0.000,0.010,0.048,0.000,5.173,0.017,5.097,0.058,8120,15600,,2.00,2,1,8224x5140,P,1
1754,8.242,1.064,0.337,0.035,0.000,0.013,0.073,0.000,5.177,0.018,5.100,0.059,8120,15600,,2.00,2,1,8224x5140,P,1
1755,8.345,0.000,0.399,0.036,0.000,0.019,0.071,0.000,5.168,0.014,5.094,0.060,8120,15600,,2.00,2,1,8224x5140,P,1
1756,8.328,1.156,0.347,0.039,0.000,0.013,0.055,0.000,5.174,0.018,5.096,0.060,8120,15600,,2.00,2,1,8224x5140,P,1
1757,8.274,0.000,0.365,0.034,0.000,0.016,0.046,0.000,5.162,0.014,5.088,0.060,8120,15600,,2.00,2,1,8224x5140,P,1
1758,8.338,1.190,0.373,0.038,0.000,0.012,0.045,0.000,5.169,0.014,5.095,0.060,8120,15600,,2.00,2,1,8224x5140,P,1
1759,8.362,0.000,0.419,0.061,0.000,0.018,0.072,0.000,5.186,0.023,5.104,0.059,8120,15600,,2.00,2,1,8224x5140,P,1
1760,8.322,1.258,0.371,0.042,0.000,0.012,0.054,0.000,5.162,0.014,5.092,0.056,8120,15600,,2.00,2,1,8224x5140,P,1
1761,8.311,0.000,0.449,0.042,0.000,0.014,0.050,0.000,5.165,0.014,5.092,0.059,8120,15600,,2.00,2,1,8224x5140,P,1
1762,8.337,1.322,0.437,0.048,0.000,0.013,0.052,0.000,5.162,0.014,5.091,0.057,8120,15600,,2.00,2,1,8224x5140,P,1
1763,8.270,0.000,0.443,0.040,0.000,0.017,0.045,0.000,5.164,0.018,5.087,0.060,8120,15600,,2.00,2,1,8224x5140,P,1
1764,8.379,1.281,0.432,0.041,0.000,0.013,0.046,0.000,5.194,0.029,5.108,0.057,8120,15600,,2.00,2,1,8224x5140,P,1
1765,8.307,0.000,0.444,0.043,0.000,0.014,0.064,0.000,5.163,0.013,5.092,0.058,8120,15600,,2.00,2,1,8224x5140,P,1
1766,8.301,1.282,0.425,0.041,0.000,0.012,0.049,0.000,5.225,0.029,5.136,0.060,8120,15600,,2.00,2,1,8224x5140,P,1
1767,8.365,0.000,0.430,0.044,0.000,0.017,0.056,0.000,5.161,0.014,5.091,0.056,8120,15600,,2.00,2,1,8224x5140,P,1
1768,8.318,1.538,0.493,0.047,0.000,0.015,0.056,0.000,5.255,0.035,5.161,0.059,8120,15600,,2.00,2,1,8224x5140,P,1
1769,8.329,0.000,0.508,0.050,0.000,0.014,0.058,0.000,5.160,0.014,5.089,0.057,8120,15600,,2.00,2,1,8224x5140,P,1
1770,8.335,1.525,0.491,0.048,0.000,0.014,0.075,0.000,5.216,0.037,5.119,0.060,8120,15600,,2.00,2,1,8224x5140,P,1
1771,8.408,0.000,0.521,0.053,0.000,0.018,0.069,0.000,5.158,0.014,5.089,0.055,8120,15600,,2.00,2,1,8224x5140,P,1
1772,8.559,1.826,0.518,0.060,0.000,0.020,0.068,0.000,5.210,0.038,5.116,0.055,8120,15600,,2.00,2,1,8224x5140,P,1
1773,8.535,0.000,0.511,0.058,0.000,0.016,0.124,0.000,5.162,0.014,5.087,0.061,8120,15600,,2.00,2,1,8224x5140,P,1
1774,8.670,1.754,0.564,0.121,0.000,0.039,0.081,0.000,5.185,0.034,5.094,0.057,8120,15600,,2.00,2,1,8224x5140,P,1
1775,8.401,0.000,0.536,0.061,0.000,0.017,0.109,0.000,5.161,0.014,5.085,0.061,8120,15600,,2.00,2,1,8224x5140,P,1
1776,8.511,1.723,0.549,0.123,0.000,0.038,0.067,0.000,5.253,0.034,5.162,0.057,8120,15600,,2.00,2,1,8224x5140,P,1
1777,7.896,0.000,0.511,0.058,0.000,0.024,0.098,0.000,5.154,0.014,5.082,0.058,8120,15600,,2.00,2,1,8224x5140,P,1
1778,7.578,1.803,0.501,0.058,0.000,0.015,0.085,0.000,5.165,0.014,5.088,0.063,8120,15600,,2.00,2,1,8224x5140,P,1
1779,8.308,0.000,0.518,0.050,0.000,0.016,0.056,0.000,5.152,0.014,5.084,0.054,8120,15600,,2.00,2,1,8224x5140,P,1
1780,8.388,1.354,0.457,0.068,0.000,0.022,0.072,0.000,5.220,0.038,5.131,0.050,8120,15600,,2.00,2,1,8224x5140,P,1
1781,8.370,0.000,0.410,0.085,0.000,0.026,0.079,0.000,5.151,0.014,5.086,0.051,8120,15600,,2.00,2,1,8224x5140,P,1
1782,8.132,1.312,0.424,0.092,0.000,0.023,0.055,0.000,5.155,0.014,5.084,0.057,8120,15600,,2.00,2,1,8224x5140,P,1
1783,8.413,0.000,0.422,0.052,0.000,0.015,0.066,0.000,5.153,0.015,5.083,0.055,8120,15600,,2.00,2,1,8224x5140,P,1
1784,8.370,1.340,0.413,0.070,0.000,0.024,0.076,0.000,5.155,0.017,5.085,0.053,8120,15600,,2.00,2,1,8224x5140,P,1
1785,8.179,0.001,0.424,0.088,0.000,0.024,0.077,0.000,5.147,0.014,5.079,0.055,8120,15600,,2.00,2,1,8224x5140,P,1
1786,8.339,1.354,0.370,0.059,0.000,0.016,0.069,0.000,5.147,0.014,5.081,0.052,8120,15600,,2.00,2,1,8224x5140,P,1
1787,8.339,0.000,0.403,0.056,0.000,0.015,0.070,0.000,5.153,0.016,5.079,0.058,8120,15600,,2.00,2,1,8224x5140,P,1
1788,8.308,1.214,0.436,0.042,0.000,0.015,0.057,0.000,5.154,0.014,5.080,0.060,8120,15600,,2.00,2,1,8224x5140,P,1
1789,8.500,0.000,0.443,0.050,0.000,0.013,0.090,0.000,5.154,0.017,5.079,0.057,8120,15600,,2.00,2,1,8224x5140,P,1
1790,8.049,1.625,0.457,0.063,0.000,0.022,0.068,0.000,5.154,0.014,5.081,0.060,8120,15600,,2.00,2,1,8224x5140,P,1
1791,8.281,0.000,0.630,0.061,0.000,0.021,0.091,0.000,5.151,0.014,5.080,0.057,8120,15600,,2.00,2,1,8224x5140,P,1
1792,8.417,1.719,0.443,0.071,0.000,0.024,0.096,0.000,5.156,0.020,5.080,0.056,8120,15600,,2.00,2,1,8224x5140,P,1
1793,7.957,0.000,0.509,0.063,0.000,0.025,0.089,0.000,5.146,0.015,5.075,0.056,8120,15600,,2.00,2,1,8224x5140,P,1
1794,8.130,1.846,0.542,0.069,0.000,0.024,0.074,0.000,5.145,0.014,5.079,0.053,8120,15600,,2.00,2,1,8224x5140,P,1
1795,8.371,0.000,0.510,0.055,0.000,0.019,0.104,0.000,5.144,0.014,5.077,0.053,8120,15600,,2.00,2,1,8224x5140,P,1
1796,7.787,1.849,0.524,0.086,0.000,0.023,0.076,0.000,5.158,0.018,5.082,0.058,8120,15600,drag_snap,2.00,2,0,8224x5140,P,1
1797,8.274,0.000,0.503,0.062,0.000,0.018,0.081,0.000,5.081,0.014,5.013,0.055,8120,15600,,2.00,2,0,8224x5140,P,1
1798,8.901,1.554,0.494,0.058,0.000,0.017,0.145,0.000,5.100,0.019,5.023,0.058,8120,15600,,2.00,2,0,8224x5140,P,1
1799,8.256,0.001,0.762,0.128,0.000,0.039,0.063,0.000,5.087,0.020,5.013,0.054,8120,15600,,2.00,2,0,8224x5140,P,1
1800,7.813,1.814,0.430,0.056,0.000,0.017,0.069,0.000,5.082,0.017,5.014,0.052,8120,15600,,2.00,2,0,8224x5140,P,1
1801,8.300,0.000,0.447,0.045,0.000,0.018,0.076,0.000,5.088,0.014,5.017,0.057,8120,15600,,2.00,2,0,8224x5140,P,1
1802,8.306,1.618,0.502,0.054,0.000,0.016,0.076,0.000,5.134,0.037,5.036,0.062,8120,15600,,2.00,2,0,8224x5140,P,1
1803,8.343,0.000,0.671,0.055,0.000,0.015,0.068,0.000,5.088,0.014,5.013,0.061,8120,15600,,2.00,2,0,8224x5140,P,1
1804,8.362,1.905,0.633,0.136,0.000,0.047,0.093,0.000,5.153,0.032,5.062,0.059,8120,15600,,2.00,2,0,8224x5140,P,1
1805,8.634,0.000,0.530,0.061,0.000,0.018,0.128,0.000,5.084,0.013,5.013,0.058,8120,15600,,2.00,2,0,8224x5140,P,1
1806,8.679,1.736,0.578,0.128,0.000,0.040,0.080,0.000,5.113,0.040,5.016,0.057,8120,15600,,2.00,2,0,8224x5140,P,1
1807,7.888,0.000,0.530,0.064,0.000,0.019,0.107,0.000,5.142,0.028,5.055,0.059,8120,15600,,2.00,2,0,8224x5140,P,1
1808,7.990,1.674,0.513,0.066,0.000,0.020,0.073,0.000,5.085,0.014,5.011,0.060,8120,15600,,2.00,2,0,8224x5140,P,1
1809,8.338,0.000,0.519,0.055,0.000,0.020,0.101,0.000,5.083,0.014,5.012,0.057,8120,15600,,2.00,2,0,8224x5140,P,1
1810,8.869,1.850,0.515,0.060,0.000,0.020,0.123,0.000,5.130,0.026,5.048,0.056,8120,15600,,2.00,2,0,8224x5140,P,1
1811,8.685,0.001,0.751,0.131,0.000,0.044,0.118,0.000,5.115,0.041,5.013,0.060,8120,15600,,2.00,2,0,8224x5140,P,1
1812,7.921,1.851,0.550,0.127,0.000,0.036,0.103,0.000,5.079,0.014,5.010,0.056,8120,15600,,2.00,2,0,8224x5140,P,1
1813,8.534,0.000,0.646,0.112,0.000,0.036,0.131,0.000,5.076,0.014,5.005,0.057,8120,15600,,2.00,2,0,8224x5140,P,1
1814,7.676,1.747,0.676,0.116,0.000,0.047,0.078,0.000,5.129,0.028,5.049,0.053,8120,15600,,2.00,2,0,8224x5140,P,1
1815,8.562,0.000,0.542,0.078,0.000,0.028,0.129,0.000,5.079,0.014,5.011,0.054,8120,15600,,2.00,2,0,8224x5140,P,1
1816,8.132,1.938,0.580,0.122,0.000,0.037,0.096,0.000,5.125,0.037,5.030,0.058,8120,15600,,2.00,2,0,8224x5140,P,1
1817,8.182,0.000,0.649,0.103,0.000,0.031,0.079,0.000,5.073,0.014,5.005,0.053,8120,15600,,2.00,2,0,8224x5140,P,1
1818,8.574,1.340,0.418,0.086,0.000,0.024,0.116,0.000,5.074,0.013,5.010,0.051,8120,15600,,2.00,2,0,8224x5140,P,1
1819,8.611,0.001,0.752,0.126,0.000,0.038,0.139,0.000,5.104,0.038,5.010,0.056,8120,15600,,2.00,2,0,8224x5140,P,1
1820,7.981,1.900,0.574,0.114,0.000,0.033,0.114,0.000,5.151,0.021,5.073,0.057,8120,15600,,2.00,2,0,8224x5140,P,1
1821,8.608,0.000,0.752,0.110,0.000,0.034,0.136,0.000,5.076,0.014,5.006,0.056,8120,15600,,2.00,2,0,8224x5140,P,1
1822,9.019,1.856,0.545,0.098,0.000,0.027,0.117,0.000,5.108,0.041,5.011,0.056,8120,15600,,2.00,2,0,8224x5140,P,1
1823,8.386,0.000,0.725,0.095,0.000,0.027,0.102,0.000,5.113,0.040,5.012,0.061,8120,15600,,2.00,2,0,8224x5140,P,1
1824,7.763,1.776,0.558,0.083,0.000,0.030,0.094,0.000,5.078,0.014,5.007,0.057,8120,15600,,2.00,2,0,8224x5140,P,1
1825,8.311,0.000,0.614,0.083,0.000,0.027,0.094,0.000,5.078,0.014,5.009,0.056,8120,15600,,2.00,2,0,8224x5140,P,1
1826,7.511,1.764,0.586,0.078,0.000,0.026,0.092,0.000,5.078,0.015,5.006,0.058,8120,15600,,2.00,2,0,8224x5140,P,1
1827,8.187,0.000,0.692,0.076,0.000,0.023,0.063,0.000,5.075,0.014,5.008,0.053,8120,15600,,2.00,2,0,8224x5140,P,1
1828,8.234,1.411,0.413,0.056,0.000,0.017,0.057,0.000,5.077,0.014,5.005,0.058,8120,15600,,2.00,2,0,8224x5140,P,1
1829,8.314,0.000,0.357,0.038,0.000,0.012,0.069,0.000,5.086,0.017,5.013,0.057,8120,15600,,2.00,2,0,8224x5140,P,1
1830,8.324,1.130,0.334,0.049,0.000,0.015,0.052,0.000,5.084,0.018,5.009,0.057,8120,15600,,2.00,2,0,8224x5140,P,1
1831,8.255,0.000,0.305,0.032,0.000,0.014,0.035,0.000,5.081,0.016,5.008,0.057,8120,15600,,2.00,2,0,8224x5140,P,1
1832,8.349,0.831,0.272,0.029,0.000,0.009,0.054,0.000,5.087,0.014,5.014,0.059,8120,15600,,2.00,2,0,8224x5140,P,1
1833,8.395,0.000,0.356,0.033,0.000,0.010,0.044,0.000,5.082,0.016,5.012,0.054,8120,15600,,2.00,2,0,8224x5140,P,1
1834,8.304,0.728,0.298,0.059,0.000,0.018,0.044,0.000,5.081,0.014,5.014,0.053,8120,15600,,2.00,2,0,8224x5140,P,1
1835,8.447,0.000,0.454,0.067,0.000,0.022,0.063,0.000,5.080,0.014,5.013,0.053,8120,15600,,2.00,2,0,8224x5140,P,1
1836,8.286,0.814,0.267,0.057,0.000,0.017,0.042,0.000,5.090,0.017,5.015,0.058,8120,15600,,2.00,2,0,8224x5140,P,1
1837,8.166,0.000,0.281,0.040,0.000,0.013,0.053,0.000,5.089,0.016,5.017,0.055,8120,15600,,2.00,2,0,8224x5140,P,1
1838,8.342,0.768,0.253,0.032,0.000,0.010,0.049,0.000,5.092,0.016,5.018,0.057,8120,15600,,2.00,2,0,8224x5140,P,1
1839,8.276,0.000,0.278,0.035,0.000,0.013,0.047,0.000,5.091,0.017,5.018,0.055,8120,15600,,2.00,2,0,8224x5140,P,1
1840,8.305,0.671,0.224,0.024,0.000,0.009,0.030,0.000,5.089,0.016,5.020,0.053,8120,15600,,2.00,2,0,8224x5140,P,1
1841,8.609,0.000,0.267,0.022,0.000,0.008,0.040,0.000,5.092,0.018,5.020,0.054,8120,15600,,2.00,2,0,8224x5140,P,1
1842,8.074,0.620,0.225,0.021,0.000,0.006,0.051,0.000,5.090,0.016,5.021,0.053,8120,15600,,2.00,2,0,8224x5140,P,1
1843,8.709,0.000,0.338,0.036,0.000,0.013,0.048,0.000,5.092,0.017,5.021,0.054,8120,15600,,2.00,2,0,8224x5140,P,1
1844,8.178,0.745,0.229,0.031,0.000,0.011,0.055,0.000,5.097,0.017,5.023,0.057,8120,15600,,2.00,2,0,8224x5140,P,1
1845,8.208,0.000,0.286,0.055,0.000,0.015,0.055,0.000,5.089,0.014,5.023,0.052,8120,15600,,2.00,2,0,8224x5140,P,1
1846,8.217,0.732,0.282,0.065,0.000,0.018,0.042,0.000,5.095,0.014,5.024,0.057,8120,15600,,2.00,2,0,8224x5140,P,1
1847,8.316,0.000,0.253,0.043,0.000,0.014,0.036,0.000,5.089,0.015,5.020,0.054,8120,15600,,2.00,2,0,8224x5140,P,1
1848,8.340,0.770,0.236,0.037,0.000,0.012,0.040,0.000,5.094,0.016,5.023,0.055,8120,15600,,2.00,2,0,8224x5140,P,1
1849,8.326,0.000,0.254,0.048,0.000,0.016,0.044,0.000,5.093,0.014,5.025,0.054,8120,15600,,2.00,2,0,8224x5140,P,1
1850,8.244,0.756,0.270,0.037,0.000,0.011,0.038,0.000,5.099,0.017,5.026,0.056,8120,15600,,2.00,2,0,8224x5140,P,1
1851,8.320,0.000,0.263,0.032,0.000,0.010,0.041,0.000,5.094,0.017,5.024,0.053,8120,15600,,2.00,2,0,8224x5140,P,1
1852,8.358,0.634,0.270,0.036,0.000,0.009,0.038,0.000,5.096,0.017,5.024,0.056,8120,15600,,2.00,2,0,8224x5140,P,1
1853,8.669,0.000,0.239,0.036,0.000,0.012,0.041,0.000,5.091,0.014,5.024,0.052,8120,15600,,2.00,2,0,8224x5140,P,1
1854,8.095,0.751,0.234,0.033,0.000,0.010,0.034,0.000,5.103,0.018,5.027,0.059,8120,15600,,2.00,2,0,8224x5140,P,1
1855,8.273,0.000,0.275,0.035,0.000,0.015,0.029,0.000,5.098,0.014,5.023,0.061,8120,15600,,2.00,2,0,8224x5140,P,1
1856,8.332,0.776,0.219,0.022,0.020,0.007,0.034,0.000,5.099,0.016,5.026,0.057,8120,15600,,2.00,2,0,8224x5140,P,1
1857,8.465,0.000,0.288,0.029,0.000,0.010,0.038,0.000,5.102,0.018,5.027,0.057,8120,15600,,2.00,2,0,8224x5140,P,1
1858,8.151,0.705,0.247,0.021,0.000,0.007,0.042,0.000,5.100,0.018,5.026,0.056,8120,15600,,2.00,2,0,8224x5140,P,1
1859,8.530,0.000,0.294,0.025,0.000,0.010,0.050,0.000,5.102,0.017,5.028,0.057,8120,15600,,2.00,2,0,8224x5140,P,1
1860,8.304,0.941,0.258,0.026,0.000,0.009,0.037,0.000,5.103,0.018,5.026,0.060,8120,15600,,2.00,2,0,8224x5140,P,1
1861,8.153,0.000,0.322,0.025,0.000,0.009,0.046,0.000,5.101,0.018,5.024,0.059,8120,15600,,2.00,2,0,8224x5140,P,1
1862,8.334,0.811,0.275,0.025,0.000,0.008,0.061,0.000,5.107,0.017,5.028,0.062,8120,15600,,2.00,2,0,8224x5140,P,1
1863,8.498,0.000,0.304,0.029,0.000,0.012,0.052,0.000,5.101,0.014,5.027,0.060,8120,15600,,2.00,2,0,8224x5140,P,1
1864,8.179,0.927,0.310,0.029,0.000,0.012,0.053,0.000,5.108,0.018,5.028,0.062,8120,15600,,2.00,2,0,8224x5140,P,1
1865,8.462,0.000,0.328,0.028,0.000,0.009,0.035,0.000,5.103,0.017,5.026,0.060,8120,15600,,2.00,2,0,8224x5140,P,1
1866,8.289,0.857,0.290,0.026,0.000,0.011,0.052,0.000,5.103,0.018,5.026,0.060,8120,15600,,2.00,2,0,8224x5140,P,1
1867,8.322,0.000,0.334,0.025,0.000,0.014,0.039,0.000,5.101,0.014,5.026,0.061,8120,15600,,2.00,2,0,8224x5140,P,1
1868,8.276,0.983,0.312,0.026,0.000,0.009,0.058,0.000,5.111,0.019,5.031,0.061,8120,15600,,2.00,2,0,8224x5140,P,1
1869,8.469,0.000,0.343,0.033,0.000,0.014,0.056,0.000,5.101,0.014,5.026,0.060,8120,15600,,2.00,2,0,8224x5140,P,1
1870,8.200,1.271,0.347,0.033,0.000,0.014,0.059,0.000,5.107,0.018,5.031,0.058,8120,15600,,2.00,2,0,8224x5140,P,1
1871,8.330,0.000,0.373,0.033,0.000,0.010,0.040,0.000,5.095,0.014,5.026,0.055,8120,15600,,2.00,2,0,8224x5140,P,1
1872,8.294,1.053,0.345,0.033,0.000,0.010,0.059,0.000,5.117,0.020,5.039,0.058,8120,15600,,2.00,2,0,8224x5140,P,1
1873,8.469,0.000,0.377,0.038,0.000,0.012,0.055,0.000,5.104,0.018,5.029,0.057,8120,15600,,2.00,2,0,8224x5140,P,1
1874,8.248,1.193,0.366,0.038,0.000,0.012,0.045,0.000,5.117,0.022,5.033,0.061,8120,15600,,2.00,2,0,8224x5140,P,1
1875,8.350,0.000,0.387,0.037,0.000,0.012,0.086,0.000,5.099,0.015,5.023,0.061,8120,15600,,2.00,2,0,8224x5140,P,1
1876,8.255,1.211,0.371,0.037,0.000,0.015,0.044,0.000,5.119,0.023,5.034,0.062,8120,15600,,2.00,2,0,8224x5140,P,1
1877,8.422,0.000,0.400,0.039,0.000,0.015,0.093,0.000,5.095,0.014,5.026,0.055,8120,15600,,2.00,2,0,8224x5140,P,1
1878,8.240,1.290,0.413,0.046,0.000,0.013,0.048,0.000,5.123,0.028,5.041,0.054,8120,15600,,2.00,2,0,8224x5140,P,1
1879,8.440,0.000,0.429,0.046,0.000,0.013,0.066,0.000,5.095,0.014,5.026,0.055,8120,15600,,2.00,2,0,8224x5140,P,1
1880,8.236,1.201,0.418,0.049,0.000,0.013,0.046,0.000,5.130,0.027,5.043,0.060,8120,15600,,2.00,2,0,8224x5140,P,1
1881,8.403,0.000,0.443,0.056,0.000,0.016,0.071,0.000,5.095,0.014,5.026,0.056,8120,15600,,2.00,2,0,8224x5140,P,1
1882,8.273,1.451,0.496,0.052,0.000,0.015,0.054,0.000,5.145,0.035,5.051,0.060,8120,15600,,2.00,2,0,8224x5140,P,1
1883,8.833,0.000,0.496,0.051,0.000,0.015,0.169,0.000,5.099,0.014,5.026,0.060,8120,15600,,2.00,2,0,8224x5140,P,1
1884,8.812,1.843,0.553,0.124,0.000,0.036,0.090,0.000,5.099,0.016,5.026,0.057,8120,15600,,2.00,2,0,8224x5140,P,1
1885,8.442,0.000,0.577,0.086,0.000,0.021,0.115,0.000,5.166,0.037,5.068,0.061,8120,15600,,2.00,2,0,8224x5140,P,1
1886,7.663,1.846,0.597,0.127,0.000,0.036,0.093,0.000,5.097,0.014,5.026,0.057,8120,15600,,2.00,2,0,8224x5140,P,1
1887,8.546,0.000,0.644,0.121,0.000,0.034,0.107,0.000,5.099,0.014,5.028,0.057,8120,15600,,2.00,2,0,8224x5140,P,1
1888,8.723,1.791,0.527,0.098,0.000,0.030,0.093,0.000,5.139,0.035,5.042,0.063,8120,15600,,2.00,2,0,8224x5140,P,1
1889,8.602,0.001,0.858,0.099,0.000,0.039,0.106,0.000,5.176,0.037,5.083,0.056,8120,15600,,2.00,2,0,8224x5140,P,1
1890,7.853,1.783,0.592,0.092,0.000,0.029,0.096,0.000,5.098,0.014,5.027,0.057,8120,15600,,2.00,2,0,8224x5140,P,1
1891,8.485,0.000,0.592,0.123,0.000,0.035,0.109,0.000,5.097,0.014,5.027,0.055,8120,15600,,2.00,2,0,8224x5140,P,1
1892,8.501,1.622,0.553,0.109,0.000,0.034,0.084,0.000,5.149,0.041,5.052,0.057,8120,15600,,2.00,2,0,8224x5140,P,1
1893,8.331,0.000,0.530,0.062,0.000,0.018,0.110,0.000,5.099,0.014,5.025,0.060,8120,15600,,2.00,2,0,8224x5140,P,1
1894,7.817,1.747,0.580,0.114,0.000,0.033,0.093,0.000,5.093,0.014,5.023,0.056,8120,15600,,2.00,2,0,8224x5140,P,1
1895,8.418,0.000,0.605,0.099,0.000,0.029,0.108,0.000,5.097,0.014,5.028,0.055,8120,15600,,2.00,2,0,8224x5140,P,1
1896,7.821,1.819,0.566,0.108,0.000,0.030,0.100,0.000,5.097,0.014,5.026,0.056,8120,15600,,2.00,2,0,8224x5140,P,1
1897,8.429,0.000,0.607,0.093,0.000,0.031,0.108,0.000,5.098,0.014,5.029,0.056,8120,15600,,2.00,2,0,8224x5140,P,1
1898,8.967,1.750,0.563,0.093,0.000,0.029,0.106,0.000,5.144,0.036,5.051,0.057,8120,15600,,2.00,2,0,8224x5140,P,1
1899,8.542,0.000,0.812,0.093,0.000,0.030,0.128,0.000,5.126,0.038,5.031,0.056,8120,15600,,2.00,2,0,8224x5140,P,1
1900,8.707,2.318,0.749,0.110,0.000,0.034,0.123,0.000,5.095,0.014,5.026,0.055,8120,15600,,2.00,2,0,8224x5140,P,1
1901,8.814,0.000,0.855,0.118,0.000,0.043,0.141,0.000,5.136,0.038,5.043,0.055,8120,15600,,2.00,2,0,8224x5140,P,1
1902,8.289,2.219,0.618,0.112,0.000,0.030,0.107,0.000,5.144,0.036,5.052,0.056,8120,15600,,2.00,2,0,8224x5140,P,1
1903,8.547,0.000,0.707,0.100,0.000,0.034,0.109,0.000,5.099,0.014,5.028,0.057,8120,15600,,2.00,2,0,8224x5140,P,1
1904,8.144,2.038,0.564,0.105,0.000,0.031,0.136,0.000,5.151,0.041,5.055,0.055,8120,15600,,2.00,2,0,8224x5140,P,1
1905,8.602,0.000,0.678,0.109,0.000,0.033,0.152,0.000,5.097,0.014,5.025,0.058,8120,15600,,2.00,2,0,8224x5140,P,1
1906,8.558,2.295,0.700,0.126,0.000,0.035,0.112,0.000,5.140,0.037,5.048,0.054,8120,15600,,2.00,2,0,8224x5140,P,1
1907,8.951,0.000,1.008,0.118,0.000,0.040,0.148,0.000,5.189,0.038,5.097,0.054,8120,15600,,2.00,2,0,8224x5140,P,1
1908,8.208,2.329,0.701,0.116,0.000,0.035,0.079,0.000,5.117,0.038,5.027,0.052,8120,15600,,2.00,2,0,8224x5140,P,1
1909,7.800,0.000,0.502,0.065,0.000,0.019,0.065,0.000,5.092,0.014,5.025,0.054,8120,15600,,2.00,2,0,8224x5140,P,1
1910,7.776,1.248,0.380,0.067,0.000,0.018,0.052,0.000,5.097,0.014,5.027,0.056,8120,15600,,2.00,2,0,8224x5140,P,1
1911,7.688,0.000,0.402,0.055,0.000,0.014,0.076,0.000,5.101,0.013,5.028,0.060,8120,15600,,2.00,2,0,8224x5140,P,1
1912,7.976,1.398,0.387,0.047,0.000,0.015,0.062,0.000,5.105,0.014,5.030,0.062,8120,15600,,2.00,2,0,8224x5140,P,1
1913,7.696,0.000,0.432,0.051,0.000,0.016,0.062,0.000,5.106,0.017,5.030,0.058,8120,15600,,2.00,2,0,8224x5140,P,1
1914,7.992,1.429,0.432,0.049,0.000,0.014,0.062,0.000,5.107,0.018,5.028,0.061,8120,15600,,2.00,2,0,8224x5140,P,1
1915,7.682,0.000,0.428,0.041,0.000,0.014,0.070,0.000,5.097,0.014,5.027,0.056,8120,15600,,2.00,2,0,8224x5140,P,1
1916,8.334,1.268,0.423,0.045,0.000,0.014,0.051,0.000,5.095,0.014,5.027,0.055,8120,15600,,2.00,2,0,8224x5140,P,1
1917,8.387,0.000,0.473,0.046,0.000,0.016,0.092,0.000,5.111,0.019,5.032,0.060,8120,15600,,2.00,2,0,8224x5140,P,1
1918,8.348,1.650,0.463,0.045,0.000,0.015,0.079,0.000,5.105,0.014,5.031,0.060,8120,15600,,2.00,2,0,8224x5140,P,1
1919,8.228,0.000,0.541,0.059,0.000,0.025,0.060,0.000,5.119,0.023,5.042,0.055,8120,15600,,2.00,2,0,8224x5140,P,1
1920,8.293,1.300,0.434,0.054,0.000,0.017,0.059,0.000,5.095,0.014,5.025,0.056,8120,15600,,2.00,2,0,8224x5140,P,1
1921,8.350,0.000,0.465,0.065,0.000,0.014,0.058,0.000,5.118,0.022,5.036,0.060,8120,15600,,2.00,2,0,8224x5140,P,1
1922,8.321,1.464,0.453,0.042,0.000,0.013,0.058,0.000,5.101,0.014,5.028,0.060,8120,15600,,2.00,2,0,8224x5140,P,1
1923,8.330,0.000,0.532,0.058,0.000,0.021,0.072,0.000,5.102,0.014,5.027,0.061,8120,15600,,2.00,2,0,8224x5140,P,1
1924,8.322,1.550,0.484,0.050,0.000,0.015,0.076,0.000,5.137,0.026,5.050,0.061,8120,15600,,2.00,2,0,8224x5140,P,1
1925,8.712,0.000,0.520,0.056,0.000,0.017,0.117,0.000,5.103,0.014,5.030,0.060,8120,15600,,2.00,2,0,8224x5140,P,1
1926,7.996,1.785,0.588,0.116,0.000,0.037,0.069,0.000,5.121,0.034,5.030,0.057,8120,15600,,2.00,2,0,8224x5140,P,1
1927,8.571,0.000,0.536,0.057,0.000,0.017,0.104,0.000,5.102,0.014,5.028,0.060,8120,15600,,2.00,2,0,8224x5140,P,1
1928,8.033,1.781,0.651,0.125,0.000,0.038,0.077,0.000,5.132,0.039,5.038,0.056,8120,15600,,2.00,2,0,8224x5140,P,1
1929,8.570,0.000,0.745,0.127,0.000,0.044,0.104,0.000,5.098,0.014,5.027,0.057,8120,15600,,2.00,2,0,8224x5140,P,1
1930,8.748,1.835,0.559,0.110,0.000,0.031,0.078,0.000,5.127,0.037,5.033,0.057,8120,15600,,2.00,2,0,8224x5140,P,1
1931,7.899,0.000,0.547,0.139,0.000,0.045,0.066,0.000,5.152,0.037,5.060,0.055,8120,15600,,2.00,2,0,8224x5140,P,1
1932,7.933,1.340,0.402,0.058,0.000,0.016,0.059,0.000,5.101,0.018,5.027,0.056,8120,15600,,2.00,2,0,8224x5140,P,1
1933,8.252,0.000,0.364,0.042,0.000,0.012,0.032,0.000,5.099,0.014,5.028,0.056,8120,15600,,2.00,2,0,8224x5140,P,1
1934,8.280,0.830,0.285,0.031,0.000,0.009,0.030,0.000,5.103,0.016,5.030,0.057,8120,15600,,2.00,2,0,8224x5140,P,1
1935,8.319,0.000,0.294,0.025,0.000,0.014,0.034,0.000,5.099,0.014,5.027,0.058,8120,15600,,2.00,2,0,8224x5140,P,1
1936,8.325,0.661,0.246,0.024,0.000,0.007,0.026,0.000,5.103,0.017,5.029,0.057,8120,15600,,2.00,2,0,8224x5140,P,1
1937,8.480,0.000,0.273,0.020,0.000,0.008,0.035,0.000,5.102,0.017,5.028,0.056,8120,15600,,2.00,2,0,8224x5140,P,1
1938,8.186,0.719,0.234,0.023,0.000,0.008,0.040,0.000,5.102,0.017,5.028,0.057,8120,15600,,2.00,2,0,8224x5140,P,1
1939,8.491,0.000,0.280,0.021,0.000,0.008,0.039,0.000,5.108,0.018,5.034,0.057,8120,15600,,2.00,2,0,8224x5140,P,1
1940,8.180,0.725,0.261,0.024,0.000,0.007,0.037,0.000,5.108,0.018,5.028,0.061,8120,15600,,2.00,2,0,8224x5140,P,1
1941,8.400,0.000,0.284,0.023,0.000,0.007,0.031,0.000,5.105,0.018,5.028,0.059,8120,15600,,2.00,2,0,8224x5140,P,1
1942,8.280,0.704,0.256,0.023,0.000,0.008,0.030,0.000,5.101,0.018,5.028,0.055,8120,15600,,2.00,2,0,8224x5140,P,1
1943,8.431,0.000,0.286,0.024,0.000,0.008,0.048,0.000,5.103,0.014,5.027,0.061,8120,15600,,2.00,2,0,8224x5140,P,1
1944,8.159,0.769,0.285,0.036,0.000,0.008,0.028,0.000,5.106,0.018,5.028,0.060,8120,15600,,2.00,2,0,8224x5140,P,1
1945,8.567,0.000,0.317,0.026,0.000,0.008,0.041,0.000,5.106,0.017,5.034,0.055,8120,15600,,2.00,2,0,8224x5140,P,1
1946,8.147,0.768,0.272,0.023,0.000,0.008,0.035,0.000,5.113,0.019,5.037,0.058,8120,15600,,2.00,2,0,8224x5140,P,1
1947,8.449,0.000,0.313,0.035,0.000,0.008,0.042,0.000,5.107,0.017,5.029,0.061,8120,15600,,2.00,2,0,8224x5140,P,1
1948,8.282,1.001,0.315,0.033,0.000,0.011,0.053,0.000,5.106,0.019,5.031,0.057,8120,15600,,2.00,2,0,8224x5140,P,1
1949,8.294,0.000,0.357,0.028,0.000,0.010,0.036,0.000,5.100,0.014,5.028,0.058,8120,15600,,2.00,2,0,8224x5140,P,1
1950,8.396,0.924,0.320,0.029,0.000,0.009,0.039,0.000,5.118,0.023,5.037,0.058,8120,15600,,2.00,2,0,8224x5140,P,1
1951,8.270,0.000,0.360,0.033,0.000,0.010,0.037,0.000,5.103,0.015,5.033,0.055,8120,15600,,2.00,2,0,8224x5140,P,1
1952,8.409,0.950,0.328,0.031,0.000,0.010,0.044,0.000,5.128,0.023,5.042,0.064,8120,15600,,2.00,2,0,8224x5140,P,1
1953,8.259,0.000,0.374,0.032,0.000,0.010,0.046,0.000,5.100,0.014,5.030,0.056,8120,15600,,2.00,2,0,8224x5140,P,1
1954,8.344,1.043,0.327,0.052,0.000,0.015,0.044,0.000,5.102,0.017,5.030,0.055,8120,15600,,2.00,2,0,8224x5140,P,1
1955,8.312,0.000,0.319,0.051,0.000,0.017,0.043,0.000,5.095,0.014,5.029,0.052,8120,15600,,2.00,2,0,8224x5140,P,1
1956,8.300,0.737,0.324,0.057,0.000,0.017,0.038,0.000,5.100,0.016,5.030,0.054,8120,15600,,2.00,2,0,8224x5140,P,1
1957,8.338,0.000,0.305,0.044,0.000,0.012,0.042,0.000,5.093,0.014,5.028,0.052,8120,15600,,2.00,2,0,8224x5140,P,1
1958,8.234,0.925,0.277,0.042,0.000,0.011,0.035,0.000,5.099,0.017,5.027,0.055,8120,15600,,2.00,2,0,8224x5140,P,1
1959,8.342,0.000,0.302,0.032,0.000,0.010,0.055,0.000,5.101,0.017,5.029,0.055,8120,15600,,2.00,2,0,8224x5140,P,1
1960,8.321,0.833,0.261,0.030,0.000,0.010,0.044,0.000,5.098,0.016,5.029,0.053,8120,15600,,2.00,2,0,8224x5140,P,1
1961,8.273,0.000,0.289,0.032,0.000,0.020,0.045,0.000,5.104,0.018,5.032,0.055,8120,15600,,2.00,2,0,8224x5140,P,1
1962,8.323,0.666,0.239,0.022,0.000,0.007,0.036,0.000,5.100,0.016,5.028,0.055,8120,15600,,2.00,2,0,8224x5140,P,1
1963,8.326,0.000,0.271,0.022,0.000,0.016,0.036,0.000,5.101,0.017,5.029,0.055,8120,15600,,2.00,2,0,8224x5140,P,1
1964,8.316,0.652,0.228,0.021,0.000,0.008,0.026,0.000,5.097,0.016,5.026,0.055,8120,15600,,2.00,2,0,8224x5140,P,1
1965,8.398,0.000,0.255,0.019,0.000,0.008,0.043,0.000,5.102,0.018,5.030,0.054,8120,15600,,2.00,2,0,8224x5140,P,1
1966,8.270,0.599,0.240,0.024,0.000,0.009,0.035,0.000,5.103,0.017,5.033,0.053,8120,15600,,2.00,2,0,8224x5140,P,1
1967,8.184,0.000,0.342,0.026,0.000,0.011,0.034,0.000,5.099,0.018,5.029,0.052,8120,15600,,2.00,2,0,8224x5140,P,1
1968,8.291,0.605,0.230,0.030,0.000,0.009,0.039,0.000,5.098,0.016,5.029,0.053,8120,15600,,2.00,2,0,8224x5140,P,1
1969,8.133,0.000,0.259,0.039,0.000,0.013,0.042,0.000,5.092,0.014,5.026,0.052,8120,15600,,2.00,2,0,8224x5140,P,1
1970,8.208,0.725,0.261,0.033,0.000,0.012,0.032,0.000,5.099,0.017,5.029,0.053,8120,15600,,2.00,2,0,8224x5140,P,1
1971,8.275,0.000,0.253,0.028,0.000,0.009,0.062,0.000,5.101,0.017,5.029,0.055,8120,15600,,2.00,2,0,8224x5140,P,1
1972,8.246,0.633,0.260,0.027,0.000,0.010,0.040,0.000,5.098,0.016,5.028,0.054,8120,15600,,2.00,2,0,8224x5140,P,1
1973,8.457,0.000,0.277,0.033,0.000,0.014,0.053,0.000,5.099,0.017,5.028,0.054,8120,15600,,2.00,2,0,8224x5140,P,1
1974,7.969,0.581,0.231,0.029,0.000,0.010,0.038,0.000,5.100,0.017,5.029,0.054,8120,15600,,2.00,2,0,8224x5140,P,1
1975,8.436,0.000,0.250,0.026,0.000,0.018,0.039,0.000,5.108,0.018,5.029,0.062,8120,15600,,2.00,2,0,8224x5140,P,1
1976,8.038,0.727,0.225,0.023,0.000,0.007,0.028,0.000,5.104,0.016,5.029,0.059,8120,15600,,2.00,2,0,8224x5140,P,1
1977,8.475,0.000,0.257,0.021,0.000,0.007,0.047,0.000,5.100,0.014,5.028,0.058,8120,15600,,2.00,2,0,8224x5140,P,1
1978,8.190,0.808,0.254,0.033,0.000,0.011,0.040,0.000,5.101,0.016,5.029,0.056,8120,15600,,2.00,2,0,8224x5140,P,1
1979,8.167,0.000,0.276,0.027,0.000,0.015,0.043,0.000,5.097,0.014,5.028,0.055,8120,15600,,2.00,2,0,8224x5140,P,1
1980,8.214,0.680,0.281,0.025,0.000,0.009,0.053,0.000,5.102,0.016,5.031,0.055,8120,15600,,2.00,2,0,8224x5140,P,1
1981,8.496,0.000,0.263,0.027,0.000,0.009,0.076,0.000,5.099,0.017,5.027,0.054,8120,15600,,2.00,2,0,8224x5140,P,1
1982,8.040,0.697,0.249,0.027,0.000,0.008,0.043,0.000,5.106,0.017,5.031,0.059,8120,15600,,2.00,2,0,8224x5140,P,1
1983,8.550,0.000,0.292,0.034,0.000,0.010,0.048,0.000,5.106,0.018,5.030,0.058,8120,15600,,2.00,2,0,8224x5140,P,1
1984,8.321,0.843,0.274,0.039,0.000,0.014,0.048,0.000,5.098,0.017,5.029,0.052,8120,15600,,2.00,2,0,8224x5140,P,1
1985,7.787,0.000,0.281,0.052,0.000,0.014,0.039,0.000,5.101,0.014,5.028,0.059,8120,15600,,2.00,2,0,8224x5140,P,1
1986,8.454,0.859,0.245,0.045,0.000,0.010,0.036,0.000,5.108,0.018,5.030,0.061,8120,15600,,2.00,2,0,8224x5140,P,1
1987,8.120,0.000,0.259,0.028,0.000,0.009,0.049,0.000,5.106,0.017,5.030,0.059,8120,15600,,2.00,2,0,8224x5140,P,1
1988,8.382,0.745,0.236,0.027,0.000,0.010,0.053,0.000,5.104,0.017,5.027,0.060,8120,15600,,2.00,2,0,8224x5140,P,1
1989,8.152,0.000,0.262,0.033,0.000,0.012,0.041,0.000,5.104,0.017,5.030,0.057,8120,15600,,2.00,2,0,8224x5140,P,1
1990,8.150,0.883,0.261,0.028,0.000,0.010,0.035,0.000,5.107,0.017,5.031,0.060,8120,15600,,2.00,2,0,8224x5140,P,1
1991,8.240,0.000,0.291,0.026,0.000,0.009,0.042,0.000,5.102,0.016,5.028,0.058,8120,15600,,2.00,2,0,8224x5140,P,1
1992,8.268,0.869,0.261,0.047,0.000,0.015,0.048,0.000,5.095,0.014,5.028,0.053,8120,15600,,2.00,2,0,8224x5140,P,1
1993,8.132,0.000,0.253,0.039,0.000,0.013,0.038,0.000,5.104,0.017,5.032,0.055,8120,15600,,2.00,2,0,8224x5140,P,1
1994,8.194,0.665,0.271,0.045,0.000,0.014,0.040,0.000,5.100,0.015,5.030,0.055,8120,15600,,2.00,2,0,8224x5140,P,1
1995,8.323,0.000,0.241,0.034,0.000,0.011,0.047,0.000,5.103,0.017,5.030,0.056,8120,15600,,2.00,2,0,8224x5140,P,1
1996,8.219,0.592,0.254,0.048,0.000,0.012,0.041,0.000,5.101,0.015,5.029,0.058,8120,15600,,2.00,2,0,8224x5140,P,1
1997,8.190,0.000,0.245,0.026,0.000,0.010,0.029,0.000,5.103,0.017,5.026,0.060,8120,15600,,2.00,2,0,8224x5140,P,1
1998,8.397,0.805,0.231,0.027,0.000,0.011,0.035,0.000,5.106,0.018,5.029,0.060,8120,15600,,2.00,2,0,8224x5140,P,1
1999,8.136,0.000,0.239,0.021,0.000,0.012,0.051,0.000,5.107,0.016,5.031,0.060,8120,15600,,2.00,2,0,8224x5140,P,1
2000,8.418,0.629,0.241,0.021,0.000,0.007,0.037,0.000,5.108,0.018,5.034,0.056,8120,15600,,2.00,2,0,8224x5140,P,1
2001,8.013,0.000,0.244,0.021,0.000,0.008,0.026,0.000,5.106,0.017,5.030,0.060,8120,15600,,2.00,2,0,8224x5140,P,1
2002,8.317,0.698,0.231,0.020,0.000,0.007,0.027,0.000,5.111,0.018,5.033,0.059,8120,15600,,2.00,2,0,8224x5140,P,1
2003,8.303,0.000,0.248,0.019,0.000,0.008,0.028,0.000,5.105,0.017,5.029,0.059,8120,15600,,2.00,2,0,8224x5140,P,1
2004,8.591,0.677,0.250,0.020,0.000,0.007,0.027,0.000,5.105,0.017,5.032,0.056,8120,15600,,2.00,2,0,8224x5140,P,1
2005,8.145,0.000,0.244,0.020,0.000,0.007,0.052,0.000,5.111,0.018,5.031,0.063,8120,15600,,2.00,2,0,8224x5140,P,1
2006,8.448,0.686,0.234,0.021,0.000,0.007,0.057,0.000,5.106,0.017,5.029,0.060,8120,15600,,2.00,2,0,8224x5140,P,1
2007,8.083,0.000,0.277,0.032,0.000,0.012,0.041,0.000,5.100,0.016,5.029,0.054,8120,15600,,2.00,2,0,8224x5140,P,1
2008,8.211,0.886,0.276,0.037,0.000,0.012,0.055,0.000,5.106,0.014,5.031,0.061,8120,15600,,2.00,2,0,8224x5140,P,1
2009,8.272,0.000,0.310,0.029,0.000,0.013,0.061,0.000,5.102,0.017,5.028,0.057,8120,15600,,2.00,2,0,8224x5140,P,1
2010,8.288,0.924,0.281,0.035,0.000,0.011,0.048,0.000,5.106,0.017,5.032,0.056,8120,15600,,2.00,2,0,8224x5140,P,1
2011,8.209,0.000,0.308,0.030,0.000,0.012,0.047,0.000,5.103,0.016,5.030,0.057,8120,15600,,2.00,2,0,8224x5140,P,1
2012,8.203,0.940,0.319,0.044,0.000,0.014,0.044,0.000,5.101,0.014,5.029,0.058,8120,15600,,2.00,2,0,8224x5140,P,1
2013,8.209,0.000,0.308,0.032,0.000,0.017,0.043,0.000,5.110,0.017,5.031,0.062,8120,15600,,2.00,2,0,8224x5140,P,1
2014,8.231,1.054,0.290,0.034,0.000,0.012,0.049,0.000,5.106,0.018,5.031,0.056,8120,15600,,2.00,2,0,8224x5140,P,1
2015,8.201,0.000,0.303,0.025,0.000,0.009,0.037,0.000,5.106,0.017,5.029,0.060,8120,15600,,2.00,2,0,8224x5140,P,1
2016,8.451,0.841,0.273,0.024,0.000,0.009,0.044,0.000,5.106,0.018,5.030,0.058,8120,15600,,2.00,2,0,8224x5140,P,1
2017,8.045,0.000,0.292,0.025,0.000,0.009,0.031,0.000,5.108,0.016,5.031,0.061,8120,15600,,2.00,2,0,8224x5140,P,1
2018,8.526,0.797,0.296,0.026,0.000,0.008,0.085,0.000,5.109,0.017,5.031,0.061,8120,15600,,2.00,2,0,8224x5140,P,1
2019,8.229,0.000,0.316,0.030,0.000,0.011,0.041,0.000,5.111,0.017,5.034,0.060,8120,15600,,2.00,2,0,8224x5140,P,1
2020,8.296,1.142,0.305,0.029,0.000,0.010,0.041,0.000,5.103,0.014,5.030,0.058,8120,15600,,2.00,2,0,8224x5140,P,1
2021,8.374,0.000,0.361,0.029,0.000,0.010,0.071,0.000,5.107,0.017,5.032,0.057,8120,15600,,2.00,2,0,8224x5140,P,1
2022,8.400,0.879,0.321,0.030,0.000,0.010,0.035,0.000,5.101,0.014,5.029,0.057,8120,15600,,2.00,2,0,8224x5140,P,1
2023,8.281,0.000,0.344,0.029,0.000,0.009,0.055,0.000,5.114,0.018,5.036,0.060,8120,15600,,2.00,2,0,8224x5140,P,1
2024,8.282,1.086,0.340,0.035,0.000,0.011,0.043,0.000,5.111,0.018,5.034,0.059,8120,15600,,2.00,2,0,8224x5140,P,1
2025,8.420,0.000,0.364,0.032,0.000,0.013,0.132,0.000,5.116,0.018,5.038,0.060,8120,15600,,2.00,2,0,8224x5140,P,1
2026,8.281,1.253,0.351,0.042,0.000,0.014,0.054,0.000,5.103,0.014,5.032,0.057,8120,15600,,2.00,2,0,8224x5140,P,1
2027,8.328,0.000,0.434,0.044,0.000,0.014,0.049,0.000,5.114,0.020,5.034,0.060,8120,15600,,2.00,2,0,8224x5140,P,1
2028,8.343,1.168,0.366,0.040,0.000,0.012,0.061,0.000,5.107,0.014,5.031,0.061,8120,15600,,2.00,2,0,8224x5140,P,1
2029,8.283,0.000,0.449,0.037,0.000,0.012,0.046,0.000,5.129,0.024,5.045,0.060,8120,15600,,2.00,2,0,8224x5140,P,1
2030,8.363,1.070,0.361,0.040,0.000,0.012,0.053,0.000,5.106,0.014,5.031,0.060,8120,15600,,2.00,2,0,8224x5140,P,1
2031,8.338,0.000,0.481,0.053,0.000,0.015,0.053,0.000,5.136,0.030,5.045,0.060,8120,15600,,2.00,2,0,8224x5140,P,1
2032,8.284,1.203,0.426,0.045,0.000,0.012,0.051,0.000,5.103,0.014,5.031,0.058,8120,15600,,2.00,2,0,8224x5140,P,1
2033,8.355,0.000,0.472,0.042,0.000,0.013,0.065,0.000,5.131,0.027,5.044,0.060,8120,15600,,2.00,2,0,8224x5140,P,1
2034,8.356,1.202,0.437,0.044,0.000,0.012,0.058,0.000,5.099,0.014,5.029,0.055,8120,15600,,2.00,2,0,8224x5140,P,1
2035,8.282,0.000,0.461,0.074,0.000,0.025,0.044,0.000,5.156,0.020,5.082,0.054,8120,15600,,2.00,2,0,8224x5140,P,1
2036,8.291,0.979,0.337,0.040,0.000,0.010,0.061,0.000,5.097,0.017,5.028,0.052,8120,15600,,2.00,2,0,8224x5140,P,1
2037,8.267,0.000,0.334,0.037,0.000,0.017,0.033,0.000,5.106,0.018,5.032,0.056,8120,15600,,2.00,2,0,8224x5140,P,1
2038,8.272,0.833,0.325,0.026,0.000,0.009,0.031,0.000,5.100,0.015,5.029,0.057,8120,15600,,2.00,2,0,8224x5140,P,1
2039,8.397,0.000,0.280,0.024,0.000,0.008,0.038,0.000,5.098,0.017,5.027,0.054,8120,15600,,2.00,2,0,8224x5140,P,1
2040,8.280,0.678,0.269,0.048,0.000,0.012,0.051,0.000,5.098,0.014,5.029,0.055,8120,15600,,2.00,2,0,8224x5140,P,1
2041,8.355,0.000,0.274,0.024,0.000,0.010,0.029,0.000,5.109,0.017,5.033,0.059,8120,15600,,2.00,2,0,8224x5140,P,1
2042,8.459,0.749,0.236,0.027,0.000,0.008,0.052,0.000,5.104,0.017,5.029,0.058,8120,15600,,2.00,2,0,8224x5140,P,1
2043,8.164,0.000,0.285,0.024,0.000,0.007,0.027,0.000,5.108,0.017,5.030,0.061,8120,15600,,2.00,2,0,8224x5140,P,1
2044,8.471,0.681,0.244,0.023,0.000,0.007,0.043,0.000,5.107,0.017,5.030,0.060,8120,15600,,2.00,2,0,8224x5140,P,1
2045,8.215,0.000,0.294,0.036,0.000,0.009,0.032,0.000,5.111,0.017,5.034,0.060,8120,15600,,2.00,2,0,8224x5140,P,1
2046,8.454,0.906,0.279,0.027,0.000,0.008,0.046,0.000,5.106,0.017,5.032,0.057,8120,15600,,2.00,2,0,8224x5140,P,1
2047,8.003,0.000,0.279,0.024,0.000,0.009,0.042,0.000,5.106,0.017,5.030,0.059,8120,15600,,2.00,2,0,8224x5140,P,1
2048,8.438,0.780,0.255,0.027,0.000,0.009,0.032,0.000,5.099,0.014,5.029,0.055,8120,15600,,2.00,2,0,8224x5140,P,1
2049,8.086,0.000,0.296,0.026,0.000,0.009,0.066,0.000,5.107,0.018,5.030,0.059,8120,15600,,2.00,2,0,8224x5140,P,1
2050,8.366,0.762,0.274,0.032,0.000,0.009,0.033,0.000,5.104,0.014,5.032,0.059,8120,15600,,2.00,2,0,8224x5140,P,1
2051,8.046,0.000,0.312,0.030,0.000,0.009,0.035,0.000,5.114,0.019,5.036,0.059,8120,15600,,2.00,2,0,8224x5140,P,1
2052,8.511,0.867,0.289,0.030,0.000,0.014,0.054,0.000,5.108,0.017,5.029,0.062,8120,15600,,2.00,2,0,8224x5140,P,1
2053,8.040,0.000,0.296,0.026,0.000,0.011,0.052,0.000,5.109,0.019,5.031,0.059,8120,15600,,2.00,2,0,8224x5140,P,1
2054,8.419,0.806,0.278,0.027,0.000,0.009,0.040,0.000,5.113,0.018,5.034,0.060,8120,15600,,2.00,2,0,8224x5140,P,1
2055,8.087,0.000,0.341,0.026,0.000,0.011,0.034,0.000,5.119,0.021,5.038,0.061,8120,15600,,2.00,2,0,8224x5140,P,1
2056,8.417,0.782,0.275,0.028,0.000,0.009,0.045,0.000,5.102,0.014,5.030,0.058,8120,15600,,2.00,2,0,8224x5140,P,1
2057,8.090,0.000,0.355,0.028,0.000,0.011,0.033,0.000,5.118,0.022,5.037,0.059,8120,15600,,2.00,2,0,8224x5140,P,1
2058,8.439,0.778,0.277,0.030,0.000,0.009,0.047,0.000,5.102,0.013,5.028,0.060,8120,15600,,2.00,2,0,8224x5140,P,1
2059,7.995,0.000,0.366,0.033,0.000,0.015,0.036,0.000,5.161,0.024,5.078,0.059,8120,15600,,2.00,2,0,8224x5140,P,1
2060,8.355,0.911,0.293,0.031,0.000,0.009,0.042,0.000,5.108,0.018,5.030,0.060,8120,15600,,2.00,2,0,8224x5140,P,1
2061,8.234,0.000,0.358,0.027,0.000,0.008,0.048,0.000,5.125,0.024,5.041,0.061,8120,15600,,2.00,2,0,8224x5140,P,1
2062,8.417,0.858,0.282,0.027,0.000,0.009,0.031,0.000,5.114,0.018,5.035,0.061,8120,15600,,2.00,2,0,8224x5140,P,1
2063,8.665,0.000,0.378,0.040,0.000,0.009,0.051,0.000,5.160,0.032,5.067,0.062,8120,15600,,2.00,2,0,8224x5140,P,1
2064,7.877,0.830,0.291,0.030,0.000,0.008,0.034,0.000,5.099,0.014,5.029,0.056,8120,15600,,2.00,2,0,8224x5140,P,1
2065,8.469,0.000,0.312,0.028,0.000,0.008,0.039,0.000,5.111,0.017,5.032,0.061,8120,15600,,2.00,2,0,8224x5140,P,1
2066,8.299,0.873,0.326,0.029,0.000,0.013,0.034,0.000,5.158,0.036,5.065,0.057,8120,15600,,2.00,2,0,8224x5140,P,1
2067,8.211,0.000,0.469,0.028,0.000,0.012,0.034,0.000,5.106,0.014,5.031,0.061,8120,15600,,2.00,2,0,8224x5140,P,1
2068,8.461,0.863,0.325,0.029,0.000,0.008,0.038,0.000,5.110,0.014,5.034,0.062,8120,15600,,2.00,2,0,8224x5140,P,1
2069,8.361,0.000,0.445,0.055,0.000,0.014,0.061,0.000,5.152,0.038,5.053,0.061,8120,15600,,2.00,2,0,8224x5140,P,1
2070,8.261,1.189,0.349,0.039,0.000,0.012,0.042,0.000,5.102,0.014,5.028,0.060,8120,15600,,2.00,2,0,8224x5140,P,1
2071,8.314,0.000,0.371,0.034,0.000,0.014,0.050,0.000,5.104,0.017,5.030,0.058,8120,15600,,2.00,2,0,8224x5140,P,1
2072,8.342,1.087,0.343,0.031,0.000,0.014,0.046,0.000,5.183,0.038,5.081,0.064,8120,15600,,2.00,2,0,8224x5140,P,1
2073,8.277,0.000,0.403,0.038,0.000,0.011,0.044,0.000,5.104,0.015,5.029,0.060,8120,15600,,2.00,2,0,8224x5140,P,1
2074,8.613,1.062,0.350,0.039,0.000,0.011,0.051,0.000,5.161,0.043,5.059,0.059,8120,15600,,2.00,2,0,8224x5140,P,1
2075,8.063,0.000,0.350,0.047,0.000,0.014,0.046,0.000,5.099,0.014,5.030,0.054,8120,15600,,2.00,2,0,8224x5140,P,1
2076,8.288,0.770,0.294,0.060,0.000,0.019,0.047,0.000,5.095,0.015,5.029,0.051,8120,15600,,2.00,2,0,8224x5140,P,1
2077,8.337,0.000,0.302,0.052,0.000,0.017,0.061,0.000,5.094,0.014,5.027,0.053,8120,15600,,2.00,2,0,8224x5140,P,1
2078,8.311,0.905,0.274,0.044,0.000,0.013,0.048,0.000,5.109,0.016,5.037,0.055,8120,15600,,2.00,2,0,8224x5140,P,1
2079,8.262,0.000,0.318,0.043,0.000,0.014,0.038,0.000,5.098,0.014,5.029,0.055,8120,15600,,2.00,2,0,8224x5140,P,1
2080,8.298,0.876,0.261,0.037,0.000,0.011,0.046,0.000,5.102,0.016,5.032,0.053,8120,15600,,2.00,2,0,8224x5140,P,1
2081,8.319,0.000,0.275,0.028,0.000,0.008,0.036,0.000,5.102,0.018,5.032,0.052,8120,15600,,2.00,2,0,8224x5140,P,1
2082,8.317,0.834,0.259,0.029,0.000,0.009,0.046,0.000,5.107,0.016,5.034,0.057,8120,15600,,2.00,2,0,8224x5140,P,1
2083,8.299,0.000,0.292,0.026,0.000,0.009,0.034,0.000,5.105,0.018,5.032,0.055,8120,15600,,2.00,2,0,8224x5140,P,1
2084,8.349,0.643,0.245,0.022,0.000,0.008,0.043,0.000,5.107,0.017,5.034,0.055,8120,15600,,2.00,2,0,8224x5140,P,1
2085,8.341,0.000,0.261,0.024,0.000,0.008,0.037,0.000,5.104,0.018,5.030,0.055,8120,15600,,2.00,2,0,8224x5140,P,1
2086,8.420,0.673,0.238,0.032,0.000,0.011,0.049,0.000,5.104,0.017,5.032,0.055,8120,15600,,2.00,2,0,8224x5140,P,1
2087,8.248,0.000,0.261,0.048,0.000,0.016,0.035,0.000,5.101,0.014,5.032,0.055,8120,15600,,2.00,2,0,8224x5140,P,1
2088,8.364,0.696,0.216,0.033,0.000,0.011,0.046,0.000,5.102,0.017,5.031,0.054,8120,15600,,2.00,2,0,8224x5140,P,1
2089,8.301,0.000,0.271,0.048,0.000,0.015,0.036,0.000,5.102,0.017,5.034,0.050,8120,15600,,2.00,2,0,8224x5140,P,1
2090,8.296,0.606,0.225,0.035,0.000,0.010,0.035,0.000,5.095,0.016,5.028,0.050,8120,15600,,2.00,2,0,8224x5140,P,1
2091,8.272,0.000,0.272,0.031,0.000,0.011,0.037,0.000,5.100,0.014,5.033,0.054,8120,15600,,2.00,2,0,8224x5140,P,1
2092,8.365,0.580,0.215,0.024,0.000,0.008,0.047,0.000,5.103,0.017,5.033,0.054,8120,15600,,2.00,2,0,8224x5140,P,1
2093,8.320,0.000,0.245,0.029,0.000,0.012,0.034,0.000,5.100,0.018,5.029,0.053,8120,15600,,2.00,2,0,8224x5140,P,1
2094,8.325,0.626,0.250,0.032,0.000,0.014,0.036,0.000,5.096,0.016,5.028,0.052,8120,15600,,2.00,2,0,8224x5140,P,1
2095,8.604,0.000,0.256,0.022,0.000,0.008,0.042,0.000,5.102,0.017,5.030,0.054,8120,15600,,2.00,2,0,8224x5140,P,1
2096,8.204,0.721,0.228,0.025,0.000,0.008,0.036,0.000,5.106,0.016,5.033,0.056,8120,15600,,2.00,2,0,8224x5140,P,1
2097,8.240,0.000,0.281,0.023,0.000,0.007,0.025,0.000,5.101,0.018,5.029,0.055,8120,15600,,2.00,2,0,8224x5140,P,1
2098,8.022,0.635,0.228,0.025,0.000,0.008,0.038,0.000,5.104,0.016,5.031,0.057,8120,15600,tshadow_off,2.00,2,0,8224x5140,N,2
2099,8.599,0.000,0.286,0.023,0.000,0.008,0.040,0.000,2.545,0.017,2.465,0.062,8120,15600,,2.00,2,0,8224x5140,N,2
2100,8.303,0.902,0.249,0.030,0.000,0.010,0.050,0.000,2.530,0.016,2.451,0.063,8120,15600,,2.00,2,0,8224x5140,N,2
2101,8.295,0.000,0.286,0.025,0.000,0.014,0.043,0.000,2.548,0.016,2.475,0.056,8120,15600,,2.00,2,0,8224x5140,N,2
2102,8.366,0.742,0.268,0.023,0.000,0.007,0.039,0.000,2.596,0.018,2.519,0.060,8120,15600,,2.00,2,0,8224x5140,N,2
2103,8.334,0.000,0.304,0.025,0.000,0.009,0.042,0.000,2.625,0.018,2.550,0.058,8120,15600,,2.00,2,0,8224x5140,N,2
2104,8.294,0.861,0.280,0.027,0.000,0.009,0.033,0.000,2.657,0.017,2.580,0.059,8120,15600,,2.00,2,0,8224x5140,N,2
2105,8.364,0.000,0.309,0.024,0.000,0.008,0.038,0.000,2.669,0.017,2.593,0.059,8120,15600,,2.00,2,0,8224x5140,N,2
2106,8.347,0.907,0.286,0.029,0.000,0.010,0.058,0.000,2.667,0.018,2.589,0.061,8120,15600,,2.00,2,0,8224x5140,N,2
2107,8.331,0.000,0.326,0.024,0.000,0.009,0.056,0.000,2.657,0.018,2.580,0.058,8120,15600,,2.00,2,0,8224x5140,N,2
2108,8.258,0.914,0.312,0.029,0.000,0.010,0.040,0.000,2.653,0.020,2.573,0.060,8120,15600,,2.00,2,0,8224x5140,N,2
2109,8.352,0.000,0.353,0.029,0.000,0.011,0.041,0.000,2.735,0.019,2.656,0.061,8120,15600,,2.00,2,0,8224x5140,N,2
2110,8.365,0.975,0.322,0.031,0.000,0.011,0.044,0.000,2.779,0.021,2.698,0.060,8120,15600,,2.00,2,0,8224x5140,N,2
2111,8.283,0.000,0.377,0.032,0.000,0.010,0.042,0.000,2.790,0.020,2.711,0.060,8120,15600,,2.00,2,0,8224x5140,N,2
2112,8.373,1.024,0.332,0.033,0.000,0.010,0.043,0.000,2.806,0.022,2.724,0.060,8120,15600,,2.00,2,0,8224x5140,N,2
2113,8.313,0.000,0.381,0.034,0.000,0.012,0.050,0.000,2.884,0.021,2.806,0.057,8120,15600,,2.00,2,0,8224x5140,N,2
2114,8.306,1.187,0.390,0.042,0.000,0.018,0.056,0.000,2.900,0.024,2.814,0.061,8120,15600,,2.00,2,0,8224x5140,N,2
2115,8.089,0.000,0.476,0.039,0.000,0.022,0.044,0.000,2.940,0.026,2.853,0.060,8120,15600,,2.00,2,0,8224x5140,N,2
2116,8.445,1.120,0.374,0.038,0.000,0.012,0.073,0.000,3.249,0.027,3.160,0.062,8120,15600,,2.00,2,0,8224x5140,N,2
2117,8.326,0.000,0.453,0.039,0.000,0.013,0.067,0.000,3.257,0.030,3.165,0.062,8120,15600,,2.00,2,0,8224x5140,N,2
2118,8.306,1.433,0.435,0.038,0.000,0.012,0.086,0.000,3.237,0.029,3.147,0.060,8120,15600,,2.00,2,0,8224x5140,N,2
2119,8.370,0.000,0.583,0.042,0.000,0.013,0.083,0.000,3.339,0.029,3.252,0.057,8120,15600,,2.00,2,0,8224x5140,N,2
2120,8.407,1.326,0.574,0.090,0.000,0.023,0.092,0.000,3.553,0.029,3.466,0.058,8120,15600,,2.00,2,0,8224x5140,N,2
2121,8.170,0.000,0.571,0.072,0.000,0.021,0.071,0.000,3.650,0.038,3.547,0.065,8120,15600,,2.00,2,0,8224x5140,N,2
2122,8.307,1.456,0.441,0.056,0.000,0.016,0.060,0.000,3.587,0.039,3.488,0.060,8120,15600,,2.00,2,0,8224x5140,N,2
2123,8.260,0.000,0.527,0.046,0.000,0.015,0.061,0.000,4.052,0.041,3.937,0.073,8120,15600,,2.00,2,0,8224x5140,N,2
2124,8.446,1.280,0.457,0.047,0.000,0.015,0.078,0.000,4.110,0.044,3.994,0.072,8120,15600,,2.00,2,0,8224x5140,N,2
2125,8.254,0.000,0.739,0.059,0.000,0.023,0.062,0.000,4.127,0.044,4.015,0.068,8120,15600,,2.00,2,0,8224x5140,N,2
2126,8.176,1.454,0.624,0.060,0.000,0.016,0.070,0.000,4.454,0.046,4.338,0.070,8120,15600,,2.00,2,0,8224x5140,N,2
2127,8.858,0.000,1.098,0.232,0.000,0.093,0.183,0.000,4.981,0.052,4.861,0.068,8120,15600,,2.00,2,0,8224x5140,N,2
2128,7.757,1.855,0.726,0.104,0.000,0.042,0.075,0.000,5.035,0.028,4.943,0.064,8120,15600,,2.00,2,0,8224x5140,N,2
2129,8.293,0.000,0.517,0.065,0.000,0.018,0.073,0.000,4.841,0.023,4.749,0.068,8120,15600,,2.00,2,0,8224x5140,N,2
2130,8.847,1.497,0.540,0.063,0.000,0.018,0.101,0.000,5.187,0.048,5.065,0.074,8120,15600,,2.00,2,0,8224x5140,N,2
2131,8.612,0.000,0.907,0.232,0.000,0.081,0.076,0.000,4.933,0.035,4.833,0.066,8120,15600,,2.00,2,0,8224x5140,N,2
2132,8.292,1.391,0.585,0.187,0.000,0.033,0.066,0.000,5.121,0.037,5.019,0.065,8120,15600,,2.00,2,0,8224x5140,N,2
2133,7.702,0.000,0.391,0.060,0.000,0.016,0.089,0.000,5.219,0.028,5.126,0.064,8120,15600,,2.00,2,0,8224x5140,N,2
2134,8.434,0.890,0.321,0.061,0.000,0.017,0.046,0.000,5.499,0.028,5.409,0.063,8120,15600,,2.00,2,0,8224x5140,N,2
2135,7.968,0.000,0.318,0.051,0.000,0.014,0.046,0.000,5.064,0.028,4.973,0.063,8120,15600,,2.00,2,0,8224x5140,N,2
2136,16.679,0.698,0.306,0.059,0.000,0.015,0.051,0.000,5.141,0.028,5.052,0.061,8120,15600,,2.00,2,0,8224x5140,N,2
2137,8.297,0.678,0.267,0.068,0.000,0.021,0.043,0.000,5.345,0.034,5.250,0.062,8120,15600,,2.00,2,0,8224x5140,N,2
2138,8.222,0.000,0.289,0.054,0.000,0.014,0.042,0.000,5.399,0.028,5.309,0.062,8120,15600,,2.00,2,0,8224x5140,N,2
2139,8.440,0.595,0.395,0.053,0.000,0.017,0.051,0.000,5.013,0.028,4.926,0.059,8120,15600,,2.00,2,0,8224x5140,N,2
2140,8.259,0.000,0.267,0.056,0.000,0.013,0.047,0.000,4.966,0.033,4.872,0.062,8120,15600,,2.00,2,0,8224x5140,N,2
2141,8.249,0.595,0.283,0.070,0.000,0.020,0.044,0.000,5.005,0.028,4.915,0.062,8120,15600,,2.00,2,0,8224x5140,N,2
2142,8.316,0.000,0.383,0.050,0.000,0.014,0.045,0.000,5.025,0.030,4.935,0.061,8120,15600,,2.00,2,0,8224x5140,N,2
2143,8.293,0.600,0.259,0.052,0.000,0.015,0.042,0.000,5.004,0.033,4.911,0.059,8120,15600,,2.00,2,0,8224x5140,N,2
2144,8.322,0.000,0.275,0.044,0.000,0.015,0.041,0.000,5.046,0.029,4.957,0.060,8120,15600,,2.00,2,0,8224x5140,N,2
2145,8.363,0.560,0.225,0.051,0.000,0.016,0.049,0.000,4.999,0.032,4.904,0.062,8120,15600,,2.00,2,0,8224x5140,N,2
2146,8.269,0.000,0.247,0.058,0.000,0.015,0.042,0.000,5.028,0.029,4.937,0.063,8120,15600,,2.00,2,0,8224x5140,N,2
2147,8.311,0.599,0.236,0.054,0.000,0.014,0.040,0.000,5.048,0.029,4.959,0.059,8120,15600,,2.00,2,0,8224x5140,N,2
2148,8.416,0.000,0.254,0.050,0.000,0.013,0.038,0.000,4.883,0.033,4.790,0.060,8120,15600,,2.00,2,0,8224x5140,N,2
2149,8.232,0.568,0.226,0.064,0.000,0.018,0.044,0.000,4.847,0.034,4.753,0.061,8120,15600,,2.00,2,0,8224x5140,N,2
2150,8.315,0.000,0.270,0.050,0.000,0.017,0.040,0.000,5.052,0.029,4.961,0.062,8120,15600,,2.00,2,0,8224x5140,N,2
2151,8.317,0.567,0.221,0.050,0.000,0.016,0.043,0.000,5.005,0.032,4.909,0.063,8120,15600,,2.00,2,0,8224x5140,N,2
2152,8.315,0.000,0.266,0.047,0.000,0.014,0.038,0.000,5.047,0.028,4.957,0.062,8120,15600,,2.00,2,0,8224x5140,N,2
2153,8.351,0.548,0.232,0.047,0.000,0.015,0.045,0.000,5.013,0.032,4.919,0.062,8120,15600,,2.00,2,0,8224x5140,N,2
2154,8.380,0.000,0.255,0.046,0.000,0.017,0.052,0.000,5.041,0.029,4.952,0.060,8120,15600,,2.00,2,0,8224x5140,N,2
2155,8.268,0.730,0.265,0.060,0.000,0.018,0.042,0.000,4.983,0.032,4.888,0.062,8120,15600,,2.00,2,0,8224x5140,N,2
2156,8.351,0.000,0.257,0.045,0.000,0.014,0.051,0.000,5.040,0.029,4.952,0.059,8120,15600,,2.00,2,0,8224x5140,N,2
2157,8.306,0.610,0.239,0.055,0.000,0.015,0.048,0.000,4.989,0.033,4.896,0.060,8120,15600,,2.00,2,0,8224x5140,N,2
2158,8.310,0.000,0.271,0.049,0.000,0.014,0.047,0.000,5.036,0.029,4.946,0.061,8120,15600,,2.00,2,0,8224x5140,N,2
2159,8.434,0.608,0.233,0.049,0.000,0.016,0.057,0.000,5.005,0.033,4.912,0.060,8120,15600,,2.00,2,0,8224x5140,N,2
2160,8.140,0.000,0.284,0.059,0.000,0.016,0.037,0.000,5.028,0.031,4.936,0.061,8120,15600,,2.00,2,0,8224x5140,N,2
2161,8.403,0.742,0.224,0.042,0.000,0.014,0.042,0.000,5.075,0.029,4.986,0.060,8120,15600,,2.00,2,0,8224x5140,N,2
2162,8.295,0.000,0.265,0.031,0.000,0.009,0.037,0.000,5.150,0.033,5.044,0.072,8120,15600,,2.00,2,0,8224x5140,N,2
2163,8.338,0.698,0.220,0.028,0.000,0.009,0.047,0.000,5.265,0.030,5.172,0.064,8120,15600,,2.00,2,0,8224x5140,N,2
2164,8.278,0.000,0.267,0.035,0.000,0.013,0.043,0.000,5.357,0.030,5.240,0.087,8120,15600,,2.00,2,0,8224x5140,N,2
2165,8.410,0.712,0.228,0.032,0.000,0.010,0.034,0.000,5.050,0.029,4.948,0.073,8120,15600,,2.00,2,0,8224x5140,N,2
2166,8.279,0.000,0.259,0.026,0.000,0.013,0.046,0.000,4.920,0.033,4.811,0.076,8120,15600,,2.00,2,0,8224x5140,N,2
2167,8.344,0.819,0.249,0.030,0.000,0.014,0.040,0.000,4.869,0.032,4.758,0.079,8120,15600,,2.00,2,0,8224x5140,N,2
2168,8.364,0.000,0.293,0.024,0.000,0.008,0.034,0.000,5.070,0.033,4.965,0.072,8120,15600,,2.00,2,0,8224x5140,N,2
2169,8.343,0.726,0.245,0.024,0.000,0.011,0.040,0.000,4.878,0.031,4.771,0.077,8120,15600,,2.00,2,0,8224x5140,N,2
2170,8.256,0.000,0.289,0.024,0.000,0.009,0.041,0.000,4.961,0.033,4.858,0.070,8120,15600,,2.00,2,0,8224x5140,N,2
2171,8.341,0.720,0.261,0.026,0.000,0.008,0.040,0.000,4.962,0.029,4.851,0.082,8120,15600,,2.00,2,0,8224x5140,N,2
2172,8.388,0.000,0.308,0.035,0.000,0.012,0.036,0.000,4.942,0.034,4.837,0.071,8120,15600,,2.00,2,0,8224x5140,N,2
2173,8.293,0.855,0.261,0.030,0.000,0.009,0.033,0.000,4.806,0.026,4.702,0.078,8120,15600,,2.00,2,0,8224x5140,N,2
2174,8.335,0.000,0.321,0.029,0.000,0.013,0.057,0.000,4.827,0.026,4.735,0.066,8120,15600,,2.00,2,0,8224x5140,N,2
2175,8.382,0.767,0.281,0.028,0.000,0.010,0.036,0.000,4.853,0.026,4.760,0.067,8120,15600,,2.00,2,0,8224x5140,N,2
2176,8.300,0.000,0.352,0.034,0.000,0.011,0.049,0.000,4.771,0.027,4.671,0.073,8120,15600,,2.00,2,0,8224x5140,N,2
2177,8.302,0.824,0.313,0.035,0.000,0.011,0.048,0.000,4.736,0.026,4.637,0.072,8120,15600,,2.00,2,0,8224x5140,N,2
2178,8.487,0.000,0.325,0.030,0.000,0.009,0.068,0.000,4.905,0.027,4.806,0.072,8120,15600,,2.00,2,0,8224x5140,N,2
2179,8.174,1.151,0.317,0.051,0.000,0.016,0.041,0.000,4.852,0.027,4.755,0.070,8120,15600,,2.00,2,0,8224x5140,N,2
2180,8.518,0.000,0.349,0.036,0.000,0.012,0.067,0.000,4.859,0.028,4.761,0.071,8120,15600,,2.00,2,0,8224x5140,N,2
2181,8.197,0.950,0.343,0.032,0.000,0.011,0.074,0.000,4.912,0.027,4.807,0.078,8120,15600,,2.00,2,0,8224x5140,N,2
2182,8.476,0.000,0.402,0.039,0.000,0.013,0.112,0.000,4.726,0.025,4.631,0.069,8120,15600,,2.00,2,0,8224x5140,N,2
2183,8.216,1.062,0.396,0.047,0.000,0.016,0.056,0.000,4.995,0.032,4.891,0.072,8120,15600,,2.00,2,0,8224x5140,N,2
2184,8.296,0.000,0.423,0.049,0.000,0.020,0.061,0.000,4.898,0.028,4.799,0.070,8120,15600,,2.00,2,0,8224x5140,N,2
2185,8.327,1.087,0.414,0.042,0.000,0.013,0.070,0.000,4.899,0.038,4.779,0.082,8120,15600,,2.00,2,0,8224x5140,N,2
2186,8.364,0.000,0.430,0.042,0.000,0.012,0.065,0.000,4.820,0.028,4.724,0.068,8120,15600,,2.00,2,0,8224x5140,N,2
2187,8.255,1.244,0.364,0.051,0.000,0.016,0.057,0.000,4.692,0.037,4.591,0.064,8120,15600,,2.00,2,0,8224x5140,N,2
2188,8.365,0.000,0.342,0.044,0.000,0.013,0.052,0.000,5.025,0.033,4.919,0.074,8120,15600,,2.00,2,0,8224x5140,N,2
2189,8.291,0.956,0.348,0.041,0.000,0.013,0.056,0.000,5.098,0.030,4.995,0.073,8120,15600,,2.00,2,0,8224x5140,N,2
2190,8.258,0.000,0.364,0.032,0.000,0.010,0.042,0.000,4.967,0.030,4.863,0.074,8120,15600,,2.00,2,0,8224x5140,N,2
2191,8.731,0.932,0.335,0.033,0.000,0.011,0.098,0.000,5.062,0.029,4.953,0.080,8120,15600,,2.00,2,0,8224x5140,N,2
2192,11.295,0.000,0.461,0.078,0.000,0.030,0.078,0.000,4.946,0.031,4.746,0.170,8120,15600,,2.00,2,0,8224x5140,N,2
2193,6.545,1.001,0.579,0.062,0.000,0.018,0.066,0.000,4.425,0.028,4.204,0.194,8120,15600,,2.00,2,0,8224x5140,N,2
2194,6.832,0.000,0.356,0.052,0.000,0.015,0.059,0.000,4.228,0.023,4.144,0.061,8120,15600,,2.00,2,0,8224x5140,N,2
2195,8.244,0.973,0.322,0.063,0.000,0.017,0.062,0.000,4.012,0.021,3.932,0.059,8120,15600,,2.00,2,0,8224x5140,N,2
2196,8.235,0.000,0.335,0.074,0.000,0.021,0.081,0.000,3.813,0.023,3.732,0.058,8120,15600,,2.00,2,0,8224x5140,N,2
2197,8.161,0.826,0.290,0.078,0.000,0.021,0.055,0.000,3.644,0.024,3.565,0.056,8120,15600,,2.00,2,0,8224x5140,N,2
2198,8.201,0.000,0.288,0.046,0.000,0.013,0.036,0.000,3.555,0.021,3.476,0.058,8120,15600,,2.00,2,0,8224x5140,N,2
2199,8.310,0.738,0.267,0.042,0.000,0.012,0.039,0.000,3.520,0.020,3.443,0.057,8120,15600,,2.00,2,0,8224x5140,N,2
2200,8.298,0.000,0.287,0.030,0.000,0.009,0.034,0.000,3.526,0.020,3.446,0.060,8120,15600,,2.00,2,0,8224x5140,N,2
2201,8.319,0.686,0.256,0.032,0.000,0.010,0.031,0.000,3.410,0.020,3.331,0.059,8120,15600,,2.00,2,0,8224x5140,N,2
2202,8.328,0.000,0.269,0.027,0.000,0.007,0.033,0.000,3.238,0.021,3.160,0.057,8120,15600,,2.00,2,0,8224x5140,N,2
2203,8.434,0.703,0.237,0.028,0.000,0.009,0.026,0.000,3.155,0.019,3.079,0.058,8120,15600,,2.00,2,0,8224x5140,N,2
2204,8.248,0.000,0.286,0.025,0.000,0.009,0.034,0.000,3.154,0.019,3.078,0.058,8120,15600,,2.00,2,0,8224x5140,N,2
2205,8.281,0.697,0.233,0.027,0.000,0.010,0.025,0.000,3.167,0.019,3.092,0.056,8120,15600,,2.00,2,0,8224x5140,N,2
2206,8.518,0.000,0.275,0.024,0.000,0.008,0.032,0.000,4.467,0.747,3.664,0.055,8120,15600,,2.00,2,0,8224x5140,N,2
2207,8.219,0.618,0.222,0.026,0.000,0.008,0.046,0.000,3.111,0.019,3.035,0.057,8120,15600,,2.00,2,0,8224x5140,N,2
2208,8.530,0.000,0.269,0.039,0.000,0.011,0.043,0.000,3.060,0.019,2.985,0.055,8120,15600,,2.00,2,0,8224x5140,N,2
2209,8.255,0.618,0.226,0.032,0.000,0.012,0.035,0.000,2.960,0.019,2.885,0.056,8120,15600,,2.00,2,0,8224x5140,N,2
2210,8.085,0.000,0.259,0.024,0.000,0.016,0.024,0.000,2.902,0.017,2.829,0.056,8120,15600,,2.00,2,0,8224x5140,N,2
2211,8.547,0.599,0.235,0.026,0.000,0.011,0.042,0.000,2.929,0.018,2.856,0.056,8120,15600,,2.00,2,0,8224x5140,N,2
2212,8.371,0.000,0.400,0.056,0.000,0.015,0.053,0.000,2.926,0.018,2.853,0.056,8120,15600,,2.00,2,0,8224x5140,N,2
2213,8.294,0.793,0.256,0.071,0.000,0.021,0.054,0.000,2.920,0.018,2.847,0.055,8120,15600,,2.00,2,0,8224x5140,N,2
2214,8.226,0.000,0.405,0.052,0.000,0.018,0.047,0.000,2.948,0.018,2.875,0.055,8120,15600,,2.00,2,0,8224x5140,N,2
2215,8.340,0.743,0.264,0.067,0.000,0.019,0.050,0.000,2.939,0.018,2.867,0.054,8120,15600,,2.00,2,0,8224x5140,N,2
2216,8.297,0.000,0.386,0.049,0.000,0.015,0.044,0.000,2.937,0.018,2.863,0.055,8120,15600,,2.00,2,0,8224x5140,N,2
2217,8.330,0.668,0.259,0.056,0.000,0.017,0.043,0.000,2.941,0.018,2.869,0.055,8120,15600,,2.00,2,0,8224x5140,N,2
2218,8.369,0.000,0.359,0.050,0.000,0.018,0.056,0.000,2.928,0.018,2.854,0.056,8120,15600,,2.00,2,0,8224x5140,N,2
2219,8.385,0.784,0.303,0.075,0.000,0.025,0.102,0.000,2.934,0.018,2.860,0.056,8120,15600,,2.00,2,0,8224x5140,N,2
2220,8.217,0.000,0.339,0.052,0.000,0.015,0.047,0.000,2.930,0.018,2.856,0.056,8120,15600,,2.00,2,0,8224x5140,N,2
2221,8.284,0.760,0.267,0.065,0.000,0.025,0.046,0.000,2.995,0.018,2.878,0.100,8120,15600,,2.00,2,0,8224x5140,N,2
2222,16.708,0.000,0.272,0.075,0.000,0.022,0.060,0.000,2.966,0.016,2.864,0.086,8120,15600,,2.00,2,0,8224x5140,N,2
2223,8.281,0.775,0.255,0.075,0.000,0.022,0.051,0.000,2.940,0.018,2.867,0.055,8120,15600,,2.00,2,0,8224x5140,N,2
2224,8.334,0.725,0.269,0.062,0.000,0.018,0.055,0.000,2.942,0.018,2.870,0.055,8120,15600,,2.00,2,0,8224x5140,N,2
2225,8.401,0.000,0.382,0.051,0.000,0.014,0.043,0.000,3.009,0.019,2.936,0.054,8120,15600,,2.00,2,0,8224x5140,N,2
2226,8.250,0.635,0.258,0.058,0.000,0.020,0.056,0.000,3.087,0.019,3.011,0.057,8120,15600,,2.00,2,0,8224x5140,N,2
2227,8.345,0.000,0.314,0.058,0.000,0.019,0.057,0.000,3.161,0.019,3.088,0.054,8120,15600,,2.00,2,0,8224x5140,N,2
2228,8.304,0.709,0.251,0.071,0.000,0.020,0.047,0.000,3.171,0.019,3.098,0.055,8120,15600,,2.00,2,0,8224x5140,N,2
2229,8.272,0.000,0.268,0.055,0.000,0.016,0.051,0.000,3.166,0.019,3.091,0.056,8120,15600,,2.00,2,0,8224x5140,N,2
2230,8.322,0.715,0.283,0.068,0.000,0.021,0.053,0.000,3.159,0.019,3.083,0.058,8120,15600,,2.00,2,0,8224x5140,N,2
2231,8.353,0.000,0.317,0.049,0.000,0.014,0.046,0.000,3.165,0.019,3.087,0.058,8120,15600,,2.00,2,0,8224x5140,N,2
2232,8.283,0.635,0.235,0.068,0.000,0.021,0.084,0.000,3.184,0.019,3.109,0.056,8120,15600,,2.00,2,0,8224x5140,N,2
2233,8.419,0.000,0.403,0.052,0.000,0.015,0.044,0.000,3.336,0.021,3.259,0.056,8120,15600,,2.00,2,0,8224x5140,N,2
2234,8.226,0.703,0.248,0.059,0.000,0.019,0.060,0.000,3.467,0.020,3.391,0.056,8120,15600,,2.00,2,0,8224x5140,N,2
2235,8.821,0.000,0.364,0.050,0.000,0.015,0.051,0.000,3.567,0.021,3.446,0.100,8120,15600,,2.00,2,0,8224x5140,N,2
2236,7.817,0.619,0.243,0.063,0.000,0.016,0.047,0.000,3.211,0.018,3.101,0.093,8120,15600,,2.00,2,0,8224x5140,N,2
2237,8.302,0.001,0.269,0.054,0.000,0.015,0.048,0.000,3.244,0.020,3.167,0.057,8120,15600,,2.00,2,0,8224x5140,N,2
2238,8.352,0.606,0.238,0.064,0.000,0.016,0.055,0.000,3.248,0.021,3.172,0.056,8120,15600,,2.00,2,0,8224x5140,N,2
2239,8.297,0.000,0.260,0.050,0.000,0.017,0.053,0.000,3.319,0.020,3.244,0.055,8120,15600,,2.00,2,0,8224x5140,N,2
2240,8.303,0.798,0.261,0.067,0.001,0.020,0.052,0.000,3.407,0.021,3.331,0.055,8120,15600,,2.00,2,0,8224x5140,N,2
2241,8.347,0.000,0.257,0.053,0.000,0.017,0.062,0.000,3.422,0.020,3.346,0.055,8120,15600,,2.00,2,0,8224x5140,N,2
2242,8.263,0.651,0.271,0.072,0.000,0.020,0.047,0.000,3.474,0.021,3.397,0.056,8120,15600,,2.00,2,0,8224x5140,N,2
2243,8.430,0.000,0.262,0.051,0.000,0.015,0.067,0.000,3.523,0.020,3.447,0.056,8120,15600,,2.00,2,0,8224x5140,N,2
2244,8.285,0.616,0.258,0.062,0.000,0.019,0.054,0.000,3.523,0.020,3.444,0.059,8120,15600,,2.00,2,0,8224x5140,N,2
2245,8.292,0.000,0.287,0.049,0.000,0.016,0.043,0.000,3.524,0.020,3.446,0.057,8120,15600,,2.00,2,0,8224x5140,N,2
2246,8.508,0.642,0.246,0.061,0.000,0.018,0.052,0.000,3.521,0.020,3.444,0.057,8120,15600,,2.00,2,0,8224x5140,N,2
2247,8.268,0.000,0.320,0.050,0.000,0.014,0.050,0.000,3.570,0.021,3.484,0.065,8120,15600,,2.00,2,0,8224x5140,N,2
2248,8.263,0.835,0.296,0.047,0.000,0.013,0.039,0.000,3.640,0.023,3.556,0.062,8120,15600,,2.00,2,0,8224x5140,N,2
2249,8.357,0.000,0.459,0.031,0.000,0.011,0.046,0.000,3.817,0.022,3.732,0.062,8120,15600,,2.00,2,0,8224x5140,N,2
2250,8.309,0.787,0.291,0.043,0.000,0.012,0.039,0.000,4.009,0.023,3.922,0.064,8120,15600,,2.00,2,0,8224x5140,N,2
2251,8.328,0.000,0.354,0.031,0.000,0.010,0.065,0.000,4.095,0.024,3.995,0.076,8120,15600,,2.00,2,0,8224x5140,N,2
2252,8.429,0.921,0.312,0.035,0.000,0.011,0.064,0.000,4.100,0.024,4.004,0.072,8120,15600,,2.00,2,0,8224x5140,N,2
2253,8.075,0.000,0.333,0.030,0.000,0.009,0.050,0.000,4.111,0.024,4.019,0.068,8120,15600,,2.00,2,0,8224x5140,N,2
2254,8.618,0.855,0.280,0.037,0.000,0.012,0.064,0.000,4.021,0.024,3.936,0.061,8120,15600,,2.00,2,0,8224x5140,N,2
2255,8.071,0.000,0.375,0.052,0.000,0.019,0.070,0.000,4.181,0.027,4.090,0.064,8120,15600,,2.00,2,0,8224x5140,N,2
2256,8.262,1.024,0.360,0.052,0.000,0.015,0.042,0.000,4.417,0.026,4.329,0.063,8120,15600,,2.00,2,0,8224x5140,N,2
2257,8.420,0.000,0.380,0.048,0.000,0.017,0.057,0.000,4.769,0.026,4.679,0.064,8120,15600,,2.00,2,0,8224x5140,N,2
2258,8.286,1.241,0.415,0.048,0.000,0.015,0.077,0.000,4.819,0.027,4.712,0.081,8120,15600,,2.00,2,0,8224x5140,N,2
2259,8.384,0.000,0.383,0.045,0.000,0.015,0.071,0.000,4.845,0.027,4.743,0.076,8120,15600,,2.00,2,0,8224x5140,N,2
2260,8.293,1.416,0.395,0.047,0.000,0.015,0.050,0.000,4.695,0.027,4.599,0.069,8120,15600,,2.00,2,0,8224x5140,N,2
2261,8.313,0.000,0.442,0.046,0.000,0.014,0.061,0.000,4.894,0.034,4.791,0.068,8120,15600,,2.00,2,0,8224x5140,N,2
2262,8.342,1.256,0.434,0.052,0.000,0.017,0.066,0.000,5.324,0.031,5.216,0.078,8120,15600,,2.00,2,0,8224x5140,N,2
2263,8.308,0.000,0.462,0.046,0.000,0.016,0.063,0.000,5.200,0.030,5.097,0.073,8120,15600,,2.00,2,0,8224x5140,N,2
2264,8.288,1.319,0.455,0.050,0.000,0.016,0.062,0.000,5.369,0.029,5.257,0.082,8120,15600,,2.00,2,0,8224x5140,N,2
2265,8.358,0.000,0.431,0.047,0.000,0.014,0.076,0.000,5.080,0.028,4.981,0.071,8120,15600,,2.00,2,0,8224x5140,N,2
2266,8.351,1.197,0.446,0.047,0.000,0.014,0.063,0.000,5.054,0.039,4.934,0.080,8120,15600,,2.00,2,0,8224x5140,N,2
2267,8.334,0.000,0.462,0.045,0.000,0.014,0.067,0.000,5.112,0.032,5.009,0.072,8120,15600,,2.00,2,0,8224x5140,N,2
2268,8.362,1.199,0.452,0.046,0.000,0.014,0.073,0.000,5.063,0.038,4.950,0.075,8120,15600,,2.00,2,0,8224x5140,N,2
2269,8.363,0.000,0.511,0.052,0.000,0.016,0.073,0.000,5.232,0.028,5.128,0.076,8120,15600,,2.00,2,0,8224x5140,N,2
2270,8.259,1.542,0.538,0.063,0.000,0.019,0.083,0.000,4.925,0.028,4.823,0.074,8120,15600,,2.00,2,0,8224x5140,N,2
2271,8.306,0.000,0.546,0.063,0.000,0.017,0.079,0.000,4.902,0.043,4.781,0.078,8120,15600,,2.00,2,0,8224x5140,N,2
2272,8.362,1.436,0.614,0.062,0.000,0.018,0.097,0.000,5.061,0.028,4.956,0.076,8120,15600,,2.00,2,0,8224x5140,N,2
2273,8.330,0.000,0.568,0.070,0.000,0.017,0.075,0.000,4.905,0.040,4.795,0.070,8120,15600,,2.00,2,0,8224x5140,N,2
2274,8.274,1.420,0.566,0.057,0.000,0.016,0.057,0.000,4.895,0.046,4.773,0.076,8120,15600,,2.00,2,0,8224x5140,N,2
2275,8.981,0.000,0.512,0.053,0.000,0.020,0.235,0.000,4.905,0.028,4.802,0.075,8120,15600,,2.00,2,0,8224x5140,N,2
2276,8.160,1.892,0.956,0.191,0.000,0.061,0.068,0.000,4.875,0.033,4.766,0.076,8120,15600,,2.00,2,0,8224x5140,N,2
2277,7.886,0.000,0.515,0.062,0.000,0.031,0.066,0.000,4.856,0.023,4.765,0.069,8120,15600,,2.00,2,0,8224x5140,N,2
2278,8.181,1.192,0.517,0.094,0.000,0.023,0.060,0.000,5.005,0.029,4.897,0.079,8120,15600,,2.00,2,0,8224x5140,N,2
2279,8.402,0.000,0.467,0.050,0.000,0.014,0.093,0.000,4.960,0.029,4.859,0.072,8120,15600,,2.00,2,0,8224x5140,N,2
2280,18.006,1.521,0.538,0.057,0.000,0.016,0.222,0.000,4.959,0.037,4.846,0.075,8120,15600,,2.00,2,0,8224x5140,N,2
2281,8.590,1.740,0.575,0.076,0.000,0.020,0.068,0.000,4.997,0.027,4.901,0.069,8120,15600,,2.00,2,0,8224x5140,N,2
2282,8.330,0.000,0.552,0.062,0.000,0.022,0.121,0.000,5.027,0.025,4.928,0.074,8120,15600,,2.00,2,0,8224x5140,N,2
2283,20.362,2.061,0.631,0.064,0.000,0.022,0.196,0.000,5.015,0.032,4.906,0.076,8120,15600,,2.00,2,0,8224x5140,N,2
2284,10.390,1.976,0.972,0.066,0.000,0.023,0.191,0.000,5.758,0.042,5.641,0.074,8120,15600,,2.00,2,0,8224x5140,N,2
2285,8.898,1.720,0.776,0.206,0.001,0.070,0.091,0.000,5.631,0.034,5.526,0.070,8120,15600,,2.00,2,0,8224x5140,N,2
2286,7.800,0.000,0.529,0.062,0.000,0.020,0.059,0.000,5.099,0.028,5.002,0.070,8120,15600,,2.00,2,0,8224x5140,N,2
2287,7.773,1.276,0.390,0.059,0.000,0.018,0.058,0.000,4.898,0.030,4.805,0.063,8120,15600,,2.00,2,0,8224x5140,N,2
2288,7.740,0.000,0.467,0.058,0.000,0.014,0.054,0.000,5.098,0.022,5.011,0.065,8120,15600,,2.00,2,0,8224x5140,N,2
2289,7.501,1.039,0.382,0.057,0.000,0.015,0.048,0.000,4.733,0.023,4.639,0.070,8120,15600,,2.00,2,0,8224x5140,N,2
2290,6.714,0.000,0.376,0.044,0.000,0.012,0.060,0.000,4.389,0.021,4.292,0.076,8120,15600,,2.00,2,0,8224x5140,N,2
2291,8.565,0.000,0.411,0.041,0.000,0.011,0.062,0.000,4.143,0.022,4.055,0.066,8120,15600,,2.00,2,0,8224x5140,N,2
2292,8.231,1.286,0.382,0.050,0.000,0.015,0.070,0.000,3.651,0.021,3.558,0.072,8120,15600,,2.00,2,0,8224x5140,N,2
2293,8.306,0.000,0.434,0.050,0.000,0.014,0.052,0.000,3.586,0.021,3.499,0.066,8120,15600,,2.00,2,0,8224x5140,N,2
2294,8.339,1.241,0.433,0.045,0.000,0.014,0.063,0.000,3.432,0.021,3.348,0.062,8120,15600,,2.00,2,0,8224x5140,N,2
2295,8.382,0.000,0.455,0.048,0.000,0.026,0.067,0.000,3.260,0.020,3.177,0.063,8120,15600,,2.00,2,0,8224x5140,N,2
2296,8.381,1.271,0.443,0.046,0.000,0.015,0.112,0.000,3.214,0.020,3.130,0.065,8120,15600,,2.00,2,0,8224x5140,N,2
2297,8.297,0.000,0.571,0.071,0.000,0.041,0.084,0.000,3.225,0.021,3.141,0.063,8120,15600,,2.00,2,0,8224x5140,N,2
2298,8.281,1.914,0.523,0.061,0.000,0.019,0.080,0.000,3.011,0.021,2.929,0.062,8120,15600,,2.00,2,0,8224x5140,N,2
2299,9.631,0.000,0.521,0.051,0.000,0.020,0.280,0.000,2.883,0.020,2.799,0.064,8120,15600,,2.00,2,0,8224x5140,N,2
2300,6.903,1.842,0.603,0.141,0.003,0.040,0.100,0.000,3.024,0.023,2.942,0.058,8120,15600,,2.00,2,0,8224x5140,N,2
2301,8.419,0.000,0.540,0.073,0.000,0.030,0.129,0.000,2.889,0.021,2.805,0.062,8120,15600,,2.00,2,0,8224x5140,N,2
2302,9.619,1.755,0.511,0.058,0.000,0.018,0.207,0.000,2.893,0.022,2.808,0.064,8120,15600,,2.00,2,0,8224x5140,N,2
2303,7.047,1.746,0.618,0.125,0.000,0.065,0.075,0.000,2.864,0.041,2.767,0.056,8120,15600,,2.00,2,0,8224x5140,N,2
2304,9.419,0.000,0.537,0.062,0.000,0.018,0.190,0.000,0.081,0.025,0.000,0.056,8120,15600,,2.00,2,0,8224x5140,N,2
2305,7.175,1.549,0.506,0.062,0.000,0.018,0.079,0.000,2.789,0.019,2.709,0.061,8120,15600,,2.00,2,0,8224x5140,N,2
2306,8.331,0.000,0.553,0.066,0.000,0.015,0.083,0.000,2.792,0.027,2.704,0.061,8120,15600,,2.00,2,0,8224x5140,N,2
2307,9.307,0.000,0.537,0.050,0.000,0.017,0.183,0.000,2.755,0.027,2.671,0.056,8120,15600,,2.00,2,0,8224x5140,N,2
2308,8.113,1.741,0.710,0.253,0.000,0.052,0.257,0.000,2.743,0.038,2.649,0.056,8120,15600,,2.00,2,0,8224x5140,N,2
2309,7.482,1.737,0.830,0.288,0.000,0.095,0.072,0.000,2.736,0.037,2.640,0.059,8120,15600,,2.00,2,0,8224x5140,N,2
2310,8.182,0.000,0.572,0.092,0.000,0.023,0.059,0.000,0.096,0.034,0.000,0.062,8120,15600,,2.00,2,0,8224x5140,N,2
2311,8.425,0.000,0.547,0.102,0.000,0.027,0.088,0.000,2.688,0.039,2.595,0.054,8120,15600,,2.00,2,0,8224x5140,N,2
2312,8.011,1.019,0.353,0.061,0.000,0.016,0.054,0.000,0.091,0.036,0.000,0.055,8120,15600,,2.00,2,0,8224x5140,N,2
2313,8.430,0.000,0.434,0.055,0.000,0.018,0.061,0.000,2.693,0.017,2.619,0.056,8120,15600,,2.00,2,0,8224x5140,N,2
2314,8.310,0.919,0.333,0.095,0.000,0.021,0.046,0.000,2.709,0.017,2.639,0.053,8120,15600,,2.00,2,0,8224x5140,N,2
2315,8.161,0.000,0.335,0.046,0.000,0.012,0.044,0.000,2.654,0.016,2.582,0.056,8120,15600,,2.00,2,0,8224x5140,N,2
2316,8.337,0.814,0.299,0.053,0.000,0.013,0.040,0.000,2.670,0.016,2.598,0.056,8120,15600,,2.00,2,0,8224x5140,N,2
2317,8.232,0.000,0.320,0.034,0.000,0.011,0.035,0.000,2.651,0.018,2.577,0.056,8120,15600,,2.00,2,0,8224x5140,N,2
2318,8.295,0.900,0.298,0.035,0.000,0.010,0.033,0.000,2.674,0.019,2.599,0.056,8120,15600,,2.00,2,0,8224x5140,N,2
2319,8.392,0.000,0.275,0.027,0.000,0.009,0.052,0.000,2.653,0.017,2.580,0.056,8120,15600,,2.00,2,0,8224x5140,N,2
2320,8.293,0.936,0.271,0.034,0.000,0.011,0.055,0.000,2.654,0.018,2.579,0.056,8120,15600,,2.00,2,0,8224x5140,N,2
2321,8.327,0.000,0.284,0.024,0.000,0.008,0.051,0.000,2.708,0.018,2.634,0.056,8120,15600,,2.00,2,0,8224x5140,N,2
2322,8.286,0.740,0.274,0.027,0.000,0.010,0.045,0.000,2.782,0.018,2.704,0.060,8120,15600,,2.00,2,0,8224x5140,N,2
2323,8.307,0.000,0.269,0.024,0.000,0.007,0.027,0.000,2.758,0.018,2.684,0.057,8120,15600,,2.00,2,0,8224x5140,N,2
2324,8.490,0.670,0.261,0.025,0.000,0.009,0.043,0.000,2.819,0.018,2.746,0.056,8120,15600,,2.00,2,0,8224x5140,N,2
2325,8.204,0.000,0.289,0.040,0.000,0.012,0.035,0.000,2.773,0.017,2.699,0.057,8120,15600,,2.00,2,0,8224x5140,N,2
2326,8.387,0.607,0.231,0.031,0.000,0.010,0.045,0.000,2.936,0.018,2.861,0.057,8120,15600,,2.00,2,0,8224x5140,N,2
2327,8.423,0.000,0.270,0.033,0.000,0.012,0.051,0.000,3.010,0.019,2.932,0.059,8120,15600,,2.00,2,0,8224x5140,N,2
2328,8.170,0.657,0.235,0.031,0.000,0.009,0.048,0.000,3.163,0.019,3.086,0.058,8120,15600,,2.00,2,0,8224x5140,N,2
2329,8.365,0.000,0.258,0.036,0.000,0.010,0.035,0.000,3.211,0.019,3.134,0.058,8120,15600,,2.00,2,0,8224x5140,N,2
2330,8.277,0.593,0.242,0.028,0.000,0.009,0.028,0.000,3.159,0.018,3.082,0.059,8120,15600,,2.00,2,0,8224x5140,N,2
2331,8.406,0.000,0.256,0.027,0.000,0.009,0.031,0.000,3.303,0.021,3.223,0.059,8120,15600,,2.00,2,0,8224x5140,N,2
2332,8.321,0.590,0.286,0.024,0.000,0.010,0.043,0.000,3.438,0.021,3.359,0.058,8120,15600,,2.00,2,0,8224x5140,N,2
2333,8.549,0.000,0.282,0.043,0.000,0.013,0.036,0.000,3.559,0.021,3.477,0.062,8120,15600,,2.00,2,0,8224x5140,N,2
2334,8.201,0.644,0.241,0.034,0.000,0.009,0.040,0.000,3.615,0.021,3.520,0.074,8120,15600,,2.00,2,0,8224x5140,N,2
2335,8.411,0.000,0.272,0.024,0.000,0.008,0.054,0.000,3.554,0.022,3.474,0.058,8120,15600,,2.00,2,0,8224x5140,N,2
2336,8.176,0.820,0.275,0.042,0.000,0.012,0.052,0.000,3.898,0.024,3.808,0.066,8120,15600,,2.00,2,0,8224x5140,N,2
2337,8.276,0.000,0.269,0.043,0.000,0.013,0.041,0.000,4.018,0.024,3.932,0.062,8120,15600,,2.00,2,0,8224x5140,N,2
2338,8.210,0.786,0.244,0.039,0.000,0.012,0.030,0.000,4.020,0.023,3.936,0.062,8120,15600,,2.00,2,0,8224x5140,N,2
2339,8.353,0.000,0.249,0.022,0.000,0.007,0.028,0.000,4.108,0.025,4.020,0.063,8120,15600,,2.00,2,0,8224x5140,N,2
2340,8.343,0.554,0.217,0.020,0.000,0.006,0.025,0.000,4.392,0.026,4.305,0.061,8120,15600,,2.00,2,0,8224x5140,N,2
2341,8.368,0.000,0.259,0.023,0.000,0.008,0.042,0.000,4.661,0.028,4.569,0.064,8120,15600,,2.00,2,0,8224x5140,N,2
2342,8.368,0.546,0.223,0.025,0.000,0.010,0.042,0.000,4.751,0.026,4.641,0.084,8120,15600,,2.00,2,0,8224x5140,N,2
2343,8.290,0.000,0.258,0.026,0.000,0.009,0.025,0.000,4.952,0.030,4.839,0.083,8120,15600,,2.00,2,0,8224x5140,N,2
2344,8.365,0.671,0.216,0.023,0.000,0.007,0.032,0.000,4.953,0.026,4.851,0.076,8120,15600,,2.00,2,0,8224x5140,N,2
2345,8.193,0.000,0.273,0.023,0.000,0.008,0.045,0.000,4.930,0.027,4.824,0.079,8120,15600,,2.00,2,0,8224x5140,N,2
2346,8.451,0.812,0.251,0.026,0.000,0.008,0.031,0.000,4.849,0.024,4.734,0.090,8120,15600,,2.00,2,0,8224x5140,N,2
2347,8.292,0.000,0.285,0.038,0.000,0.009,0.033,0.000,4.939,0.027,4.833,0.080,8120,15600,,2.00,2,0,8224x5140,N,2
2348,8.397,0.867,0.244,0.026,0.000,0.008,0.036,0.000,4.839,0.031,4.744,0.064,8120,15600,,2.00,2,0,8224x5140,N,2
2349,8.257,0.000,0.280,0.027,0.000,0.009,0.049,0.000,5.062,0.033,4.958,0.071,8120,15600,,2.00,2,0,8224x5140,N,2
2350,8.360,0.708,0.249,0.026,0.000,0.008,0.033,0.000,5.112,0.030,5.019,0.064,8120,15600,,2.00,2,0,8224x5140,N,2
2351,8.412,0.000,0.430,0.034,0.000,0.018,0.062,0.000,5.142,0.034,5.045,0.063,8120,15600,,2.00,2,0,8224x5140,N,2
2352,8.387,0.918,0.296,0.068,0.000,0.020,0.066,0.000,5.275,0.028,5.186,0.060,8120,15600,,2.00,2,0,8224x5140,N,2
2353,8.375,0.000,0.318,0.061,0.000,0.019,0.060,0.000,5.262,0.028,5.174,0.060,8120,15600,,2.00,2,0,8224x5140,N,2
2354,8.179,1.000,0.320,0.074,0.000,0.022,0.054,0.000,5.236,0.029,5.147,0.060,8120,15600,,2.00,2,0,8224x5140,N,2
2355,8.619,0.000,0.322,0.061,0.000,0.018,0.063,0.000,5.431,0.028,5.324,0.079,8120,15600,,2.00,2,0,8224x5140,N,2
2356,7.935,0.972,0.394,0.072,0.000,0.019,0.049,0.000,5.255,0.029,5.149,0.077,8120,15600,,2.00,2,0,8224x5140,N,2
2357,8.278,0.000,0.343,0.039,0.000,0.012,0.046,0.000,5.057,0.028,4.959,0.070,8120,15600,,2.00,2,0,8224x5140,N,2
2358,8.331,1.063,0.310,0.035,0.000,0.009,0.037,0.000,5.040,0.030,4.937,0.073,8120,15600,,2.00,2,0,8224x5140,N,2
2359,8.455,0.000,0.318,0.028,0.000,0.012,0.052,0.000,5.121,0.034,5.006,0.081,8120,15600,,2.00,2,0,8224x5140,N,2
2360,8.350,1.149,0.337,0.045,0.000,0.014,0.087,0.000,5.005,0.028,4.904,0.072,8120,15600,,2.00,2,0,8224x5140,N,2
2361,8.251,0.000,0.357,0.035,0.000,0.011,0.078,0.000,4.960,0.033,4.850,0.076,8120,15600,,2.00,2,0,8224x5140,N,2
2362,8.423,1.167,0.381,0.048,0.000,0.015,0.063,0.000,4.704,0.027,4.596,0.081,8120,15600,,2.00,2,0,8224x5140,N,2
2363,8.156,0.000,0.426,0.041,0.000,0.016,0.051,0.000,4.801,0.027,4.695,0.079,8120,15600,,2.00,2,0,8224x5140,N,2
2364,8.452,1.033,0.340,0.038,0.000,0.011,0.050,0.000,4.810,0.029,4.698,0.083,8120,15600,,2.00,2,0,8224x5140,N,2
2365,8.276,0.000,0.404,0.051,0.000,0.012,0.057,0.000,4.922,0.027,4.821,0.074,8120,15600,,2.00,2,0,8224x5140,N,2
2366,8.364,1.075,0.395,0.040,0.000,0.011,0.056,0.000,4.706,0.027,4.606,0.073,8120,15600,,2.00,2,0,8224x5140,N,2
2367,8.370,0.000,0.409,0.050,0.000,0.013,0.064,0.000,4.913,0.027,4.808,0.078,8120,15600,,2.00,2,0,8224x5140,N,2
2368,8.266,1.419,0.449,0.071,0.000,0.021,0.058,0.000,4.701,0.023,4.606,0.072,8120,15600,,2.00,2,0,8224x5140,N,2
2369,8.333,0.000,0.418,0.058,0.000,0.020,0.058,0.000,4.851,0.028,4.745,0.078,8120,15600,,2.00,2,0,8224x5140,N,2
2370,8.306,1.243,0.418,0.054,0.000,0.014,0.058,0.000,4.983,0.028,4.878,0.076,8120,15600,,2.00,2,0,8224x5140,N,2
2371,8.356,0.000,0.458,0.050,0.000,0.014,0.061,0.000,4.844,0.025,4.744,0.075,8120,15600,,2.00,2,0,8224x5140,N,2
2372,8.232,1.245,0.483,0.052,0.000,0.014,0.051,0.000,5.005,0.033,4.898,0.074,8120,15600,,2.00,2,0,8224x5140,N,2
2373,8.327,0.000,0.453,0.053,0.000,0.014,0.051,0.000,4.852,0.024,4.749,0.080,8120,15600,,2.00,2,0,8224x5140,N,2
2374,8.467,1.208,0.468,0.046,0.000,0.014,0.078,0.000,4.939,0.034,4.832,0.073,8120,15600,,2.00,2,0,8224x5140,N,2
2375,8.368,0.000,0.549,0.061,0.000,0.017,0.078,0.000,4.840,0.027,4.740,0.074,8120,15600,,2.00,2,0,8224x5140,N,2
2376,8.255,1.924,0.678,0.079,0.000,0.025,0.065,0.000,4.979,0.034,4.873,0.072,8120,15600,,2.00,2,0,8224x5140,N,2
2377,8.409,0.000,0.548,0.062,0.000,0.020,0.084,0.000,4.842,0.024,4.741,0.077,8120,15600,,2.00,2,0,8224x5140,N,2
2378,8.196,1.512,0.438,0.064,0.000,0.018,0.072,0.000,4.785,0.046,4.655,0.084,8120,15600,,2.00,2,0,8224x5140,N,2
2379,8.286,0.000,0.442,0.052,0.000,0.016,0.079,0.000,4.738,0.023,4.643,0.071,8120,15600,,2.00,2,0,8224x5140,N,2
2380,8.401,1.377,0.512,0.059,0.000,0.020,0.070,0.000,4.745,0.026,4.651,0.068,8120,15600,,2.00,2,0,8224x5140,N,2
2381,8.410,0.000,0.512,0.059,0.000,0.017,0.086,0.000,4.689,0.027,4.595,0.067,8120,15600,,2.00,2,0,8224x5140,N,2
2382,8.208,1.563,0.477,0.094,0.000,0.027,0.063,0.000,4.660,0.027,4.567,0.066,8120,15600,,2.00,2,0,8224x5140,N,2
2383,8.312,0.000,0.451,0.055,0.000,0.021,0.058,0.000,4.657,0.028,4.564,0.065,8120,15600,,2.00,2,0,8224x5140,N,2
2384,8.481,1.000,0.395,0.058,0.000,0.018,0.073,0.000,4.672,0.026,4.583,0.063,8120,15600,,2.00,2,0,8224x5140,N,2
2385,8.181,0.000,0.379,0.084,0.000,0.018,0.069,0.000,4.722,0.027,4.631,0.065,8120,15600,,2.00,2,0,8224x5140,N,2
2386,8.242,1.569,0.479,0.070,0.000,0.020,0.058,0.000,4.654,0.026,4.563,0.064,8120,15600,,2.00,2,0,8224x5140,N,2
2387,8.454,0.000,0.348,0.060,0.000,0.023,0.073,0.000,4.710,0.033,4.615,0.062,8120,15600,,2.00,2,0,8224x5140,N,2
2388,8.564,0.972,0.344,0.089,0.000,0.025,0.108,0.000,4.707,0.033,4.609,0.065,8120,15600,,2.00,2,0,8224x5140,N,2
2389,8.425,0.001,0.723,0.120,0.000,0.041,0.121,0.000,4.769,0.032,4.673,0.064,8120,15600,,2.00,2,0,8224x5140,N,2
2390,7.884,1.869,0.636,0.122,0.000,0.040,0.061,0.000,4.739,0.033,4.641,0.065,8120,15600,,2.00,2,0,8224x5140,N,2
2391,8.259,0.000,0.367,0.078,0.000,0.022,0.058,0.000,4.847,0.028,4.758,0.060,8120,15600,,2.00,2,0,8224x5140,N,2
2392,8.377,0.876,0.288,0.071,0.000,0.021,0.069,0.000,4.966,0.033,4.872,0.061,8120,15600,,2.00,2,0,8224x5140,N,2
2393,8.450,0.000,0.312,0.064,0.000,0.018,0.090,0.000,4.998,0.028,4.888,0.082,8120,15600,,2.00,2,0,8224x5140,N,2
2394,7.979,1.355,0.266,0.092,0.000,0.029,0.039,0.000,5.183,0.032,5.081,0.070,8120,15600,,2.00,2,0,8224x5140,N,2
2395,8.527,0.000,0.456,0.039,0.000,0.013,0.062,0.000,5.250,0.028,5.144,0.079,8120,15600,,2.00,2,0,8224x5140,N,2
2396,8.240,1.289,0.392,0.076,0.000,0.019,0.069,0.000,5.021,0.029,4.918,0.075,8120,15600,,2.00,2,0,8224x5140,N,2
2397,8.333,0.000,0.459,0.030,0.000,0.009,0.082,0.000,4.939,0.029,4.841,0.069,8120,15600,,2.00,2,0,8224x5140,N,2
2398,8.297,1.271,0.289,0.029,0.000,0.011,0.062,0.000,5.132,0.032,5.011,0.089,8120,15600,,2.00,2,0,8224x5140,N,2
2399,8.252,0.000,0.434,0.046,0.000,0.013,0.066,0.000,5.176,0.029,5.074,0.073,8120,15600,,2.00,2,0,8224x5140,N,2
2400,8.434,1.291,0.444,0.047,0.000,0.012,0.092,0.000,5.079,0.028,4.971,0.080,8120,15600,,2.00,2,0,8224x5140,N,2
2401,8.330,0.000,0.366,0.044,0.000,0.014,0.074,0.000,5.148,0.033,5.038,0.077,8120,15600,,2.00,2,0,8224x5140,N,2
2402,8.314,1.211,0.347,0.058,0.000,0.020,0.075,0.000,5.159,0.028,5.055,0.077,8120,15600,,2.00,2,0,8224x5140,N,2
2403,8.354,0.000,0.401,0.030,0.000,0.010,0.066,0.000,5.045,0.029,4.939,0.077,8120,15600,,2.00,2,0,8224x5140,N,2
2404,8.204,1.489,0.551,0.032,0.000,0.011,0.078,0.000,4.912,0.034,4.803,0.074,8120,15600,,2.00,2,0,8224x5140,N,2
2405,8.316,0.000,0.379,0.045,0.000,0.017,0.046,0.000,5.104,0.031,4.990,0.083,8120,15600,,2.00,2,0,8224x5140,N,2
2406,8.465,1.407,0.527,0.066,0.000,0.020,0.086,0.000,4.970,0.033,4.864,0.074,8120,15600,,2.00,2,0,8224x5140,N,2
2407,8.380,0.000,0.560,0.064,0.000,0.019,0.193,0.000,5.111,0.035,4.999,0.078,8120,15600,,2.00,2,0,8224x5140,N,2
2408,8.276,1.748,1.043,0.157,0.000,0.045,0.087,0.000,5.301,0.029,5.193,0.079,8120,15600,,2.00,2,0,8224x5140,N,2
2409,8.556,0.000,0.465,0.080,0.000,0.022,0.122,0.000,4.967,0.023,4.864,0.079,8120,15600,,2.00,2,0,8224x5140,N,2
2410,7.984,1.791,0.892,0.143,0.000,0.062,0.081,0.000,4.896,0.047,4.779,0.071,8120,15600,,2.00,2,0,8224x5140,N,2
2411,8.316,0.000,0.499,0.055,0.000,0.020,0.076,0.000,4.925,0.023,4.823,0.079,8120,15600,,2.00,2,0,8224x5140,N,2
2412,8.291,1.346,0.585,0.065,0.000,0.022,0.075,0.000,4.957,0.036,4.846,0.075,8120,15600,,2.00,2,0,8224x5140,N,2
2413,8.456,0.000,0.526,0.057,0.000,0.024,0.086,0.000,4.906,0.023,4.795,0.088,8120,15600,,2.00,2,0,8224x5140,N,2
2414,8.639,1.743,0.657,0.101,0.000,0.028,0.146,0.000,4.891,0.036,4.778,0.078,8120,15600,,2.00,2,0,8224x5140,N,2
2415,8.082,1.685,1.021,0.188,0.000,0.062,0.094,0.000,4.856,0.030,4.755,0.071,8120,15600,,2.00,2,0,8224x5140,N,2
2416,8.585,0.000,0.541,0.071,0.000,0.025,0.143,0.000,4.923,0.023,4.819,0.081,8120,15600,,2.00,2,0,8224x5140,N,2
2417,8.100,1.760,1.015,0.195,0.000,0.061,0.075,0.000,4.869,0.032,4.760,0.077,8120,15600,,2.00,2,0,8224x5140,N,2
2418,7.922,0.000,0.547,0.082,0.000,0.020,0.098,0.000,4.974,0.023,4.881,0.070,8120,15600,,2.00,2,0,8224x5140,N,2
2419,8.937,0.000,0.513,0.064,0.000,0.018,0.184,0.000,4.838,0.023,4.735,0.080,8120,15600,,2.00,2,0,8224x5140,N,2
2420,8.114,1.765,1.016,0.192,0.000,0.062,0.074,0.000,4.772,0.030,4.673,0.069,8120,15600,,2.00,2,0,8224x5140,N,2
2421,8.480,0.000,0.545,0.077,0.000,0.021,0.157,0.000,4.907,0.024,4.806,0.078,8120,15600,,2.00,2,0,8224x5140,N,2
2422,8.051,1.722,0.985,0.208,0.000,0.086,0.069,0.000,4.773,0.027,4.677,0.068,8120,15600,,2.00,2,0,8224x5140,N,2
2423,7.862,0.000,0.521,0.071,0.000,0.017,0.080,0.000,4.705,0.023,4.608,0.073,8120,15600,,2.00,2,0,8224x5140,N,2
2424,9.570,1.578,0.587,0.062,0.000,0.016,0.198,0.000,4.813,0.023,4.721,0.069,8120,15600,,2.00,2,0,8224x5140,N,2
2425,7.596,1.754,0.749,0.076,0.000,0.029,0.085,0.000,4.628,0.044,4.516,0.067,8120,15600,,2.00,2,0,8224x5140,N,2
2426,7.835,0.000,0.540,0.058,0.000,0.015,0.067,0.000,4.681,0.023,4.585,0.073,8120,15600,,2.00,2,0,8224x5140,N,2
2427,8.268,0.000,0.539,0.056,0.000,0.022,0.077,0.000,4.926,0.030,4.826,0.071,8120,15600,,2.00,2,0,8224x5140,N,2
2428,8.318,1.765,1.180,0.199,0.000,0.083,0.071,0.000,5.011,0.041,4.901,0.068,8120,15600,,2.00,2,0,8224x5140,N,2
2429,8.884,0.000,0.700,0.069,0.000,0.021,0.207,0.000,4.927,0.028,4.829,0.070,8120,15600,,2.00,2,0,8224x5140,N,2
2430,7.880,1.686,0.826,0.224,0.000,0.107,0.078,0.000,4.546,0.030,4.448,0.068,8120,15600,,2.00,2,0,8224x5140,N,2
2431,8.065,0.000,0.530,0.068,0.000,0.018,0.095,0.000,5.128,0.023,5.024,0.081,8120,15600,,2.00,2,0,8224x5140,N,2
2432,8.493,1.582,0.498,0.102,0.000,0.029,0.077,0.000,4.565,0.023,4.479,0.063,8120,15600,,2.00,2,0,8224x5140,N,2
2433,8.154,0.000,0.414,0.065,0.000,0.019,0.069,0.000,4.604,0.028,4.515,0.062,8120,15600,,2.00,2,0,8224x5140,N,2
2434,8.370,1.111,0.345,0.075,0.000,0.020,0.053,0.000,4.627,0.027,4.540,0.060,8120,15600,,2.00,2,0,8224x5140,N,2
2435,8.190,0.000,0.321,0.061,0.000,0.016,0.041,0.000,4.791,0.027,4.702,0.061,8120,15600,,2.00,2,0,8224x5140,N,2
2436,8.339,1.074,0.305,0.040,0.000,0.012,0.053,0.000,4.715,0.025,4.621,0.070,8120,15600,,2.00,2,0,8224x5140,N,2
2437,8.252,0.000,0.348,0.047,0.000,0.014,0.038,0.000,4.634,0.026,4.542,0.067,8120,15600,,2.00,2,0,8224x5140,N,2
2438,8.351,1.006,0.277,0.035,0.000,0.010,0.038,0.000,4.642,0.028,4.553,0.061,8120,15600,,2.00,2,0,8224x5140,N,2
2439,8.369,0.000,0.351,0.038,0.000,0.015,0.047,0.000,4.652,0.027,4.567,0.058,8120,15600,,2.00,2,0,8224x5140,N,2
2440,8.252,0.875,0.308,0.047,0.000,0.013,0.038,0.000,4.654,0.026,4.566,0.061,8120,15600,,2.00,2,0,8224x5140,N,2
2441,8.441,0.000,0.292,0.036,0.000,0.011,0.055,0.000,4.660,0.026,4.571,0.064,8120,15600,,2.00,2,0,8224x5140,N,2
2442,8.450,0.781,0.250,0.072,0.000,0.020,0.069,0.000,4.661,0.027,4.570,0.064,8120,15600,,2.00,2,0,8224x5140,N,2
2443,8.158,0.001,0.252,0.065,0.000,0.021,0.053,0.000,4.660,0.027,4.572,0.062,8120,15600,,2.00,2,0,8224x5140,N,2
2444,8.383,0.737,0.238,0.055,0.000,0.018,0.057,0.000,4.658,0.027,4.570,0.061,8120,15600,,2.00,2,0,8224x5140,N,2
2445,8.229,0.000,0.291,0.060,0.000,0.019,0.046,0.000,4.666,0.026,4.579,0.061,8120,15600,,2.00,2,0,8224x5140,N,2
2446,8.258,0.751,0.235,0.060,0.000,0.015,0.040,0.000,4.687,0.025,4.585,0.076,8120,15600,,2.00,2,0,8224x5140,N,2
2447,8.252,0.000,0.258,0.039,0.000,0.010,0.039,0.000,4.666,0.026,4.573,0.066,8120,15600,,2.00,2,0,8224x5140,N,2
2448,8.453,0.759,0.228,0.041,0.000,0.010,0.048,0.000,4.797,0.026,4.697,0.074,8120,15600,,2.00,2,0,8224x5140,N,2
2449,8.262,0.000,0.255,0.038,0.000,0.012,0.038,0.000,4.840,0.027,4.749,0.065,8120,15600,,2.00,2,0,8224x5140,N,2
2450,8.333,0.726,0.224,0.029,0.000,0.009,0.041,0.000,4.704,0.026,4.614,0.064,8120,15600,,2.00,2,0,8224x5140,N,2
2451,8.411,0.000,0.281,0.032,0.000,0.010,0.045,0.000,4.816,0.032,4.721,0.064,8120,15600,,2.00,2,0,8224x5140,N,2
2452,8.220,0.785,0.230,0.037,0.000,0.012,0.039,0.000,4.851,0.033,4.755,0.064,8120,15600,,2.00,2,0,8224x5140,N,2
2453,8.354,0.000,0.248,0.031,0.000,0.012,0.054,0.000,5.281,0.028,5.190,0.063,8120,15600,,2.00,2,0,8224x5140,N,2
2454,8.381,0.771,0.248,0.044,0.000,0.012,0.045,0.000,4.935,0.029,4.842,0.065,8120,15600,,2.00,2,0,8224x5140,N,2
2455,8.325,0.000,0.254,0.035,0.000,0.015,0.043,0.000,5.201,0.033,5.105,0.063,8120,15600,,2.00,2,0,8224x5140,N,2
2456,8.305,0.749,0.224,0.026,0.000,0.008,0.041,0.000,5.143,0.028,5.038,0.076,8120,15600,,2.00,2,0,8224x5140,N,2
2457,8.433,0.000,0.261,0.037,0.000,0.011,0.041,0.000,5.257,0.033,5.145,0.079,8120,15600,,2.00,2,0,8224x5140,N,2
2458,8.160,0.826,0.233,0.039,0.000,0.009,0.048,0.000,5.223,0.030,5.097,0.096,8120,15600,,2.00,2,0,8224x5140,N,2
2459,8.311,0.000,0.266,0.029,0.000,0.011,0.030,0.000,5.321,0.029,5.220,0.071,8120,15600,,2.00,2,0,8224x5140,N,2
2460,8.331,0.847,0.243,0.024,0.000,0.008,0.028,0.000,5.293,0.031,5.179,0.083,8120,15600,,2.00,2,0,8224x5140,N,2
2461,8.381,0.000,0.295,0.024,0.000,0.008,0.039,0.000,5.253,0.030,5.140,0.083,8120,15600,,2.00,2,0,8224x5140,N,2
2462,8.385,0.734,0.245,0.025,0.000,0.008,0.062,0.000,5.034,0.031,4.933,0.070,8120,15600,,2.00,2,0,8224x5140,N,2
2463,8.306,0.000,0.320,0.036,0.000,0.012,0.073,0.000,5.047,0.034,4.940,0.072,8120,15600,,2.00,2,0,8224x5140,N,2
2464,8.323,0.767,0.268,0.029,0.000,0.010,0.048,0.000,5.065,0.029,4.966,0.070,8120,15600,,2.00,2,0,8224x5140,N,2
2465,8.296,0.000,0.313,0.028,0.000,0.009,0.058,0.000,5.042,0.033,4.932,0.077,8120,15600,,2.00,2,0,8224x5140,N,2
2466,8.359,1.039,0.313,0.034,0.000,0.011,0.048,0.000,4.983,0.030,4.873,0.080,8120,15600,,2.00,2,0,8224x5140,N,2
2467,8.295,0.000,0.317,0.030,0.000,0.022,0.034,0.000,4.965,0.033,4.858,0.074,8120,15600,,2.00,2,0,8224x5140,N,2
2468,8.358,0.801,0.292,0.031,0.000,0.009,0.042,0.000,4.959,0.032,4.854,0.073,8120,15600,,2.00,2,0,8224x5140,N,2
2469,8.282,0.000,0.341,0.034,0.000,0.015,0.034,0.000,5.034,0.039,4.913,0.081,8120,15600,,2.00,2,0,8224x5140,N,2
2470,8.343,0.834,0.334,0.032,0.000,0.009,0.035,0.000,5.125,0.029,5.020,0.075,8120,15600,,2.00,2,0,8224x5140,N,2
2471,8.348,0.000,0.372,0.046,0.000,0.009,0.041,0.000,4.872,0.033,4.766,0.073,8120,15600,,2.00,2,0,8224x5140,N,2
2472,8.312,0.952,0.376,0.038,0.000,0.010,0.040,0.000,4.931,0.031,4.826,0.074,8120,15600,,2.00,2,0,8224x5140,N,2
2473,8.324,0.000,0.395,0.031,0.000,0.018,0.038,0.000,4.852,0.030,4.747,0.075,8120,15600,,2.00,2,0,8224x5140,N,2
2474,8.355,0.941,0.388,0.049,0.000,0.010,0.039,0.000,5.008,0.035,4.898,0.075,8120,15600,,2.00,2,0,8224x5140,N,2
2475,8.369,0.000,0.383,0.034,0.000,0.010,0.042,0.000,4.823,0.029,4.720,0.073,8120,15600,,2.00,2,0,8224x5140,N,2
2476,8.310,0.999,0.457,0.036,0.000,0.012,0.058,0.000,4.914,0.034,4.809,0.071,8120,15600,,2.00,2,0,8224x5140,N,2
2477,8.459,0.000,0.393,0.044,0.000,0.019,0.073,0.000,4.903,0.031,4.800,0.073,8120,15600,,2.00,2,0,8224x5140,N,2
2478,8.194,1.311,0.384,0.063,0.000,0.018,0.062,0.000,4.719,0.027,4.622,0.070,8120,15600,,2.00,2,0,8224x5140,N,2
2479,8.312,0.000,0.433,0.044,0.000,0.016,0.045,0.000,4.834,0.026,4.738,0.070,8120,15600,,2.00,2,0,8224x5140,N,2
2480,8.441,1.116,0.425,0.056,0.000,0.014,0.103,0.000,4.785,0.027,4.689,0.069,8120,15600,,2.00,2,0,8224x5140,N,2
2481,8.204,0.000,0.452,0.051,0.000,0.016,0.056,0.000,4.750,0.027,4.642,0.081,8120,15600,,2.00,2,0,8224x5140,N,2
2482,8.376,1.156,0.422,0.049,0.000,0.014,0.067,0.000,4.955,0.029,4.854,0.071,8120,15600,,2.00,2,0,8224x5140,N,2
2483,8.310,0.000,0.436,0.049,0.000,0.029,0.055,0.000,4.894,0.032,4.791,0.070,8120,15600,,2.00,2,0,8224x5140,N,2
2484,8.337,1.152,0.449,0.045,0.000,0.014,0.052,0.000,4.909,0.032,4.800,0.076,8120,15600,,2.00,2,0,8224x5140,N,2
2485,8.359,0.000,0.488,0.043,0.000,0.013,0.071,0.000,5.067,0.029,4.959,0.079,8120,15600,,2.00,2,0,8224x5140,N,2
2486,8.356,1.389,0.513,0.042,0.000,0.013,0.076,0.000,4.888,0.037,4.772,0.079,8120,15600,,2.00,2,0,8224x5140,N,2
2487,8.479,0.000,0.541,0.057,0.000,0.018,0.111,0.000,4.906,0.029,4.798,0.078,8120,15600,,2.00,2,0,8224x5140,N,2
2488,8.106,1.861,0.558,0.080,0.000,0.025,0.084,0.000,4.737,0.031,4.634,0.072,8120,15600,,2.00,2,0,8224x5140,N,2
2489,8.299,0.000,0.583,0.085,0.000,0.020,0.072,0.000,5.165,0.029,5.063,0.073,8120,15600,,2.00,2,0,8224x5140,N,2
2490,8.338,1.867,0.558,0.059,0.000,0.018,0.066,0.000,4.956,0.028,4.856,0.072,8120,15600,,2.00,2,0,8224x5140,N,2
2491,8.292,0.000,0.537,0.068,0.000,0.019,0.102,0.000,5.052,0.037,4.935,0.080,8120,15600,,2.00,2,0,8224x5140,N,2
2492,9.396,1.508,0.579,0.077,0.000,0.024,0.220,0.000,4.956,0.028,4.851,0.076,8120,15600,,2.00,2,0,8224x5140,N,2
2493,8.161,1.834,0.996,0.207,0.000,0.071,0.071,0.000,4.841,0.029,4.741,0.071,8120,15600,,2.00,2,0,8224x5140,N,2
2494,8.378,0.000,0.503,0.059,0.000,0.017,0.119,0.000,5.057,0.028,4.958,0.072,8120,15600,,2.00,2,0,8224x5140,N,2
2495,7.989,1.705,0.941,0.193,0.000,0.060,0.096,0.000,4.875,0.044,4.758,0.073,8120,15600,,2.00,2,0,8224x5140,N,2
2496,8.403,0.000,0.531,0.064,0.000,0.019,0.119,0.000,4.868,0.023,4.773,0.072,8120,15600,,2.00,2,0,8224x5140,N,2
2497,8.042,1.736,0.992,0.194,0.000,0.066,0.094,0.000,4.861,0.027,4.757,0.077,8120,15600,,2.00,2,0,8224x5140,N,2
2498,8.472,0.000,0.512,0.065,0.000,0.023,0.156,0.000,4.976,0.023,4.879,0.074,8120,15600,,2.00,2,0,8224x5140,N,2
2499,8.521,1.723,0.579,0.082,0.000,0.027,0.066,0.000,4.841,0.028,4.746,0.068,8120,15600,,2.00,2,0,8224x5140,N,2
2500,8.811,0.000,0.586,0.053,0.000,0.020,0.219,0.000,4.692,0.024,4.599,0.068,8120,15600,,2.00,2,0,8224x5140,N,2
2501,7.674,1.805,0.788,0.069,0.000,0.027,0.076,0.000,4.578,0.030,4.482,0.067,8120,15600,,2.00,2,0,8224x5140,N,2
2502,8.606,0.000,0.500,0.054,0.000,0.015,0.216,0.000,4.707,0.023,4.616,0.068,8120,15600,,2.00,2,0,8224x5140,N,2
2503,7.740,1.832,0.813,0.073,0.000,0.030,0.077,0.000,4.540,0.028,4.444,0.069,8120,15600,,2.00,2,0,8224x5140,N,2
2504,7.787,0.000,0.511,0.053,0.000,0.015,0.054,0.000,4.639,0.023,4.545,0.071,8120,15600,,2.00,2,0,8224x5140,N,2
2505,9.675,0.000,0.517,0.058,0.000,0.015,0.234,0.000,4.641,0.026,4.542,0.073,8120,15600,,2.00,2,0,8224x5140,N,2
2506,7.451,1.729,0.620,0.065,0.000,0.023,0.090,0.000,4.335,0.030,4.230,0.074,8120,15600,,2.00,2,0,8224x5140,N,2
2507,7.849,1.441,0.610,0.061,0.000,0.021,0.075,0.000,4.497,0.023,4.405,0.070,8120,15600,,2.00,2,0,8224x5140,N,2
2508,9.128,0.000,0.610,0.074,0.000,0.018,0.318,0.000,4.447,0.043,4.332,0.071,8120,15600,,2.00,2,0,8224x5140,N,2
2509,7.425,1.651,0.588,0.071,0.000,0.027,0.085,0.000,4.252,0.032,4.153,0.068,8120,15600,,2.00,2,0,8224x5140,N,2
2510,8.374,0.000,0.525,0.056,0.000,0.017,0.073,0.000,4.478,0.023,4.387,0.068,8120,15600,,2.00,2,0,8224x5140,N,2
2511,8.887,0.000,0.573,0.052,0.000,0.022,0.186,0.000,4.447,0.047,4.329,0.071,8120,15600,,2.00,2,0,8224x5140,N,2
2512,7.964,1.746,0.988,0.152,0.000,0.060,0.079,0.000,4.366,0.027,4.271,0.068,8120,15600,,2.00,2,0,8224x5140,N,2
2513,8.031,0.000,0.549,0.061,0.000,0.019,0.110,0.000,4.415,0.023,4.323,0.069,8120,15600,,2.00,2,0,8224x5140,N,2
2514,8.328,1.471,0.606,0.068,0.000,0.019,0.077,0.000,4.474,0.049,4.356,0.069,8120,15600,,2.00,2,0,8224x5140,N,2
2515,8.206,0.000,0.620,0.062,0.000,0.025,0.082,0.000,4.506,0.043,4.394,0.069,8120,15600,,2.00,2,0,8224x5140,N,2
2516,7.995,1.177,0.566,0.089,0.000,0.035,0.087,0.000,4.510,0.048,4.394,0.068,8120,15600,tshadow_sdf,2.00,2,0,8224x5140,S,0
2517,77.696,0.000,0.680,0.089,0.000,0.024,0.080,0.000,74.517,0.047,74.416,0.055,8120,15600,,2.00,2,0,8224x5140,S,0
2518,66.052,4.849,0.450,0.073,0.000,0.020,0.039,0.000,63.511,0.014,63.441,0.055,8120,15600,,2.00,2,0,8224x5140,S,0
2519,65.662,2.356,0.247,0.040,0.000,0.010,0.054,0.000,63.546,0.014,63.482,0.049,8120,15600,,2.00,2,0,8224x5140,S,0
2520,65.378,2.272,0.240,0.056,0.000,0.013,0.078,0.000,63.513,0.014,63.450,0.049,8120,15600,,2.00,2,0,8224x5140,S,0
2521,65.971,2.806,0.279,0.053,0.000,0.013,0.056,0.000,63.521,0.017,63.457,0.047,8120,15600,,2.00,2,0,8224x5140,S,0
2522,66.576,2.443,0.242,0.058,0.000,0.015,0.050,0.000,63.596,0.014,63.535,0.047,8120,15600,,2.00,2,0,8224x5140,S,0
2523,65.670,2.452,0.247,0.060,0.000,0.015,0.058,0.000,63.562,0.014,63.505,0.043,8120,15600,,2.00,2,0,8224x5140,S,0
2524,65.855,2.586,0.244,0.060,0.000,0.015,0.050,0.000,63.571,0.014,63.510,0.048,8120,15600,,2.00,2,0,8224x5140,S,0
2525,66.452,3.091,0.307,0.047,0.000,0.013,0.067,0.000,63.571,0.014,63.507,0.050,8120,15600,,2.00,2,0,8224x5140,S,0
2526,66.157,2.870,0.299,0.064,0.000,0.016,0.057,0.000,63.501,0.014,63.441,0.046,8120,15600,,2.00,2,0,8224x5140,S,0
2527,66.027,3.022,0.277,0.066,0.000,0.018,0.081,0.000,63.630,0.014,63.570,0.046,8120,15600,,2.00,2,0,8224x5140,S,0
2528,65.859,3.728,0.345,0.079,0.000,0.019,0.043,0.000,63.523,0.014,63.463,0.046,8120,15600,,2.00,2,0,8224x5140,S,0
2529,66.439,2.348,0.230,0.045,0.000,0.011,0.045,0.000,63.491,0.014,63.431,0.046,8120,15600,,2.00,2,0,8224x5140,S,0
2530,66.521,2.226,0.210,0.044,0.000,0.012,0.039,0.000,63.501,0.014,63.442,0.045,8120,15600,,2.00,2,0,8224x5140,S,0
2531,66.314,2.045,0.276,0.040,0.000,0.013,0.054,0.000,63.535,0.014,63.478,0.043,8120,15600,,2.00,2,0,8224x5140,S,0
2532,66.291,1.976,0.233,0.051,0.000,0.014,0.054,0.000,63.556,0.014,63.499,0.043,8120,15600,,2.00,2,0,8224x5140,S,0
2533,65.597,2.396,0.222,0.062,0.000,0.016,0.045,0.000,63.519,0.014,63.452,0.052,8120,15600,,2.00,2,0,8224x5140,S,0
2534,66.001,2.634,0.285,0.060,0.000,0.012,0.056,0.000,63.559,0.014,63.496,0.049,8120,15600,,2.00,2,0,8224x5140,S,0
2535,65.479,2.216,0.237,0.037,0.000,0.019,0.048,0.000,63.603,0.014,63.535,0.054,8120,15600,,2.00,2,0,8224x5140,S,0
2536,66.231,2.205,0.214,0.028,0.000,0.009,0.054,0.000,63.497,0.017,63.434,0.046,8120,15600,,2.00,2,0,8224x5140,S,0
2537,66.454,2.267,0.232,0.063,0.000,0.016,0.062,0.000,63.571,0.014,63.511,0.046,8120,15600,,2.00,2,0,8224x5140,S,0
2538,65.682,2.576,0.261,0.063,0.000,0.017,0.058,0.000,63.480,0.014,63.421,0.046,8120,15600,,2.00,2,0,8224x5140,S,0
2539,65.978,2.643,0.276,0.057,0.000,0.016,0.062,0.000,63.580,0.014,63.520,0.046,8120,15600,,2.00,2,0,8224x5140,S,0
2540,66.709,3.199,0.304,0.067,0.000,0.019,0.075,0.000,63.540,0.014,63.476,0.050,8120,15600,,2.00,2,0,8224x5140,S,0
2541,66.401,4.160,0.346,0.061,0.000,0.018,0.055,0.000,63.572,0.014,63.510,0.048,8120,15600,,2.00,2,0,8224x5140,S,0
2542,65.723,2.614,0.248,0.036,0.000,0.013,0.030,0.000,63.491,0.017,63.424,0.050,8120,15600,,2.00,2,0,8224x5140,S,0
2543,66.243,1.920,0.208,0.025,0.000,0.008,0.050,0.000,63.552,0.018,63.484,0.050,8120,15600,,2.00,2,0,8224x5140,S,0
2544,66.226,1.954,0.218,0.029,0.000,0.009,0.035,0.000,63.521,0.014,63.460,0.047,8120,15600,,2.00,2,0,8224x5140,S,0
2545,66.058,1.908,0.206,0.028,0.000,0.008,0.053,0.000,63.513,0.017,63.449,0.047,8120,15600,,2.00,2,0,8224x5140,S,0
2546,66.379,2.373,0.246,0.061,0.000,0.016,0.045,0.000,63.523,0.014,63.466,0.043,8120,15600,,2.00,2,0,8224x5140,S,0
2547,66.729,1.529,0.243,0.058,0.000,0.016,0.057,0.000,63.524,0.013,63.466,0.044,8120,15600,,2.00,2,0,8224x5140,S,0
2548,66.611,2.460,0.260,0.059,0.000,0.019,0.059,0.000,63.537,0.014,63.477,0.046,8120,15600,,2.00,2,0,8224x5140,S,0
2549,66.438,2.462,0.228,0.062,0.000,0.016,0.055,0.000,63.461,0.014,63.402,0.045,8120,15600,,2.00,2,0,8224x5140,S,0
2550,65.412,2.382,0.226,0.048,0.000,0.014,0.045,0.000,63.480,0.014,63.422,0.045,8120,15600,,2.00,2,0,8224x5140,S,0
2551,66.584,2.320,0.274,0.042,0.000,0.013,0.049,0.000,63.579,0.015,63.520,0.044,8120,15600,,2.00,2,0,8224x5140,S,0
2552,66.454,2.309,0.229,0.058,0.000,0.015,0.068,0.000,63.558,0.013,63.501,0.043,8120,15600,,2.00,2,0,8224x5140,S,0
2553,65.585,2.509,0.266,0.061,0.000,0.018,0.049,0.000,63.582,0.014,63.529,0.038,8120,15600,,2.00,2,0,8224x5140,S,0
2554,68.117,2.576,0.261,0.059,0.000,0.016,0.057,0.000,63.527,0.014,63.456,0.057,8120,15600,,2.00,2,0,8224x5140,S,0
2555,66.505,3.061,0.311,0.053,0.000,0.015,0.052,0.000,63.633,0.014,63.543,0.076,8120,15600,,2.00,2,0,8224x5140,S,0
2556,65.863,3.481,0.350,0.049,0.000,0.014,0.037,0.000,63.564,0.014,63.503,0.048,8120,15600,,2.00,2,0,8224x5140,S,0
2557,65.271,2.072,0.224,0.032,0.000,0.009,0.042,0.000,63.524,0.018,63.454,0.052,8120,15600,,2.00,2,0,8224x5140,S,0
2558,65.860,1.920,0.219,0.023,0.000,0.007,0.046,0.000,63.507,0.017,63.442,0.048,8120,15600,,2.00,2,0,8224x5140,S,0
2559,65.648,2.269,0.248,0.044,0.000,0.015,0.036,0.000,63.493,0.015,63.424,0.055,