frame,cpu_frame_ms,cpu_physics_ms,cpu_mesh_ms,cpu_egui_ms,cpu_check_win_ms,cpu_shadow_segs_ms,cpu_submit_ms,cpu_celebration_ms,gpu_total_ms,gpu_shadow_ms,gpu_hdr_ms,gpu_bloom_ms,rope_verts,rope_tris,event,render_scale,render_mode,dragging,render_size,skip,table_shadow_mode
4644,121.044,3.152,0.430,0.253,0.000,0.030,0.111,0.000,127.944,0.023,127.865,0.056,8120,15600,,2.00,2,0,8224x5140,S,0
4645,129.176,4.454,0.439,0.335,0.000,0.033,0.076,0.000,126.798,0.021,126.723,0.054,8120,15600,,2.00,2,0,8224x5140,S,0
4646,132.315,3.489,0.368,0.111,0.000,0.026,0.090,0.000,129.765,0.023,129.683,0.059,8120,15600,,2.00,2,0,8224x5140,S,0
4647,146.802,3.202,0.333,0.083,0.000,0.023,0.091,0.000,143.808,0.023,143.724,0.061,8120,15600,,2.00,2,0,8224x5140,S,0
4648,168.657,3.178,0.385,0.088,0.000,0.030,0.071,0.000,166.322,0.028,166.233,0.060,8120,15600,,2.00,2,0,8224x5140,S,0
4649,158.418,3.127,0.357,0.080,0.000,0.027,0.070,0.000,156.025,0.028,155.936,0.061,8120,15600,,2.00,2,0,8224x5140,S,0
4650,138.795,3.159,0.321,0.077,0.000,0.025,0.072,0.000,136.288,0.023,136.202,0.063,8120,15600,,2.00,2,0,8224x5140,S,0
4651,134.045,3.158,0.346,0.079,0.000,0.027,0.062,0.000,131.187,0.028,131.099,0.060,8120,15600,,2.00,2,0,8224x5140,S,0
4652,137.345,3.083,0.496,0.077,0.000,0.027,0.090,0.000,134.093,0.024,134.010,0.060,8120,15600,,2.00,2,0,8224x5140,S,0
4653,129.995,3.230,0.345,0.078,0.000,0.024,0.074,0.000,127.451,0.024,127.347,0.081,8120,15600,,2.00,2,0,8224x5140,S,0
4654,111.304,3.176,0.305,0.075,0.000,0.022,0.120,0.000,108.216,0.021,108.103,0.092,8120,15600,,2.00,2,0,8224x5140,S,0
4655,102.612,3.800,0.366,0.096,0.000,0.026,0.097,0.000,98.980,0.020,98.871,0.089,8120,15600,,2.00,2,0,8224x5140,S,0
4656,96.306,5.078,0.466,0.100,0.000,0.030,0.092,0.000,93.061,0.024,92.981,0.057,8120,15600,,2.00,2,0,8224x5140,S,0
4657,94.123,4.735,0.387,0.073,0.000,0.022,0.055,0.000,91.320,0.019,91.247,0.055,8120,15600,,2.00,2,0,8224x5140,S,0
4658,94.474,2.836,0.285,0.049,0.000,0.017,0.091,0.000,91.650,0.018,91.578,0.053,8120,15600,,2.00,2,0,8224x5140,S,0
4659,97.410,3.940,0.365,0.089,0.000,0.026,0.091,0.000,94.593,0.018,94.492,0.084,8120,15600,,2.00,2,0,8224x5140,S,0
4660,99.622,5.607,0.433,0.079,0.000,0.024,0.068,0.000,96.616,0.018,96.545,0.053,8120,15600,,2.00,2,0,8224x5140,S,0
4661,102.730,3.207,0.293,0.077,0.000,0.020,0.057,0.000,99.375,0.021,99.263,0.091,8120,15600,,2.00,2,0,8224x5140,S,0
4662,105.353,3.194,0.311,0.065,0.000,0.017,0.066,0.000,102.578,0.021,102.447,0.110,8120,15600,,2.00,2,0,8224x5140,S,0
4663,104.801,3.092,0.321,0.057,0.000,0.015,0.074,0.000,102.451,0.019,102.378,0.055,8120,15600,,2.00,2,0,8224x5140,S,0
4664,107.084,3.186,0.305,0.069,0.000,0.021,0.064,0.000,104.697,0.018,104.630,0.050,8120,15600,,2.00,2,0,8224x5140,S,0
4665,111.860,3.176,0.296,0.071,0.000,0.019,0.089,0.000,109.143,0.021,109.069,0.053,8120,15600,,2.00,2,0,8224x5140,S,0
4666,124.349,4.362,0.423,0.092,0.000,0.028,0.100,0.000,121.112,0.023,121.036,0.052,8120,15600,,2.00,2,0,8224x5140,S,0
4667,133.200,5.008,0.493,0.109,0.000,0.032,0.211,0.000,130.025,0.024,129.947,0.054,8120,15600,,2.00,2,0,8224x5140,S,0
4668,131.399,5.204,0.575,0.109,0.000,0.030,0.216,0.000,128.502,0.023,128.420,0.059,8120,15600,,2.00,2,0,8224x5140,S,0
4669,126.387,5.032,0.510,0.104,0.000,0.038,0.112,0.000,122.449,0.023,122.345,0.080,8120,15600,,2.00,2,0,8224x5140,S,0
4670,113.358,5.606,0.595,0.119,0.000,0.039,0.110,0.000,109.455,0.033,109.361,0.062,8120,15600,tshadow_pcf,2.00,2,0,8224x5140,P,1
4671,14.048,7.124,1.106,0.150,0.000,0.068,0.101,0.000,10.482,0.021,10.400,0.062,8120,15600,,2.00,2,0,8224x5140,P,1
4672,19.592,1.631,0.736,0.132,0.000,0.118,0.122,0.000,10.288,0.021,10.157,0.110,8120,15600,,2.00,2,0,8224x5140,P,1
4673,13.344,1.895,0.722,0.129,0.000,0.044,0.124,0.000,9.977,0.022,9.892,0.063,8120,15600,,2.00,2,0,8224x5140,P,1
4674,14.691,1.559,0.469,0.114,0.000,0.032,0.113,0.000,10.157,0.019,10.075,0.062,8120,15600,,2.00,2,0,8224x5140,P,1
4675,18.349,1.745,0.925,0.178,0.000,0.069,0.208,0.000,10.554,0.024,10.400,0.130,8120,15600,,2.00,2,0,8224x5140,P,1
4676,15.136,1.893,0.630,0.157,0.000,0.059,0.174,0.000,9.856,0.021,9.742,0.093,8120,15600,,2.00,2,0,8224x5140,P,1
4677,17.123,1.694,0.749,0.142,0.000,0.051,0.298,0.000,9.592,0.020,9.472,0.100,8120,15600,,2.00,2,0,8224x5140,P,1
4678,15.705,1.537,0.528,0.114,0.000,0.036,0.131,0.000,9.975,0.020,9.843,0.112,8120,15600,,2.00,2,0,8224x5140,P,1
4679,17.949,1.722,0.687,0.139,0.000,0.055,0.214,0.000,9.526,0.019,9.385,0.122,8120,15600,,2.00,2,0,8224x5140,P,1
4680,15.609,1.872,0.848,0.196,0.000,0.098,0.242,0.000,10.554,0.025,10.401,0.128,8120,15600,,2.00,2,0,8224x5140,P,1
4681,17.513,1.706,0.702,0.167,0.000,0.052,0.221,0.000,9.630,0.026,9.472,0.132,8120,15600,,2.00,2,0,8224x5140,P,1
4682,17.157,1.729,0.690,0.145,0.000,0.053,0.209,0.000,9.764,0.021,9.613,0.130,8120,15600,,2.00,2,0,8224x5140,P,1
4683,16.283,1.701,0.627,0.248,0.000,0.050,0.323,0.000,9.841,0.020,9.699,0.123,8120,15600,,2.00,2,0,8224x5140,P,1
4684,16.146,1.840,0.699,0.143,0.000,0.049,0.213,0.000,9.792,0.028,9.652,0.112,8120,15600,,2.00,2,0,8224x5140,P,1
4685,16.911,1.804,0.686,0.151,0.000,0.059,0.218,0.000,9.763,0.020,9.630,0.114,8120,15600,,2.00,2,0,8224x5140,P,1
4686,16.183,1.726,0.675,0.136,0.000,0.050,0.149,0.000,9.778,0.027,9.637,0.115,8120,15600,,2.00,2,0,8224x5140,P,1
4687,16.822,1.526,0.469,0.111,0.000,0.034,0.256,0.000,9.712,0.025,9.579,0.108,8120,15600,,2.00,2,0,8224x5140,P,1
4688,16.788,1.692,0.698,0.148,0.000,0.054,0.221,0.000,9.737,0.020,9.604,0.114,8120,15600,,2.00,2,0,8224x5140,P,1
4689,16.199,1.681,0.784,0.141,0.000,0.055,0.182,0.000,9.592,0.020,9.510,0.062,8120,15600,,2.00,2,0,8224x5140,P,1
4690,16.952,1.765,0.644,0.143,0.000,0.050,0.225,0.000,9.619,0.024,9.512,0.083,8120,15600,,2.00,2,0,8224x5140,P,1
4691,17.022,1.811,0.871,0.140,0.000,0.062,0.804,0.000,9.603,0.024,9.516,0.063,8120,15600,,2.00,2,0,8224x5140,P,1
4692,16.197,1.622,0.689,0.134,0.000,0.049,0.228,0.000,9.595,0.021,9.511,0.064,8120,15600,,2.00,2,0,8224x5140,P,1
4693,15.689,1.691,0.674,0.140,0.000,0.061,0.120,0.000,9.381,0.022,9.299,0.060,8120,15600,,2.00,2,0,8224x5140,P,1
4694,17.525,1.734,0.713,0.129,0.000,0.050,0.207,0.000,10.374,0.502,9.762,0.110,8120,15600,,2.00,2,0,8224x5140,P,1
4695,16.803,1.847,0.798,0.211,0.000,0.083,0.219,0.000,10.063,0.029,9.919,0.115,8120,15600,,2.00,2,0,8224x5140,P,1
4696,16.206,1.787,0.861,0.153,0.000,0.060,0.192,0.000,9.599,0.020,9.511,0.067,8120,15600,,2.00,2,0,8224x5140,P,1
4697,16.674,1.754,0.673,0.143,0.000,0.048,0.199,0.000,9.719,0.020,9.587,0.111,8120,15600,,2.00,2,0,8224x5140,P,1
4698,17.077,1.710,0.629,0.149,0.000,0.055,0.225,0.000,9.767,0.028,9.618,0.120,8120,15600,,2.00,2,0,8224x5140,P,1
4699,16.034,1.808,0.656,0.144,0.000,0.059,0.312,0.000,9.601,0.021,9.513,0.067,8120,15600,,2.00,2,0,8224x5140,P,1
4700,16.597,1.574,0.464,0.106,0.000,0.032,0.198,0.000,9.584,0.020,9.506,0.058,8120,15600,,2.00,2,0,8224x5140,P,1
4701,17.030,1.776,0.690,0.155,0.000,0.059,0.206,0.000,9.600,0.025,9.512,0.063,8120,15600,,2.00,2,0,8224x5140,P,1
4702,16.550,1.725,0.679,0.142,0.000,0.061,0.279,0.000,9.596,0.021,9.511,0.064,8120,15600,,2.00,2,0,8224x5140,P,1
4703,16.646,1.761,0.676,0.138,0.000,0.056,0.231,0.000,9.592,0.021,9.509,0.062,8120,15600,,2.00,2,0,8224x5140,P,1
4704,16.137,1.800,0.727,0.132,0.000,0.062,0.205,0.000,9.595,0.021,9.509,0.065,8120,15600,,2.00,2,0,8224x5140,P,1
4705,16.604,1.705,0.630,0.135,0.000,0.052,0.194,0.000,9.600,0.023,9.510,0.067,8120,15600,,2.00,2,0,8224x5140,P,1
4706,16.838,1.732,0.649,0.136,0.000,0.049,0.219,0.000,9.607,0.026,9.517,0.064,8120,15600,,2.00,2,0,8224x5140,P,1
4707,16.997,1.869,0.687,0.144,0.000,0.058,0.280,0.000,9.595,0.022,9.510,0.062,8120,15600,,2.00,2,0,8224x5140,P,1
4708,16.630,1.865,0.710,0.140,0.000,0.067,0.233,0.000,9.386,0.020,9.303,0.063,8120,15600,,2.00,2,0,8224x5140,P,1
4709,16.318,1.738,0.692,0.144,0.000,0.059,0.252,0.000,9.389,0.020,9.304,0.064,8120,15600,,2.00,2,0,8224x5140,P,1
4710,16.381,1.794,0.715,0.133,0.000,0.067,0.221,0.000,9.381,0.021,9.296,0.064,8120,15600,,2.00,2,0,8224x5140,P,1
4711,16.684,1.762,0.675,0.125,0.000,0.062,0.219,0.000,9.383,0.021,9.300,0.063,8120,15600,,2.00,2,0,8224x5140,P,1
4712,16.244,1.725,0.788,0.130,0.000,0.058,0.180,0.000,9.183,0.020,9.101,0.063,8120,15600,,2.00,2,0,8224x5140,P,1
4713,16.252,1.625,0.606,0.125,0.000,0.048,0.233,0.000,9.396,0.028,9.306,0.063,8120,15600,,2.00,2,0,8224x5140,P,1
4714,17.175,1.674,0.649,0.138,0.000,0.057,0.334,0.000,9.391,0.025,9.301,0.065,8120,15600,,2.00,2,0,8224x5140,P,1
4715,16.337,1.662,0.652,0.139,0.000,0.059,0.292,0.000,9.388,0.020,9.305,0.063,8120,15600,,2.00,2,0,8224x5140,P,1
4716,17.425,1.763,0.696,0.142,0.000,0.066,0.469,0.000,9.387,0.020,9.304,0.063,8120,15600,,2.00,2,0,8224x5140,P,1
4717,15.457,2.436,0.670,0.131,0.000,0.062,0.221,0.000,9.182,0.020,9.098,0.065,8120,15600,,2.00,2,0,8224x5140,P,1
4718,16.829,1.829,0.709,0.145,0.000,0.063,0.234,0.000,9.383,0.021,9.297,0.065,8120,15600,,2.00,2,0,8224x5140,P,1
4719,16.543,1.655,0.735,0.135,0.000,0.067,0.219,0.000,9.393,0.028,9.302,0.063,8120,15600,,2.00,2,0,8224x5140,P,1
4720,16.408,1.682,0.697,0.156,0.000,0.059,0.256,0.000,9.388,0.020,9.306,0.062,8120,15600,,2.00,2,0,8224x5140,P,1
4721,17.098,1.696,0.679,0.131,0.000,0.050,0.232,0.000,9.390,0.020,9.307,0.063,8120,15600,,2.00,2,0,8224x5140,P,1
4722,16.306,1.783,0.717,0.129,0.000,0.064,0.266,0.000,9.387,0.020,9.304,0.063,8120,15600,,2.00,2,0,8224x5140,P,1
4723,16.897,1.812,0.657,0.127,0.000,0.058,0.235,0.000,9.387,0.020,9.304,0.063,8120,15600,,2.00,2,0,8224x5140,P,1
4724,15.901,1.792,0.690,0.128,0.000,0.058,0.262,0.000,9.385,0.020,9.301,0.063,8120,15600,,2.00,2,0,8224x5140,P,1
4725,16.561,1.589,0.514,0.107,0.000,0.034,0.194,0.000,9.634,0.026,9.513,0.095,8120,15600,,2.00,2,0,8224x5140,P,1
4726,16.905,1.849,0.714,0.144,0.000,0.054,0.233,0.000,9.597,0.021,9.511,0.066,8120,15600,,2.00,2,0,8224x5140,P,1
4727,16.672,1.831,0.697,0.141,0.000,0.059,0.343,0.000,9.592,0.020,9.508,0.064,8120,15600,,2.00,2,0,8224x5140,P,1
4728,16.729,1.736,0.678,0.143,0.000,0.058,0.362,0.000,9.598,0.020,9.512,0.066,8120,15600,,2.00,2,0,8224x5140,P,1
4729,16.595,1.723,0.720,0.139,0.000,0.058,0.226,0.000,9.594,0.020,9.508,0.065,8120,15600,,2.00,2,0,8224x5140,P,1
4730,16.638,1.793,0.681,0.136,0.000,0.063,0.219,0.000,9.591,0.020,9.506,0.065,8120,15600,,2.00,2,0,8224x5140,P,1
4731,15.570,1.843,0.728,0.133,0.000,0.066,0.174,0.000,9.389,0.020,9.306,0.062,8120,15600,,2.00,2,0,8224x5140,P,1
4732,17.168,1.712,0.631,0.132,0.000,0.046,0.272,0.000,9.708,0.021,9.571,0.116,8120,15600,,2.00,2,0,8224x5140,P,1
4733,16.823,1.891,0.716,0.143,0.000,0.064,0.367,0.000,9.596,0.021,9.511,0.065,8120,15600,,2.00,2,0,8224x5140,P,1
4734,16.470,1.778,0.689,0.174,0.000,0.066,0.229,0.000,9.598,0.025,9.509,0.065,8120,15600,,2.00,2,0,8224x5140,P,1
4735,16.980,1.700,0.850,0.137,0.000,0.074,0.312,0.000,9.826,0.020,9.691,0.114,8120,15600,,2.00,2,0,8224x5140,P,1
4736,16.133,1.772,0.731,0.141,0.000,0.062,0.249,0.000,9.598,0.021,9.514,0.063,8120,15600,,2.00,2,0,8224x5140,P,1
4737,16.925,1.810,0.684,0.137,0.000,0.061,0.296,0.000,9.595,0.020,9.510,0.064,8120,15600,,2.00,2,0,8224x5140,P,1
4738,15.169,1.794,0.676,0.133,0.000,0.060,0.144,0.000,9.591,0.020,9.506,0.065,8120,15600,,2.00,2,0,8224x5140,P,1
4739,17.573,1.658,0.516,0.105,0.000,0.035,0.278,0.000,9.655,0.040,9.504,0.111,8120,15600,,2.00,2,0,8224x5140,P,1
4740,16.920,1.638,0.717,0.154,0.000,0.063,0.242,0.000,9.819,0.021,9.680,0.117,8120,15600,,2.00,2,0,8224x5140,P,1
4741,16.532,1.764,0.706,0.147,0.000,0.060,0.262,0.000,9.853,0.020,9.717,0.116,8120,15600,,2.00,2,0,8224x5140,P,1
4742,16.552,1.873,0.699,0.138,0.000,0.060,0.251,0.000,9.846,0.020,9.703,0.123,8120,15600,,2.00,2,0,8224x5140,P,1
4743,16.690,1.767,0.738,0.134,0.000,0.067,0.391,0.000,9.852,0.020,9.714,0.118,8120,15600,,2.00,2,0,8224x5140,P,1
4744,16.822,1.934,0.674,0.128,0.000,0.058,0.254,0.000,9.840,0.020,9.702,0.118,8120,15600,,2.00,2,0,8224x5140,P,1
4745,15.514,1.955,0.587,0.110,0.000,0.038,0.178,0.000,9.827,0.020,9.717,0.089,8120,15600,,2.00,2,0,8224x5140,P,1
4746,17.610,1.688,0.631,0.138,0.000,0.045,0.333,0.000,9.698,0.020,9.562,0.116,8120,15600,,2.00,2,0,8224x5140,P,1
4747,16.576,1.970,0.706,0.149,0.000,0.065,0.497,0.000,9.856,0.021,9.717,0.117,8120,15600,,2.00,2,0,8224x5140,P,1
4748,16.432,1.908,0.706,0.143,0.000,0.066,0.256,0.000,9.860,0.022,9.722,0.116,8120,15600,,2.00,2,0,8224x5140,P,1
4749,16.764,1.895,0.678,0.136,0.000,0.062,0.422,0.000,9.863,0.025,9.720,0.118,8120,15600,,2.00,2,0,8224x5140,P,1
4750,16.399,1.945,0.687,0.133,0.000,0.057,0.248,0.000,9.595,0.022,9.509,0.064,8120,15600,,2.00,2,0,8224x5140,P,1
4751,15.591,1.901,0.717,0.138,0.000,0.065,0.183,0.000,9.592,0.021,9.506,0.065,8120,15600,,2.00,2,0,8224x5140,P,1
4752,17.227,1.715,0.602,0.128,0.000,0.040,0.208,0.000,9.676,0.040,9.526,0.110,8120,15600,,2.00,2,0,8224x5140,P,1
4753,16.500,2.318,0.613,0.151,0.000,0.044,0.228,0.000,9.855,0.020,9.719,0.116,8120,15600,,2.00,2,0,8224x5140,P,1
4754,16.760,2.000,0.675,0.147,0.000,0.057,0.214,0.000,9.790,0.021,9.649,0.120,8120,15600,,2.00,2,0,8224x5140,P,1
4755,16.952,1.733,0.674,0.134,0.000,0.062,0.389,0.000,9.830,0.021,9.688,0.122,8120,15600,,2.00,2,0,8224x5140,P,1
4756,16.467,1.763,0.675,0.132,0.000,0.055,0.238,0.000,9.849,0.022,9.707,0.120,8120,15600,,2.00,2,0,8224x5140,P,1
4757,16.581,1.635,0.675,0.137,0.000,0.067,0.226,0.000,9.868,0.020,9.719,0.129,8120,15600,,2.00,2,0,8224x5140,P,1
4758,16.667,1.833,0.690,0.138,0.000,0.064,0.247,0.000,9.597,0.021,9.510,0.067,8120,15600,,2.00,2,0,8224x5140,P,1
4759,15.991,1.770,0.688,0.131,0.000,0.062,0.254,0.000,9.593,0.021,9.507,0.065,8120,15600,,2.00,2,0,8224x5140,P,1
4760,16.723,1.738,0.660,0.128,0.000,0.049,0.209,0.000,9.752,0.025,9.615,0.113,8120,15600,,2.00,2,0,8224x5140,P,1
4761,17.009,1.741,0.667,0.151,0.000,0.061,0.239,0.000,9.592,0.020,9.508,0.064,8120,15600,,2.00,2,0,8224x5140,P,1
4762,16.558,1.783,0.724,0.144,0.000,0.067,0.283,0.000,9.593,0.021,9.505,0.066,8120,15600,,2.00,2,0,8224x5140,P,1
4763,17.086,1.894,0.699,0.142,0.000,0.063,0.338,0.000,9.588,0.020,9.503,0.065,8120,15600,,2.00,2,0,8224x5140,P,1
4764,15.471,1.796,0.595,0.114,0.000,0.037,0.185,0.000,9.595,0.021,9.509,0.065,8120,15600,,2.00,2,0,8224x5140,P,1
4765,17.094,1.713,0.629,0.133,0.000,0.052,0.257,0.000,9.715,0.025,9.575,0.115,8120,15600,,2.00,2,0,8224x5140,P,1
4766,16.909,1.770,0.711,0.145,0.000,0.062,0.385,0.000,9.598,0.022,9.512,0.064,8120,15600,,2.00,2,0,8224x5140,P,1
4767,15.945,1.519,0.530,0.112,0.000,0.036,0.205,0.000,9.606,0.021,9.519,0.065,8120,15600,,2.00,2,0,8224x5140,P,1
4768,16.843,1.760,0.651,0.139,0.000,0.046,0.245,0.000,9.726,0.021,9.594,0.111,8120,15600,,2.00,2,0,8224x5140,P,1
4769,17.679,1.959,0.706,0.146,0.000,0.062,0.303,0.000,9.803,0.020,9.668,0.115,8120,15600,,2.00,2,0,8224x5140,P,1
4770,16.125,1.786,0.716,0.146,0.000,0.069,0.316,0.000,9.603,0.021,9.512,0.070,8120,15600,,2.00,2,0,8224x5140,P,1
4771,16.631,1.624,0.685,0.142,0.000,0.062,0.296,0.000,9.599,0.021,9.511,0.066,8120,15600,,2.00,2,0,8224x5140,P,1
4772,15.055,1.794,0.705,0.133,0.000,0.064,0.144,0.000,9.598,0.020,9.514,0.064,8120,15600,,2.00,2,0,8224x5140,P,1
4773,16.593,1.516,0.459,0.108,0.000,0.029,0.125,0.000,9.645,0.040,9.495,0.109,8120,15600,,2.00,2,0,8224x5140,P,1
4774,16.849,1.577,0.481,0.121,0.000,0.038,0.139,0.000,9.651,0.041,9.492,0.118,8120,15600,,2.00,2,0,8224x5140,P,1
4775,16.377,1.336,0.464,0.097,0.000,0.030,0.169,0.000,9.686,0.047,9.513,0.126,8120,15600,,2.00,2,0,8224x5140,P,1
4776,16.626,1.236,0.506,0.118,0.000,0.037,0.155,0.000,10.316,0.042,10.159,0.115,8120,15600,,2.00,2,0,8224x5140,P,1
4777,17.323,1.462,0.490,0.135,0.000,0.039,0.204,0.000,11.202,0.031,11.050,0.121,8120,15600,,2.00,2,0,8224x5140,P,1
4778,16.864,1.814,0.819,0.195,0.000,0.069,0.226,0.000,11.337,0.024,11.187,0.125,8120,15600,,2.00,2,0,8224x5140,P,1
4779,17.369,1.768,0.802,0.191,0.000,0.076,0.367,0.000,11.428,0.024,11.280,0.124,8120,15600,,2.00,2,0,8224x5140,P,1
4780,17.200,1.831,0.991,0.221,0.000,0.111,0.231,0.000,12.779,0.028,12.621,0.129,8120,15600,,2.00,2,0,8224x5140,P,1
4781,17.316,2.167,1.012,0.225,0.000,0.121,0.126,0.000,13.555,0.024,13.404,0.127,8120,15600,,2.00,2,0,8224x5140,P,1
4782,18.989,1.678,0.958,0.233,0.001,0.103,0.174,0.000,14.075,0.024,13.928,0.123,8120,15600,,2.00,2,0,8224x5140,P,1
4783,19.739,1.534,0.521,0.137,0.000,0.037,0.195,0.000,14.655,0.048,14.488,0.119,8120,15600,,2.00,2,0,8224x5140,P,1
4784,17.740,1.794,0.891,0.188,0.000,0.064,0.150,0.000,13.381,0.049,13.208,0.124,8120,15600,,2.00,2,0,8224x5140,P,1
4785,24.204,1.520,0.520,0.135,0.001,0.034,0.159,0.000,13.707,0.050,13.534,0.122,8120,15600,,2.00,2,0,8224x5140,P,1
4786,18.222,2.745,0.549,0.148,0.000,0.043,0.126,0.000,14.040,0.053,13.863,0.123,8120,15600,,2.00,2,0,8224x5140,P,1
4787,18.960,2.033,1.068,0.168,0.000,0.061,0.136,0.000,14.696,0.049,14.526,0.121,8120,15600,,2.00,2,0,8224x5140,P,1
4788,20.149,1.522,0.566,0.119,0.001,0.034,0.138,0.000,15.363,0.051,15.190,0.122,8120,15600,,2.00,2,0,8224x5140,P,1
4789,18.646,1.520,0.495,0.115,0.000,0.030,0.096,0.000,15.080,0.048,14.908,0.124,8120,15600,,2.00,2,0,8224x5140,P,1
4790,23.113,2.424,0.503,0.102,0.000,0.029,0.112,0.000,14.997,0.029,14.851,0.117,8120,15600,,2.00,2,0,8224x5140,P,1
4791,18.314,1.140,0.517,0.120,0.000,0.035,0.075,0.000,14.033,0.052,13.856,0.124,8120,15600,,2.00,2,0,8224x5140,P,1
4792,18.261,1.144,0.489,0.110,0.000,0.031,0.089,0.000,14.180,0.024,14.027,0.129,8120,15600,,2.00,2,0,8224x5140,P,1
4793,18.529,1.128,0.547,0.116,0.000,0.030,0.117,0.000,14.631,0.024,14.481,0.126,8120,15600,,2.00,2,0,8224x5140,P,1
4794,18.888,1.538,0.585,0.146,0.000,0.038,0.111,0.000,14.637,0.024,14.485,0.128,8120,15600,,2.00,2,0,8224x5140,P,1
4795,17.632,1.507,0.534,0.118,0.000,0.032,0.086,0.000,14.206,0.051,14.038,0.117,8120,15600,,2.00,2,0,8224x5140,P,1
4796,24.953,1.369,0.530,0.122,0.000,0.033,0.142,0.000,13.209,0.028,13.063,0.118,8120,15600,,2.00,2,0,8224x5140,P,1
4797,16.793,2.766,0.532,0.163,0.001,0.052,0.131,0.000,12.514,0.036,12.357,0.121,8120,15600,,2.00,2,0,8224x5140,P,1
4798,16.085,1.565,0.587,0.141,0.000,0.041,0.111,0.000,12.249,0.046,12.086,0.117,8120,15600,,2.00,2,0,8224x5140,P,1
4799,17.159,1.168,0.512,0.134,0.000,0.045,0.171,0.000,11.981,0.028,11.828,0.125,8120,15600,,2.00,2,0,8224x5140,P,1
4800,16.070,1.550,0.548,0.150,0.000,0.048,0.085,0.000,11.700,0.050,11.589,0.061,8120,15600,,2.00,2,0,8224x5140,P,1
4801,16.738,1.512,0.443,0.100,0.000,0.029,0.091,0.000,11.421,0.026,11.334,0.061,8120,15600,,2.00,2,0,8224x5140,P,1
4802,16.569,1.556,0.454,0.106,0.000,0.031,0.096,0.000,11.177,0.027,11.091,0.059,8120,15600,,2.00,2,0,8224x5140,P,1
4803,16.622,1.562,0.489,0.093,0.000,0.028,0.092,0.000,11.007,0.023,10.919,0.065,8120,15600,,2.00,2,0,8224x5140,P,1
4804,16.695,1.568,0.455,0.089,0.000,0.025,0.085,0.000,11.050,0.024,10.927,0.099,8120,15600,,2.00,2,0,8224x5140,P,1
4805,16.468,1.398,0.452,0.073,0.000,0.022,0.061,0.000,11.029,0.023,10.923,0.083,8120,15600,,2.00,2,0,8224x5140,P,1
4806,16.723,1.227,0.462,0.065,0.000,0.019,0.085,0.000,10.987,0.024,10.900,0.064,8120,15600,,2.00,2,0,8224x5140,P,1
4807,16.789,1.539,0.431,0.084,0.000,0.023,0.088,0.000,10.990,0.023,10.908,0.059,8120,15600,,2.00,2,0,8224x5140,P,1
4808,16.520,1.535,0.471,0.095,0.000,0.033,0.087,0.000,10.910,0.022,10.830,0.058,8120,15600,,2.00,2,0,8224x5140,P,1
4809,16.723,1.214,0.445,0.067,0.000,0.022,0.108,0.000,10.913,0.022,10.832,0.059,8120,15600,,2.00,2,0,8224x5140,P,1
4810,16.533,1.425,0.462,0.077,0.000,0.026,0.082,0.000,10.907,0.023,10.826,0.058,8120,15600,,2.00,2,0,8224x5140,P,1
4811,16.843,1.262,0.450,0.061,0.000,0.019,0.067,0.000,10.956,0.023,10.830,0.103,8120,15600,,2.00,2,0,8224x5140,P,1
4812,16.645,1.178,0.413,0.053,0.000,0.018,0.072,0.000,10.730,0.023,10.623,0.084,8120,15600,,2.00,2,0,8224x5140,P,1
4813,16.451,1.042,0.369,0.053,0.000,0.016,0.068,0.000,10.712,0.023,10.622,0.067,8120,15600,,2.00,2,0,8224x5140,P,1
4814,16.790,1.020,0.385,0.058,0.000,0.017,0.064,0.000,10.754,0.023,10.622,0.110,8120,15600,,2.00,2,0,8224x5140,P,1
4815,16.640,0.951,0.328,0.045,0.000,0.012,0.066,0.000,10.938,0.023,10.833,0.083,8120,15600,,2.00,2,0,8224x5140,P,1
4816,16.576,0.996,0.335,0.047,0.000,0.015,0.040,0.000,10.969,0.023,10.827,0.120,8120,15600,,2.00,2,0,8224x5140,P,1
4817,16.491,0.800,0.307,0.035,0.000,0.013,0.047,0.000,10.977,0.024,10.831,0.122,8120,15600,,2.00,2,0,8224x5140,P,1
4818,17.013,0.771,0.332,0.039,0.000,0.013,0.052,0.000,10.975,0.024,10.827,0.123,8120,15600,,2.00,2,0,8224x5140,P,1
4819,16.558,0.777,0.281,0.041,0.000,0.014,0.064,0.000,10.911,0.023,10.826,0.062,8120,15600,,2.00,2,0,8224x5140,P,1
4820,16.577,0.976,0.296,0.067,0.000,0.020,0.062,0.000,11.071,0.023,10.925,0.123,8120,15600,,2.00,2,0,8224x5140,P,1
4821,16.543,1.030,0.317,0.067,0.000,0.019,0.054,0.000,11.000,0.023,10.915,0.062,8120,15600,,2.00,2,0,8224x5140,P,1
4822,16.850,0.953,0.313,0.062,0.000,0.022,0.062,0.000,11.032,0.023,10.892,0.118,8120,15600,,2.00,2,0,8224x5140,P,1
4823,16.611,0.884,0.319,0.062,0.000,0.018,0.048,0.000,11.064,0.023,10.915,0.126,8120,15600,,2.00,2,0,8224x5140,P,1
4824,16.699,0.815,0.281,0.047,0.000,0.013,0.047,0.000,11.059,0.023,10.917,0.118,8120,15600,,2.00,2,0,8224x5140,P,1
4825,16.692,0.803,0.284,0.041,0.000,0.013,0.069,0.000,11.039,0.023,10.923,0.094,8120,15600,,2.00,2,0,8224x5140,P,1
4826,16.391,0.777,0.294,0.031,0.000,0.010,0.053,0.000,11.093,0.023,10.929,0.141,8120,15600,,2.00,2,0,8224x5140,P,1
4827,16.822,0.712,0.333,0.043,0.000,0.015,0.046,0.000,11.182,0.027,11.092,0.062,8120,15600,,2.00,2,0,8224x5140,P,1
4828,16.514,0.733,0.314,0.042,0.000,0.014,0.052,0.000,11.231,0.027,11.103,0.101,8120,15600,,2.00,2,0,8224x5140,P,1
4829,16.880,0.972,0.303,0.047,0.000,0.016,0.061,0.000,11.428,0.027,11.339,0.061,8120,15600,,2.00,2,0,8224x5140,P,1
4830,16.543,1.132,0.320,0.045,0.000,0.018,0.055,0.000,11.712,0.027,11.580,0.104,8120,15600,,2.00,2,0,8224x5140,P,1
4831,16.573,0.890,0.349,0.038,0.000,0.012,0.056,0.000,11.919,0.027,11.822,0.070,8120,15600,,2.00,2,0,8224x5140,P,1
4832,16.541,0.868,0.303,0.050,0.000,0.015,0.056,0.000,12.488,0.027,12.347,0.114,8120,15600,,2.00,2,0,8224x5140,P,1
4833,16.705,0.766,0.319,0.042,0.000,0.013,0.054,0.000,12.768,0.027,12.604,0.136,8120,15600,,2.00,2,0,8224x5140,P,1
4834,16.733,0.735,0.296,0.043,0.000,0.013,0.066,0.000,12.965,0.027,12.875,0.062,8120,15600,,2.00,2,0,8224x5140,P,1
4835,16.678,0.828,0.299,0.068,0.000,0.020,0.082,0.000,13.277,0.027,13.137,0.113,8120,15600,,2.00,2,0,8224x5140,P,1
4836,16.475,0.990,0.298,0.071,0.000,0.020,0.055,0.000,12.966,0.023,12.879,0.063,8120,15600,,2.00,2,0,8224x5140,P,1
4837,16.621,0.750,0.283,0.047,0.000,0.014,0.049,0.000,13.224,0.027,13.135,0.062,8120,15600,,2.00,2,0,8224x5140,P,1
4838,16.691,0.800,0.277,0.043,0.000,0.014,0.062,0.000,13.229,0.026,13.141,0.062,8120,15600,,2.00,2,0,8224x5140,P,1
4839,16.603,0.887,0.284,0.040,0.000,0.014,0.042,0.000,13.484,0.026,13.397,0.061,8120,15600,,2.00,2,0,8224x5140,P,1
4840,16.683,0.766,0.336,0.036,0.000,0.011,0.053,0.000,13.238,0.023,13.152,0.062,8120,15600,,2.00,2,0,8224x5140,P,1
4841,16.695,0.781,0.301,0.036,0.000,0.012,0.051,0.000,13.477,0.026,13.393,0.059,8120,15600,,2.00,2,0,8224x5140,P,1
4842,16.644,0.750,0.299,0.051,0.000,0.014,0.046,0.000,12.712,0.023,12.619,0.070,8120,15600,,2.00,2,0,8224x5140,P,1
4843,16.628,0.744,0.294,0.039,0.000,0.012,0.057,0.000,12.697,0.026,12.610,0.061,8120,15600,,2.00,2,0,8224x5140,P,1
4844,16.654,0.766,0.332,0.047,0.000,0.014,0.054,0.000,12.701,0.028,12.611,0.063,8120,15600,,2.00,2,0,8224x5140,P,1
4845,16.790,0.748,0.331,0.041,0.000,0.015,0.058,0.000,12.754,0.026,12.613,0.114,8120,15600,,2.00,2,0,8224x5140,P,1
4846,16.583,0.833,0.310,0.059,0.000,0.016,0.042,0.000,12.479,0.026,12.347,0.106,8120,15600,,2.00,2,0,8224x5140,P,1
4847,16.613,0.801,0.282,0.048,0.000,0.012,0.071,0.000,12.471,0.027,12.357,0.086,8120,15600,,2.00,2,0,8224x5140,P,1
4848,16.740,0.933,0.317,0.045,0.000,0.016,0.048,0.000,12.511,0.027,12.348,0.136,8120,15600,,2.00,2,0,8224x5140,P,1
4849,16.597,0.834,0.293,0.038,0.000,0.012,0.041,0.000,12.479,0.027,12.349,0.103,8120,15600,,2.00,2,0,8224x5140,P,1
4850,16.700,0.770,0.293,0.030,0.000,0.013,0.045,0.000,12.485,0.027,12.353,0.105,8120,15600,,2.00,2,0,8224x5140,P,1
4851,16.691,0.751,0.303,0.025,0.000,0.010,0.065,0.000,12.479,0.029,12.346,0.104,8120,15600,,2.00,2,0,8224x5140,P,1
4852,16.594,1.001,0.361,0.046,0.000,0.016,0.043,0.000,12.488,0.028,12.352,0.108,8120,15600,,2.00,2,0,8224x5140,P,1
4853,16.799,0.837,0.334,0.036,0.000,0.012,0.060,0.000,12.480,0.027,12.345,0.108,8120,15600,,2.00,2,0,8224x5140,P,1
4854,16.608,0.903,0.315,0.034,0.000,0.018,0.070,0.000,12.493,0.027,12.352,0.114,8120,15600,,2.00,2,0,8224x5140,P,1
4855,16.657,0.902,0.343,0.034,0.000,0.013,0.048,0.000,12.493,0.027,12.345,0.121,8120,15600,,2.00,2,0,8224x5140,P,1
4856,16.593,0.922,0.331,0.037,0.000,0.013,0.060,0.000,12.490,0.028,12.351,0.111,8120,15600,,2.00,2,0,8224x5140,P,1
4857,16.648,1.003,0.371,0.040,0.000,0.014,0.054,0.000,12.489,0.027,12.349,0.114,8120,15600,,2.00,2,0,8224x5140,P,1
4858,16.651,0.983,0.380,0.034,0.000,0.013,0.066,0.000,12.762,0.029,12.613,0.121,8120,15600,,2.00,2,0,8224x5140,P,1
4859,16.803,1.146,0.450,0.045,0.000,0.020,0.073,0.000,12.493,0.024,12.361,0.108,8120,15600,,2.00,2,0,8224x5140,P,1
4860,16.483,1.000,0.449,0.086,0.000,0.024,0.063,0.000,12.458,0.032,12.364,0.062,8120,15600,,2.00,2,0,8224x5140,P,1
4861,16.590,0.830,0.314,0.065,0.000,0.018,0.045,0.000,12.447,0.028,12.359,0.060,8120,15600,,2.00,2,0,8224x5140,P,1
4862,16.619,0.735,0.274,0.038,0.000,0.015,0.046,0.000,12.442,0.027,12.350,0.064,8120,15600,,2.00,2,0,8224x5140,P,1
4863,17.059,0.738,0.278,0.035,0.000,0.014,0.078,0.000,12.442,0.027,12.353,0.061,8120,15600,,2.00,2,0,8224x5140,P,1
4864,16.140,0.863,0.312,0.062,0.000,0.019,0.056,0.000,12.494,0.026,12.349,0.120,8120,15600,,2.00,2,0,8224x5140,P,1
4865,16.622,0.798,0.289,0.047,0.000,0.015,0.062,0.000,12.510,0.026,12.356,0.128,8120,15600,,2.00,2,0,8224x5140,P,1
4866,16.508,0.751,0.296,0.040,0.000,0.012,0.048,0.000,12.479,0.027,12.349,0.103,8120,15600,,2.00,2,0,8224x5140,P,1
4867,16.343,0.752,0.319,0.049,0.000,0.014,0.043,0.000,12.487,0.027,12.356,0.104,8120,15600,,2.00,2,0,8224x5140,P,1
4868,16.656,0.745,0.289,0.035,0.000,0.011,0.039,0.000,12.768,0.026,12.623,0.119,8120,15600,,2.00,2,0,8224x5140,P,1
4869,16.080,0.722,0.297,0.034,0.000,0.014,0.045,0.000,12.742,0.026,12.615,0.101,8120,15600,,2.00,2,0,8224x5140,P,1
4870,17.377,0.735,0.300,0.034,0.000,0.010,0.067,0.000,12.223,0.025,12.075,0.122,8120,15600,,2.00,2,0,8224x5140,P,1
4871,16.394,0.976,0.344,0.066,0.000,0.021,0.057,0.000,12.165,0.027,12.073,0.065,8120,15600,,2.00,2,0,8224x5140,P,1
4872,16.601,0.881,0.316,0.065,0.000,0.019,0.058,0.000,12.158,0.027,12.069,0.062,8120,15600,,2.00,2,0,8224x5140,P,1
4873,16.495,0.763,0.332,0.060,0.000,0.018,0.069,0.000,12.159,0.026,12.069,0.063,8120,15600,,2.00,2,0,8224x5140,P,1
4874,16.458,0.726,0.331,0.060,0.000,0.018,0.078,0.000,12.154,0.027,12.068,0.060,8120,15600,,2.00,2,0,8224x5140,P,1
4875,16.518,0.939,0.331,0.070,0.000,0.024,0.075,0.000,12.156,0.028,12.068,0.060,8120,15600,,2.00,2,0,8224x5140,P,1
4876,16.608,0.787,0.314,0.061,0.000,0.019,0.062,0.000,12.155,0.028,12.067,0.060,8120,15600,,2.00,2,0,8224x5140,P,1
4877,16.615,0.734,0.292,0.055,0.000,0.018,0.055,0.000,12.158,0.028,12.069,0.061,8120,15600,,2.00,2,0,8224x5140,P,1
4878,16.806,0.721,0.344,0.054,0.000,0.017,0.071,0.000,12.437,0.026,12.353,0.058,8120,15600,,2.00,2,0,8224x5140,P,1
4879,16.659,0.961,0.315,0.070,0.000,0.025,0.076,0.000,12.437,0.027,12.350,0.060,8120,15600,,2.00,2,0,8224x5140,P,1
4880,16.512,0.884,0.316,0.062,0.000,0.020,0.052,0.000,12.440,0.026,12.355,0.059,8120,15600,,2.00,2,0,8224x5140,P,1
4881,16.695,0.763,0.300,0.056,0.000,0.019,0.059,0.000,12.442,0.027,12.356,0.059,8120,15600,,2.00,2,0,8224x5140,P,1
4882,16.545,0.711,0.305,0.061,0.000,0.019,0.054,0.000,12.700,0.028,12.614,0.058,8120,15600,,2.00,2,0,8224x5140,P,1
4883,16.465,0.711,0.329,0.056,0.000,0.021,0.049,0.000,12.701,0.026,12.619,0.057,8120,15600,,2.00,2,0,8224x5140,P,1
4884,16.571,0.707,0.287,0.055,0.000,0.017,0.051,0.000,12.703,0.027,12.619,0.058,8120,15600,,2.00,2,0,8224x5140,P,1
4885,16.594,0.714,0.298,0.054,0.000,0.018,0.070,0.000,12.697,0.027,12.613,0.057,8120,15600,,2.00,2,0,8224x5140,P,1
4886,16.397,0.756,0.308,0.067,0.000,0.020,0.055,0.000,12.960,0.026,12.875,0.059,8120,15600,,2.00,2,0,8224x5140,P,1
4887,16.546,0.741,0.290,0.059,0.000,0.018,0.045,0.000,12.960,0.027,12.876,0.057,8120,15600,,2.00,2,0,8224x5140,P,1
4888,16.493,0.710,0.304,0.052,0.000,0.019,0.055,0.000,12.684,0.027,12.599,0.058,8120,15600,,2.00,2,0,8224x5140,P,1
4889,16.525,0.706,0.318,0.055,0.000,0.018,0.056,0.000,13.552,0.033,13.461,0.058,8120,15600,,2.00,2,0,8224x5140,P,1
4890,16.523,0.698,0.337,0.060,0.000,0.018,0.053,0.000,13.465,0.023,13.384,0.057,8120,15600,,2.00,2,0,8224x5140,P,1
4891,16.700,0.695,0.287,0.054,0.000,0.018,0.077,0.000,13.429,0.023,13.345,0.061,8120,15600,,2.00,2,0,8224x5140,P,1
4892,16.732,0.996,0.333,0.077,0.000,0.026,0.067,0.000,13.485,0.027,13.396,0.062,8120,15600,,2.00,2,0,8224x5140,P,1
4893,16.493,1.004,0.345,0.081,0.000,0.025,0.067,0.000,13.482,0.025,13.400,0.057,8120,15600,,2.00,2,0,8224x5140,P,1
4894,16.528,0.965,0.324,0.072,0.000,0.022,0.069,0.000,13.483,0.024,13.400,0.058,8120,15600,,2.00,2,0,8224x5140,P,1
4895,16.568,0.956,0.330,0.070,0.000,0.028,0.062,0.000,13.487,0.024,13.402,0.060,8120,15600,,2.00,2,0,8224x5140,P,1
4896,16.648,1.032,0.372,0.077,0.000,0.027,0.075,0.000,13.694,0.026,13.606,0.062,8120,15600,,2.00,2,0,8224x5140,P,1
4897,16.759,1.067,0.342,0.076,0.000,0.024,0.097,0.000,13.697,0.023,13.612,0.062,8120,15600,,2.00,2,0,8224x5140,P,1
4898,17.012,1.173,0.383,0.084,0.000,0.025,0.097,0.000,13.751,0.024,13.666,0.061,8120,15600,,2.00,2,0,8224x5140,P,1
4899,17.092,1.175,0.396,0.090,0.000,0.028,0.092,0.000,13.746,0.024,13.663,0.059,8120,15600,,2.00,2,0,8224x5140,P,1
4900,16.425,1.537,0.485,0.098,0.000,0.031,0.100,0.000,13.738,0.024,13.660,0.054,8120,15600,,2.00,2,0,8224x5140,P,1
4901,16.500,1.493,0.475,0.095,0.000,0.031,0.145,0.000,13.479,0.023,13.400,0.057,8120,15600,,2.00,2,0,8224x5140,P,1
4902,16.515,1.544,0.543,0.113,0.000,0.037,0.089,0.000,13.483,0.024,13.402,0.057,8120,15600,,2.00,2,0,8224x5140,P,1
4903,16.729,1.527,0.456,0.108,0.000,0.033,0.096,0.000,13.483,0.027,13.397,0.060,8120,15600,,2.00,2,0,8224x5140,P,1
4904,15.941,1.939,0.652,0.111,0.000,0.048,0.135,0.000,13.486,0.026,13.399,0.061,8120,15600,,2.00,2,0,8224x5140,P,1
4905,17.931,1.535,0.445,0.102,0.000,0.030,0.154,0.000,13.805,0.023,13.663,0.119,8120,15600,,2.00,2,0,8224x5140,P,1
4906,16.641,1.643,1.048,0.218,0.000,0.081,0.109,0.000,13.297,0.032,13.138,0.127,8120,15600,,2.00,2,0,8224x5140,P,1
4907,16.747,1.641,0.961,0.240,0.000,0.097,0.132,0.000,13.235,0.024,13.144,0.068,8120,15600,,2.00,2,0,8224x5140,P,1
4908,16.619,1.516,0.456,0.106,0.000,0.027,0.116,0.000,12.971,0.026,12.873,0.072,8120,15600,,2.00,2,0,8224x5140,P,1
4909,16.676,1.675,0.976,0.180,0.000,0.082,0.123,0.000,13.022,0.028,12.871,0.123,8120,15600,,2.00,2,0,8224x5140,P,1
4910,16.033,1.678,1.405,0.275,0.000,0.090,0.134,0.000,12.723,0.024,12.626,0.072,8120,15600,,2.00,2,0,8224x5140,P,1
4911,16.825,1.520,0.499,0.124,0.000,0.031,0.139,0.000,12.734,0.024,12.621,0.090,8120,15600,,2.00,2,0,8224x5140,P,1
4912,17.906,1.732,0.771,0.168,0.000,0.054,0.220,0.000,12.765,0.032,12.615,0.118,8120,15600,,2.00,2,0,8224x5140,P,1
4913,16.892,1.760,0.860,0.205,0.000,0.077,0.132,0.000,12.764,0.052,12.590,0.123,8120,15600,,2.00,2,0,8224x5140,P,1
4914,27.077,1.639,1.172,0.230,0.000,0.094,0.165,0.000,12.739,0.029,12.581,0.129,8120,15600,,2.00,2,0,8224x5140,P,1
4915,17.368,2.766,0.546,0.155,0.000,0.044,0.205,0.000,12.766,0.033,12.618,0.115,8120,15600,,2.00,2,0,8224x5140,P,1
4916,17.838,1.710,0.900,0.201,0.000,0.070,0.316,0.000,12.786,0.029,12.622,0.135,8120,15600,,2.00,2,0,8224x5140,P,1
4917,16.958,1.690,0.517,0.161,0.000,0.042,0.106,0.000,13.038,0.043,12.874,0.122,8120,15600,,2.00,2,0,8224x5140,P,1
4918,16.501,1.533,0.505,0.141,0.000,0.043,0.096,0.000,13.033,0.024,12.885,0.124,8120,15600,,2.00,2,0,8224x5140,P,1
4919,16.315,1.535,0.498,0.119,0.000,0.030,0.103,0.000,12.498,0.023,12.351,0.123,8120,15600,,2.00,2,0,8224x5140,P,1
4920,16.354,1.484,0.498,0.102,0.000,0.026,0.086,0.000,12.502,0.024,12.362,0.116,8120,15600,,2.00,2,0,8224x5140,P,1
4921,15.362,1.522,0.495,0.110,0.000,0.030,0.112,0.000,12.229,0.023,12.078,0.128,8120,15600,,2.00,2,0,8224x5140,P,1
4922,16.182,1.308,0.529,0.103,0.000,0.030,0.066,0.000,12.232,0.023,12.079,0.130,8120,15600,,2.00,2,0,8224x5140,P,1
4923,16.324,1.343,0.493,0.100,0.000,0.040,0.198,0.000,12.226,0.024,12.081,0.121,8120,15600,,2.00,2,0,8224x5140,P,1
4924,15.102,1.300,0.536,0.117,0.000,0.042,0.113,0.000,11.984,0.030,11.832,0.121,8120,15600,,2.00,2,0,8224x5140,P,1
4925,17.258,1.231,0.539,0.102,0.000,0.029,0.246,0.000,11.934,0.023,11.823,0.088,8120,15600,,2.00,2,0,8224x5140,P,1
4926,15.574,1.428,0.579,0.146,0.000,0.043,0.164,0.000,11.508,0.036,11.347,0.125,8120,15600,,2.00,2,0,8224x5140,P,1
4927,16.151,1.787,0.602,0.129,0.000,0.042,0.189,0.000,11.493,0.028,11.344,0.122,8120,15600,,2.00,2,0,8224x5140,P,1
4928,16.043,1.472,0.546,0.125,0.000,0.041,0.157,0.000,11.244,0.029,11.103,0.112,8120,15600,,2.00,2,0,8224x5140,P,1
4929,16.481,1.571,0.511,0.124,0.000,0.149,0.194,0.000,11.247,0.030,11.098,0.119,8120,15600,,2.00,2,0,8224x5140,P,1
4930,16.036,1.679,0.502,0.140,0.000,0.046,0.253,0.000,11.259,0.035,11.099,0.126,8120,15600,,2.00,2,0,8224x5140,P,1
4931,15.698,1.553,0.473,0.102,0.000,0.029,0.129,0.000,11.200,0.029,11.044,0.127,8120,15600,,2.00,2,0,8224x5140,P,1
4932,16.846,1.271,0.461,0.076,0.000,0.024,0.337,0.000,11.128,0.028,10.968,0.132,8120,15600,,2.00,2,0,8224x5140,P,1
4933,16.487,1.360,0.456,0.073,0.000,0.021,0.144,0.000,11.149,0.043,10.977,0.129,8120,15600,,2.00,2,0,8224x5140,P,1
4934,16.553,1.195,0.458,0.077,0.000,0.022,0.137,0.000,11.173,0.028,11.014,0.131,8120,15600,,2.00,2,0,8224x5140,P,1
4935,16.710,1.588,0.517,0.075,0.000,0.028,0.114,0.000,11.135,0.040,10.970,0.125,8120,15600,,2.00,2,0,8224x5140,P,1
4936,16.570,1.512,0.455,0.056,0.000,0.021,0.097,0.000,11.168,0.044,10.996,0.127,8120,15600,,2.00,2,0,8224x5140,P,1
4937,16.976,1.264,0.465,0.056,0.000,0.023,0.157,0.000,11.169,0.047,10.993,0.129,8120,15600,,2.00,2,0,8224x5140,P,1
4938,16.152,1.523,0.526,0.117,0.000,0.033,0.070,0.000,11.121,0.045,11.015,0.061,8120,15600,,2.00,2,0,8224x5140,P,1
4939,16.625,1.505,0.455,0.089,0.000,0.028,0.081,0.000,10.992,0.023,10.909,0.061,8120,15600,,2.00,2,0,8224x5140,P,1
4940,16.762,1.212,0.468,0.086,0.000,0.026,0.099,0.000,10.986,0.023,10.904,0.060,8120,15600,,2.00,2,0,8224x5140,P,1
4941,16.447,1.516,0.458,0.099,0.000,0.031,0.082,0.000,11.003,0.023,10.923,0.057,8120,15600,,2.00,2,0,8224x5140,P,1
4942,16.391,1.219,0.449,0.088,0.000,0.026,0.101,0.000,11.180,0.027,11.094,0.059,8120,15600,,2.00,2,0,8224x5140,P,1
4943,16.417,1.273,0.459,0.086,0.000,0.028,0.091,0.000,11.180,0.027,11.093,0.059,8120,15600,,2.00,2,0,8224x5140,P,1
4944,16.654,1.177,0.460,0.081,0.000,0.028,0.109,0.000,11.421,0.027,11.335,0.059,8120,15600,,2.00,2,0,8224x5140,P,1
4945,16.225,1.515,0.472,0.102,0.000,0.033,0.082,0.000,11.421,0.026,11.335,0.059,8120,15600,,2.00,2,0,8224x5140,P,1
4946,16.463,1.147,0.445,0.079,0.000,0.025,0.090,0.000,11.663,0.027,11.578,0.058,8120,15600,,2.00,2,0,8224x5140,P,1
4947,16.411,1.495,0.449,0.087,0.000,0.027,0.100,0.000,11.905,0.028,11.819,0.058,8120,15600,,2.00,2,0,8224x5140,P,1
4948,16.397,1.137,0.457,0.084,0.000,0.025,0.073,0.000,12.150,0.026,12.063,0.061,8120,15600,,2.00,2,0,8224x5140,P,1
4949,16.643,1.060,0.405,0.078,0.000,0.027,0.088,0.000,10.959,0.022,10.883,0.053,8120,15600,,2.00,2,0,8224x5140,P,1
4950,16.354,1.183,0.502,0.093,0.000,0.027,0.096,0.000,10.991,0.023,10.914,0.054,8120,15600,,2.00,2,0,8224x5140,P,1
4951,16.391,1.309,0.439,0.081,0.000,0.025,0.079,0.000,10.983,0.023,10.901,0.059,8120,15600,,2.00,2,0,8224x5140,P,1
4952,16.707,1.164,0.441,0.072,0.000,0.022,0.087,0.000,10.971,0.023,10.888,0.060,8120,15600,,2.00,2,0,8224x5140,P,1
4953,16.407,1.532,0.454,0.109,0.000,0.036,0.107,0.000,10.915,0.023,10.828,0.064,8120,15600,,2.00,2,0,8224x5140,P,1
4954,16.555,1.630,0.455,0.098,0.000,0.034,0.080,0.000,10.904,0.023,10.827,0.054,8120,15600,,2.00,2,0,8224x5140,P,1
4955,16.743,1.530,0.471,0.088,0.000,0.027,0.102,0.000,10.902,0.023,10.826,0.053,8120,15600,,2.00,2,0,8224x5140,P,1
4956,16.558,1.684,0.647,0.117,0.000,0.045,0.134,0.000,10.909,0.024,10.830,0.055,8120,15600,,2.00,2,0,8224x5140,P,1
4957,16.516,1.501,0.433,0.084,0.000,0.027,0.097,0.000,10.909,0.023,10.828,0.059,8120,15600,,2.00,2,0,8224x5140,P,1
4958,17.907,1.643,0.762,0.153,0.000,0.060,0.201,0.000,10.967,0.023,10.828,0.117,8120,15600,,2.00,2,0,8224x5140,P,1
4959,16.060,1.819,0.748,0.187,0.000,0.060,0.222,0.000,10.983,0.029,10.835,0.118,8120,15600,,2.00,2,0,8224x5140,P,1
4960,16.963,1.948,0.812,0.195,0.000,0.082,0.221,0.000,10.982,0.026,10.836,0.121,8120,15600,,2.00,2,0,8224x5140,P,1
4961,15.977,1.877,0.855,0.183,0.000,0.084,0.254,0.000,10.994,0.025,10.838,0.131,8120,15600,,2.00,2,0,8224x5140,P,1
4962,17.296,1.693,0.792,0.185,0.000,0.083,0.225,0.000,11.182,0.025,11.039,0.117,8120,15600,,2.00,2,0,8224x5140,P,1
4963,15.584,1.750,0.973,0.189,0.000,0.095,0.094,0.000,11.157,0.024,11.044,0.088,8120,15600,,2.00,2,0,8224x5140,P,1
4964,17.314,1.643,0.891,0.170,0.000,0.060,0.215,0.000,11.139,0.048,10.972,0.119,8120,15600,,2.00,2,0,8224x5140,P,1
4965,14.960,1.952,0.793,0.173,0.000,0.107,0.120,0.000,11.406,0.024,11.255,0.127,8120,15600,,2.00,2,0,8224x5140,P,1
4966,16.828,1.755,0.849,0.171,0.000,0.051,0.193,0.000,11.115,0.021,10.974,0.120,8120,15600,,2.00,2,0,8224x5140,P,1
4967,15.973,1.630,0.597,0.148,0.000,0.050,0.191,0.000,11.177,0.025,11.044,0.108,8120,15600,,2.00,2,0,8224x5140,P,1
4968,15.792,1.766,0.775,0.182,0.000,0.078,0.221,0.000,11.187,0.025,11.045,0.117,8120,15600,,2.00,2,0,8224x5140,P,1
4969,15.455,1.983,0.791,0.180,0.000,0.074,0.108,0.000,11.377,0.024,11.235,0.117,8120,15600,,2.00,2,0,8224x5140,P,1
4970,15.970,1.781,0.829,0.177,0.000,0.064,0.195,0.000,11.261,0.028,11.108,0.124,8120,15600,,2.00,2,0,8224x5140,P,1
4971,16.803,1.642,0.743,0.211,0.000,0.072,0.189,0.000,11.218,0.025,11.069,0.123,8120,15600,,2.00,2,0,8224x5140,P,1
4972,15.241,1.676,0.758,0.186,0.000,0.065,0.090,0.000,11.322,0.025,11.170,0.128,8120,15600,,2.00,2,0,8224x5140,P,1
4973,17.043,1.693,0.732,0.193,0.000,0.063,0.194,0.000,11.184,0.024,11.041,0.120,8120,15600,,2.00,2,0,8224x5140,P,1
4974,15.389,1.594,0.859,0.177,0.000,0.070,0.122,0.000,11.304,0.024,11.157,0.122,8120,15600,,2.00,2,0,8224x5140,P,1
4975,16.867,1.860,0.760,0.165,0.000,0.061,0.149,0.000,11.186,0.044,11.019,0.124,8120,15600,,2.00,2,0,8224x5140,P,1
4976,16.469,1.748,0.854,0.204,0.000,0.059,0.217,0.000,11.270,0.024,11.135,0.110,8120,15600,,2.00,2,0,8224x5140,P,1
4977,15.235,1.800,0.823,0.173,0.000,0.089,0.108,0.000,11.363,0.024,11.214,0.124,8120,15600,,2.00,2,0,8224x5140,P,1
4978,17.288,1.631,1.041,0.175,0.000,0.067,0.197,0.000,11.483,0.023,11.344,0.116,8120,15600,,2.00,2,0,8224x5140,P,1
4979,16.194,2.257,0.843,0.174,0.000,0.067,0.194,0.000,11.733,0.028,11.582,0.124,8120,15600,,2.00,2,0,8224x5140,P,1
4980,16.773,1.648,0.918,0.199,0.000,0.074,0.211,0.000,11.970,0.030,11.819,0.120,8120,15600,,2.00,2,0,8224x5140,P,1
4981,16.128,1.773,0.731,0.166,0.000,0.053,0.104,0.000,11.967,0.030,11.819,0.118,8120,15600,,2.00,2,0,8224x5140,P,1
4982,16.337,1.652,0.984,0.193,0.000,0.075,0.122,0.000,12.498,0.027,12.353,0.118,8120,15600,,2.00,2,0,8224x5140,P,1
4983,16.904,1.866,0.970,0.152,0.000,0.081,0.167,0.000,12.496,0.023,12.358,0.115,8120,15600,,2.00,2,0,8224x5140,P,1
4984,16.312,1.675,0.921,0.203,0.000,0.091,0.084,0.000,12.770,0.029,12.620,0.120,8120,15600,,2.00,2,0,8224x5140,P,1
4985,15.776,1.645,0.639,0.161,0.000,0.052,0.121,0.000,12.762,0.023,12.613,0.126,8120,15600,,2.00,2,0,8224x5140,P,1
4986,17.251,1.749,0.892,0.198,0.000,0.076,0.206,0.000,12.212,0.023,12.073,0.116,8120,15600,,2.00,2,0,8224x5140,P,1
4987,16.534,1.708,1.091,0.156,0.000,0.061,0.110,0.000,12.509,0.027,12.363,0.119,8120,15600,,2.00,2,0,8224x5140,P,1
4988,16.030,1.710,0.649,0.199,0.000,0.049,0.107,0.000,12.505,0.029,12.353,0.123,8120,15600,,2.00,2,0,8224x5140,P,1
4989,15.837,1.663,0.621,0.137,0.000,0.050,0.118,0.000,12.226,0.023,12.077,0.126,8120,15600,,2.00,2,0,8224x5140,P,1
4990,15.996,2.016,0.572,0.131,0.000,0.040,0.092,0.000,12.231,0.024,12.080,0.128,8120,15600,,2.00,2,0,8224x5140,P,1
4991,15.647,1.810,0.515,0.096,0.000,0.029,0.083,0.000,12.244,0.046,12.075,0.123,8120,15600,,2.00,2,0,8224x5140,P,1
4992,15.279,1.592,0.520,0.120,0.000,0.040,0.084,0.000,12.225,0.023,12.078,0.124,8120,15600,,2.00,2,0,8224x5140,P,1
4993,14.962,1.317,0.527,0.086,0.000,0.029,0.085,0.000,11.975,0.023,11.828,0.125,8120,15600,,2.00,2,0,8224x5140,P,1
4994,17.104,1.227,0.525,0.080,0.000,0.023,0.168,0.000,11.481,0.023,11.335,0.123,8120,15600,,2.00,2,0,8224x5140,P,1
4995,15.407,1.691,0.687,0.107,0.000,0.036,0.091,0.000,11.291,0.025,11.135,0.131,8120,15600,,2.00,2,0,8224x5140,P,1
4996,16.911,1.703,0.594,0.091,0.000,0.033,0.305,0.000,11.139,0.042,10.974,0.123,8120,15600,,2.00,2,0,8224x5140,P,1
4997,15.507,1.866,0.678,0.092,0.000,0.030,0.153,0.000,11.215,0.024,11.068,0.123,8120,15600,,2.00,2,0,8224x5140,P,1
4998,16.183,1.528,0.515,0.133,0.000,0.047,0.117,0.000,11.165,0.041,11.001,0.123,8120,15600,,2.00,2,0,8224x5140,P,1
4999,16.079,1.511,0.455,0.090,0.000,0.030,0.098,0.000,11.016,0.041,10.850,0.126,8120,15600,,2.00,2,0,8224x5140,P,1
5000,16.509,1.238,0.456,0.057,0.000,0.023,0.090,0.000,11.003,0.045,10.841,0.117,8120,15600,,2.00,2,0,8224x5140,P,1
5001,16.800,1.154,0.450,0.054,0.000,0.019,0.083,0.000,10.820,0.044,10.643,0.133,8120,15600,,2.00,2,0,8224x5140,P,1
5002,16.659,1.151,0.484,0.074,0.000,0.034,0.125,0.000,10.800,0.041,10.635,0.124,8120,15600,,2.00,2,0,8224x5140,P,1
5003,15.815,1.536,0.526,0.171,0.000,0.040,0.099,0.000,10.742,0.046,10.636,0.059,8120,15600,,2.00,2,0,8224x5140,P,1
5004,16.473,1.526,0.496,0.097,0.000,0.031,0.095,0.000,10.697,0.022,10.620,0.055,8120,15600,,2.00,2,0,8224x5140,P,1
5005,16.593,1.247,0.443,0.082,0.000,0.028,0.096,0.000,10.699,0.023,10.620,0.056,8120,15600,,2.00,2,0,8224x5140,P,1
5006,16.234,1.525,0.475,0.095,0.000,0.031,0.066,0.000,10.701,0.023,10.621,0.058,8120,15600,,2.00,2,0,8224x5140,P,1
5007,16.572,1.511,0.441,0.066,0.000,0.024,0.081,0.000,10.702,0.023,10.622,0.057,8120,15600,,2.00,2,0,8224x5140,P,1
5008,16.682,1.224,0.450,0.071,0.000,0.023,0.171,0.000,10.700,0.023,10.621,0.056,8120,15600,,2.00,2,0,8224x5140,P,1
5009,16.457,1.158,0.443,0.074,0.000,0.025,0.099,0.000,10.699,0.022,10.619,0.057,8120,15600,,2.00,2,0,8224x5140,P,1
5010,16.309,1.517,0.497,0.105,0.000,0.034,0.087,0.000,10.908,0.023,10.828,0.057,8120,15600,,2.00,2,0,8224x5140,P,1
5011,16.404,1.168,0.465,0.076,0.000,0.027,0.077,0.000,10.909,0.023,10.829,0.057,8120,15600,,2.00,2,0,8224x5140,P,1
5012,16.544,1.145,0.446,0.076,0.000,0.028,0.140,0.000,10.907,0.023,10.829,0.055,8120,15600,,2.00,2,0,8224x5140,P,1
5013,16.429,1.131,0.479,0.077,0.000,0.026,0.088,0.000,10.973,0.023,10.895,0.056,8120,15600,,2.00,2,0,8224x5140,P,1
5014,16.447,1.539,0.480,0.093,0.000,0.033,0.094,0.000,10.992,0.024,10.910,0.058,8120,15600,,2.00,2,0,8224x5140,P,1
5015,16.597,1.205,0.451,0.083,0.000,0.028,0.108,0.000,10.981,0.023,10.899,0.059,8120,15600,,2.00,2,0,8224x5140,P,1
5016,16.351,1.571,0.466,0.107,0.000,0.034,0.109,0.000,10.999,0.023,10.918,0.058,8120,15600,,2.00,2,0,8224x5140,P,1
5017,16.242,1.585,0.463,0.102,0.000,0.038,0.096,0.000,11.005,0.023,10.924,0.058,8120,15600,,2.00,2,0,8224x5140,P,1
5018,16.380,1.537,0.469,0.084,0.000,0.028,0.078,0.000,10.970,0.023,10.893,0.053,8120,15600,,2.00,2,0,8224x5140,P,1
5019,16.857,1.286,0.446,0.070,0.000,0.025,0.145,0.000,11.179,0.027,11.096,0.056,8120,15600,,2.00,2,0,8224x5140,P,1
5020,16.331,1.533,0.495,0.096,0.000,0.029,0.095,0.000,11.418,0.027,11.335,0.055,8120,15600,,2.00,2,0,8224x5140,P,1
5021,17.241,1.592,0.475,0.089,0.000,0.028,0.209,0.000,11.711,0.027,11.575,0.109,8120,15600,,2.00,2,0,8224x5140,P,1
5022,15.551,1.618,1.030,0.207,0.000,0.080,0.117,0.000,11.975,0.027,11.825,0.123,8120,15600,,2.00,2,0,8224x5140,P,1
5023,16.653,1.628,1.918,0.248,0.000,0.115,0.126,0.000,12.506,0.024,12.365,0.117,8120,15600,,2.00,2,0,8224x5140,P,1
5024,17.098,1.820,1.107,0.223,0.000,0.098,0.167,0.000,12.767,0.027,12.619,0.122,8120,15600,,2.00,2,0,8224x5140,P,1
5025,16.962,1.783,1.013,0.233,0.000,0.101,0.174,0.000,13.025,0.030,12.880,0.115,8120,15600,,2.00,2,0,8224x5140,P,1
5026,17.245,1.794,0.962,0.215,0.000,0.090,0.302,0.000,13.311,0.026,13.153,0.132,8120,15600,drag_start,2.00,2,1,8224x5140,P,1
5027,18.946,1.731,0.890,0.218,0.000,0.116,0.227,0.000,13.646,0.027,13.494,0.124,8120,15600,,2.00,2,1,8224x5140,P,1
5028,19.513,1.923,0.982,0.210,0.001,0.095,0.192,0.000,13.734,0.036,13.580,0.119,8120,15600,,2.00,2,1,8224x5140,P,1
5029,24.130,1.613,0.910,0.207,0.000,0.071,0.205,0.000,12.499,0.051,12.331,0.117,8120,15600,,2.00,2,1,8224x5140,P,1
5030,17.831,3.173,1.063,0.199,0.000,0.084,0.107,0.000,13.720,0.045,13.561,0.115,8120,15600,,2.00,2,1,8224x5140,P,1
5031,17.795,1.562,0.544,0.144,0.000,0.035,0.144,0.000,13.714,0.025,13.562,0.127,8120,15600,,2.00,2,1,8224x5140,P,1
5032,17.843,1.604,0.499,0.144,0.000,0.037,0.095,0.000,13.970,0.030,13.817,0.122,8120,15600,,2.00,2,1,8224x5140,P,1
5033,17.538,1.777,0.880,0.207,0.000,0.074,0.104,0.000,13.447,0.023,13.292,0.132,8120,15600,,2.00,2,1,8224x5140,P,1
5034,17.243,1.693,0.856,0.204,0.000,0.065,0.084,0.000,13.448,0.023,13.298,0.126,8120,15600,,2.00,2,1,8224x5140,P,1
5035,17.853,1.514,0.509,0.142,0.000,0.043,0.123,0.000,13.431,0.024,13.285,0.122,8120,15600,,2.00,2,1,8224x5140,P,1
5036,17.214,1.639,0.758,0.188,0.000,0.063,0.159,0.000,13.377,0.049,13.195,0.133,8120,15600,,2.00,2,1,8224x5140,P,1
5037,25.446,1.513,0.519,0.148,0.000,0.042,0.071,0.000,12.436,0.039,12.269,0.128,8120,15600,,2.00,2,1,8224x5140,P,1
5038,20.377,2.775,0.469,0.089,0.000,0.027,0.110,0.000,12.891,0.027,12.745,0.120,8120,15600,,2.00,2,1,8224x5140,P,1
5039,16.312,1.886,0.747,0.149,0.000,0.047,0.150,0.000,12.844,0.026,12.752,0.065,8120,15600,,2.00,2,1,8224x5140,P,1
5040,15.336,1.553,0.541,0.107,0.000,0.036,0.129,0.000,12.301,0.024,12.206,0.071,8120,15600,,2.00,2,1,8224x5140,P,1
5041,15.253,1.521,0.471,0.102,0.000,0.025,0.178,0.000,12.311,0.023,12.212,0.076,8120,15600,,2.00,2,1,8224x5140,P,1
5042,15.345,1.366,0.481,0.087,0.000,0.029,0.118,0.000,12.059,0.023,11.959,0.076,8120,15600,,2.00,2,1,8224x5140,P,1
5043,16.298,1.632,0.823,0.082,0.000,0.033,0.183,0.000,11.869,0.026,11.732,0.111,8120,15600,,2.00,2,1,8224x5140,P,1
5044,15.895,1.717,0.875,0.188,0.000,0.069,0.133,0.000,11.614,0.028,11.493,0.093,8120,15600,,2.00,2,1,8224x5140,P,1
5045,16.317,1.504,0.472,0.122,0.000,0.034,0.131,0.000,11.410,0.033,11.257,0.120,8120,15600,,2.00,2,1,8224x5140,P,1
5046,16.516,1.509,0.458,0.099,0.000,0.030,0.303,0.000,11.423,0.034,11.263,0.126,8120,15600,,2.00,2,1,8224x5140,P,1
5047,16.573,1.682,0.467,0.109,0.000,0.031,0.173,0.000,11.269,0.033,11.116,0.121,8120,15600,,2.00,2,1,8224x5140,P,1
5048,15.690,1.552,0.515,0.113,0.000,0.039,0.093,0.000,11.426,0.025,11.277,0.124,8120,15600,,2.00,2,1,8224x5140,P,1
5049,16.742,1.380,0.477,0.103,0.000,0.031,0.125,0.000,11.295,0.043,11.124,0.128,8120,15600,,2.00,2,1,8224x5140,P,1
5050,16.151,1.299,0.479,0.071,0.000,0.021,0.110,0.000,11.343,0.025,11.190,0.128,8120,15600,,2.00,2,1,8224x5140,P,1
5051,16.763,1.214,0.433,0.069,0.000,0.019,0.118,0.000,11.286,0.032,11.128,0.126,8120,15600,,2.00,2,1,8224x5140,P,1
5052,16.650,1.224,0.450,0.057,0.000,0.017,0.304,0.000,11.342,0.032,11.184,0.126,8120,15600,,2.00,2,1,8224x5140,P,1
5053,15.876,1.584,0.697,0.133,0.000,0.045,0.101,0.000,11.240,0.047,11.128,0.065,8120,15600,,2.00,2,1,8224x5140,P,1
5054,16.344,1.540,0.474,0.085,0.000,0.026,0.087,0.000,11.171,0.023,11.087,0.061,8120,15600,,2.00,2,1,8224x5140,P,1
5055,16.573,1.480,0.445,0.060,0.000,0.021,0.080,0.000,11.151,0.023,11.065,0.063,8120,15600,,2.00,2,1,8224x5140,P,1
5056,16.403,1.267,0.422,0.071,0.000,0.023,0.079,0.000,11.144,0.024,11.059,0.062,8120,15600,,2.00,2,1,8224x5140,P,1
5057,16.873,1.221,0.425,0.074,0.000,0.022,0.173,0.000,11.145,0.024,11.050,0.070,8120,15600,,2.00,2,1,8224x5140,P,1
5058,16.348,1.571,0.513,0.098,0.000,0.032,0.106,0.000,11.201,0.031,11.110,0.061,8120,15600,,2.00,2,1,8224x5140,P,1
5059,16.448,1.359,0.452,0.090,0.000,0.027,0.115,0.000,11.163,0.023,11.082,0.057,8120,15600,,2.00,2,1,8224x5140,P,1
5060,16.414,1.481,0.465,0.101,0.001,0.029,0.096,0.000,11.156,0.023,11.076,0.057,8120,15600,,2.00,2,1,8224x5140,P,1
5061,16.670,1.365,0.452,0.089,0.000,0.031,0.191,0.000,11.167,0.027,11.080,0.060,8120,15600,,2.00,2,1,8224x5140,P,1
5062,16.265,1.518,0.533,0.099,0.000,0.036,0.146,0.000,11.177,0.025,11.099,0.054,8120,15600,,2.00,2,1,8224x5140,P,1
5063,16.409,1.282,0.488,0.091,0.000,0.029,0.070,0.000,11.162,0.023,11.078,0.060,8120,15600,,2.00,2,1,8224x5140,P,1
5064,16.487,1.582,0.466,0.107,0.000,0.037,0.161,0.000,11.220,0.023,11.138,0.059,8120,15600,,2.00,2,1,8224x5140,P,1
5065,16.585,1.299,0.505,0.090,0.000,0.031,0.106,0.000,11.340,0.026,11.255,0.059,8120,15600,,2.00,2,1,8224x5140,P,1
5066,16.334,1.354,0.439,0.082,0.000,0.028,0.086,0.000,11.344,0.027,11.255,0.062,8120,15600,,2.00,2,1,8224x5140,P,1
5067,16.677,1.267,0.434,0.079,0.000,0.027,0.110,0.000,11.583,0.027,11.492,0.064,8120,15600,,2.00,2,1,8224x5140,P,1
5068,16.356,1.363,0.450,0.095,0.000,0.029,0.100,0.000,11.820,0.028,11.732,0.059,8120,15600,,2.00,2,1,8224x5140,P,1
5069,17.150,1.298,0.430,0.085,0.000,0.026,0.209,0.000,12.123,0.027,11.978,0.118,8120,15600,,2.00,2,1,8224x5140,P,1
5070,17.002,1.758,0.951,0.225,0.000,0.085,0.116,0.000,12.660,0.027,12.510,0.123,8120,15600,,2.00,2,1,8224x5140,P,1
5071,17.584,1.723,1.008,0.221,0.000,0.102,0.238,0.000,12.662,0.027,12.517,0.118,8120,15600,,2.00,2,1,8224x5140,P,1
5072,20.693,1.797,0.652,0.106,0.000,0.036,0.255,0.000,12.909,0.025,12.776,0.108,8120,15600,,2.00,2,1,8224x5140,P,1
5073,18.698,1.647,0.838,0.195,0.000,0.078,0.161,0.000,13.391,0.032,13.268,0.090,8120,15600,,2.00,2,1,8224x5140,P,1
5074,25.675,1.527,0.642,0.150,0.000,0.047,0.205,0.000,12.512,0.039,12.381,0.093,8120,15600,,2.00,2,1,8224x5140,P,1
5075,16.896,3.513,0.979,0.224,0.000,0.090,0.096,0.000,13.451,0.031,13.301,0.119,8120,15600,,2.00,2,1,8224x5140,P,1
5076,16.862,1.520,0.554,0.157,0.000,0.048,0.110,0.000,13.178,0.023,13.039,0.116,8120,15600,,2.00,2,1,8224x5140,P,1
5077,16.842,1.653,0.622,0.161,0.000,0.052,0.108,0.000,13.446,0.025,13.306,0.115,8120,15600,,2.00,2,1,8224x5140,P,1
5078,18.944,1.369,0.511,0.105,0.000,0.032,0.130,0.000,13.447,0.027,13.307,0.113,8120,15600,,2.00,2,1,8224x5140,P,1
5079,16.380,1.282,0.544,0.115,0.000,0.038,0.106,0.000,13.439,0.024,13.303,0.112,8120,15600,,2.00,2,1,8224x5140,P,1
5080,17.286,1.637,0.780,0.194,0.000,0.065,0.100,0.000,13.179,0.023,13.034,0.122,8120,15600,,2.00,2,1,8224x5140,P,1
5081,16.104,1.755,0.826,0.165,0.000,0.062,0.122,0.000,12.893,0.029,12.793,0.071,8120,15600,,2.00,2,1,8224x5140,P,1
5082,28.075,1.556,0.490,0.122,0.000,0.037,0.196,0.000,12.894,0.023,12.781,0.090,8120,15600,,2.00,2,1,8224x5140,P,1
5083,16.890,3.363,1.004,0.149,0.000,0.107,0.148,0.000,13.162,0.033,13.043,0.086,8120,15600,,2.00,2,1,8224x5140,P,1
5084,16.098,1.635,1.034,0.212,0.000,0.085,0.095,0.000,13.465,0.024,13.311,0.130,8120,15600,,2.00,2,1,8224x5140,P,1
5085,16.793,1.315,0.466,0.095,0.000,0.034,0.220,0.000,12.349,0.023,12.233,0.093,8120,15600,,2.00,2,1,8224x5140,P,1
5086,15.822,1.686,0.685,0.141,0.000,0.045,0.121,0.000,12.352,0.026,12.237,0.089,8120,15600,,2.00,2,1,8224x5140,P,1
5087,15.493,1.500,0.479,0.154,0.000,0.032,0.115,0.000,12.350,0.023,12.238,0.089,8120,15600,,2.00,2,1,8224x5140,P,1
5088,15.994,1.726,1.072,0.206,0.000,0.081,0.108,0.000,12.137,0.023,11.990,0.125,8120,15600,,2.00,2,1,8224x5140,P,1
5089,16.365,1.654,0.982,0.204,0.000,0.092,0.173,0.000,11.931,0.042,11.764,0.124,8120,15600,,2.00,2,1,8224x5140,P,1
5090,15.683,1.534,0.561,0.141,0.000,0.043,0.108,0.000,11.899,0.030,11.742,0.127,8120,15600,,2.00,2,1,8224x5140,P,1
5091,16.383,1.520,0.482,0.116,0.000,0.033,0.102,0.000,11.612,0.024,11.508,0.080,8120,15600,,2.00,2,1,8224x5140,P,1
5092,16.619,1.515,0.447,0.093,0.000,0.026,0.128,0.000,11.342,0.027,11.253,0.061,8120,15600,,2.00,2,1,8224x5140,P,1
5093,17.526,1.663,0.620,0.072,0.000,0.024,0.177,0.000,11.399,0.026,11.258,0.115,8120,15600,,2.00,2,1,8224x5140,P,1
5094,16.188,1.665,0.763,0.184,0.000,0.062,0.121,0.000,11.452,0.028,11.298,0.127,8120,15600,,2.00,2,1,8224x5140,P,1
5095,15.967,1.838,0.572,0.108,0.000,0.037,0.131,0.000,11.343,0.024,11.255,0.064,8120,15600,,2.00,2,1,8224x5140,P,1
5096,16.274,1.522,0.458,0.108,0.000,0.031,0.143,0.000,11.208,0.024,11.109,0.076,8120,15600,drag_snap,2.00,2,0,8224x5140,P,1
5097,16.853,1.836,0.849,0.172,0.000,0.064,0.130,0.000,11.124,0.029,10.977,0.118,8120,15600,,2.00,2,0,8224x5140,P,1
5098,16.575,1.525,0.463,0.106,0.000,0.030,0.134,0.000,11.115,0.028,11.015,0.072,8120,15600,,2.00,2,0,8224x5140,P,1
5099,16.760,1.542,0.460,0.123,0.000,0.034,0.137,0.000,11.133,0.029,11.011,0.094,8120,15600,,2.00,2,0,8224x5140,P,1
5100,17.469,1.539,0.451,0.092,0.000,0.032,0.183,0.000,11.166,0.030,11.031,0.105,8120,15600,,2.00,2,0,8224x5140,P,1
5101,15.436,1.724,0.734,0.186,0.000,0.062,0.102,0.000,11.342,0.025,11.186,0.131,8120,15600,,2.00,2,0,8224x5140,P,1
5102,17.030,1.656,0.565,0.158,0.000,0.043,0.140,0.000,11.101,0.021,10.958,0.121,8120,15600,,2.00,2,0,8224x5140,P,1
5103,16.820,1.572,0.490,0.109,0.000,0.034,0.125,0.000,11.341,0.036,11.186,0.120,8120,15600,,2.00,2,0,8224x5140,P,1
5104,16.394,1.343,0.466,0.112,0.000,0.029,0.146,0.000,11.254,0.031,11.100,0.123,8120,15600,,2.00,2,0,8224x5140,P,1
5105,16.667,1.274,0.479,0.109,0.000,0.027,0.103,0.000,11.254,0.030,11.100,0.124,8120,15600,,2.00,2,0,8224x5140,P,1
5106,17.106,1.269,0.460,0.097,0.000,0.030,0.224,0.000,11.259,0.031,11.100,0.128,8120,15600,,2.00,2,0,8224x5140,P,1
5107,16.288,1.257,0.498,0.101,0.000,0.028,0.117,0.000,11.303,0.035,11.145,0.122,8120,15600,,2.00,2,0,8224x5140,P,1
5108,16.564,1.263,0.494,0.116,0.001,0.031,0.090,0.000,11.514,0.044,11.350,0.119,8120,15600,,2.00,2,0,8224x5140,P,1
5109,16.802,1.541,0.480,0.113,0.000,0.034,0.108,0.000,11.507,0.044,11.344,0.119,8120,15600,,2.00,2,0,8224x5140,P,1
5110,16.269,1.341,0.488,0.106,0.000,0.032,0.095,0.000,11.727,0.029,11.578,0.121,8120,15600,,2.00,2,0,8224x5140,P,1
5111,16.722,1.272,0.477,0.105,0.000,0.030,0.139,0.000,11.772,0.047,11.599,0.125,8120,15600,,2.00,2,0,8224x5140,P,1
5112,16.097,1.237,0.486,0.108,0.000,0.033,0.090,0.000,11.968,0.030,11.826,0.111,8120,15600,,2.00,2,0,8224x5140,P,1
5113,17.993,1.226,0.499,0.110,0.000,0.032,0.203,0.000,11.959,0.024,11.825,0.110,8120,15600,,2.00,2,0,8224x5140,P,1
5114,15.290,1.612,0.545,0.114,0.000,0.035,0.054,0.000,11.975,0.031,11.824,0.121,8120,15600,,2.00,2,0,8224x5140,P,1
5115,17.382,1.247,0.474,0.110,0.000,0.033,0.092,0.000,12.221,0.023,12.074,0.123,8120,15600,,2.00,2,0,8224x5140,P,1
5116,16.201,1.322,0.535,0.121,0.000,0.034,0.148,0.000,11.495,0.034,11.339,0.123,8120,15600,,2.00,2,0,8224x5140,P,1
5117,15.246,1.780,0.958,0.173,0.000,0.062,0.133,0.000,11.254,0.024,11.108,0.122,8120,15600,,2.00,2,0,8224x5140,P,1
5118,18.475,1.399,0.514,0.121,0.000,0.035,0.152,0.000,11.250,0.029,11.100,0.121,8120,15600,,2.00,2,0,8224x5140,P,1
5119,16.462,1.387,0.468,0.113,0.000,0.033,0.249,0.000,11.258,0.027,11.106,0.125,8120,15600,,2.00,2,0,8224x5140,P,1
5120,16.389,1.739,0.636,0.109,0.000,0.033,0.122,0.000,11.281,0.046,11.112,0.123,8120,15600,,2.00,2,0,8224x5140,P,1
5121,16.504,1.355,0.474,0.100,0.000,0.035,0.128,0.000,11.245,0.026,11.101,0.119,8120,15600,,2.00,2,0,8224x5140,P,1
5122,16.664,1.344,0.479,0.120,0.001,0.030,0.108,0.000,11.261,0.030,11.106,0.125,8120,15600,,2.00,2,0,8224x5140,P,1
5123,16.532,1.517,0.465,0.114,0.000,0.034,0.129,0.000,11.249,0.027,11.102,0.120,8120,15600,,2.00,2,0,8224x5140,P,1
5124,17.019,1.337,0.483,0.110,0.000,0.032,0.133,0.000,11.272,0.045,11.107,0.120,8120,15600,,2.00,2,0,8224x5140,P,1
5125,16.051,1.537,0.483,0.127,0.001,0.040,0.120,0.000,11.279,0.046,11.104,0.129,8120,15600,,2.00,2,0,8224x5140,P,1
5126,16.929,1.540,0.488,0.078,0.061,0.025,0.102,0.000,11.296,0.049,11.123,0.124,8120,15600,,2.00,2,0,8224x5140,P,1
5127,16.581,1.282,0.469,0.089,0.000,0.026,0.095,0.000,11.282,0.046,11.105,0.132,8120,15600,,2.00,2,0,8224x5140,P,1
5128,16.468,1.214,0.455,0.057,0.000,0.022,0.131,0.000,11.520,0.045,11.347,0.128,8120,15600,,2.00,2,0,8224x5140,P,1
5129,17.092,1.171,0.488,0.054,0.000,0.020,0.212,0.000,11.521,0.048,11.345,0.129,8120,15600,,2.00,2,0,8224x5140,P,1
5130,16.363,1.569,0.653,0.122,0.000,0.040,0.116,0.000,11.508,0.049,11.353,0.106,8120,15600,,2.00,2,0,8224x5140,P,1
5131,16.571,1.484,0.497,0.088,0.000,0.029,0.106,0.000,11.666,0.028,11.576,0.062,8120,15600,,2.00,2,0,8224x5140,P,1
5132,16.634,1.519,0.466,0.105,0.000,0.032,0.108,0.000,11.666,0.025,11.584,0.057,8120,15600,,2.00,2,0,8224x5140,P,1
5133,16.557,1.315,0.437,0.085,0.000,0.028,0.081,0.000,11.905,0.027,11.818,0.059,8120,15600,,2.00,2,0,8224x5140,P,1
5134,16.785,1.348,0.460,0.092,0.000,0.028,0.118,0.000,11.905,0.026,11.821,0.058,8120,15600,,2.00,2,0,8224x5140,P,1
5135,16.443,1.605,0.451,0.099,0.000,0.033,0.132,0.000,12.156,0.028,12.069,0.058,8120,15600,,2.00,2,0,8224x5140,P,1
5136,16.761,1.483,0.521,0.099,0.000,0.035,0.127,0.000,12.438,0.026,12.357,0.056,8120,15600,,2.00,2,0,8224x5140,P,1
5137,16.626,1.531,0.510,0.096,0.000,0.031,0.086,0.000,12.695,0.027,12.612,0.056,8120,15600,,2.00,2,0,8224x5140,P,1
5138,16.789,1.533,0.437,0.093,0.000,0.030,0.114,0.000,12.698,0.026,12.614,0.059,8120,15600,,2.00,2,0,8224x5140,P,1
5139,16.514,1.626,0.632,0.107,0.000,0.043,0.107,0.000,12.963,0.027,12.880,0.056,8120,15600,,2.00,2,0,8224x5140,P,1
5140,16.797,1.533,0.442,0.089,0.000,0.026,0.132,0.000,13.221,0.028,13.140,0.054,8120,15600,,2.00,2,0,8224x5140,P,1
5141,17.316,1.732,1.078,0.210,0.000,0.088,0.127,0.000,13.267,0.026,13.129,0.111,8120,15600,,2.00,2,0,8224x5140,P,1
5142,18.087,1.728,0.989,0.229,0.000,0.112,0.142,0.000,13.557,0.026,13.407,0.125,8120,15600,,2.00,2,0,8224x5140,P,1
5143,18.453,1.779,0.947,0.211,0.000,0.100,0.234,0.000,13.821,0.028,13.665,0.129,8120,15600,,2.00,2,0,8224x5140,P,1
5144,20.172,1.709,0.923,0.193,0.000,0.093,0.238,0.000,13.818,0.028,13.664,0.126,8120,15600,,2.00,2,0,8224x5140,P,1
5145,17.844,1.642,0.931,0.196,0.000,0.093,0.128,0.000,13.717,0.035,13.608,0.075,8120,15600,,2.00,2,0,8224x5140,P,1
5146,24.523,1.817,0.832,0.159,0.000,0.070,0.112,0.000,13.589,0.031,13.466,0.093,8120,15600,,2.00,2,0,8224x5140,P,1
5147,22.398,2.733,0.520,0.114,0.000,0.035,0.139,0.000,14.625,0.029,14.486,0.110,8120,15600,,2.00,2,0,8224x5140,P,1
5148,18.856,1.521,0.487,0.137,0.000,0.042,0.146,0.000,14.627,0.027,14.479,0.120,8120,15600,,2.00,2,0,8224x5140,P,1
5149,17.220,1.328,0.474,0.119,0.000,0.031,0.105,0.000,13.264,0.040,13.099,0.125,8120,15600,,2.00,2,0,8224x5140,P,1
5150,25.545,1.267,0.497,0.111,0.000,0.032,0.190,0.000,12.928,0.028,12.776,0.125,8120,15600,,2.00,2,0,8224x5140,P,1
5151,17.941,2.718,0.532,0.149,0.000,0.048,0.149,0.000,13.023,0.028,12.876,0.119,8120,15600,,2.00,2,0,8224x5140,P,1
5152,16.573,1.515,0.529,0.125,0.000,0.034,0.099,0.000,13.052,0.036,12.880,0.137,8120,15600,,2.00,2,0,8224x5140,P,1
5153,15.113,1.525,0.468,0.099,0.000,0.028,0.172,0.000,12.442,0.023,12.355,0.064,8120,15600,,2.00,2,0,8224x5140,P,1
5154,15.692,1.437,0.416,0.067,0.000,0.019,0.106,0.000,12.156,0.023,12.074,0.059,8120,15600,,2.00,2,0,8224x5140,P,1
5155,16.758,1.414,0.422,0.068,0.000,0.020,0.105,0.000,11.905,0.026,11.816,0.063,8120,15600,,2.00,2,0,8224x5140,P,1
5156,16.809,1.329,0.430,0.079,0.000,0.025,0.103,0.000,11.668,0.027,11.577,0.064,8120,15600,,2.00,2,0,8224x5140,P,1
5157,16.680,1.270,0.446,0.086,0.000,0.023,0.104,0.000,11.427,0.031,11.342,0.053,8120,15600,,2.00,2,0,8224x5140,P,1
5158,16.017,1.353,0.456,0.072,0.000,0.021,0.109,0.000,11.182,0.026,11.096,0.059,8120,15600,tshadow_planar,2.00,2,0,8224x5140,L,2
5159,17.329,1.235,0.457,0.068,0.000,0.019,0.107,0.000,13.676,0.087,13.537,0.052,8120,15600,,2.00,2,0,8224x5140,L,2
5160,16.419,1.382,0.426,0.096,0.000,0.025,0.127,0.000,13.621,0.077,13.489,0.055,8120,15600,,2.00,2,0,8224x5140,L,2
5161,16.497,1.500,0.489,0.109,0.000,0.028,0.125,0.000,13.419,0.021,13.347,0.052,8120,15600,,2.00,2,0,8224x5140,L,2
5162,16.407,1.565,0.448,0.080,0.000,0.024,0.167,0.000,13.245,0.021,13.175,0.050,8120,15600,,2.00,2,0,8224x5140,L,2
5163,16.546,1.548,0.503,0.084,0.000,0.029,0.110,0.000,13.217,0.021,13.145,0.050,8120,15600,,2.00,2,0,8224x5140,L,2
5164,16.689,1.591,0.459,0.090,0.000,0.027,0.110,0.000,13.060,0.079,12.932,0.049,8120,15600,,2.00,2,0,8224x5140,L,2
5165,16.535,1.548,0.488,0.097,0.000,0.032,0.080,0.000,12.862,0.065,12.748,0.049,8120,15600,,2.00,2,0,8224x5140,L,2
5166,16.757,1.301,0.469,0.104,0.000,0.025,0.119,0.000,12.636,0.070,12.517,0.049,8120,15600,,2.00,2,0,8224x5140,L,2
5167,16.277,1.514,0.479,0.105,0.000,0.030,0.096,0.000,12.634,0.069,12.516,0.049,8120,15600,,2.00,2,0,8224x5140,L,2
5168,16.735,1.234,0.463,0.080,0.000,0.026,0.113,0.000,12.636,0.073,12.513,0.050,8120,15600,,2.00,2,0,8224x5140,L,2
5169,16.491,1.518,0.486,0.096,0.000,0.028,0.093,0.000,12.390,0.069,12.270,0.050,8120,15600,,2.00,2,0,8224x5140,L,2
5170,16.628,1.512,0.458,0.079,0.000,0.021,0.134,0.000,12.388,0.068,12.270,0.049,8120,15600,,2.00,2,0,8224x5140,L,2
5171,16.803,1.219,0.446,0.066,0.000,0.021,0.099,0.000,12.148,0.068,12.031,0.049,8120,15600,,2.00,2,0,8224x5140,L,2
5172,16.469,1.557,0.471,0.102,0.000,0.027,0.108,0.000,12.152,0.081,12.021,0.049,8120,15600,,2.00,2,0,8224x5140,L,2
5173,16.695,1.545,0.458,0.090,0.000,0.027,0.083,0.000,11.911,0.073,11.787,0.051,8120,15600,,2.00,2,0,8224x5140,L,2
5174,16.577,1.277,0.466,0.082,0.000,0.021,0.083,0.000,11.909,0.079,11.781,0.049,8120,15600,,2.00,2,0,8224x5140,L,2
5175,16.580,1.175,0.434,0.073,0.000,0.020,0.062,0.000,11.911,0.072,11.790,0.049,8120,15600,,2.00,2,0,8224x5140,L,2
5176,16.647,1.143,0.460,0.078,0.000,0.023,0.065,0.000,11.674,0.078,11.547,0.049,8120,15600,,2.00,2,0,8224x5140,L,2
5177,16.686,0.983,0.386,0.064,0.000,0.018,0.065,0.000,11.672,0.068,11.554,0.050,8120,15600,,2.00,2,0,8224x5140,L,2
5178,16.595,0.997,0.399,0.062,0.000,0.017,0.069,0.000,11.674,0.080,11.544,0.050,8120,15600,,2.00,2,0,8224x5140,L,2
5179,16.660,0.989,0.397,0.064,0.000,0.017,0.071,0.000,11.675,0.083,11.542,0.050,8120,15600,,2.00,2,0,8224x5140,L,2
5180,16.738,0.990,0.380,0.059,0.000,0.016,0.079,0.000,11.674,0.073,11.552,0.049,8120,15600,,2.00,2,0,8224x5140,L,2
5181,16.664,1.242,0.413,0.078,0.000,0.021,0.086,0.000,11.673,0.071,11.553,0.049,8120,15600,,2.00,2,0,8224x5140,L,2
5182,16.550,1.355,0.408,0.078,0.000,0.023,0.104,0.000,11.675,0.070,11.555,0.050,8120,15600,,2.00,2,0,8224x5140,L,2
5183,16.655,0.980,0.360,0.062,0.000,0.020,0.084,0.000,11.679,0.082,11.547,0.050,8120,15600,,2.00,2,0,8224x5140,L,2
5184,16.576,0.927,0.348,0.063,0.000,0.017,0.066,0.000,11.681,0.081,11.551,0.049,8120,15600,,2.00,2,0,8224x5140,L,2
5185,16.660,0.895,0.360,0.059,0.000,0.017,0.060,0.000,11.912,0.069,11.795,0.049,8120,15600,,2.00,2,0,8224x5140,L,2
5186,16.657,0.884,0.341,0.061,0.000,0.017,0.068,0.000,11.915,0.080,11.785,0.050,8120,15600,,2.00,2,0,8224x5140,L,2
5187,16.757,0.881,0.363,0.063,0.000,0.017,0.077,0.000,11.906,0.072,11.787,0.048,8120,15600,,2.00,2,0,8224x5140,L,2
5188,16.656,1.042,0.367,0.075,0.000,0.021,0.066,0.000,12.149,0.078,12.019,0.051,8120,15600,,2.00,2,0,8224x5140,L,2
5189,16.593,1.238,0.419,0.082,0.000,0.026,0.079,0.000,12.151,0.072,12.027,0.052,8120,15600,,2.00,2,0,8224x5140,L,2
5190,16.785,1.169,0.364,0.076,0.000,0.023,0.098,0.000,12.393,0.074,12.268,0.051,8120,15600,,2.00,2,0,8224x5140,L,2
5191,16.567,1.528,0.453,0.081,0.000,0.025,0.085,0.000,12.393,0.076,12.265,0.052,8120,15600,,2.00,2,0,8224x5140,L,2
5192,16.679,1.548,0.463,0.087,0.000,0.024,0.097,0.000,12.636,0.079,12.506,0.051,8120,15600,,2.00,2,0,8224x5140,L,2
5193,16.752,1.345,0.449,0.084,0.000,0.024,0.107,0.000,12.850,0.069,12.734,0.047,8120,15600,,2.00,2,0,8224x5140,L,2
5194,16.576,1.554,0.461,0.099,0.000,0.026,0.115,0.000,12.866,0.071,12.741,0.055,8120,15600,,2.00,2,0,8224x5140,L,2
5195,16.712,1.565,0.437,0.080,0.000,0.025,0.096,0.000,13.063,0.065,12.948,0.050,8120,15600,,2.00,2,0,8224x5140,L,2
5196,16.510,1.532,0.414,0.064,0.000,0.019,0.180,0.000,13.269,0.080,13.140,0.049,8120,15600,,2.00,2,0,8224x5140,L,2
5197,16.746,1.324,0.417,0.064,0.000,0.020,0.148,0.000,13.335,0.021,13.262,0.052,8120,15600,,2.00,2,0,8224x5140,L,2
5198,16.580,1.731,0.827,0.190,0.000,0.068,0.113,0.000,13.232,0.026,13.153,0.052,8120,15600,,2.00,2,0,8224x5140,L,2
5199,18.105,1.668,0.711,0.233,0.000,0.079,0.232,0.000,13.442,0.027,13.362,0.053,8120,15600,,2.00,2,0,8224x5140,L,2
5200,18.162,1.851,0.814,0.214,0.000,0.092,0.223,0.000,13.358,0.025,13.281,0.052,8120,15600,,2.00,2,0,8224x5140,L,2
5201,19.832,1.806,0.855,0.167,0.000,0.098,0.319,0.000,13.557,0.025,13.480,0.052,8120,15600,,2.00,2,0,8224x5140,L,2
5202,25.318,1.740,0.897,0.211,0.000,0.079,0.250,0.000,13.579,0.027,13.500,0.052,8120,15600,,2.00,2,0,8224x5140,L,2
5203,18.129,3.861,0.995,0.238,0.000,0.101,0.249,0.000,13.147,0.025,13.065,0.057,8120,15600,,2.00,2,0,8224x5140,L,2
5204,18.038,1.686,0.733,0.198,0.000,0.080,0.312,0.000,14.171,0.025,14.088,0.058,8120,15600,,2.00,2,0,8224x5140,L,2
5205,19.726,1.736,0.748,0.157,0.000,0.064,0.270,0.000,14.493,0.024,14.410,0.058,8120,15600,,2.00,2,0,8224x5140,L,2
5206,25.005,2.028,0.909,0.203,0.000,0.087,0.805,0.000,13.839,0.027,13.755,0.058,8120,15600,,2.00,2,0,8224x5140,L,2
5207,17.178,3.142,0.544,0.135,0.001,0.038,0.157,0.000,14.151,0.115,13.977,0.059,8120,15600,,2.00,2,0,8224x5140,L,2
5208,17.212,1.722,0.826,0.105,0.000,0.045,0.188,0.000,14.289,0.031,14.199,0.059,8120,15600,,2.00,2,0,8224x5140,L,2
5209,17.801,1.592,0.669,0.109,0.000,0.035,0.104,0.000,14.583,0.023,14.502,0.059,8120,15600,,2.00,2,0,8224x5140,L,2
5210,17.734,1.327,0.448,0.092,0.000,0.023,0.121,0.000,14.422,0.027,14.339,0.056,8120,15600,,2.00,2,0,8224x5140,L,2
5211,18.394,1.643,2.843,0.140,0.000,0.068,0.145,0.000,14.447,0.021,14.370,0.056,8120,15600,,2.00,2,0,8224x5140,L,2
5212,17.496,1.640,0.845,0.188,0.000,0.068,0.158,0.000,13.716,0.027,13.633,0.056,8120,15600,,2.00,2,0,8224x5140,L,2
5213,24.206,1.681,0.991,0.190,0.000,0.074,0.136,0.000,13.350,0.066,13.231,0.053,8120,15600,,2.00,2,0,8224x5140,L,2
5214,17.346,3.225,0.520,0.125,0.000,0.042,0.202,0.000,13.875,0.024,13.792,0.059,8120,15600,,2.00,2,0,8224x5140,L,2
5215,16.736,1.728,0.648,0.127,0.000,0.032,0.106,0.000,13.585,0.021,13.509,0.055,8120,15600,,2.00,2,0,8224x5140,L,2
5216,16.483,1.524,0.595,0.142,0.000,0.048,0.104,0.000,13.284,0.096,13.138,0.050,8120,15600,,2.00,2,0,8224x5140,L,2
5217,16.535,1.552,0.496,0.089,0.000,0.031,0.119,0.000,13.272,0.072,13.149,0.051,8120,15600,,2.00,2,0,8224x5140,L,2
5218,16.395,1.514,0.483,0.104,0.000,0.026,0.093,0.000,13.067,0.068,12.948,0.050,8120,15600,,2.00,2,0,8224x5140,L,2
5219,16.390,1.502,0.447,0.088,0.000,0.023,0.093,0.000,13.068,0.080,12.938,0.050,8120,15600,,2.00,2,0,8224x5140,L,2
5220,15.189,1.516,0.466,0.102,0.000,0.027,0.078,0.000,12.858,0.079,12.730,0.050,8120,15600,,2.00,2,0,8224x5140,L,2
5221,15.156,1.503,0.468,0.087,0.000,0.024,0.088,0.000,12.553,0.021,12.483,0.049,8120,15600,,2.00,2,0,8224x5140,L,2
5222,16.366,1.250,0.479,0.091,0.000,0.021,0.096,0.000,12.381,0.021,12.311,0.049,8120,15600,,2.00,2,0,8224x5140,L,2
5223,16.289,1.510,0.480,0.102,0.000,0.029,0.086,0.000,11.908,0.083,11.776,0.049,8120,15600,,2.00,2,0,8224x5140,L,2
5224,16.619,1.367,0.472,0.086,0.000,0.025,0.104,0.000,11.671,0.068,11.554,0.050,8120,15600,,2.00,2,0,8224x5140,L,2
5225,16.265,1.518,0.484,0.105,0.000,0.030,0.088,0.000,11.619,0.064,11.506,0.049,8120,15600,,2.00,2,0,8224x5140,L,2
5226,16.410,1.513,0.455,0.087,0.000,0.026,0.089,0.000,11.604,0.061,11.495,0.049,8120,15600,,2.00,2,0,8224x5140,L,2
5227,16.488,1.310,0.458,0.084,0.000,0.025,0.086,0.000,11.600,0.066,11.486,0.048,8120,15600,,2.00,2,0,8224x5140,L,2
5228,16.514,1.284,0.461,0.089,0.000,0.027,0.087,0.000,11.601,0.078,11.474,0.049,8120,15600,,2.00,2,0,8224x5140,L,2
5229,16.455,1.433,0.471,0.089,0.000,0.025,0.096,0.000,11.469,0.060,11.361,0.048,8120,15600,,2.00,2,0,8224x5140,L,2
5230,16.442,1.267,0.475,0.097,0.000,0.029,0.093,0.000,11.469,0.061,11.361,0.047,8120,15600,,2.00,2,0,8224x5140,L,2
5231,16.293,1.427,0.497,0.097,0.000,0.032,0.093,0.000,11.269,0.064,11.157,0.048,8120,15600,,2.00,2,0,8224x5140,L,2
5232,16.557,1.244,0.480,0.088,0.000,0.033,0.098,0.000,11.266,0.068,11.151,0.047,8120,15600,,2.00,2,0,8224x5140,L,2
5233,16.350,1.441,0.466,0.090,0.000,0.036,0.097,0.000,11.267,0.067,11.154,0.047,8120,15600,,2.00,2,0,8224x5140,L,2
5234,16.489,1.525,0.466,0.092,0.000,0.034,0.084,0.000,11.265,0.067,11.151,0.047,8120,15600,,2.00,2,0,8224x5140,L,2
5235,16.344,1.294,0.486,0.089,0.000,0.034,0.115,0.000,11.071,0.069,10.955,0.047,8120,15600,,2.00,2,0,8224x5140,L,2
5236,16.396,1.372,0.461,0.087,0.000,0.029,0.084,0.000,11.074,0.067,10.958,0.048,8120,15600,,2.00,2,0,8224x5140,L,2
5237,16.465,1.298,0.473,0.087,0.000,0.027,0.085,0.000,11.073,0.070,10.955,0.048,8120,15600,,2.00,2,0,8224x5140,L,2
5238,16.696,1.258,0.469,0.084,0.000,0.031,0.189,0.000,11.276,0.071,11.156,0.049,8120,15600,,2.00,2,0,8224x5140,L,2
5239,16.329,1.437,0.522,0.102,0.000,0.038,0.129,0.000,11.269,0.064,11.157,0.047,8120,15600,,2.00,2,0,8224x5140,L,2
5240,16.130,1.547,0.446,0.099,0.000,0.029,0.071,0.000,11.267,0.077,11.142,0.049,8120,15600,,2.00,2,0,8224x5140,L,2
5241,16.751,1.269,0.435,0.071,0.000,0.022,0.113,0.000,11.269,0.077,11.144,0.048,8120,15600,,2.00,2,0,8224x5140,L,2
5242,16.189,1.644,0.691,0.119,0.000,0.042,0.095,0.000,11.465,0.072,11.347,0.046,8120,15600,,2.00,2,0,8224x5140,L,2
5243,17.802,1.523,0.442,0.100,0.000,0.027,0.207,0.000,11.522,0.067,11.405,0.050,8120,15600,,2.00,2,0,8224x5140,L,2
5244,15.040,1.763,0.663,0.131,0.000,0.046,0.121,0.000,11.704,0.021,11.633,0.050,8120,15600,,2.00,2,0,8224x5140,L,2
5245,16.367,1.749,0.639,0.126,0.000,0.049,0.211,0.000,11.555,0.022,11.483,0.050,8120,15600,,2.00,2,0,8224x5140,L,2
5246,15.695,1.824,0.649,0.137,0.000,0.047,0.225,0.000,11.757,0.021,11.686,0.050,8120,15600,,2.00,2,0,8224x5140,L,2
5247,17.766,2.776,0.687,0.143,0.000,0.055,0.282,0.000,11.571,0.021,11.496,0.054,8120,15600,,2.00,2,0,8224x5140,L,2
5248,15.054,1.793,0.716,0.143,0.000,0.061,0.119,0.000,11.835,0.020,11.759,0.055,8120,15600,,2.00,2,0,8224x5140,L,2
5249,17.042,1.878,0.654,0.136,0.000,0.049,0.208,0.000,11.658,0.019,11.585,0.054,8120,15600,,2.00,2,0,8224x5140,L,2
5250,17.172,2.067,0.680,0.141,0.000,0.045,0.250,0.000,11.800,0.020,11.729,0.051,8120,15600,,2.00,2,0,8224x5140,L,2
5251,16.142,2.371,0.821,0.164,0.000,0.059,0.157,0.000,11.839,0.025,11.763,0.051,8120,15600,,2.00,2,0,8224x5140,L,2
5252,16.134,3.168,1.006,0.177,0.000,0.066,0.246,0.000,11.864,0.044,11.767,0.053,8120,15600,,2.00,2,0,8224x5140,L,2
5253,17.683,3.073,1.037,0.189,0.000,0.062,0.245,0.000,12.069,0.025,11.991,0.053,8120,15600,,2.00,2,0,8224x5140,L,2
5254,16.962,2.920,1.100,0.189,0.000,0.078,0.221,0.000,12.293,0.025,12.217,0.051,8120,15600,,2.00,2,0,8224x5140,L,2
5255,17.574,2.460,0.905,0.214,0.000,0.072,0.270,0.000,12.814,0.025,12.735,0.054,8120,15600,,2.00,2,0,8224x5140,L,2
5256,18.034,2.656,0.988,0.218,0.000,0.074,0.234,0.000,13.043,0.034,12.955,0.053,8120,15600,,2.00,2,0,8224x5140,L,2
5257,17.744,2.016,0.814,0.203,0.000,0.078,0.236,0.000,13.209,0.025,13.131,0.053,8120,15600,,2.00,2,0,8224x5140,L,2
5258,19.071,1.901,0.875,0.195,0.000,0.075,0.231,0.000,13.406,0.025,13.329,0.052,8120,15600,,2.00,2,0,8224x5140,L,2
5259,25.562,1.945,0.954,0.194,0.000,0.079,0.352,0.000,13.351,0.028,13.269,0.053,8120,15600,,2.00,2,0,8224x5140,L,2
5260,17.921,3.479,1.004,0.216,0.000,0.099,0.260,0.000,12.989,0.025,12.908,0.056,8120,15600,,2.00,2,0,8224x5140,L,2
5261,18.057,1.817,0.764,0.201,0.000,0.091,0.251,0.000,14.460,0.029,14.373,0.059,8120,15600,,2.00,2,0,8224x5140,L,2
5262,20.114,1.733,0.867,0.163,0.000,0.059,0.220,0.000,14.581,0.026,14.496,0.059,8120,15600,,2.00,2,0,8224x5140,L,2
5263,24.465,1.753,0.927,0.194,0.000,0.091,0.196,0.000,13.527,0.027,13.438,0.062,8120,15600,,2.00,2,0,8224x5140,L,2
5264,22.779,3.246,2.400,0.330,0.000,0.077,0.217,0.000,14.555,0.027,13.896,0.631,8120,15600,,2.00,2,0,8224x5140,L,2
5265,18.505,1.792,0.898,0.191,0.000,0.102,0.230,0.000,14.772,0.028,14.635,0.110,8120,15600,,2.00,2,0,8224x5140,L,2
5266,17.841,3.951,1.077,0.212,0.000,0.073,0.172,0.000,14.025,0.032,13.938,0.055,8120,15600,,2.00,2,0,8224x5140,L,2
5267,19.450,1.532,0.591,0.144,0.000,0.049,0.107,0.000,13.941,0.028,13.861,0.052,8120,15600,,2.00,2,0,8224x5140,L,2
5268,17.397,1.331,0.443,0.092,0.000,0.027,0.119,0.000,14.169,0.079,14.037,0.053,8120,15600,,2.00,2,0,8224x5140,L,2
5269,16.363,1.350,0.615,0.102,0.000,0.037,0.096,0.000,14.171,0.098,14.020,0.053,8120,15600,drag_start,2.00,2,1,8224x5140,L,2
5270,17.062,1.269,0.423,0.084,0.000,0.022,0.089,0.000,14.517,0.023,14.439,0.055,8120,15600,,2.00,2,1,8224x5140,L,2
5271,17.158,1.250,0.416,0.072,0.000,0.019,0.182,0.000,13.872,0.023,13.793,0.056,8120,15600,,2.00,2,1,8224x5140,L,2
5272,17.179,1.420,0.432,0.092,0.000,0.023,0.190,0.000,13.738,0.021,13.665,0.053,8120,15600,,2.00,2,1,8224x5140,L,2
5273,16.219,1.487,0.451,0.073,0.000,0.020,0.173,0.000,13.556,0.078,13.429,0.049,8120,15600,,2.00,2,1,8224x5140,L,2
5274,16.006,1.324,0.411,0.066,0.000,0.017,0.188,0.000,12.903,0.052,12.797,0.053,8120,15600,,2.00,2,1,8224x5140,L,2
5275,15.319,1.401,0.410,0.073,0.000,0.019,0.122,0.000,12.768,0.027,12.688,0.053,8120,15600,,2.00,2,1,8224x5140,L,2
5276,16.326,1.727,0.613,0.121,0.000,0.041,0.115,0.000,12.729,0.021,12.656,0.051,8120,15600,,2.00,2,1,8224x5140,L,2
5277,16.652,1.929,0.668,0.128,0.000,0.043,0.112,0.000,12.304,0.066,12.188,0.050,8120,15600,,2.00,2,1,8224x5140,L,2
5278,16.558,1.694,0.632,0.123,0.000,0.039,0.113,0.000,11.839,0.074,11.712,0.053,8120,15600,,2.00,2,1,8224x5140,L,2
5279,17.447,1.531,0.538,0.096,0.000,0.029,0.168,0.000,11.811,0.070,11.688,0.053,8120,15600,,2.00,2,1,8224x5140,L,2
5280,15.990,1.613,0.494,0.102,0.000,0.029,0.268,0.000,11.865,0.073,11.741,0.050,8120,15600,,2.00,2,1,8224x5140,L,2
5281,16.728,1.604,0.544,0.085,0.000,0.026,0.139,0.000,11.385,0.024,11.309,0.051,8120,15600,,2.00,2,1,8224x5140,L,2
5282,16.372,1.482,0.426,0.082,0.000,0.024,0.109,0.000,11.383,0.027,11.305,0.051,8120,15600,,2.00,2,1,8224x5140,L,2
5283,16.927,1.295,0.416,0.068,0.000,0.019,0.309,0.000,11.239,0.080,11.109,0.050,8120,15600,,2.00,2,1,8224x5140,L,2
5284,16.302,1.568,0.424,0.073,0.000,0.020,0.106,0.000,11.250,0.081,11.120,0.049,8120,15600,,2.00,2,1,8224x5140,L,2
5285,16.846,1.263,0.402,0.058,0.000,0.017,0.117,0.000,11.042,0.060,10.934,0.048,8120,15600,,2.00,2,1,8224x5140,L,2
5286,16.485,1.595,0.510,0.102,0.000,0.026,0.115,0.000,10.874,0.074,10.750,0.051,8120,15600,,2.00,2,1,8224x5140,L,2
5287,16.305,1.283,0.464,0.076,0.000,0.022,0.118,0.000,10.660,0.067,10.546,0.048,8120,15600,,2.00,2,1,8224x5140,L,2
5288,16.291,1.504,0.447,0.093,0.000,0.030,0.131,0.000,10.715,0.082,10.586,0.048,8120,15600,,2.00,2,1,8224x5140,L,2
5289,16.501,1.337,0.435,0.080,0.000,0.022,0.123,0.000,10.449,0.021,10.378,0.051,8120,15600,,2.00,2,1,8224x5140,L,2
5290,16.333,1.355,0.436,0.082,0.000,0.023,0.103,0.000,10.472,0.078,10.343,0.051,8120,15600,,2.00,2,1,8224x5140,L,2
5291,16.619,1.262,0.433,0.073,0.000,0.022,0.129,0.000,10.450,0.067,10.332,0.052,8120,15600,,2.00,2,1,8224x5140,L,2
5292,16.140,1.275,0.429,0.085,0.000,0.023,0.114,0.000,10.424,0.029,10.345,0.050,8120,15600,,2.00,2,1,8224x5140,L,2
5293,16.387,1.492,0.434,0.057,0.000,0.018,0.054,0.000,10.474,0.062,10.358,0.054,8120,15600,,2.00,2,1,8224x5140,L,2
5294,16.567,1.234,0.423,0.055,0.000,0.017,0.053,0.000,10.567,0.018,10.500,0.050,8120,15600,,2.00,2,1,8224x5140,L,2
5295,16.663,1.188,0.611,0.065,0.000,0.017,0.106,0.000,10.448,0.022,10.374,0.052,8120,15600,,2.00,2,1,8224x5140,L,2
5296,17.738,1.164,0.425,0.049,0.000,0.017,0.203,0.000,10.535,0.018,10.465,0.052,8120,15600,,2.00,2,1,8224x5140,L,2
5297,16.037,1.650,0.702,0.139,0.000,0.050,0.209,0.000,10.538,0.023,10.464,0.051,8120,15600,,2.00,2,1,8224x5140,L,2
5298,15.522,1.843,0.730,0.152,0.000,0.050,0.170,0.000,10.553,0.020,10.483,0.050,8120,15600,,2.00,2,1,8224x5140,L,2
5299,16.356,1.499,0.494,0.100,0.000,0.034,0.206,0.000,10.626,0.037,10.538,0.050,8120,15600,,2.00,2,1,8224x5140,L,2
5300,15.596,1.783,0.667,0.127,0.000,0.042,0.148,0.000,10.569,0.054,10.464,0.051,8120,15600,,2.00,2,1,8224x5140,L,2
5301,16.713,1.545,0.445,0.105,0.000,0.026,0.232,0.000,10.798,0.040,10.712,0.047,8120,15600,,2.00,2,1,8224x5140,L,2
5302,16.153,1.598,0.587,0.125,0.000,0.040,0.217,0.000,10.970,0.041,10.879,0.050,8120,15600,,2.00,2,1,8224x5140,L,2
5303,15.715,1.640,0.589,0.118,0.000,0.039,0.161,0.000,11.011,0.026,10.937,0.047,8120,15600,,2.00,2,1,8224x5140,L,2
5304,16.404,1.539,0.604,0.118,0.000,0.039,0.197,0.000,11.387,0.021,11.316,0.050,8120,15600,,2.00,2,1,8224x5140,L,2
5305,15.296,1.724,0.646,0.140,0.000,0.057,0.139,0.000,11.662,0.020,11.593,0.049,8120,15600,,2.00,2,1,8224x5140,L,2
5306,17.095,1.635,0.644,0.139,0.000,0.053,0.237,0.000,11.808,0.020,11.739,0.049,8120,15600,,2.00,2,1,8224x5140,L,2
5307,15.060,1.689,0.650,0.135,0.000,0.052,0.126,0.000,12.017,0.021,11.946,0.050,8120,15600,,2.00,2,1,8224x5140,L,2
5308,17.012,1.610,0.665,0.133,0.000,0.048,0.282,0.000,11.795,0.019,11.724,0.052,8120,15600,,2.00,2,1,8224x5140,L,2
5309,15.696,1.744,0.592,0.104,0.000,0.039,0.135,0.000,12.092,0.020,12.019,0.052,8120,15600,,2.00,2,1,8224x5140,L,2
5310,15.093,1.628,0.577,0.126,0.000,0.039,0.106,0.000,12.026,0.026,11.948,0.052,8120,15600,,2.00,2,1,8224x5140,L,2
5311,17.414,1.627,0.678,0.148,0.000,0.048,0.225,0.000,12.068,0.021,11.994,0.053,8120,15600,,2.00,2,1,8224x5140,L,2
5312,16.522,1.656,0.662,0.139,0.000,0.052,0.224,0.000,12.099,0.024,12.023,0.052,8120,15600,,2.00,2,1,8224x5140,L,2
5313,16.180,1.697,0.721,0.159,0.000,0.059,0.122,0.000,12.551,0.025,12.475,0.052,8120,15600,,2.00,2,1,8224x5140,L,2
5314,16.122,1.640,0.718,0.216,0.000,0.069,0.138,0.000,12.809,0.021,12.736,0.052,8120,15600,,2.00,2,1,8224x5140,L,2
5315,16.110,1.651,0.706,0.206,0.000,0.059,0.124,0.000,12.944,0.024,12.866,0.055,8120,15600,,2.00,2,1,8224x5140,L,2
5316,16.148,1.660,0.624,0.169,0.001,0.050,0.112,0.000,12.812,0.021,12.736,0.056,8120,15600,,2.00,2,1,8224x5140,L,2
5317,16.807,1.502,0.468,0.111,0.000,0.026,0.160,0.000,12.684,0.021,12.610,0.053,8120,15600,,2.00,2,1,8224x5140,L,2
5318,16.843,1.505,0.447,0.094,0.000,0.024,0.214,0.000,12.664,0.081,12.527,0.056,8120,15600,,2.00,2,1,8224x5140,L,2
5319,16.385,1.787,0.730,0.168,0.000,0.063,0.114,0.000,12.864,0.029,12.779,0.056,8120,15600,,2.00,2,1,8224x5140,L,2
5320,16.467,1.627,0.687,0.170,0.000,0.054,0.125,0.000,12.793,0.021,12.719,0.053,8120,15600,,2.00,2,1,8224x5140,L,2
5321,16.234,1.811,0.656,0.201,0.000,0.053,0.103,0.000,12.730,0.025,12.650,0.054,8120,15600,,2.00,2,1,8224x5140,L,2
5322,16.206,1.617,0.771,0.202,0.000,0.078,0.110,0.000,13.088,0.026,13.007,0.054,8120,15600,,2.00,2,1,8224x5140,L,2
5323,16.740,1.500,0.532,0.114,0.000,0.041,0.255,0.000,13.072,0.021,12.996,0.055,8120,15600,,2.00,2,1,8224x5140,L,2
5324,16.491,1.655,0.955,0.221,0.000,0.069,0.124,0.000,13.024,0.025,12.947,0.051,8120,15600,,2.00,2,1,8224x5140,L,2
5325,16.121,1.686,0.756,0.196,0.000,0.067,0.132,0.000,13.030,0.025,12.953,0.053,8120,15600,,2.00,2,1,8224x5140,L,2
5326,16.547,1.507,0.491,0.106,0.000,0.025,0.124,0.000,13.088,0.021,13.012,0.055,8120,15600,,2.00,2,1,8224x5140,L,2
5327,16.440,1.695,0.801,0.270,0.000,0.070,0.107,0.000,13.106,0.067,12.987,0.052,8120,15600,,2.00,2,1,8224x5140,L,2
5328,16.761,1.504,0.476,0.118,0.000,0.026,0.150,0.000,13.073,0.023,12.995,0.054,8120,15600,,2.00,2,1,8224x5140,L,2
5329,16.269,1.709,0.812,0.203,0.000,0.071,0.112,0.000,13.029,0.025,12.952,0.053,8120,15600,,2.00,2,1,8224x5140,L,2
5330,16.250,1.689,0.934,0.197,0.000,0.065,0.100,0.000,13.203,0.021,13.130,0.052,8120,15600,,2.00,2,1,8224x5140,L,2
5331,16.276,1.620,0.811,0.178,0.000,0.068,0.110,0.000,13.206,0.023,13.132,0.051,8120,15600,,2.00,2,1,8224x5140,L,2
5332,16.146,1.630,0.846,0.195,0.000,0.074,0.138,0.000,13.142,0.021,13.066,0.054,8120,15600,,2.00,2,1,8224x5140,L,2
5333,16.278,1.501,0.467,0.125,0.000,0.031,0.116,0.000,13.098,0.021,13.023,0.054,8120,15600,,2.00,2,1,8224x5140,L,2
5334,16.748,1.496,0.456,0.085,0.000,0.024,0.124,0.000,13.143,0.096,12.994,0.053,8120,15600,,2.00,2,1,8224x5140,L,2
5335,16.267,1.734,0.818,0.211,0.000,0.078,0.097,0.000,13.279,0.042,13.185,0.052,8120,15600,,2.00,2,1,8224x5140,L,2
5336,16.423,1.505,0.557,0.100,0.000,0.032,0.091,0.000,13.185,0.021,13.112,0.053,8120,15600,,2.00,2,1,8224x5140,L,2
5337,16.421,1.513,0.455,0.097,0.000,0.026,0.093,0.000,13.214,0.073,13.092,0.049,8120,15600,,2.00,2,1,8224x5140,L,2
5338,16.357,1.496,0.458,0.083,0.000,0.024,0.119,0.000,13.229,0.080,13.098,0.051,8120,15600,,2.00,2,1,8224x5140,L,2
5339,16.332,1.329,0.464,0.081,0.000,0.027,0.198,0.000,13.203,0.021,13.130,0.052,8120,15600,,2.00,2,1,8224x5140,L,2
5340,16.617,1.611,0.449,0.092,0.000,0.022,0.123,0.000,13.132,0.021,13.058,0.053,8120,15600,,2.00,2,1,8224x5140,L,2
5341,16.228,1.392,0.439,0.079,0.000,0.024,0.176,0.000,13.223,0.084,13.086,0.052,8120,15600,,2.00,2,1,8224x5140,L,2
5342,16.030,1.328,0.430,0.072,0.000,0.023,0.221,0.000,13.143,0.026,13.061,0.056,8120,15600,,2.00,2,1,8224x5140,L,2
5343,15.847,1.179,0.409,0.065,0.000,0.016,0.071,0.000,12.640,0.021,12.566,0.053,8120,15600,,2.00,2,1,8224x5140,L,2
5344,16.722,1.209,0.450,0.068,0.000,0.017,0.073,0.000,12.728,0.022,12.657,0.050,8120,15600,,2.00,2,1,8224x5140,L,2
5345,16.703,1.164,0.420,0.057,0.000,0.018,0.220,0.000,12.538,0.077,12.412,0.049,8120,15600,,2.00,2,1,8224x5140,L,2
5346,16.614,1.292,0.415,0.053,0.000,0.015,0.121,0.000,12.537,0.077,12.411,0.049,8120,15600,,2.00,2,1,8224x5140,L,2
5347,16.661,1.128,0.409,0.048,0.000,0.016,0.162,0.000,12.546,0.079,12.410,0.056,8120,15600,,2.00,2,1,8224x5140,L,2
5348,16.530,1.122,0.406,0.046,0.000,0.014,0.048,0.000,12.332,0.077,12.199,0.056,8120,15600,,2.00,2,1,8224x5140,L,2
5349,16.758,1.115,0.434,0.049,0.000,0.015,0.090,0.000,12.298,0.079,12.163,0.056,8120,15600,,2.00,2,1,8224x5140,L,2
5350,16.259,1.157,0.403,0.050,0.000,0.015,0.085,0.000,12.359,0.024,12.282,0.053,8120,15600,drag_snap,2.00,2,0,8224x5140,L,2
5351,16.875,1.161,0.412,0.054,0.000,0.015,0.110,0.000,12.192,0.058,12.076,0.058,8120,15600,,2.00,2,0,8224x5140,L,2
5352,16.464,1.166,0.407,0.051,0.000,0.014,0.052,0.000,12.177,0.052,12.073,0.052,8120,15600,,2.00,2,0,8224x5140,L,2
5353,16.805,1.163,0.450,0.050,0.000,0.015,0.048,0.000,12.237,0.084,12.097,0.056,8120,15600,,2.00,2,0,8224x5140,L,2
5354,16.568,1.183,0.412,0.050,0.000,0.014,0.107,0.000,12.195,0.071,12.071,0.053,8120,15600,,2.00,2,0,8224x5140,L,2
5355,16.631,1.175,0.413,0.047,0.000,0.022,0.052,0.000,12.064,0.030,11.972,0.061,8120,15600,,2.00,2,0,8224x5140,L,2
5356,16.607,1.184,0.421,0.049,0.000,0.014,0.094,0.000,12.129,0.025,12.051,0.052,8120,15600,,2.00,2,0,8224x5140,L,2
5357,16.806,1.196,0.407,0.045,0.000,0.015,0.102,0.000,12.174,0.076,12.041,0.057,8120,15600,,2.00,2,0,8224x5140,L,2
5358,16.625,1.209,0.423,0.044,0.000,0.014,0.343,0.000,12.180,0.025,12.102,0.053,8120,15600,,2.00,2,0,8224x5140,L,2
5359,16.666,1.335,0.435,0.053,0.000,0.015,0.137,0.000,12.189,0.099,12.037,0.053,8120,15600,,2.00,2,0,8224x5140,L,2
5360,16.387,1.467,0.427,0.049,0.000,0.015,0.060,0.000,12.194,0.096,12.042,0.056,8120,15600,,2.00,2,0,8224x5140,L,2
5361,16.639,1.225,0.427,0.045,0.000,0.016,0.090,0.000,12.127,0.025,12.047,0.055,8120,15600,,2.00,2,0,8224x5140,L,2
5362,17.383,1.213,0.439,0.042,0.000,0.014,0.230,0.000,12.450,0.028,12.368,0.054,8120,15600,,2.00,2,0,8224x5140,L,2
5363,16.255,1.796,0.758,0.145,0.000,0.056,0.114,0.000,12.509,0.028,12.428,0.053,8120,15600,,2.00,2,0,8224x5140,L,2
5364,16.990,1.741,0.828,0.215,0.000,0.089,0.189,0.000,12.378,0.021,12.304,0.053,8120,15600,,2.00,2,0,8224x5140,L,2
5365,16.069,1.815,0.673,0.176,0.000,0.057,0.105,0.000,12.690,0.060,12.577,0.053,8120,15600,,2.00,2,0,8224x5140,L,2
5366,17.297,1.517,0.458,0.118,0.000,0.027,0.266,0.000,12.700,0.021,12.625,0.054,8120,15600,,2.00,2,0,8224x5140,L,2
5367,16.160,1.564,0.514,0.121,0.000,0.036,0.140,0.000,12.549,0.101,12.395,0.053,8120,15600,,2.00,2,0,8224x5140,L,2
5368,16.395,1.542,0.450,0.091,0.000,0.026,0.115,0.000,12.753,0.101,12.600,0.052,8120,15600,,2.00,2,0,8224x5140,L,2
5369,16.577,1.410,0.436,0.086,0.000,0.023,0.102,0.000,12.609,0.041,12.515,0.053,8120,15600,,2.00,2,0,8224x5140,L,2
5370,16.537,1.268,0.444,0.071,0.000,0.020,0.079,0.000,12.658,0.031,12.575,0.053,8120,15600,,2.00,2,0,8224x5140,L,2
5371,16.635,1.227,0.425,0.067,0.000,0.019,0.075,0.000,12.756,0.097,12.606,0.052,8120,15600,,2.00,2,0,8224x5140,L,2
5372,16.611,1.224,0.426,0.065,0.000,0.019,0.091,0.000,12.952,0.082,12.819,0.051,8120,15600,,2.00,2,0,8224x5140,L,2
5373,16.887,1.193,0.415,0.057,0.000,0.017,0.104,0.000,12.979,0.100,12.827,0.053,8120,15600,,2.00,2,0,8224x5140,L,2
5374,16.541,1.558,0.460,0.091,0.000,0.031,0.080,0.000,12.818,0.028,12.738,0.053,8120,15600,,2.00,2,0,8224x5140,L,2
5375,16.912,1.507,0.452,0.089,0.000,0.023,0.120,0.000,12.948,0.021,12.876,0.051,8120,15600,,2.00,2,0,8224x5140,L,2
5376,16.562,1.489,0.469,0.103,0.000,0.026,0.104,0.000,13.171,0.027,13.092,0.053,8120,15600,,2.00,2,0,8224x5140,L,2
5377,16.667,1.338,0.503,0.093,0.000,0.032,0.118,0.000,12.958,0.021,12.886,0.051,8120,15600,,2.00,2,0,8224x5140,L,2
5378,16.642,1.282,0.448,0.090,0.000,0.025,0.114,0.000,12.793,0.040,12.701,0.052,8120,15600,,2.00,2,0,8224x5140,L,2
5379,16.615,1.314,0.474,0.084,0.058,0.025,0.100,0.000,12.966,0.104,12.809,0.053,8120,15600,,2.00,2,0,8224x5140,L,2
5380,16.540,1.681,0.735,0.160,0.000,0.053,0.089,0.000,12.958,0.092,12.814,0.052,8120,15600,,2.00,2,0,8224x5140,L,2
5381,16.825,1.413,0.472,0.092,0.000,0.026,0.125,0.000,12.842,0.025,12.761,0.055,8120,15600,,2.00,2,0,8224x5140,L,2
5382,16.481,1.640,0.578,0.101,0.001,0.034,0.087,0.000,12.904,0.031,12.819,0.055,8120,15600,,2.00,2,0,8224x5140,L,2
5383,16.926,1.444,0.451,0.091,0.000,0.024,0.209,0.000,12.896,0.021,12.822,0.053,8120,15600,,2.00,2,0,8224x5140,L,2
5384,16.487,1.756,0.694,0.161,0.000,0.052,0.116,0.000,12.997,0.028,12.915,0.054,8120,15600,,2.00,2,0,8224x5140,L,2
5385,16.822,1.511,0.474,0.123,0.000,0.036,0.115,0.000,13.211,0.021,13.137,0.053,8120,15600,,2.00,2,0,8224x5140,L,2
5386,16.410,1.540,0.472,0.113,0.000,0.035,0.100,0.000,13.077,0.061,12.962,0.054,8120,15600,,2.00,2,0,8224x5140,L,2
5387,17.014,1.693,0.816,0.164,0.000,0.067,0.187,0.000,12.864,0.021,12.790,0.053,8120,15600,,2.00,2,0,8224x5140,L,2
5388,16.750,1.715,0.588,0.125,0.000,0.038,0.089,0.000,12.942,0.025,12.862,0.054,8120,15600,,2.00,2,0,8224x5140,L,2
5389,16.214,1.504,0.440,0.102,0.000,0.026,0.112,0.000,12.927,0.025,12.847,0.054,8120,15600,,2.00,2,0,8224x5140,L,2
5390,16.192,1.496,0.406,0.065,0.000,0.017,0.079,0.000,12.819,0.021,12.749,0.050,8120,15600,,2.00,2,0,8224x5140,L,2
5391,17.455,1.244,0.402,0.054,0.000,0.017,0.178,0.000,12.916,0.075,12.790,0.052,8120,15600,,2.00,2,0,8224x5140,L,2
5392,16.374,1.707,0.964,0.204,0.000,0.077,0.109,0.000,12.855,0.025,12.777,0.053,8120,15600,,2.00,2,0,8224x5140,L,2
5393,15.326,1.524,0.458,0.104,0.000,0.027,0.077,0.000,12.901,0.080,12.768,0.053,8120,15600,,2.00,2,0,8224x5140,L,2
5394,16.690,1.525,0.476,0.079,0.000,0.020,0.166,0.000,12.644,0.021,12.570,0.053,8120,15600,,2.00,2,0,8224x5140,L,2
5395,16.327,1.258,0.428,0.057,0.000,0.018,0.072,0.000,12.684,0.096,12.536,0.052,8120,15600,,2.00,2,0,8224x5140,L,2
5396,16.645,1.158,0.415,0.059,0.000,0.016,0.106,0.000,12.358,0.044,12.258,0.056,8120,15600,,2.00,2,0,8224x5140,L,2
5397,16.453,1.137,0.427,0.055,0.000,0.023,0.094,0.000,12.364,0.024,12.283,0.056,8120,15600,,2.00,2,0,8224x5140,L,2
5398,16.551,1.153,0.446,0.052,0.000,0.020,0.089,0.000,12.340,0.030,12.253,0.057,8120,15600,,2.00,2,0,8224x5140,L,2
5399,16.486,1.129,0.436,0.046,0.000,0.020,0.073,0.000,12.397,0.089,12.255,0.053,8120,15600,,2.00,2,0,8224x5140,L,2
5400,16.733,1.166,0.417,0.048,0.000,0.022,0.111,0.000,12.398,0.076,12.270,0.052,8120,15600,,2.00,2,0,8224x5140,L,2
5401,16.448,1.533,0.443,0.069,0.000,0.028,0.101,0.000,12.396,0.086,12.256,0.053,8120,15600,,2.00,2,0,8224x5140,L,2
5402,16.638,1.532,0.426,0.054,0.000,0.026,0.089,0.000,12.404,0.087,12.262,0.055,8120,15600,,2.00,2,0,8224x5140,L,2
5403,16.421,1.514,0.476,0.102,0.000,0.027,0.091,0.000,12.395,0.077,12.266,0.051,8120,15600,,2.00,2,0,8224x5140,L,2
5404,16.516,1.505,0.464,0.110,0.000,0.026,0.112,0.000,12.389,0.080,12.260,0.049,8120,15600,,2.00,2,0,8224x5140,L,2
5405,16.330,1.508,0.472,0.082,0.000,0.026,0.093,0.000,12.389,0.064,12.275,0.050,8120,15600,drag_start,2.00,2,1,8224x5140,L,2
5406,16.633,1.266,0.450,0.077,0.000,0.021,0.106,0.000,12.488,0.067,12.371,0.050,8120,15600,,2.00,2,1,8224x5140,L,2
5407,16.608,1.512,0.455,0.092,0.000,0.023,0.093,0.000,12.521,0.078,12.394,0.049,8120,15600,,2.00,2,1,8224x5140,L,2
5408,16.590,1.271,0.467,0.079,0.000,0.023,0.067,0.000,12.783,0.085,12.649,0.049,8120,15600,,2.00,2,1,8224x5140,L,2
5409,16.750,1.232,0.444,0.083,0.000,0.023,0.083,0.000,12.780,0.074,12.657,0.050,8120,15600,,2.00,2,1,8224x5140,L,2
5410,16.562,1.478,0.458,0.087,0.000,0.030,0.090,0.000,12.784,0.071,12.663,0.049,8120,15600,,2.00,2,1,8224x5140,L,2
5411,16.595,1.302,0.453,0.071,0.000,0.024,0.073,0.000,13.006,0.064,12.892,0.050,8120,15600,,2.00,2,1,8224x5140,L,2
5412,16.622,1.281,0.458,0.073,0.000,0.019,0.074,0.000,13.007,0.065,12.894,0.047,8120,15600,,2.00,2,1,8224x5140,L,2
5413,16.624,1.259,0.467,0.069,0.000,0.019,0.057,0.000,13.012,0.083,12.880,0.049,8120,15600,,2.00,2,1,8224x5140,L,2
5414,16.818,1.265,0.470,0.068,0.000,0.019,0.080,0.000,13.014,0.085,12.877,0.051,8120,15600,,2.00,2,1,8224x5140,L,2
5415,16.599,1.521,0.480,0.084,0.000,0.025,0.084,0.000,13.193,0.079,13.063,0.050,8120,15600,,2.00,2,1,8224x5140,L,2
5416,16.740,1.336,0.462,0.072,0.000,0.020,0.105,0.000,13.407,0.077,13.280,0.049,8120,15600,,2.00,2,1,8224x5140,L,2
5417,16.432,1.521,0.487,0.086,0.000,0.027,0.088,0.000,13.160,0.021,13.084,0.055,8120,15600,,2.00,2,1,8224x5140,L,2
5418,16.646,1.505,0.435,0.068,0.000,0.019,0.070,0.000,13.154,0.021,13.076,0.056,8120,15600,,2.00,2,1,8224x5140,L,2
5419,16.899,1.225,0.393,0.057,0.000,0.018,0.063,0.000,13.554,0.083,13.415,0.056,8120,15600,,2.00,2,1,8224x5140,L,2
5420,16.074,1.092,0.365,0.052,0.000,0.014,0.065,0.000,13.538,0.057,13.428,0.053,8120,15600,,2.00,2,1,8224x5140,L,2
5421,16.797,1.053,0.382,0.049,0.000,0.014,0.075,0.000,12.825,0.050,12.722,0.052,8120,15600,,2.00,2,1,8224x5140,L,2
5422,16.403,1.196,0.352,0.060,0.000,0.018,0.081,0.000,12.872,0.077,12.743,0.052,8120,15600,,2.00,2,1,8224x5140,L,2
5423,16.547,0.961,0.329,0.038,0.000,0.013,0.060,0.000,12.783,0.070,12.663,0.050,8120,15600,,2.00,2,1,8224x5140,L,2
5424,16.673,0.834,0.329,0.066,0.000,0.016,0.067,0.000,12.783,0.083,12.652,0.049,8120,15600,,2.00,2,1,8224x5140,L,2
5425,16.272,1.074,0.332,0.071,0.000,0.019,0.065,0.000,12.827,0.084,12.694,0.049,8120,15600,,2.00,2,1,8224x5140,L,2
5426,16.473,0.906,0.319,0.049,0.000,0.013,0.046,0.000,12.939,0.080,12.806,0.053,8120,15600,,2.00,2,1,8224x5140,L,2
5427,16.568,0.771,0.297,0.042,0.000,0.012,0.064,0.000,12.541,0.084,12.407,0.050,8120,15600,,2.00,2,1,8224x5140,L,2
5428,16.668,0.909,0.336,0.047,0.000,0.014,0.075,0.000,12.540,0.075,12.414,0.051,8120,15600,,2.00,2,1,8224x5140,L,2
5429,16.427,0.864,0.298,0.045,0.000,0.013,0.045,0.000,12.549,0.062,12.438,0.049,8120,15600,,2.00,2,1,8224x5140,L,2
5430,16.588,0.760,0.286,0.038,0.000,0.011,0.043,0.000,12.532,0.079,12.405,0.048,8120,15600,,2.00,2,1,8224x5140,L,2
5431,16.563,0.736,0.287,0.036,0.000,0.011,0.049,0.000,12.557,0.086,12.420,0.052,8120,15600,,2.00,2,1,8224x5140,L,2
5432,16.694,0.728,0.310,0.037,0.000,0.010,0.052,0.000,12.601,0.079,12.467,0.056,8120,15600,,2.00,2,1,8224x5140,L,2
5433,16.485,0.748,0.278,0.038,0.000,0.010,0.039,0.000,12.534,0.080,12.404,0.050,8120,15600,,2.00,2,1,8224x5140,L,2
5434,16.600,0.728,0.286,0.037,0.000,0.009,0.049,0.000,12.562,0.084,12.429,0.050,8120,15600,,2.00,2,1,8224x5140,L,2
5435,16.881,0.727,0.315,0.038,0.000,0.011,0.060,0.000,12.616,0.081,12.478,0.057,8120,15600,,2.00,2,1,8224x5140,L,2
5436,16.355,0.981,0.294,0.050,0.000,0.014,0.041,0.000,12.622,0.074,12.494,0.055,8120,15600,,2.00,2,1,8224x5140,L,2
5437,16.607,0.976,0.280,0.037,0.000,0.011,0.048,0.000,12.655,0.072,12.528,0.056,8120,15600,,2.00,2,1,8224x5140,L,2
5438,16.750,0.832,0.284,0.036,0.000,0.010,0.065,0.000,12.973,0.074,12.837,0.061,8120,15600,,2.00,2,1,8224x5140,L,2
5439,16.521,0.946,0.296,0.040,0.000,0.013,0.041,0.000,12.934,0.080,12.799,0.055,8120,15600,,2.00,2,1,8224x5140,L,2
5440,16.781,0.817,0.270,0.031,0.000,0.011,0.071,0.000,12.955,0.074,12.824,0.056,8120,15600,,2.00,2,1,8224x5140,L,2
5441,16.534,0.760,0.293,0.052,0.000,0.014,0.041,0.000,12.779,0.079,12.651,0.049,8120,15600,,2.00,2,1,8224x5140,L,2
5442,16.678,0.804,0.283,0.038,0.000,0.010,0.050,0.000,13.001,0.075,12.877,0.049,8120,15600,,2.00,2,1,8224x5140,L,2
5443,16.655,0.771,0.311,0.034,0.000,0.011,0.052,0.000,13.004,0.071,12.884,0.049,8120,15600,,2.00,2,1,8224x5140,L,2
5444,16.528,0.817,0.317,0.037,0.000,0.011,0.044,0.000,13.180,0.077,13.047,0.056,8120,15600,,2.00,2,1,8224x5140,L,2
5445,16.526,0.772,0.278,0.035,0.000,0.011,0.039,0.000,13.216,0.065,13.095,0.056,8120,15600,,2.00,2,1,8224x5140,L,2
5446,16.542,0.775,0.279,0.033,0.000,0.011,0.034,0.000,13.164,0.051,13.054,0.059,8120,15600,,2.00,2,1,8224x5140,L,2
5447,16.647,0.741,0.280,0.031,0.000,0.010,0.057,0.000,13.329,0.075,13.197,0.058,8120,15600,,2.00,2,1,8224x5140,L,2
5448,16.521,0.750,0.278,0.029,0.000,0.009,0.057,0.000,13.201,0.023,13.122,0.056,8120,15600,,2.00,2,1,8224x5140,L,2
5449,16.665,0.894,0.273,0.035,0.000,0.013,0.042,0.000,13.078,0.079,12.940,0.058,8120,15600,,2.00,2,1,8224x5140,L,2
5450,16.549,0.815,0.288,0.031,0.000,0.011,0.034,0.000,13.191,0.074,13.059,0.058,8120,15600,,2.00,2,1,8224x5140,L,2
5451,16.772,0.727,0.329,0.042,0.000,0.013,0.058,0.000,13.148,0.071,13.024,0.052,8120,15600,,2.00,2,1,8224x5140,L,2
5452,16.514,0.807,0.330,0.041,0.000,0.012,0.066,0.000,13.208,0.076,13.069,0.063,8120,15600,,2.00,2,1,8224x5140,L,2
5453,16.565,1.063,0.349,0.049,0.000,0.015,0.066,0.000,13.096,0.086,12.958,0.052,8120,15600,,2.00,2,1,8224x5140,L,2
5454,16.561,1.168,0.332,0.044,0.000,0.013,0.081,0.000,13.215,0.080,13.080,0.055,8120,15600,,2.00,2,1,8224x5140,L,2
5455,16.627,1.164,0.348,0.050,0.000,0.018,0.108,0.000,13.203,0.060,13.086,0.057,8120,15600,,2.00,2,1,8224x5140,L,2
5456,16.504,1.111,0.377,0.042,0.000,0.013,0.050,0.000,13.230,0.075,13.100,0.055,8120,15600,,2.00,2,1,8224x5140,L,2
5457,16.719,1.049,0.386,0.043,0.000,0.013,0.084,0.000,13.094,0.062,12.981,0.052,8120,15600,,2.00,2,1,8224x5140,L,2
5458,16.527,1.259,0.383,0.053,0.000,0.015,0.100,0.000,13.209,0.084,13.070,0.055,8120,15600,,2.00,2,1,8224x5140,L,2
5459,16.592,1.192,0.435,0.054,0.000,0.017,0.105,0.000,13.161,0.066,13.042,0.053,8120,15600,,2.00,2,1,8224x5140,L,2
5460,16.846,1.175,0.432,0.051,0.000,0.015,0.086,0.000,13.339,0.097,13.186,0.056,8120,15600,,2.00,2,1,8224x5140,L,2
5461,16.475,1.363,0.505,0.060,0.000,0.016,0.104,0.000,13.273,0.058,13.161,0.054,8120,15600,,2.00,2,1,8224x5140,L,2
5462,17.543,1.353,0.492,0.059,0.000,0.016,0.227,0.000,13.094,0.044,12.992,0.058,8120,15600,,2.00,2,1,8224x5140,L,2
5463,16.287,2.049,0.798,0.243,0.000,0.063,0.084,0.000,13.050,0.032,12.961,0.057,8120,15600,,2.00,2,1,8224x5140,L,2
5464,16.359,1.520,0.554,0.095,0.000,0.023,0.083,0.000,12.807,0.021,12.725,0.061,8120,15600,,2.00,2,1,8224x5140,L,2
5465,16.538,1.394,0.514,0.066,0.000,0.019,0.091,0.000,12.370,0.046,12.264,0.059,8120,15600,,2.00,2,1,8224x5140,L,2
5466,16.113,1.489,0.530,0.091,0.000,0.025,0.073,0.000,12.310,0.087,12.171,0.052,8120,15600,drag_snap,2.00,2,0,8224x5140,L,2
5467,16.851,1.057,0.379,0.073,0.000,0.017,0.079,0.000,11.972,0.083,11.833,0.056,8120,15600,,2.00,2,0,8224x5140,L,2
5468,16.694,1.369,0.385,0.056,0.000,0.015,0.080,0.000,11.962,0.071,11.835,0.056,8120,15600,,2.00,2,0,8224x5140,L,2
5469,16.560,1.499,0.432,0.057,0.000,0.019,0.060,0.000,11.949,0.090,11.806,0.052,8120,15600,,2.00,2,0,8224x5140,L,2
5470,16.705,1.120,0.380,0.050,0.000,0.014,0.079,0.000,11.744,0.085,11.607,0.053,8120,15600,,2.00,2,0,8224x5140,L,2
5471,16.556,1.239,0.424,0.047,0.000,0.014,0.080,0.000,11.707,0.083,11.572,0.053,8120,15600,,2.00,2,0,8224x5140,L,2
5472,16.632,1.352,0.423,0.047,0.000,0.016,0.073,0.000,11.723,0.089,11.581,0.053,8120,15600,,2.00,2,0,8224x5140,L,2
5473,16.710,1.254,0.453,0.045,0.000,0.015,0.095,0.000,11.705,0.095,11.554,0.057,8120,15600,,2.00,2,0,8224x5140,L,2
5474,16.628,1.376,0.433,0.053,0.000,0.017,0.076,0.000,11.808,0.084,11.672,0.052,8120,15600,,2.00,2,0,8224x5140,L,2
5475,16.719,1.304,0.431,0.048,0.000,0.015,0.070,0.000,11.737,0.091,11.592,0.055,8120,15600,,2.00,2,0,8224x5140,L,2
5476,16.589,1.442,0.450,0.050,0.000,0.024,0.086,0.000,11.745,0.100,11.589,0.056,8120,15600,,2.00,2,0,8224x5140,L,2
5477,16.679,1.394,0.622,0.045,0.000,0.019,0.084,0.000,11.783,0.109,11.619,0.055,8120,15600,,2.00,2,0,8224x5140,L,2
5478,16.677,1.597,0.422,0.045,0.000,0.017,0.080,0.000,11.747,0.094,11.595,0.058,8120,15600,,2.00,2,0,8224x5140,L,2
5479,16.646,1.491,0.519,0.053,0.000,0.020,0.070,0.000,11.749,0.098,11.593,0.058,8120,15600,,2.00,2,0,8224x5140,L,2
5480,18.156,1.447,0.515,0.049,0.000,0.020,0.215,0.000,11.992,0.101,11.832,0.059,8120,15600,,2.00,2,0,8224x5140,L,2
5481,16.145,1.836,0.556,0.056,0.000,0.018,0.164,0.000,11.918,0.033,11.830,0.055,8120,15600,,2.00,2,0,8224x5140,L,2
5482,16.016,1.836,0.538,0.056,0.000,0.017,0.148,0.000,11.950,0.027,11.869,0.054,8120,15600,,2.00,2,0,8224x5140,L,2
5483,15.933,1.821,0.695,0.177,0.000,0.050,0.073,0.000,12.138,0.027,12.058,0.053,8120,15600,,2.00,2,0,8224x5140,L,2
5484,16.728,1.361,0.479,0.082,0.000,0.021,0.071,0.000,12.169,0.096,12.022,0.052,8120,15600,,2.00,2,0,8224x5140,L,2
5485,16.841,0.848,0.317,0.065,0.000,0.022,0.062,0.000,12.426,0.073,12.296,0.056,8120,15600,,2.00,2,0,8224x5140,L,2
5486,16.266,0.860,0.310,0.060,0.000,0.015,0.052,0.000,12.399,0.078,12.273,0.049,8120,15600,,2.00,2,0,8224x5140,L,2
5487,16.660,0.785,0.283,0.045,0.000,0.012,0.069,0.000,12.460,0.087,12.323,0.050,8120,15600,,2.00,2,0,8224x5140,L,2
5488,16.620,0.740,0.311,0.038,0.000,0.011,0.043,0.000,12.637,0.085,12.503,0.049,8120,15600,,2.00,2,0,8224x5140,L,2
5489,16.624,0.748,0.288,0.040,0.000,0.011,0.037,0.000,12.864,0.072,12.742,0.050,8120,15600,,2.00,2,0,8224x5140,L,2
5490,16.695,0.749,0.281,0.034,0.000,0.010,0.051,0.000,13.059,0.068,12.941,0.050,8120,15600,,2.00,2,0,8224x5140,L,2
5491,16.684,0.727,0.283,0.034,0.000,0.011,0.058,0.000,13.158,0.076,13.032,0.050,8120,15600,,2.00,2,0,8224x5140,L,2
5492,16.816,0.911,0.277,0.043,0.000,0.012,0.065,0.000,13.266,0.073,13.144,0.049,8120,15600,,2.00,2,0,8224x5140,L,2
5493,16.530,0.917,0.301,0.074,0.000,0.018,0.060,0.000,13.265,0.073,13.143,0.050,8120,15600,,2.00,2,0,8224x5140,L,2
5494,16.679,0.927,0.289,0.049,0.000,0.013,0.061,0.000,13.272,0.049,13.174,0.048,8120,15600,,2.00,2,0,8224x5140,L,2
5495,16.653,0.820,0.280,0.056,0.000,0.015,0.052,0.000,13.455,0.073,13.332,0.050,8120,15600,,2.00,2,0,8224x5140,L,2
5496,16.643,0.785,0.285,0.041,0.037,0.010,0.057,0.000,13.591,0.045,13.494,0.052,8120,15600,,2.00,2,0,8224x5140,L,2
5497,16.590,0.766,0.276,0.033,0.000,0.013,0.038,0.000,13.418,0.073,13.278,0.066,8120,15600,,2.00,2,0,8224x5140,L,2
5498,16.730,0.758,0.275,0.030,0.000,0.009,0.051,0.000,13.510,0.073,13.381,0.056,8120,15600,,2.00,2,0,8224x5140,L,2
5499,16.635,0.893,0.280,0.035,0.000,0.011,0.068,0.000,13.207,0.052,13.102,0.053,8120,15600,,2.00,2,0,8224x5140,L,2
5500,16.727,0.980,0.295,0.038,0.000,0.013,0.045,0.000,13.144,0.066,13.028,0.050,8120,15600,,2.00,2,0,8224x5140,L,2
5501,16.558,0.843,0.281,0.036,0.000,0.011,0.046,0.000,13.152,0.079,13.014,0.059,8120,15600,,2.00,2,0,8224x5140,L,2
5502,16.638,0.775,0.281,0.032,0.000,0.014,0.038,0.000,13.153,0.065,13.032,0.056,8120,15600,,2.00,2,0,8224x5140,L,2
5503,16.674,0.792,0.275,0.034,0.000,0.011,0.055,0.000,13.168,0.090,13.019,0.058,8120,15600,,2.00,2,0,8224x5140,L,2
5504,16.659,0.828,0.277,0.030,0.000,0.010,0.046,0.000,13.092,0.060,12.973,0.059,8120,15600,,2.00,2,0,8224x5140,L,2
5505,16.715,0.760,0.283,0.027,0.000,0.010,0.051,0.000,13.290,0.084,13.154,0.052,8120,15600,,2.00,2,0,8224x5140,L,2
5506,16.643,0.885,0.332,0.034,0.000,0.010,0.060,0.000,13.056,0.023,12.975,0.058,8120,15600,,2.00,2,0,8224x5140,L,2
5507,16.626,0.858,0.330,0.030,0.000,0.012,0.042,0.000,13.301,0.088,13.158,0.055,8120,15600,,2.00,2,0,8224x5140,L,2
5508,16.699,0.871,0.315,0.032,0.000,0.011,0.049,0.000,13.204,0.055,13.090,0.059,8120,15600,,2.00,2,0,8224x5140,L,2
5509,16.688,0.918,0.340,0.034,0.000,0.011,0.054,0.000,13.186,0.099,13.028,0.059,8120,15600,,2.00,2,0,8224x5140,L,2
5510,16.701,0.919,0.346,0.045,0.000,0.011,0.054,0.000,13.329,0.074,13.202,0.053,8120,15600,,2.00,2,0,8224x5140,L,2
5511,16.799,1.027,0.411,0.047,0.000,0.015,0.071,0.000,13.245,0.080,13.109,0.057,8120,15600,,2.00,2,0,8224x5140,L,2
5512,16.549,1.036,0.385,0.057,0.000,0.014,0.082,0.000,13.238,0.021,13.162,0.055,8120,15600,,2.00,2,0,8224x5140,L,2
5513,16.670,1.053,0.387,0.045,0.000,0.016,0.075,0.000,13.322,0.079,13.184,0.059,8120,15600,,2.00,2,0,8224x5140,L,2
5514,16.630,1.151,0.426,0.050,0.000,0.015,0.076,0.000,13.287,0.084,13.147,0.056,8120,15600,,2.00,2,0,8224x5140,L,2
5515,16.641,1.225,0.426,0.044,0.000,0.015,0.082,0.000,13.141,0.058,13.023,0.061,8120,15600,,2.00,2,0,8224x5140,L,2
5516,16.755,1.225,0.501,0.050,0.000,0.022,0.082,0.000,13.400,0.080,13.258,0.062,8120,15600,,2.00,2,0,8224x5140,L,2
5517,17.328,1.411,0.509,0.058,0.000,0.021,0.195,0.000,13.197,0.069,13.068,0.059,8120,15600,,2.00,2,0,8224x5140,L,2
5518,16.472,1.683,0.510,0.068,0.000,0.021,0.071,0.000,13.160,0.028,13.073,0.060,8120,15600,,2.00,2,0,8224x5140,L,2
5519,17.276,1.344,0.534,0.059,0.000,0.017,0.286,0.000,12.718,0.057,12.603,0.058,8120,15600,,2.00,2,0,8224x5140,L,2
5520,17.026,1.520,0.516,0.060,0.000,0.023,0.207,0.000,12.523,0.025,12.436,0.062,8120,15600,,2.00,2,0,8224x5140,L,2
5521,16.154,1.761,0.668,0.137,0.000,0.046,0.108,0.000,12.375,0.025,12.297,0.053,8120,15600,,2.00,2,0,8224x5140,L,2
5522,16.257,1.760,0.660,0.195,0.000,0.049,0.156,0.000,12.432,0.021,12.359,0.052,8120,15600,,2.00,2,0,8224x5140,L,2
5523,16.180,2.025,0.738,0.199,0.000,0.065,0.181,0.000,12.124,0.025,12.043,0.056,8120,15600,,2.00,2,0,8224x5140,L,2
5524,16.406,1.372,0.519,0.078,0.000,0.018,0.080,0.000,12.205,0.097,12.053,0.055,8120,15600,,2.00,2,0,8224x5140,L,2
5525,17.922,1.376,0.526,0.065,0.000,0.021,0.234,0.000,12.139,0.096,11.981,0.062,8120,15600,,2.00,2,0,8224x5140,L,2
5526,16.417,1.854,0.636,0.140,0.000,0.040,0.235,0.000,11.933,0.025,11.849,0.058,8120,15600,,2.00,2,0,8224x5140,L,2
5527,16.863,1.979,0.747,0.135,0.000,0.046,0.224,0.000,11.941,0.025,11.860,0.055,8120,15600,,2.00,2,0,8224x5140,L,2
5528,15.472,2.077,0.646,0.143,0.000,0.040,0.106,0.000,11.927,0.026,11.846,0.055,8120,15600,,2.00,2,0,8224x5140,L,2
5529,17.629,2.122,0.751,0.128,0.000,0.044,0.226,0.000,11.885,0.021,11.808,0.055,8120,15600,,2.00,2,0,8224x5140,L,2
5530,15.908,2.051,0.653,0.129,0.000,0.034,0.238,0.000,11.807,0.021,11.734,0.052,8120,15600,,2.00,2,0,8224x5140,L,2
5531,17.370,2.223,0.675,0.136,0.000,0.058,0.231,0.000,11.675,0.027,11.597,0.052,8120,15600,,2.00,2,0,8224x5140,L,2
5532,16.545,1.987,0.691,0.116,0.000,0.036,0.219,0.000,11.902,0.021,11.825,0.056,8120,15600,,2.00,2,0,8224x5140,L,2
5533,16.758,2.125,0.579,0.116,0.000,0.040,0.234,0.000,11.826,0.021,11.753,0.053,8120,15600,,2.00,2,0,8224x5140,L,2
5534,15.660,1.979,0.758,0.117,0.000,0.040,0.147,0.000,11.769,0.021,11.692,0.056,8120,15600,,2.00,2,0,8224x5140,L,2
5535,18.037,1.844,0.658,0.142,0.000,0.071,0.236,0.000,11.645,0.019,11.574,0.052,8120,15600,,2.00,2,0,8224x5140,L,2
5536,15.522,2.093,0.730,0.130,0.000,0.043,0.131,0.000,11.854,0.020,11.777,0.056,8120,15600,,2.00,2,0,8224x5140,L,2
5537,17.106,1.954,0.610,0.115,0.000,0.037,0.221,0.000,11.760,0.019,11.689,0.052,8120,15600,,2.00,2,0,8224x5140,L,2
5538,17.029,1.796,0.677,0.121,0.000,0.045,0.272,0.000,11.781,0.020,11.709,0.052,8120,15600,,2.00,2,0,8224x5140,L,2
5539,15.308,1.945,0.660,0.111,0.000,0.044,0.161,0.000,11.765,0.020,11.692,0.053,8120,15600,,2.00,2,0,8224x5140,L,2
5540,17.812,1.921,0.656,0.115,0.000,0.041,0.246,0.000,11.586,0.021,11.513,0.052,8120,15600,,2.00,2,0,8224x5140,L,2
5541,16.165,1.814,0.690,0.060,0.000,0.026,0.165,0.000,11.822,0.021,11.745,0.055,8120,15600,,2.00,2,0,8224x5140,L,2
5542,16.170,1.697,0.610,0.116,0.000,0.043,0.144,0.000,11.827,0.025,11.745,0.056,8120,15600,,2.00,2,0,8224x5140,L,2
5543,16.241,1.638,0.659,0.143,0.000,0.046,0.109,0.000,11.958,0.024,11.881,0.053,8120,15600,,2.00,2,0,8224x5140,L,2
5544,16.333,1.244,0.467,0.082,0.000,0.024,0.089,0.000,11.930,0.102,11.776,0.052,8120,15600,,2.00,2,0,8224x5140,L,2
5545,16.550,1.023,0.372,0.066,0.000,0.020,0.059,0.000,12.152,0.076,12.027,0.049,8120,15600,,2.00,2,0,8224x5140,L,2
5546,16.603,0.782,0.354,0.056,0.000,0.014,0.073,0.000,12.151,0.064,12.038,0.049,8120,15600,,2.00,2,0,8224x5140,L,2
5547,16.645,0.948,0.344,0.063,0.000,0.016,0.056,0.000,12.393,0.092,12.252,0.049,8120,15600,,2.00,2,0,8224x5140,L,2
5548,16.599,0.829,0.276,0.049,0.000,0.013,0.048,0.000,12.394,0.085,12.259,0.050,8120,15600,,2.00,2,0,8224x5140,L,2
5549,16.630,0.943,0.297,0.046,0.000,0.015,0.045,0.000,12.688,0.071,12.567,0.049,8120,15600,,2.00,2,0,8224x5140,L,2
5550,16.747,0.783,0.311,0.040,0.000,0.010,0.052,0.000,12.861,0.089,12.722,0.050,8120,15600,,2.00,2,0,8224x5140,L,2
5551,16.712,0.906,0.294,0.067,0.000,0.019,0.067,0.000,12.858,0.084,12.724,0.050,8120,15600,,2.00,2,0,8224x5140,L,2
5552,16.596,0.805,0.290,0.068,0.000,0.017,0.059,0.000,13.105,0.079,12.975,0.052,8120,15600,,2.00,2,0,8224x5140,L,2
5553,16.565,0.827,0.289,0.055,0.000,0.015,0.051,0.000,13.267,0.061,13.156,0.050,8120,15600,,2.00,2,0,8224x5140,L,2
5554,16.733,0.769,0.295,0.047,0.000,0.012,0.059,0.000,13.270,0.086,13.135,0.050,8120,15600,,2.00,2,0,8224x5140,L,2
5555,16.640,0.738,0.285,0.058,0.000,0.014,0.044,0.000,13.655,0.075,13.516,0.065,8120,15600,,2.00,2,0,8224x5140,L,2
5556,16.592,0.746,0.276,0.046,0.000,0.010,0.036,0.000,13.256,0.063,13.133,0.060,8120,15600,,2.00,2,0,8224x5140,L,2
5557,16.750,0.733,0.272,0.032,0.000,0.010,0.037,0.000,13.218,0.077,13.089,0.052,8120,15600,,2.00,2,0,8224x5140,L,2
5558,16.689,0.738,0.275,0.033,0.000,0.010,0.069,0.000,13.247,0.074,13.119,0.053,8120,15600,,2.00,2,0,8224x5140,L,2
5559,16.604,0.950,0.299,0.047,0.000,0.014,0.057,0.000,13.406,0.073,13.275,0.058,8120,15600,,2.00,2,0,8224x5140,L,2
5560,16.756,0.781,0.337,0.032,0.000,0.011,0.050,0.000,13.010,0.083,12.870,0.057,8120,15600,,2.00,2,0,8224x5140,L,2
5561,16.575,0.945,0.291,0.039,0.000,0.015,0.052,0.000,13.049,0.081,12.908,0.060,8120,15600,,2.00,2,0,8224x5140,L,2
5562,16.713,0.998,0.313,0.038,0.000,0.014,0.051,0.000,13.004,0.044,12.902,0.058,8120,15600,,2.00,2,0,8224x5140,L,2
5563,16.657,0.899,0.317,0.036,0.000,0.012,0.053,0.000,12.751,0.085,12.613,0.053,8120,15600,,2.00,2,0,8224x5140,L,2
5564,16.626,0.837,0.317,0.033,0.000,0.012,0.050,0.000,12.876,0.089,12.729,0.058,8120,15600,,2.00,2,0,8224x5140,L,2
5565,16.753,0.890,0.351,0.036,0.000,0.013,0.073,0.000,12.828,0.098,12.671,0.059,8120,15600,,2.00,2,0,8224x5140,L,2
5566,16.527,0.908,0.370,0.034,0.000,0.012,0.055,0.000,12.764,0.101,12.605,0.059,8120,15600,,2.00,2,0,8224x5140,L,2
5567,16.838,1.085,0.392,0.045,0.000,0.015,0.072,0.000,12.762,0.097,12.613,0.053,8120,15600,,2.00,2,0,8224x5140,L,2
5568,16.663,1.029,0.383,0.040,0.000,0.013,0.066,0.000,12.768,0.092,12.619,0.057,8120,15600,,2.00,2,0,8224x5140,L,2
5569,16.526,1.182,0.450,0.052,0.000,0.017,0.070,0.000,12.744,0.093,12.597,0.053,8120,15600,,2.00,2,0,8224x5140,L,2
5570,16.722,1.130,0.434,0.048,0.000,0.015,0.082,0.000,12.748,0.093,12.602,0.053,8120,15600,,2.00,2,0,8224x5140,L,2
5571,16.723,1.119,0.459,0.056,0.000,0.018,0.090,0.000,12.750,0.099,12.601,0.050,8120,15600,,2.00,2,0,8224x5140,L,2
5572,16.621,1.164,0.435,0.059,0.000,0.019,0.102,0.000,12.687,0.076,12.557,0.055,8120,15600,,2.00,2,0,8224x5140,L,2
5573,16.722,1.331,0.496,0.056,0.000,0.018,0.083,0.000,12.740,0.072,12.609,0.058,8120,15600,,2.00,2,0,8224x5140,L,2
5574,17.294,1.369,0.519,0.063,0.000,0.018,0.196,0.000,12.750,0.067,12.624,0.059,8120,15600,,2.00,2,0,8224x5140,L,2
5575,16.429,1.840,0.716,0.061,0.002,0.070,0.111,0.000,12.696,0.028,12.613,0.055,8120,15600,,2.00,2,0,8224x5140,L,2
5576,16.674,1.735,0.745,0.175,0.000,0.054,0.237,0.000,12.691,0.021,12.618,0.052,8120,15600,,2.00,2,0,8224x5140,L,2
5577,16.034,1.802,0.737,0.149,0.000,0.049,0.084,0.000,12.889,0.025,12.809,0.056,8120,15600,,2.00,2,0,8224x5140,L,2
5578,17.925,1.336,0.531,0.073,0.000,0.019,0.199,0.000,12.696,0.068,12.571,0.057,8120,15600,,2.00,2,0,8224x5140,L,2
5579,16.607,1.909,0.671,0.133,0.000,0.046,0.195,0.000,11.969,0.033,11.880,0.056,8120,15600,,2.00,2,0,8224x5140,L,2
5580,16.616,1.833,0.724,0.161,0.000,0.048,0.192,0.000,11.884,0.025,11.804,0.055,8120,15600,,2.00,2,0,8224x5140,L,2
5581,15.972,1.731,0.554,0.066,0.000,0.020,0.156,0.000,11.930,0.058,11.819,0.052,8120,15600,,2.00,2,0,8224x5140,L,2
5582,17.403,1.833,0.546,0.057,0.000,0.018,0.209,0.000,11.728,0.037,11.640,0.052,8120,15600,,2.00,2,0,8224x5140,L,2
5583,15.543,1.693,0.573,0.067,0.000,0.025,0.106,0.000,11.931,0.025,11.849,0.056,8120,15600,,2.00,2,0,8224x5140,L,2
5584,17.160,1.439,0.509,0.070,0.000,0.021,0.237,0.000,11.578,0.021,11.505,0.053,8120,15600,,2.00,2,0,8224x5140,L,2
5585,16.272,1.728,0.648,0.135,0.000,0.050,0.204,0.000,11.757,0.040,11.663,0.054,8120,15600,,2.00,2,0,8224x5140,L,2
5586,17.074,1.531,0.531,0.065,0.000,0.019,0.199,0.000,11.609,0.050,11.503,0.056,8120,15600,,2.00,2,0,8224x5140,L,2
5587,16.629,1.796,0.648,0.142,0.000,0.045,0.221,0.000,11.844,0.023,11.765,0.056,8120,15600,,2.00,2,0,8224x5140,L,2
5588,16.563,1.908,0.659,0.132,0.000,0.041,0.235,0.000,11.863,0.021,11.786,0.056,8120,15600,,2.00,2,0,8224x5140,L,2
5589,16.994,1.863,0.599,0.125,0.000,0.040,0.252,0.000,11.814,0.040,11.718,0.056,8120,15600,,2.00,2,0,8224x5140,L,2
5590,15.651,2.086,0.694,0.136,0.000,0.044,0.168,0.000,11.745,0.026,11.666,0.053,8120,15600,,2.00,2,0,8224x5140,L,2
5591,18.035,2.393,0.739,0.151,0.000,0.050,0.269,0.000,11.660,0.078,11.529,0.053,8120,15600,,2.00,2,0,8224x5140,L,2
5592,15.797,2.130,0.689,0.138,0.000,0.046,0.164,0.000,11.911,0.021,11.837,0.053,8120,15600,,2.00,2,0,8224x5140,L,2
5593,17.427,2.200,0.744,0.140,0.000,0.051,0.251,0.000,11.733,0.019,11.661,0.052,8120,15600,,2.00,2,0,8224x5140,L,2
5594,15.643,2.003,0.708,0.144,0.000,0.052,0.210,0.000,11.803,0.022,11.729,0.052,8120,15600,,2.00,2,0,8224x5140,L,2
5595,16.072,1.686,0.662,0.133,0.000,0.055,0.106,0.000,11.576,0.019,11.505,0.052,8120,15600,,2.00,2,0,8224x5140,L,2
5596,16.116,0.977,0.388,0.070,0.000,0.020,0.053,0.000,11.689,0.089,11.550,0.049,8120,15600,,2.00,2,0,8224x5140,L,2
5597,16.659,0.705,0.298,0.056,0.000,0.015,0.051,0.000,11.914,0.074,11.789,0.050,8120,15600,,2.00,2,0,8224x5140,L,2
5598,16.675,0.710,0.291,0.056,0.000,0.014,0.098,0.000,11.917,0.068,11.799,0.050,8120,15600,,2.00,2,0,8224x5140,L,2
5599,16.640,0.806,0.314,0.065,0.000,0.018,0.054,0.000,12.155,0.074,12.030,0.050,8120,15600,,2.00,2,0,8224x5140,L,2
5600,16.712,0.744,0.307,0.059,0.000,0.016,0.068,0.000,12.155,0.064,12.041,0.050,8120,15600,,2.00,2,0,8224x5140,L,2
5601,16.635,0.748,0.338,0.064,0.000,0.017,0.062,0.000,14.250,0.623,13.575,0.052,8120,15600,,2.00,2,0,8224x5140,L,2
5602,16.641,0.761,0.303,0.063,0.000,0.017,0.060,0.000,11.874,0.021,11.804,0.049,8120,15600,,2.00,2,0,8224x5140,L,2
5603,16.673,0.956,0.318,0.061,0.000,0.017,0.066,0.000,11.671,0.080,11.541,0.050,8120,15600,,2.00,2,0,8224x5140,L,2
5604,16.635,0.776,0.310,0.066,0.000,0.017,0.052,0.000,11.677,0.070,11.554,0.052,8120,15600,,2.00,2,0,8224x5140,L,2
5605,16.674,0.725,0.334,0.063,0.000,0.019,0.071,0.000,11.672,0.074,11.551,0.047,8120,15600,,2.00,2,0,8224x5140,L,2
5606,16.623,0.852,0.354,0.060,0.000,0.017,0.075,0.000,11.677,0.079,11.549,0.050,8120,15600,,2.00,2,0,8224x5140,L,2
5607,16.583,0.938,0.322,0.067,0.000,0.019,0.062,0.000,11.678,0.064,11.565,0.049,8120,15600,,2.00,2,0,8224x5140,L,2
5608,16.241,0.821,0.296,0.060,0.000,0.017,0.048,0.000,11.914,0.077,11.788,0.050,8120,15600,drag_start,2.00,2,1,8224x5140,L,2
5609,16.945,0.940,0.293,0.048,0.000,0.013,0.069,0.000,12.019,0.074,11.897,0.049,8120,15600,,2.00,2,1,8224x5140,L,2
5610,16.412,0.971,0.300,0.047,0.000,0.013,0.049,0.000,12.117,0.064,12.004,0.049,8120,15600,,2.00,2,1,8224x5140,L,2
5611,16.670,0.826,0.286,0.042,0.000,0.012,0.052,0.000,12.142,0.069,12.011,0.061,8120,15600,,2.00,2,1,8224x5140,L,2
5612,16.689,0.790,0.314,0.048,0.000,0.012,0.058,0.000,12.351,0.078,12.223,0.049,8120,15600,,2.00,2,1,8224x5140,L,2
5613,16.590,0.940,0.337,0.052,0.000,0.015,0.054,0.000,12.299,0.074,12.176,0.049,8120,15600,,2.00,2,1,8224x5140,L,2
5614,16.755,0.957,0.284,0.036,0.000,0.010,0.079,0.000,12.591,0.081,12.460,0.049,8120,15600,,2.00,2,1,8224x5140,L,2
5615,16.717,0.964,0.316,0.055,0.000,0.016,0.055,0.000,12.641,0.073,12.508,0.060,8120,15600,,2.00,2,1,8224x5140,L,2
5616,16.560,0.895,0.290,0.039,0.000,0.011,0.048,0.000,12.689,0.090,12.538,0.060,8120,15600,,2.00,2,1,8224x5140,L,2
5617,16.597,0.807,0.293,0.032,0.000,0.011,0.048,0.000,12.965,0.071,12.835,0.058,8120,15600,,2.00,2,1,8224x5140,L,2
5618,16.642,0.819,0.262,0.027,0.000,0.009,0.067,0.000,13.191,0.071,13.062,0.059,8120,15600,,2.00,2,1,8224x5140,L,2
5619,16.745,0.962,0.295,0.037,0.000,0.014,0.070,0.000,13.170,0.071,13.043,0.055,8120,15600,,2.00,2,1,8224x5140,L,2
5620,16.611,0.848,0.284,0.028,0.000,0.013,0.048,0.000,13.178,0.085,13.037,0.055,8120,15600,,2.00,2,1,8224x5140,L,2
5621,16.743,0.824,0.292,0.030,0.000,0.011,0.057,0.000,13.216,0.073,13.090,0.053,8120,15600,,2.00,2,1,8224x5140,L,2
5622,16.549,0.961,0.292,0.055,0.000,0.014,0.045,0.000,13.331,0.066,13.209,0.055,8120,15600,,2.00,2,1,8224x5140,L,2
5623,16.738,0.826,0.276,0.039,0.000,0.011,0.063,0.000,13.411,0.082,13.273,0.056,8120,15600,,2.00,2,1,8224x5140,L,2
5624,16.484,0.862,0.289,0.036,0.000,0.013,0.057,0.000,13.688,0.071,13.560,0.057,8120,15600,,2.00,2,1,8224x5140,L,2
5625,16.591,0.866,0.301,0.032,0.000,0.012,0.050,0.000,13.271,0.067,13.147,0.057,8120,15600,,2.00,2,1,8224x5140,L,2
5626,16.614,1.206,0.354,0.046,0.000,0.016,0.062,0.000,13.095,0.084,12.955,0.056,8120,15600,,2.00,2,1,8224x5140,L,2
5627,16.633,1.089,0.339,0.039,0.000,0.014,0.092,0.000,13.159,0.093,13.011,0.055,8120,15600,,2.00,2,1,8224x5140,L,2
5628,16.415,1.137,0.380,0.047,0.000,0.014,0.059,0.000,13.189,0.070,13.064,0.055,8120,15600,,2.00,2,1,8224x5140,L,2
5629,16.631,1.062,0.401,0.048,0.000,0.016,0.055,0.000,13.196,0.067,13.072,0.056,8120,15600,,2.00,2,1,8224x5140,L,2
5630,16.663,1.057,0.412,0.044,0.000,0.014,0.067,0.000,13.174,0.090,13.027,0.057,8120,15600,,2.00,2,1,8224x5140,L,2
5631,16.500,1.382,0.458,0.052,0.000,0.017,0.073,0.000,13.103,0.048,12.999,0.056,8120,15600,,2.00,2,1,8224x5140,L,2
5632,16.601,1.093,0.396,0.074,0.000,0.022,0.100,0.000,13.194,0.088,13.047,0.059,8120,15600,,2.00,2,1,8224x5140,L,2
5633,16.385,1.440,0.454,0.074,0.000,0.020,0.074,0.000,13.152,0.080,13.015,0.056,8120,15600,,2.00,2,1,8224x5140,L,2
5634,16.597,1.305,0.444,0.055,0.000,0.016,0.083,0.000,13.171,0.068,13.049,0.055,8120,15600,,2.00,2,1,8224x5140,L,2
5635,16.594,1.239,0.444,0.053,0.000,0.016,0.073,0.000,13.191,0.076,13.054,0.061,8120,15600,,2.00,2,1,8224x5140,L,2
5636,17.316,1.400,0.493,0.056,0.000,0.018,0.265,0.000,13.127,0.048,13.025,0.053,8120,15600,,2.00,2,1,8224x5140,L,2
5637,16.279,1.479,0.542,0.068,0.000,0.024,0.076,0.000,13.181,0.082,13.045,0.055,8120,15600,,2.00,2,1,8224x5140,L,2
5638,16.126,1.395,0.522,0.061,0.000,0.018,0.166,0.000,12.850,0.036,12.760,0.055,8120,15600,,2.00,2,1,8224x5140,L,2
5639,15.512,1.632,0.507,0.060,0.000,0.022,0.071,0.000,12.673,0.025,12.595,0.053,8120,15600,,2.00,2,1,8224x5140,L,2
5640,15.928,1.404,0.542,0.059,0.000,0.018,0.085,0.000,12.513,0.021,12.437,0.055,8120,15600,,2.00,2,1,8224x5140,L,2
5641,17.569,1.514,0.531,0.072,0.000,0.023,0.204,0.000,12.435,0.089,12.293,0.052,8120,15600,,2.00,2,1,8224x5140,L,2
5642,16.374,1.731,0.669,0.131,0.000,0.044,0.176,0.000,12.382,0.024,12.303,0.055,8120,15600,,2.00,2,1,8224x5140,L,2
5643,15.871,1.691,0.752,0.206,0.000,0.075,0.093,0.000,12.411,0.082,12.276,0.053,8120,15600,,2.00,2,1,8224x5140,L,2
5644,16.667,1.491,0.517,0.086,0.000,0.022,0.084,0.000,12.427,0.067,12.301,0.058,8120,15600,,2.00,2,1,8224x5140,L,2
5645,16.687,1.413,0.518,0.065,0.000,0.019,0.087,0.000,12.240,0.099,12.085,0.056,8120,15600,,2.00,2,1,8224x5140,L,2
5646,16.670,1.590,0.571,0.068,0.000,0.020,0.099,0.000,12.212,0.089,12.071,0.052,8120,15600,,2.00,2,1,8224x5140,L,2
5647,17.330,1.563,0.569,0.069,0.000,0.019,0.255,0.000,12.210,0.090,12.066,0.055,8120,15600,,2.00,2,1,8224x5140,L,2
5648,16.571,1.647,0.650,0.117,0.000,0.042,0.079,0.000,13.907,0.040,13.815,0.052,8120,15600,,2.00,2,1,8224x5140,L,2
5649,15.451,1.000,0.355,0.060,0.000,0.019,0.040,0.000,10.938,0.019,10.873,0.046,8120,15600,,2.00,2,1,8224x5140,L,2
5650,16.558,0.784,0.286,0.045,0.000,0.011,0.044,0.000,10.302,0.060,10.195,0.047,8120,15600,,2.00,2,1,8224x5140,L,2
5651,16.606,0.743,0.283,0.035,0.000,0.009,0.045,0.000,10.183,0.061,10.077,0.045,8120,15600,,2.00,2,1,8224x5140,L,2
5652,17.006,0.719,0.315,0.035,0.000,0.009,0.065,0.000,10.031,0.063,9.923,0.045,8120,15600,,2.00,2,1,8224x5140,L,2
5653,16.311,0.995,0.312,0.067,0.000,0.018,0.056,0.000,9.834,0.057,9.732,0.045,8120,15600,,2.00,2,1,8224x5140,L,2
5654,16.531,0.950,0.303,0.063,0.000,0.017,0.069,0.000,9.655,0.063,9.547,0.045,8120,15600,,2.00,2,1,8224x5140,L,2
5655,16.542,0.931,0.317,0.067,0.000,0.023,0.074,0.000,9.292,0.064,9.183,0.045,8120,15600,,2.00,2,1,8224x5140,L,2
5656,16.478,0.926,0.393,0.065,0.000,0.018,0.055,0.000,9.244,0.062,9.135,0.046,8120,15600,,2.00,2,1,8224x5140,L,2
5657,16.686,0.803,0.293,0.047,0.000,0.012,0.083,0.000,9.244,0.060,9.136,0.048,8120,15600,,2.00,2,1,8224x5140,L,2
5658,16.570,1.068,0.337,0.057,0.000,0.016,0.088,0.000,9.207,0.059,9.102,0.045,8120,15600,,2.00,2,1,8224x5140,L,2
5659,16.544,0.877,0.319,0.041,0.000,0.014,0.082,0.000,9.060,0.060,8.956,0.044,8120,15600,,2.00,2,1,8224x5140,L,2
5660,16.525,1.060,0.368,0.048,0.000,0.017,0.060,0.000,9.061,0.057,8.959,0.045,8120,15600,,2.00,2,1,8224x5140,L,2
5661,16.502,0.963,0.343,0.035,0.000,0.013,0.063,0.000,8.913,0.065,8.803,0.045,8120,15600,,2.00,2,1,8224x5140,L,2
5662,16.741,0.947,0.350,0.041,0.000,0.013,0.077,0.000,8.920,0.058,8.818,0.045,8120,15600,,2.00,2,1,8224x5140,L,2
5663,16.465,1.231,0.359,0.055,0.000,0.016,0.100,0.000,8.775,0.070,8.659,0.046,8120,15600,,2.00,2,1,8224x5140,L,2
5664,16.481,1.191,0.445,0.067,0.000,0.018,0.065,0.000,8.705,0.042,8.619,0.044,8120,15600,,2.00,2,1,8224x5140,L,2
5665,16.588,0.958,0.354,0.071,0.000,0.020,0.068,0.000,8.794,0.057,8.692,0.046,8120,15600,,2.00,2,1,8224x5140,L,2
5666,16.245,0.863,0.288,0.067,0.000,0.018,0.074,0.000,8.687,0.049,8.595,0.044,8120,15600,,2.00,2,1,8224x5140,L,2
5667,16.652,0.789,0.284,0.051,0.000,0.013,0.064,0.000,8.783,0.059,8.680,0.045,8120,15600,,2.00,2,1,8224x5140,L,2
5668,16.627,0.978,0.299,0.068,0.000,0.018,0.087,0.000,8.778,0.052,8.681,0.045,8120,15600,,2.00,2,1,8224x5140,L,2
5669,16.550,0.898,0.345,0.080,0.000,0.024,0.068,0.000,8.772,0.059,8.670,0.044,8120,15600,,2.00,2,1,8224x5140,L,2
5670,16.549,0.986,0.300,0.071,0.000,0.018,0.057,0.000,8.921,0.055,8.823,0.044,8120,15600,,2.00,2,1,8224x5140,L,2
5671,16.704,0.811,0.285,0.049,0.000,0.017,0.062,0.000,8.916,0.058,8.814,0.044,8120,15600,,2.00,2,1,8224x5140,L,2
5672,16.669,0.982,0.464,0.058,0.000,0.016,0.063,0.000,9.203,0.057,9.102,0.044,8120,15600,,2.00,2,1,8224x5140,L,2
5673,16.652,0.976,0.308,0.069,0.000,0.018,0.059,0.000,9.248,0.050,9.154,0.044,8120,15600,,2.00,2,1,8224x5140,L,2
5674,16.673,0.820,0.304,0.056,0.000,0.013,0.059,0.000,9.226,0.057,9.123,0.045,8120,15600,,2.00,2,1,8224x5140,L,2
5675,16.867,0.776,0.297,0.052,0.000,0.012,0.110,0.000,9.227,0.054,9.127,0.045,8120,15600,,2.00,2,1,8224x5140,L,2
5676,16.520,0.758,0.309,0.047,0.000,0.013,0.063,0.000,9.267,0.059,9.163,0.046,8120,15600,,2.00,2,1,8224x5140,L,2
5677,16.704,1.015,0.318,0.056,0.000,0.016,0.057,0.000,9.236,0.069,9.122,0.045,8120,15600,,2.00,2,1,8224x5140,L,2
5678,16.559,1.000,0.287,0.042,0.000,0.011,0.059,0.000,9.478,0.059,9.370,0.048,8120,15600,,2.00,2,1,8224x5140,L,2
5679,16.692,0.832,0.282,0.032,0.000,0.010,0.076,0.000,9.667,0.058,9.561,0.047,8120,15600,,2.00,2,1,8224x5140,L,2
5680,16.692,0.992,0.354,0.041,0.000,0.015,0.039,0.000,10.368,0.057,10.257,0.053,8120,15600,,2.00,2,1,8224x5140,L,2
5681,16.457,0.804,0.290,0.034,0.000,0.012,0.039,0.000,10.382,0.060,10.268,0.055,8120,15600,,2.00,2,1,8224x5140,L,2
5682,16.551,0.779,0.298,0.034,0.000,0.013,0.073,0.000,10.378,0.072,10.255,0.051,8120,15600,,2.00,2,1,8224x5140,L,2
5683,16.781,0.951,0.320,0.040,0.000,0.013,0.082,0.000,10.357,0.056,10.246,0.055,8120,15600,,2.00,2,1,8224x5140,L,2
5684,16.361,1.091,0.318,0.048,0.000,0.015,0.064,0.000,10.501,0.078,10.371,0.053,8120,15600,drag_snap,2.00,2,0,8224x5140,L,2
5685,16.659,0.883,0.315,0.037,0.000,0.012,0.081,0.000,10.777,0.068,10.659,0.050,8120,15600,,2.00,2,0,8224x5140,L,2
5686,16.746,0.975,0.336,0.035,0.000,0.012,0.060,0.000,11.570,0.071,11.445,0.054,8120,15600,,2.00,2,0,8224x5140,L,2
5687,16.516,1.199,0.351,0.049,0.000,0.018,0.051,0.000,11.707,0.074,11.578,0.056,8120,15600,,2.00,2,0,8224x5140,L,2
5688,16.678,1.025,0.340,0.043,0.000,0.013,0.064,0.000,11.654,0.067,11.529,0.058,8120,15600,,2.00,2,0,8224x5140,L,2
5689,16.797,1.034,0.354,0.057,0.000,0.015,0.072,0.000,12.007,0.086,11.864,0.056,8120,15600,,2.00,2,0,8224x5140,L,2
5690,16.392,1.161,0.383,0.056,0.000,0.018,0.065,0.000,12.707,0.077,12.574,0.056,8120,15600,,2.00,2,0,8224x5140,L,2
5691,16.750,1.196,0.390,0.058,0.000,0.018,0.078,0.000,13.342,0.084,13.203,0.055,8120,15600,,2.00,2,0,8224x5140,L,2
5692,16.581,1.381,0.386,0.074,0.000,0.023,0.063,0.000,13.303,0.021,13.224,0.059,8120,15600,,2.00,2,0,8224x5140,L,2
5693,16.613,1.189,0.371,0.051,0.000,0.016,0.061,0.000,13.572,0.023,13.492,0.057,8120,15600,,2.00,2,0,8224x5140,L,2
5694,16.646,1.112,0.391,0.045,0.000,0.013,0.062,0.000,13.527,0.041,13.421,0.065,8120,15600,,2.00,2,0,8224x5140,L,2
5695,16.675,1.249,0.433,0.040,0.000,0.015,0.076,0.000,13.377,0.021,13.296,0.059,8120,15600,,2.00,2,0,8224x5140,L,2
5696,16.686,1.230,0.444,0.045,0.000,0.015,0.068,0.000,13.423,0.021,13.342,0.060,8120,15600,,2.00,2,0,8224x5140,L,2
5697,16.631,1.201,0.439,0.044,0.000,0.014,0.055,0.000,13.372,0.075,13.237,0.059,8120,15600,,2.00,2,0,8224x5140,L,2
5698,17.011,1.219,0.452,0.046,0.000,0.014,0.085,0.000,13.592,0.081,13.455,0.056,8120,15600,,2.00,2,0,8224x5140,L,2
5699,16.395,1.412,0.500,0.063,0.000,0.020,0.093,0.000,13.737,0.062,13.620,0.056,8120,15600,,2.00,2,0,8224x5140,L,2
5700,16.585,1.860,0.908,0.216,0.000,0.076,0.070,0.000,12.937,0.061,12.822,0.053,8120,15600,,2.00,2,0,8224x5140,L,2
5701,16.482,1.052,0.376,0.062,0.000,0.017,0.077,0.000,12.861,0.083,12.729,0.050,8120,15600,,2.00,2,0,8224x5140,L,2
5702,16.680,1.027,0.296,0.050,0.000,0.014,0.047,0.000,12.857,0.077,12.731,0.049,8120,15600,,2.00,2,0,8224x5140,L,2
5703,16.711,0.808,0.330,0.043,0.000,0.013,0.054,0.000,12.858,0.081,12.728,0.049,8120,15600,,2.00,2,0,8224x5140,L,2
5704,16.840,0.809,0.289,0.048,0.000,0.013,0.060,0.000,12.744,0.091,12.604,0.049,8120,15600,,2.00,2,0,8224x5140,L,2
5705,16.437,0.981,0.310,0.050,0.000,0.014,0.044,0.000,12.740,0.071,12.614,0.055,8120,15600,,2.00,2,0,8224x5140,L,2
5706,16.612,0.828,0.288,0.040,0.000,0.011,0.047,0.000,12.745,0.084,12.606,0.056,8120,15600,,2.00,2,0,8224x5140,L,2
5707,16.881,0.751,0.295,0.047,0.000,0.015,0.071,0.000,12.645,0.068,12.526,0.052,8120,15600,,2.00,2,0,8224x5140,L,2
5708,16.630,0.988,0.322,0.074,0.000,0.020,0.068,0.000,12.643,0.069,12.524,0.050,8120,15600,,2.00,2,0,8224x5140,L,2
5709,16.689,1.003,0.410,0.076,0.000,0.022,0.076,0.000,12.767,0.086,12.632,0.049,8120,15600,,2.00,2,0,8224x5140,L,2
5710,16.135,1.007,0.422,0.075,0.000,0.020,0.064,0.000,12.686,0.076,12.555,0.055,8120,15600,tshadow_off,2.00,2,0,8224x5140,N,3
5711,16.694,0.935,0.336,0.065,0.000,0.020,0.056,0.000,4.257,0.023,4.172,0.062,8120,15600,,2.00,2,0,8224x5140,N,3
5712,16.667,0.874,0.349,0.042,0.000,0.016,0.071,0.000,4.235,0.023,4.142,0.069,8120,15600,,2.00,2,0,8224x5140,N,3
5713,16.700,1.205,0.372,0.064,0.000,0.019,0.064,0.000,4.205,0.022,4.120,0.063,8120,15600,,2.00,2,0,8224x5140,N,3
5714,16.558,0.989,0.377,0.047,0.050,0.015,0.052,0.000,4.219,0.023,4.126,0.069,8120,15600,,2.00,2,0,8224x5140,N,3
5715,16.683,1.077,0.377,0.048,0.000,0.017,0.089,0.000,4.233,0.023,4.141,0.069,8120,15600,,2.00,2,0,8224x5140,N,3
5716,16.814,1.346,0.432,0.063,0.000,0.021,0.092,0.000,4.206,0.024,4.114,0.068,8120,15600,,2.00,2,0,8224x5140,N,3
5717,16.549,1.540,0.450,0.070,0.000,0.024,0.075,0.000,4.613,0.028,4.512,0.073,8120,15600,,2.00,2,0,8224x5140,N,3
5718,16.713,1.523,0.484,0.061,0.000,0.018,0.080,0.000,5.064,0.028,4.958,0.078,8120,15600,,2.00,2,0,8224x5140,N,3
5719,16.295,1.719,0.539,0.064,0.000,0.020,0.075,0.000,4.949,0.029,4.843,0.078,8120,15600,,2.00,2,0,8224x5140,N,3
5720,17.932,1.454,0.542,0.058,0.000,0.018,0.223,0.000,5.014,0.033,4.905,0.075,8120,15600,,2.00,2,0,8224x5140,N,3
5721,16.470,1.852,0.917,0.224,0.000,0.074,0.213,0.000,5.025,0.028,4.920,0.077,8120,15600,,2.00,2,0,8224x5140,N,3
5722,16.888,2.043,0.861,0.207,0.000,0.058,0.238,0.000,6.017,0.035,5.874,0.108,8120,15600,,2.00,2,0,8224x5140,N,3
5723,16.636,2.123,1.032,0.290,0.000,0.113,0.301,0.000,7.322,0.034,7.161,0.128,8120,15600,,2.00,2,0,8224x5140,N,3
5724,15.357,1.824,0.920,0.203,0.000,0.082,0.102,0.000,7.447,0.036,7.255,0.156,8120,15600,,2.00,2,0,8224x5140,N,3
5725,16.317,1.106,0.499,0.113,0.000,0.037,0.086,0.000,6.320,0.054,6.198,0.068,8120,15600,,2.00,2,0,8224x5140,N,3
5726,16.502,0.976,0.331,0.088,0.000,0.025,0.060,0.000,6.348,0.033,6.236,0.079,8120,15600,,2.00,2,0,8224x5140,N,3
5727,16.530,0.966,0.290,0.063,0.000,0.018,0.058,0.000,7.561,0.057,7.425,0.078,8120,15600,,2.00,2,0,8224x5140,N,3
5728,16.701,0.930,0.299,0.055,0.000,0.015,0.058,0.000,10.053,0.057,9.903,0.093,8120,15600,,2.00,2,0,8224x5140,N,3
5729,16.723,0.860,0.304,0.067,0.000,0.020,0.068,0.000,11.347,0.058,11.196,0.094,8120,15600,,2.00,2,0,8224x5140,N,3
5730,16.695,0.851,0.314,0.078,0.000,0.022,0.068,0.000,11.369,0.058,11.218,0.094,8120,15600,,2.00,2,0,8224x5140,N,3
5731,16.752,0.993,0.318,0.081,0.000,0.029,0.079,0.000,11.346,0.058,11.195,0.093,8120,15600,,2.00,2,0,8224x5140,N,3
5732,16.634,0.993,0.323,0.078,0.000,0.023,0.063,0.000,11.433,0.057,11.281,0.095,8120,15600,,2.00,2,0,8224x5140,N,3
5733,16.621,0.999,0.293,0.059,0.000,0.018,0.056,0.000,11.461,0.057,11.311,0.094,8120,15600,,2.00,2,0,8224x5140,N,3
5734,16.474,0.993,0.319,0.058,0.000,0.017,0.081,0.000,11.427,0.056,11.276,0.094,8120,15600,,2.00,2,0,8224x5140,N,3
5735,16.713,0.970,0.317,0.055,0.000,0.021,0.049,0.000,11.359,0.056,11.207,0.095,8120,15600,,2.00,2,0,8224x5140,N,3
5736,16.815,0.788,0.312,0.054,0.000,0.025,0.056,0.000,11.438,0.057,11.287,0.094,8120,15600,,2.00,2,0,8224x5140,N,3
5737,16.640,0.999,0.294,0.048,0.000,0.014,0.059,0.000,11.441,0.057,11.240,0.144,8120,15600,,2.00,2,0,8224x5140,N,3
5738,16.609,1.013,0.317,0.048,0.000,0.018,0.057,0.000,11.574,0.056,11.375,0.143,8120,15600,,2.00,2,0,8224x5140,N,3
5739,16.537,1.015,0.288,0.034,0.000,0.012,0.062,0.000,11.562,0.056,11.368,0.137,8120,15600,,2.00,2,0,8224x5140,N,3
5740,16.623,0.849,0.291,0.036,0.000,0.012,0.044,0.000,11.463,0.055,11.286,0.121,8120,15600,,2.00,2,0,8224x5140,N,3
5741,16.640,0.860,0.298,0.037,0.000,0.011,0.062,0.000,11.481,0.058,11.316,0.107,8120,15600,,2.00,2,0,8224x5140,N,3
5742,16.790,0.823,0.297,0.039,0.000,0.018,0.067,0.000,11.504,0.056,11.302,0.146,8120,15600,,2.00,2,0,8224x5140,N,3
5743,16.639,0.967,0.305,0.049,0.000,0.019,0.046,0.000,11.567,0.056,11.380,0.130,8120,15600,,2.00,2,0,8224x5140,N,3
5744,16.459,0.816,0.324,0.035,0.000,0.014,0.046,0.000,11.526,0.059,11.331,0.136,8120,15600,,2.00,2,0,8224x5140,N,3
5745,16.695,0.860,0.333,0.034,0.000,0.012,0.069,0.000,11.569,0.062,11.345,0.162,8120,15600,,2.00,2,0,8224x5140,N,3
5746,16.585,0.825,0.343,0.038,0.000,0.012,0.067,0.000,11.508,0.064,11.290,0.154,8120,15600,,2.00,2,0,8224x5140,N,3
5747,16.594,0.846,0.372,0.040,0.000,0.014,0.055,0.000,11.558,0.061,11.375,0.122,8120,15600,,2.00,2,0,8224x5140,N,3
5748,16.538,1.050,0.457,0.049,0.000,0.017,0.055,0.000,11.625,0.070,11.403,0.152,8120,15600,,2.00,2,0,8224x5140,N,3
5749,16.491,0.861,0.437,0.066,0.000,0.020,0.055,0.000,11.529,0.072,11.329,0.128,8120,15600,,2.00,2,0,8224x5140,N,3
5750,16.621,0.819,0.333,0.050,0.000,0.017,0.058,0.000,11.517,0.056,11.318,0.143,8120,15600,,2.00,2,0,8224x5140,N,3
5751,16.332,0.939,0.341,0.050,0.000,0.020,0.052,0.000,11.553,0.056,11.345,0.152,8120,15600,,2.00,2,0,8224x5140,N,3
5752,16.507,0.784,0.293,0.038,0.000,0.013,0.096,0.000,11.389,0.058,11.240,0.092,8120,15600,,2.00,2,0,8224x5140,N,3
5753,16.375,0.935,0.300,0.065,0.000,0.018,0.057,0.000,11.362,0.057,11.209,0.096,8120,15600,,2.00,2,0,8224x5140,N,3
5754,16.548,0.795,0.291,0.046,0.000,0.018,0.053,0.000,11.354,0.056,11.204,0.094,8120,15600,,2.00,2,0,8224x5140,N,3
5755,16.502,0.976,0.304,0.050,0.000,0.016,0.046,0.000,11.355,0.057,11.203,0.095,8120,15600,,2.00,2,0,8224x5140,N,3
5756,16.764,0.959,0.286,0.035,0.000,0.013,0.058,0.000,11.514,0.056,11.317,0.142,8120,15600,,2.00,2,0,8224x5140,N,3
5757,16.443,0.838,0.285,0.040,0.000,0.013,0.041,0.000,11.487,0.057,11.300,0.131,8120,15600,,2.00,2,0,8224x5140,N,3
5758,16.669,0.764,0.279,0.033,0.000,0.012,0.041,0.000,11.508,0.056,11.350,0.103,8120,15600,,2.00,2,0,8224x5140,N,3
5759,16.572,0.800,0.286,0.033,0.000,0.012,0.062,0.000,11.514,0.057,11.358,0.099,8120,15600,,2.00,2,0,8224x5140,N,3
5760,16.536,0.770,0.284,0.027,0.000,0.011,0.049,0.000,11.482,0.057,11.327,0.098,8120,15600,,2.00,2,0,8224x5140,N,3
5761,16.716,0.756,0.279,0.037,0.000,0.009,0.059,0.000,11.465,0.056,11.245,0.165,8120,15600,,2.00,2,0,8224x5140,N,3
5762,16.539,0.784,0.301,0.035,0.000,0.011,0.061,0.000,11.501,0.056,11.302,0.143,8120,15600,,2.00,2,0,8224x5140,N,3
5763,16.676,0.716,0.299,0.034,0.000,0.017,0.055,0.000,11.468,0.058,11.267,0.143,8120,15600,,2.00,2,0,8224x5140,N,3
5764,16.406,0.828,0.314,0.046,0.000,0.017,0.037,0.000,11.492,0.057,11.298,0.137,8120,15600,,2.00,2,0,8224x5140,N,3
5765,16.593,0.762,0.279,0.035,0.000,0.012,0.050,0.000,11.575,0.055,11.373,0.147,8120,15600,,2.00,2,0,8224x5140,N,3
5766,16.401,0.748,0.304,0.036,0.000,0.014,0.047,0.000,11.464,0.055,11.302,0.106,8120,15600,,2.00,2,0,8224x5140,N,3
5767,13.856,0.747,0.298,0.034,0.000,0.011,0.039,0.000,11.384,0.056,11.226,0.101,8120,15600,,2.00,2,0,8224x5140,N,3
5768,19.457,0.781,0.277,0.028,0.000,0.011,0.047,0.000,11.018,0.056,10.866,0.095,8120,15600,,2.00,2,0,8224x5140,N,3
5769,16.627,0.745,0.293,0.035,0.000,0.010,0.045,0.000,3.708,0.022,3.624,0.062,8120,15600,,2.00,2,0,8224x5140,N,3
5770,16.681,0.720,0.337,0.042,0.000,0.015,0.061,0.000,3.684,0.021,3.603,0.059,8120,15600,,2.00,2,0,8224x5140,N,3
5771,16.489,0.916,0.313,0.046,0.000,0.015,0.061,0.000,3.786,0.024,3.694,0.069,8120,15600,,2.00,2,0,8224x5140,N,3
5772,16.647,0.758,0.321,0.043,0.000,0.014,0.057,0.000,4.212,0.024,4.120,0.068,8120,15600,,2.00,2,0,8224x5140,N,3
5773,16.535,0.725,0.287,0.032,0.000,0.017,0.049,0.000,4.273,0.029,4.179,0.066,8120,15600,,2.00,2,0,8224x5140,N,3
5774,16.540,0.763,0.345,0.030,0.000,0.012,0.045,0.000,4.236,0.028,4.141,0.067,8120,15600,,2.00,2,0,8224x5140,N,3
5775,16.593,0.904,0.340,0.033,0.000,0.013,0.058,0.000,4.366,0.030,4.268,0.067,8120,15600,,2.00,2,0,8224x5140,N,3
5776,16.525,0.860,0.331,0.031,0.000,0.015,0.048,0.000,4.232,0.029,4.136,0.067,8120,15600,,2.00,2,0,8224x5140,N,3
5777,16.631,0.813,0.400,0.031,0.000,0.012,0.116,0.000,4.885,0.034,4.785,0.065,8120,15600,,2.00,2,0,8224x5140,N,3
5778,16.581,0.922,0.413,0.045,0.000,0.018,0.057,0.000,4.944,0.035,4.830,0.079,8120,15600,,2.00,2,0,8224x5140,N,3
5779,16.591,0.825,0.383,0.039,0.000,0.019,0.056,0.000,5.053,0.044,4.929,0.079,8120,15600,,2.00,2,0,8224x5140,N,3
5780,16.644,0.917,0.434,0.035,0.000,0.015,0.052,0.000,5.169,0.047,5.044,0.078,8120,15600,,2.00,2,0,8224x5140,N,3
5781,16.582,0.991,0.428,0.041,0.000,0.020,0.061,0.000,5.568,0.048,5.443,0.078,8120,15600,,2.00,2,0,8224x5140,N,3
5782,9.815,1.031,0.470,0.040,0.000,0.014,0.047,0.000,6.567,0.050,6.431,0.086,8120,15600,,2.00,2,0,8224x5140,N,3
5783,23.332,0.000,0.474,0.044,0.000,0.012,0.067,0.000,6.696,0.067,6.532,0.097,8120,15600,,2.00,2,0,8224x5140,N,3
5784,16.425,1.930,0.397,0.042,0.000,0.019,0.065,0.000,6.584,0.050,6.433,0.101,8120,15600,,2.00,2,0,8224x5140,N,3
5785,16.540,0.754,0.361,0.063,0.000,0.018,0.068,0.000,6.245,0.037,6.141,0.068,8120,15600,,2.00,2,0,8224x5140,N,3
5786,16.366,0.827,0.322,0.072,0.000,0.022,0.063,0.000,7.927,0.058,7.758,0.111,8120,15600,,2.00,2,0,8224x5140,N,3
5787,16.399,0.748,0.294,0.063,0.000,0.020,0.064,0.000,10.750,0.057,10.594,0.099,8120,15600,drag_start,2.00,2,1,8224x5140,N,3
5788,16.634,0.829,0.288,0.062,0.000,0.016,0.067,0.000,11.665,0.057,11.514,0.094,8120,15600,,2.00,2,1,8224x5140,N,3
5789,16.583,0.835,0.292,0.053,0.000,0.017,0.044,0.000,11.749,0.057,11.596,0.096,8120,15600,,2.00,2,1,8224x5140,N,3
5790,16.659,0.825,0.286,0.037,0.000,0.013,0.038,0.000,11.834,0.057,11.634,0.143,8120,15600,,2.00,2,1,8224x5140,N,3
5791,16.918,0.776,0.289,0.037,0.000,0.012,0.059,0.000,11.758,0.056,11.606,0.096,8120,15600,,2.00,2,1,8224x5140,N,3
5792,16.415,1.000,0.291,0.049,0.000,0.016,0.051,0.000,11.812,0.057,11.621,0.134,8120,15600,,2.00,2,1,8224x5140,N,3
5793,16.683,0.867,0.274,0.047,0.000,0.014,0.064,0.000,11.856,0.056,11.665,0.135,8120,15600,,2.00,2,1,8224x5140,N,3
5794,16.781,0.962,0.343,0.044,0.000,0.019,0.061,0.000,11.845,0.057,11.629,0.159,8120,15600,,2.00,2,1,8224x5140,N,3
5795,16.745,0.827,0.312,0.044,0.000,0.013,0.053,0.000,11.854,0.056,11.647,0.151,8120,15600,,2.00,2,1,8224x5140,N,3
5796,16.542,0.960,0.285,0.045,0.000,0.015,0.037,0.000,11.900,0.057,11.746,0.098,8120,15600,,2.00,2,1,8224x5140,N,3
5797,16.892,0.844,0.281,0.038,0.000,0.012,0.063,0.000,11.845,0.057,11.629,0.158,8120,15600,,2.00,2,1,8224x5140,N,3
5798,16.417,0.940,0.324,0.039,0.000,0.013,0.058,0.000,11.840,0.057,11.618,0.165,8120,15600,,2.00,2,1,8224x5140,N,3
5799,16.740,0.833,0.299,0.034,0.000,0.011,0.037,0.000,11.803,0.057,11.612,0.134,8120,15600,,2.00,2,1,8224x5140,N,3
5800,16.577,0.883,0.297,0.031,0.000,0.010,0.042,0.000,11.849,0.055,11.634,0.160,8120,15600,,2.00,2,1,8224x5140,N,3
5801,16.778,0.842,0.283,0.030,0.000,0.011,0.037,0.000,11.835,0.056,11.674,0.104,8120,15600,,2.00,2,1,8224x5140,N,3
5802,16.622,0.797,0.286,0.031,0.000,0.009,0.048,0.000,11.893,0.056,11.733,0.104,8120,15600,,2.00,2,1,8224x5140,N,3
5803,16.710,0.992,0.341,0.036,0.000,0.014,0.054,0.000,11.956,0.056,11.731,0.169,8120,15600,,2.00,2,1,8224x5140,N,3
5804,16.439,0.902,0.278,0.028,0.000,0.011,0.068,0.000,11.759,0.056,11.609,0.094,8120,15600,,2.00,2,1,8224x5140,N,3
5805,16.592,0.808,0.300,0.048,0.000,0.016,0.053,0.000,11.770,0.058,11.617,0.096,8120,15600,,2.00,2,1,8224x5140,N,3
5806,16.656,0.826,0.295,0.038,0.000,0.013,0.043,0.000,11.761,0.056,11.606,0.099,8120,15600,,2.00,2,1,8224x5140,N,3
5807,16.839,0.763,0.320,0.029,0.000,0.011,0.043,0.000,11.811,0.056,11.611,0.143,8120,15600,,2.00,2,1,8224x5140,N,3
5808,16.628,0.796,0.278,0.028,0.000,0.010,0.038,0.000,11.970,0.056,11.744,0.170,8120,15600,,2.00,2,1,8224x5140,N,3
5809,16.538,0.785,0.271,0.026,0.000,0.014,0.031,0.000,11.879,0.057,11.654,0.169,8120,15600,,2.00,2,1,8224x5140,N,3
5810,16.860,0.791,0.273,0.027,0.000,0.010,0.047,0.000,11.903,0.057,11.730,0.116,8120,15600,,2.00,2,1,8224x5140,N,3
5811,16.811,0.754,0.291,0.030,0.000,0.011,0.058,0.000,11.965,0.058,11.755,0.152,8120,15600,,2.00,2,1,8224x5140,N,3
5812,16.527,0.924,0.317,0.052,0.000,0.017,0.047,0.000,11.979,0.057,11.761,0.161,8120,15600,,2.00,2,1,8224x5140,N,3
5813,16.684,0.836,0.286,0.047,0.000,0.012,0.041,0.000,11.986,0.058,11.765,0.164,8120,15600,,2.00,2,1,8224x5140,N,3
5814,16.690,0.949,0.290,0.032,0.000,0.013,0.044,0.000,11.858,0.057,11.653,0.148,8120,15600,,2.00,2,1,8224x5140,N,3
5815,16.648,0.862,0.331,0.034,0.000,0.011,0.059,0.000,11.900,0.056,11.675,0.168,8120,15600,,2.00,2,1,8224x5140,N,3
5816,16.781,0.893,0.313,0.033,0.000,0.012,0.076,0.000,11.838,0.058,11.648,0.133,8120,15600,,2.00,2,1,8224x5140,N,3
5817,16.451,1.032,0.416,0.054,0.000,0.019,0.075,0.000,11.764,0.057,11.614,0.093,8120,15600,,2.00,2,1,8224x5140,N,3
5818,16.572,0.944,0.353,0.062,0.000,0.018,0.070,0.000,11.755,0.057,11.603,0.096,8120,15600,,2.00,2,1,8224x5140,N,3
5819,16.641,0.739,0.306,0.054,0.000,0.016,0.052,0.000,11.766,0.058,11.611,0.097,8120,15600,,2.00,2,1,8224x5140,N,3
5820,16.590,0.725,0.302,0.052,0.000,0.016,0.065,0.000,11.765,0.059,11.611,0.096,8120,15600,,2.00,2,1,8224x5140,N,3
5821,16.639,0.991,0.348,0.060,0.000,0.019,0.105,0.000,11.746,0.056,11.595,0.094,8120,15600,,2.00,2,1,8224x5140,N,3
5822,16.476,0.959,0.330,0.062,0.000,0.020,0.068,0.000,11.762,0.057,11.610,0.095,8120,15600,,2.00,2,1,8224x5140,N,3
5823,16.432,0.789,0.319,0.064,0.000,0.020,0.062,0.000,11.762,0.057,11.612,0.092,8120,15600,,2.00,2,1,8224x5140,N,3
5824,16.502,0.801,0.311,0.063,0.000,0.018,0.059,0.000,11.755,0.057,11.601,0.096,8120,15600,,2.00,2,1,8224x5140,N,3
5825,16.474,0.839,0.352,0.057,0.000,0.018,0.061,0.000,11.762,0.056,11.609,0.096,8120,15600,,2.00,2,1,8224x5140,N,3
5826,16.554,0.750,0.333,0.054,0.000,0.016,0.052,0.000,11.754,0.058,11.602,0.095,8120,15600,,2.00,2,1,8224x5140,N,3
5827,16.615,0.738,0.286,0.053,0.000,0.018,0.060,0.000,11.763,0.057,11.609,0.097,8120,15600,,2.00,2,1,8224x5140,N,3
5828,16.583,0.970,0.298,0.050,0.000,0.020,0.066,0.000,11.761,0.058,11.608,0.094,8120,15600,,2.00,2,1,8224x5140,N,3
5829,16.508,0.974,0.326,0.071,0.000,0.026,0.064,0.000,11.755,0.057,11.605,0.093,8120,15600,,2.00,2,1,8224x5140,N,3
5830,16.505,0.855,0.315,0.066,0.000,0.021,0.073,0.000,11.760,0.057,11.608,0.095,8120,15600,,2.00,2,1,8224x5140,N,3
5831,16.529,0.985,0.322,0.073,0.000,0.025,0.070,0.000,11.762,0.058,11.611,0.093,8120,15600,,2.00,2,1,8224x5140,N,3
5832,16.443,0.998,0.312,0.074,0.000,0.023,0.081,0.000,11.753,0.058,11.602,0.093,8120,15600,,2.00,2,1,8224x5140,N,3
5833,16.511,0.872,0.333,0.073,0.000,0.025,0.094,0.000,11.750,0.057,11.600,0.094,8120,15600,,2.00,2,1,8224x5140,N,3
5834,16.822,0.797,0.324,0.065,0.000,0.021,0.120,0.000,11.755,0.057,11.605,0.093,8120,15600,,2.00,2,1,8224x5140,N,3
5835,17.176,2.035,0.752,0.141,0.000,0.055,0.209,0.000,11.847,0.055,11.701,0.090,8120,15600,,2.00,2,1,8224x5140,N,3
5836,15.408,1.792,0.762,0.223,0.000,0.051,0.227,0.000,11.942,0.068,11.713,0.161,8120,15600,,2.00,2,1,8224x5140,N,3
5837,16.710,1.591,0.984,0.170,0.000,0.050,0.189,0.000,8.530,0.055,8.384,0.091,8120,15600,,2.00,2,1,8224x5140,N,3
5838,14.983,1.029,0.367,0.131,0.000,0.039,0.105,0.000,3.803,0.026,3.718,0.059,8120,15600,,2.00,2,1,8224x5140,N,3
5839,16.605,1.196,0.331,0.094,0.000,0.030,0.141,0.000,3.828,0.022,3.745,0.061,8120,15600,,2.00,2,1,8224x5140,N,3
5840,17.067,1.799,0.699,0.155,0.000,0.054,0.195,0.000,3.924,0.041,3.817,0.065,8120,15600,,2.00,2,1,8224x5140,N,3
5841,16.506,2.247,0.776,0.160,0.000,0.057,0.221,0.000,4.203,0.025,4.100,0.078,8120,15600,,2.00,2,1,8224x5140,N,3
5842,16.270,2.084,0.978,0.151,0.000,0.051,0.165,0.000,4.456,0.027,4.361,0.068,8120,15600,,2.00,2,1,8224x5140,N,3
5843,16.245,2.073,0.876,0.154,0.000,0.049,0.131,0.000,4.404,0.021,4.321,0.063,8120,15600,,2.00,2,1,8224x5140,N,3
5844,16.471,2.332,0.661,0.140,0.000,0.045,0.109,0.000,4.335,0.025,4.250,0.061,8120,15600,,2.00,2,1,8224x5140,N,3
5845,16.574,1.707,0.644,0.119,0.000,0.042,0.106,0.000,4.332,0.023,4.249,0.060,8120,15600,,2.00,2,1,8224x5140,N,3
5846,16.487,1.247,0.367,0.081,0.000,0.026,0.072,0.000,4.663,0.026,4.578,0.058,8120,15600,,2.00,2,1,8224x5140,N,3
5847,16.469,1.028,0.353,0.086,0.000,0.024,0.068,0.000,5.054,0.027,4.961,0.066,8120,15600,,2.00,2,1,8224x5140,N,3
5848,16.496,1.058,0.322,0.063,0.000,0.018,0.050,0.000,5.022,0.026,4.934,0.062,8120,15600,,2.00,2,1,8224x5140,N,3
5849,16.637,0.809,0.324,0.049,0.000,0.015,0.043,0.000,5.081,0.027,4.992,0.062,8120,15600,,2.00,2,1,8224x5140,N,3
5850,16.822,0.752,0.289,0.041,0.000,0.012,0.061,0.000,5.631,0.033,5.536,0.063,8120,15600,,2.00,2,1,8224x5140,N,3
5851,16.659,0.823,0.323,0.070,0.000,0.022,0.064,0.000,6.445,0.034,6.346,0.066,8120,15600,,2.00,2,1,8224x5140,N,3
5852,16.652,0.964,0.312,0.066,0.000,0.020,0.050,0.000,6.448,0.033,6.345,0.069,8120,15600,,2.00,2,1,8224x5140,N,3
5853,16.480,0.828,0.286,0.058,0.000,0.018,0.048,0.000,6.671,0.034,6.553,0.084,8120,15600,,2.00,2,1,8224x5140,N,3
5854,16.756,0.737,0.284,0.045,0.000,0.014,0.049,0.000,6.528,0.044,6.409,0.075,8120,15600,,2.00,2,1,8224x5140,N,3
5855,16.518,0.829,0.301,0.046,0.000,0.013,0.059,0.000,8.114,0.057,7.940,0.117,8120,15600,drag_snap,2.00,2,0,8224x5140,N,3
5856,16.654,0.959,0.309,0.078,0.000,0.024,0.058,0.000,10.780,0.056,10.624,0.100,8120,15600,,2.00,2,0,8224x5140,N,3
5857,16.558,0.808,0.296,0.062,0.000,0.019,0.052,0.000,11.386,0.058,11.234,0.094,8120,15600,,2.00,2,0,8224x5140,N,3
5858,16.724,0.764,0.322,0.056,0.000,0.018,0.051,0.000,11.380,0.057,11.226,0.097,8120,15600,,2.00,2,0,8224x5140,N,3
5859,16.603,0.744,0.334,0.057,0.000,0.019,0.072,0.000,11.380,0.057,11.230,0.093,8120,15600,,2.00,2,0,8224x5140,N,3
5860,16.744,0.757,0.308,0.053,0.000,0.016,0.063,0.000,11.377,0.057,11.225,0.095,8120,15600,,2.00,2,0,8224x5140,N,3
5861,16.628,0.889,0.305,0.065,0.000,0.022,0.065,0.000,11.364,0.058,11.213,0.093,8120,15600,,2.00,2,0,8224x5140,N,3
5862,16.639,0.835,0.309,0.059,0.000,0.019,0.062,0.000,11.366,0.057,11.216,0.093,8120,15600,,2.00,2,0,8224x5140,N,3
5863,16.771,0.789,0.304,0.059,0.000,0.017,0.069,0.000,11.357,0.057,11.204,0.096,8120,15600,,2.00,2,0,8224x5140,N,3
5864,16.521,1.029,0.324,0.078,0.000,0.023,0.061,0.000,11.371,0.058,11.218,0.094,8120,15600,,2.00,2,0,8224x5140,N,3
5865,16.630,0.855,0.326,0.064,0.000,0.019,0.061,0.000,11.358,0.057,11.209,0.092,8120,15600,,2.00,2,0,8224x5140,N,3
5866,16.653,0.813,0.317,0.057,0.000,0.019,0.058,0.000,11.350,0.058,11.200,0.093,8120,15600,,2.00,2,0,8224x5140,N,3
5867,16.635,0.783,0.294,0.058,0.000,0.017,0.058,0.000,11.350,0.056,11.200,0.094,8120,15600,,2.00,2,0,8224x5140,N,3
5868,16.658,0.755,0.295,0.051,0.000,0.019,0.056,0.000,11.538,0.057,11.324,0.158,8120,15600,,2.00,2,0,8224x5140,N,3
5869,16.649,0.793,0.323,0.063,0.000,0.018,0.057,0.000,3.730,0.020,3.590,0.120,8120,15600,,2.00,2,0,8224x5140,N,3
5870,16.669,0.776,0.310,0.062,0.000,0.017,0.059,0.000,3.668,0.021,3.590,0.058,8120,15600,,2.00,2,0,8224x5140,N,3
5871,16.640,0.756,0.326,0.060,0.000,0.021,0.055,0.000,3.740,0.023,3.662,0.056,8120,15600,,2.00,2,0,8224x5140,N,3
5872,16.675,0.791,0.313,0.060,0.000,0.025,0.064,0.000,4.160,0.023,4.081,0.056,8120,15600,,2.00,2,0,8224x5140,N,3
5873,16.689,0.895,0.307,0.061,0.000,0.022,0.060,0.000,4.185,0.023,4.104,0.059,8120,15600,,2.00,2,0,8224x5140,N,3
5874,16.643,0.800,0.321,0.058,0.000,0.024,0.063,0.000,4.184,0.023,4.106,0.056,8120,15600,,2.00,2,0,8224x5140,N,3
5875,16.753,0.765,0.301,0.064,0.000,0.020,0.073,0.000,4.187,0.023,4.103,0.061,8120,15600,,2.00,2,0,8224x5140,N,3
5876,16.687,0.970,0.300,0.077,0.000,0.024,0.042,0.000,4.211,0.023,4.127,0.061,8120,15600,,2.00,2,0,8224x5140,N,3
5877,16.444,0.803,0.308,0.045,0.000,0.015,0.071,0.000,4.864,0.028,4.765,0.072,8120,15600,,2.00,2,0,8224x5140,N,3
5878,16.853,0.995,0.313,0.045,0.000,0.014,0.044,0.000,4.902,0.027,4.795,0.079,8120,15600,,2.00,2,0,8224x5140,N,3
5879,16.436,0.828,0.279,0.034,0.000,0.013,0.051,0.000,5.118,0.029,5.015,0.075,8120,15600,,2.00,2,0,8224x5140,N,3
5880,16.696,0.914,0.291,0.033,0.000,0.011,0.067,0.000,5.019,0.027,4.915,0.077,8120,15600,,2.00,2,0,8224x5140,N,3
5881,16.945,0.984,0.376,0.059,0.000,0.020,0.082,0.000,5.702,0.035,5.606,0.061,8120,15600,,2.00,2,0,8224x5140,N,3
5882,16.556,0.905,0.304,0.060,0.000,0.017,0.050,0.000,6.306,0.034,6.206,0.067,8120,15600,,2.00,2,0,8224x5140,N,3
5883,16.727,0.886,0.301,0.046,0.000,0.016,0.060,0.000,6.324,0.033,6.215,0.076,8120,15600,,2.00,2,0,8224x5140,N,3
5884,16.558,0.881,0.343,0.043,0.036,0.015,0.044,0.000,6.356,0.034,6.241,0.081,8120,15600,,2.00,2,0,8224x5140,N,3
5885,16.677,0.976,0.278,0.041,0.000,0.013,0.056,0.000,6.632,0.056,6.492,0.083,8120,15600,,2.00,2,0,8224x5140,N,3
5886,16.633,0.817,0.290,0.033,0.000,0.013,0.047,0.000,8.514,0.057,8.311,0.145,8120,15600,,2.00,2,0,8224x5140,N,3
5887,16.641,0.876,0.312,0.036,0.000,0.012,0.069,0.000,11.054,0.058,10.840,0.156,8120,15600,,2.00,2,0,8224x5140,N,3
5888,16.531,0.937,0.341,0.034,0.000,0.012,0.053,0.000,11.493,0.058,11.314,0.121,8120,15600,,2.00,2,0,8224x5140,N,3
5889,16.851,0.935,0.376,0.049,0.000,0.015,0.088,0.000,11.379,0.057,11.202,0.120,8120,15600,,2.00,2,0,8224x5140,N,3
5890,16.420,0.902,0.360,0.093,0.000,0.028,0.068,0.000,11.359,0.059,11.207,0.092,8120,15600,,2.00,2,0,8224x5140,N,3
5891,16.734,0.827,0.309,0.059,0.000,0.018,0.062,0.000,16.953,6.130,10.703,0.120,8120,15600,,2.00,2,0,8224x5140,N,3
5892,16.664,0.791,0.328,0.079,0.000,0.024,0.108,0.000,3.673,0.021,3.592,0.060,8120,15600,,2.00,2,0,8224x5140,N,3
5893,16.628,0.978,0.341,0.072,0.000,0.033,0.070,0.000,3.670,0.020,3.591,0.059,8120,15600,,2.00,2,0,8224x5140,N,3
5894,17.010,0.880,0.322,0.076,0.000,0.026,0.113,0.000,3.738,0.023,3.658,0.057,8120,15600,,2.00,2,0,8224x5140,N,3
5895,16.655,1.730,0.647,0.130,0.000,0.056,0.107,0.000,4.113,0.023,4.033,0.057,8120,15600,,2.00,2,0,8224x5140,N,3
5896,16.673,1.862,0.672,0.131,0.000,0.052,0.119,0.000,4.186,0.022,4.104,0.059,8120,15600,,2.00,2,0,8224x5140,N,3
5897,16.595,1.697,0.646,0.142,0.000,0.050,0.123,0.000,4.183,0.023,4.102,0.059,8120,15600,,2.00,2,0,8224x5140,N,3
5898,16.707,1.765,0.600,0.136,0.000,0.050,0.108,0.000,4.187,0.023,4.105,0.058,8120,15600,,2.00,2,0,8224x5140,N,3
5899,16.572,1.694,0.684,0.141,0.000,0.056,0.111,0.000,4.186,0.023,4.102,0.062,8120,15600,,2.00,2,0,8224x5140,N,3
5900,16.614,1.608,0.589,0.126,0.000,0.048,0.117,0.000,4.714,0.026,4.630,0.059,8120,15600,,2.00,2,0,8224x5140,N,3
5901,16.662,1.640,0.596,0.118,0.000,0.050,0.111,0.000,4.847,0.026,4.762,0.060,8120,15600,,2.00,2,0,8224x5140,N,3
5902,16.601,1.669,0.618,0.128,0.000,0.046,0.113,0.000,4.849,0.027,4.760,0.061,8120,15600,,2.00,2,0,8224x5140,N,3
5903,17.333,1.671,0.624,0.123,0.000,0.045,0.219,0.000,4.853,0.026,4.766,0.062,8120,15600,,2.00,2,0,8224x5140,N,3
5904,16.152,2.897,0.789,0.129,0.000,0.045,0.139,0.000,5.426,0.030,5.334,0.062,8120,15600,,2.00,2,0,8224x5140,N,3
5905,16.125,2.360,0.784,0.144,0.000,0.054,0.067,0.000,6.228,0.032,6.131,0.065,8120,15600,,2.00,2,0,8224x5140,N,3
5906,16.683,0.855,0.323,0.074,0.000,0.023,0.071,0.000,6.232,0.033,6.132,0.068,8120,15600,,2.00,2,0,8224x5140,N,3
5907,16.515,0.982,0.317,0.073,0.000,0.025,0.067,0.000,6.229,0.034,6.128,0.067,8120,15600,,2.00,2,0,8224x5140,N,3
5908,16.637,0.821,0.306,0.068,0.000,0.022,0.059,0.000,6.550,0.058,6.427,0.066,8120,15600,,2.00,2,0,8224x5140,N,3
5909,16.708,0.742,0.313,0.060,0.000,0.021,0.065,0.000,8.245,0.056,8.105,0.084,8120,15600,,2.00,2,0,8224x5140,N,3
5910,16.543,0.906,0.312,0.075,0.000,0.024,0.053,0.000,10.758,0.055,10.609,0.094,8120,15600,,2.00,2,0,8224x5140,N,3
5911,16.666,0.791,0.318,0.064,0.000,0.019,0.053,0.000,11.397,0.057,11.247,0.093,8120,15600,,2.00,2,0,8224x5140,N,3
5912,16.707,0.739,0.323,0.055,0.000,0.015,0.046,0.000,11.479,0.058,11.297,0.124,8120,15600,,2.00,2,0,8224x5140,N,3
5913,16.692,0.742,0.306,0.046,0.000,0.013,0.046,0.000,11.498,0.058,11.285,0.156,8120,15600,,2.00,2,0,8224x5140,N,3
5914,16.647,0.743,0.275,0.039,0.000,0.011,0.062,0.000,11.442,0.057,11.260,0.125,8120,15600,,2.00,2,0,8224x5140,N,3
5915,16.792,0.967,0.310,0.049,0.000,0.015,0.067,0.000,11.353,0.057,11.204,0.092,8120,15600,,2.00,2,0,8224x5140,N,3
5916,16.646,0.949,0.294,0.052,0.000,0.016,0.060,0.000,11.387,0.058,11.231,0.098,8120,15600,,2.00,2,0,8224x5140,N,3
5917,16.673,0.987,0.287,0.056,0.000,0.017,0.049,0.000,11.492,0.058,11.305,0.129,8120,15600,,2.00,2,0,8224x5140,N,3
5918,16.653,0.798,0.295,0.044,0.000,0.013,0.043,0.000,11.427,0.056,11.233,0.137,8120,15600,,2.00,2,0,8224x5140,N,3
5919,16.669,0.743,0.275,0.035,0.000,0.012,0.064,0.000,11.403,0.056,11.251,0.096,8120,15600,,2.00,2,0,8224x5140,N,3
5920,16.491,0.882,0.301,0.039,0.000,0.013,0.061,0.000,11.476,0.057,11.318,0.101,8120,15600,,2.00,2,0,8224x5140,N,3
5921,16.778,0.733,0.295,0.032,0.000,0.010,0.037,0.000,11.404,0.056,11.220,0.128,8120,15600,,2.00,2,0,8224x5140,N,3
5922,16.509,0.795,0.289,0.035,0.000,0.013,0.034,0.000,11.520,0.056,11.305,0.159,8120,15600,,2.00,2,0,8224x5140,N,3
5923,16.757,0.762,0.283,0.031,0.000,0.010,0.067,0.000,11.566,0.056,11.355,0.155,8120,15600,,2.00,2,0,8224x5140,N,3
5924,16.751,0.946,0.345,0.038,0.000,0.014,0.038,0.000,11.492,0.058,11.311,0.123,8120,15600,,2.00,2,0,8224x5140,N,3
5925,16.635,0.795,0.407,0.032,0.000,0.012,0.063,0.000,11.482,0.062,11.298,0.122,8120,15600,,2.00,2,0,8224x5140,N,3
5926,16.124,0.797,0.358,0.039,0.000,0.012,0.063,0.000,11.505,0.064,11.287,0.154,8120,15600,tshadow_sdf,2.00,2,0,8224x5140,S,0
5927,92.868,0.808,0.354,0.038,0.000,0.011,0.121,0.000,89.387,0.063,89.248,0.076,8120,15600,,2.00,2,0,8224x5140,S,0
5928,73.943,4.551,0.440,0.080,0.000,0.024,0.137,0.000,70.419,0.027,70.338,0.053,8120,15600,,2.00,2,0,8224x5140,S,0
5929,86.486,4.641,0.435,0.082,0.000,0.023,0.206,0.000,82.980,0.017,82.903,0.060,8120,15600,,2.00,2,0,8224x5140,S,0
5930,102.450,7.410,0.725,0.120,0.000,0.039,0.230,0.000,98.473,0.018,98.347,0.108,8120,15600,,2.00,2,0,8224x5140,S,0
5931,130.260,6.780,0.887,0.153,0.000,0.050,0.225,0.000,125.622,0.031,125.488,0.103,8120,15600,,2.00,2,0,8224x5140,S,0
5932,137.206,8.438,0.739,0.156,0.000,0.049,0.074,0.000,133.483,0.029,133.340,0.115,8120,15600,,2.00,2,0,8224x5140,S,0
5933,123.212,3.351,0.289,0.068,0.000,0.018,0.074,0.000,120.468,0.023,120.395,0.050,8120,15600,,2.00,2,0,8224x5140,S,0
5934,116.649,3.188,0.323,0.084,0.000,0.027,0.071,0.000,113.306,0.023,113.169,0.114,8120,15600,,2.00,2,0,8224x5140,S,0
5935,106.629,3.246,0.296,0.074,0.000,0.020,0.067,0.000,103.155,0.023,103.075,0.057,8120,15600,,2.00,2,0,8224x5140,S,0
5936,98.439,3.135,0.349,0.073,0.000,0.022,0.078,0.000,95.493,0.019,95.421,0.054,8120,15600,,2.00,2,0,8224x5140,S,0
5937,98.021,3.557,0.355,0.075,0.000,0.021,0.129,0.000,94.605,0.019,94.504,0.083,8120,15600,,2.00,2,0,8224x5140,S,0
5938,96.076,5.359,0.468,0.070,0.000,0.022,0.062,0.000,92.945,0.019,92.840,0.086,8120,15600,,2.00,2,0,8224x5140,S,0
5939,95.422,3.462,0.391,0.057,0.000,0.021,0.057,0.000,92.644,0.019,92.571,0.054,8120,15600,,2.00,2,0,8224x5140,S,0
5940,96.931,2.827,0.338,0.060,0.000,0.017,0.067,0.000,93.736,0.019,93.668,0.049,8120,15600,,2.00,2,0,8224x5140,S,0
5941,96.111,3.144,0.302,0.082,0.000,0.022,0.072,0.000,92.650,0.017,92.572,0.061,8120,15600,,2.00,2,0,8224x5140,S,0
5942,97.345,3.215,0.330,0.060,0.000,0.016,0.069,0.000,94.829,0.023,94.749,0.058,8120,15600,,2.00,2,0,8224x5140,S,0
5943,102.596,3.098,0.365,0.072,0.000,0.023,0.068,0.000,100.102,0.019,100.035,0.049,8120,15600,,2.00,2,0,8224x5140,S,0
5944,106.164,2.959,0.291,0.067,0.000,0.018,0.061,0.000,103.136,0.018,103.065,0.053,8120,15600,,2.00,2,0,8224x5140,S,0
5945,108.685,3.077,0.300,0.070,0.000,0.019,0.063,0.000,105.051,0.020,104.922,0.109,8120,15600,,2.00,2,0,8224x5140,S,0
5946,105.575,3.220,0.317,0.063,0.000,0.018,0.092,0.000,102.797,0.021,102.720,0.056,8120,15600,,2.00,2,0,8224x5140,S,0
5947,103.127,4.174,0.403,0.085,0.000,0.025,0.098,0.000,99.560,0.018,99.462,0.080,8120,15600,,2.00,2,0,8224x5140,S,0
5948,98.949,3.884,0.394,0.079,0.000,0.026,0.126,0.000,96.324,0.023,96.252,0.049,8120,15600,tshadow_pcf,2.00,2,0,8224x5140,P,1
5949,12.466,6.566,0.586,0.121,0.000,0.042,0.099,0.000,9.179,0.019,9.103,0.057,8120,15600,,2.00,2,0,8224x5140,P,1
5950,20.170,1.308,0.424,0.070,0.000,0.018,0.063,0.000,8.981,0.018,8.902,0.060,8120,15600,,2.00,2,0,8224x5140,P,1
5951,24.846,0.955,0.309,0.052,0.000,0.017,0.052,0.000,8.208,0.019,8.131,0.058,8120,15600,,2.00,2,0,8224x5140,P,1
5952,16.944,0.943,0.312,0.041,0.000,0.012,0.060,0.000,7.618,0.020,7.541,0.058,8120,15600,,2.00,2,0,8224x5140,P,1
5953,16.516,0.831,0.293,0.043,0.000,0.026,0.045,0.000,8.976,0.020,8.896,0.059,8120,15600,,2.00,2,0,8224x5140,P,1
5954,16.875,0.773,0.278,0.032,0.000,0.011,0.048,0.000,8.215,0.019,8.133,0.062,8120,15600,,2.00,2,0,8224x5140,P,1
5955,16.475,0.797,0.290,0.048,0.000,0.013,0.056,0.000,8.217,0.019,8.132,0.066,8120,15600,,2.00,2,0,8224x5140,P,1
5956,16.557,0.991,0.303,0.044,0.000,0.016,0.059,0.000,7.912,0.021,7.834,0.057,8120,15600,,2.00,2,0,8224x5140,P,1
5957,16.772,0.774,0.282,0.032,0.000,0.011,0.039,0.000,7.915,0.021,7.835,0.059,8120,15600,,2.00,2,0,8224x5140,P,1
5958,16.712,0.822,0.319,0.032,0.000,0.011,0.041,0.000,7.747,0.020,7.668,0.059,8120,15600,,2.00,2,0,8224x5140,P,1
5959,16.584,0.858,0.324,0.033,0.000,0.014,0.041,0.000,7.607,0.023,7.524,0.060,8120,15600,,2.00,2,0,8224x5140,P,1
5960,16.694,0.812,0.336,0.032,0.000,0.010,0.066,0.000,7.481,0.026,7.397,0.058,8120,15600,,2.00,2,0,8224x5140,P,1
5961,16.785,0.900,0.350,0.035,0.000,0.014,0.073,0.000,7.475,0.029,7.388,0.058,8120,15600,,2.00,2,0,8224x5140,P,1
5962,16.570,1.204,0.354,0.052,0.000,0.031,0.064,0.000,7.476,0.028,7.388,0.059,8120,15600,,2.00,2,0,8224x5140,P,1
5963,16.654,1.351,0.396,0.043,0.000,0.019,0.072,0.000,7.505,0.040,7.407,0.059,8120,15600,,2.00,2,0,8224x5140,P,1
5964,16.677,1.132,0.392,0.048,0.000,0.018,0.069,0.000,7.489,0.043,7.387,0.059,8120,15600,,2.00,2,0,8224x5140,P,1
5965,16.753,1.109,0.429,0.048,0.000,0.018,0.089,0.000,7.482,0.039,7.382,0.060,8120,15600,,2.00,2,0,8224x5140,P,1
5966,16.491,1.648,0.440,0.069,0.000,0.023,0.078,0.000,7.509,0.039,7.409,0.061,8120,15600,,2.00,2,0,8224x5140,P,1
5967,16.745,1.123,0.434,0.045,0.000,0.017,0.080,0.000,7.511,0.037,7.414,0.060,8120,15600,,2.00,2,0,8224x5140,P,1
5968,16.684,1.348,0.502,0.046,0.000,0.021,0.073,0.000,7.479,0.043,7.379,0.058,8120,15600,,2.00,2,0,8224x5140,P,1
5969,17.995,1.445,0.520,0.059,0.000,0.021,0.303,0.000,7.507,0.038,7.411,0.058,8120,15600,,2.00,2,0,8224x5140,P,1
5970,15.454,1.925,0.694,0.142,0.000,0.052,0.113,0.000,7.402,0.018,7.326,0.058,8120,15600,,2.00,2,0,8224x5140,P,1
5971,16.255,1.366,0.447,0.088,0.000,0.027,0.068,0.000,7.523,0.038,7.431,0.054,8120,15600,,2.00,2,0,8224x5140,P,1
5972,16.588,0.848,0.378,0.080,0.000,0.022,0.066,0.000,7.410,0.018,7.338,0.054,8120,15600,,2.00,2,0,8224x5140,P,1
5973,16.616,0.755,0.316,0.066,0.000,0.020,0.059,0.000,7.405,0.018,7.330,0.057,8120,15600,,2.00,2,0,8224x5140,P,1
5974,16.605,1.003,0.297,0.066,0.000,0.019,0.056,0.000,7.403,0.019,7.327,0.057,8120,15600,,2.00,2,0,8224x5140,P,1
5975,16.580,0.987,0.287,0.051,0.000,0.016,0.045,0.000,0.075,0.018,0.000,0.057,8120,15600,,2.00,2,0,8224x5140,P,1
5976,16.885,0.838,0.287,0.043,0.000,0.015,0.049,0.000,0.072,0.018,0.000,0.054,8120,15600,,2.00,2,0,8224x5140,P,1
5977,16.576,0.806,0.306,0.042,0.000,0.016,0.041,0.000,7.413,0.017,7.340,0.056,8120,15600,,2.00,2,0,8224x5140,P,1
5978,16.754,0.766,0.273,0.042,0.000,0.012,0.054,0.000,7.404,0.019,7.328,0.057,8120,15600,,2.00,2,0,8224x5140,P,1
5979,16.437,0.757,0.287,0.042,0.000,0.014,0.048,0.000,7.416,0.018,7.343,0.055,8120,15600,,2.00,2,0,8224x5140,P,1
5980,16.851,0.720,0.317,0.034,0.000,0.011,0.049,0.000,7.457,0.020,7.383,0.054,8120,15600,,2.00,2,0,8224x5140,P,1
5981,16.723,0.817,0.276,0.038,0.000,0.012,0.065,0.000,7.593,0.019,7.519,0.056,8120,15600,,2.00,2,0,8224x5140,P,1
5982,16.483,0.816,0.290,0.050,0.000,0.018,0.061,0.000,7.746,0.020,7.671,0.055,8120,15600,,2.00,2,0,8224x5140,P,1
5983,16.827,0.763,0.281,0.036,0.000,0.012,0.045,0.000,7.913,0.019,7.837,0.057,8120,15600,,2.00,2,0,8224x5140,P,1
5984,16.643,0.879,0.291,0.043,0.000,0.013,0.055,0.000,7.912,0.019,7.833,0.060,8120,15600,,2.00,2,0,8224x5140,P,1
5985,16.402,0.791,0.310,0.031,0.000,0.011,0.048,0.000,8.065,0.022,7.983,0.060,8120,15600,,2.00,2,0,8224x5140,P,1
5986,16.912,0.732,0.304,0.032,0.000,0.023,0.058,0.000,8.299,0.020,8.215,0.063,8120,15600,,2.00,2,0,8224x5140,P,1
5987,16.686,0.742,0.290,0.031,0.000,0.011,0.056,0.000,8.329,0.021,8.246,0.062,8120,15600,,2.00,2,0,8224x5140,P,1
5988,16.624,0.760,0.326,0.032,0.000,0.011,0.056,0.000,8.329,0.021,8.245,0.063,8120,15600,,2.00,2,0,8224x5140,P,1
5989,16.647,0.817,0.321,0.029,0.000,0.011,0.061,0.000,8.353,0.024,8.261,0.067,8120,15600,,2.00,2,0,8224x5140,P,1
5990,16.745,0.838,0.349,0.032,0.000,0.011,0.064,0.000,8.351,0.027,8.263,0.061,8120,15600,,2.00,2,0,8224x5140,P,1
5991,16.607,0.907,0.364,0.034,0.000,0.016,0.057,0.000,8.372,0.026,8.280,0.067,8120,15600,,2.00,2,0,8224x5140,P,1
5992,16.704,0.884,0.351,0.036,0.000,0.014,0.073,0.000,8.379,0.030,8.283,0.067,8120,15600,,2.00,2,0,8224x5140,P,1
5993,16.681,1.010,0.358,0.035,0.000,0.012,0.070,0.000,8.367,0.029,8.276,0.063,8120,15600,,2.00,2,0,8224x5140,P,1
5994,16.622,1.049,0.401,0.046,0.000,0.017,0.055,0.000,8.417,0.040,8.311,0.066,8120,15600,,2.00,2,0,8224x5140,P,1
5995,16.727,1.012,0.472,0.052,0.000,0.017,0.091,0.000,8.613,0.041,8.506,0.066,8120,15600,,2.00,2,0,8224x5140,P,1
5996,16.704,1.132,0.457,0.052,0.000,0.017,0.085,0.000,8.631,0.042,8.527,0.062,8120,15600,,2.00,2,0,8224x5140,P,1
5997,16.413,1.146,0.474,0.061,0.000,0.019,0.073,0.000,8.776,0.020,8.694,0.062,8120,15600,,2.00,2,0,8224x5140,P,1
5998,16.637,1.122,0.426,0.052,0.000,0.018,0.099,0.000,8.781,0.021,8.697,0.063,8120,15600,,2.00,2,0,8224x5140,P,1
5999,16.817,1.586,0.530,0.057,0.000,0.022,0.084,0.000,8.996,0.023,8.899,0.074,8120,15600,,2.00,2,0,8224x5140,P,1
6000,16.525,1.127,0.445,0.048,0.000,0.016,0.081,0.000,8.986,0.022,8.894,0.071,8120,15600,,2.00,2,0,8224x5140,P,1
6001,16.551,1.182,0.450,0.068,0.000,0.022,0.071,0.000,9.385,0.022,9.303,0.060,8120,15600,,2.00,2,0,8224x5140,P,1
6002,16.513,0.929,0.310,0.041,0.000,0.014,0.054,0.000,9.382,0.021,9.303,0.059,8120,15600,,2.00,2,0,8224x5140,P,1
6003,16.783,0.731,0.324,0.031,0.000,0.012,0.044,0.000,9.406,0.021,9.326,0.059,8120,15600,,2.00,2,0,8224x5140,P,1
6004,16.696,0.787,0.357,0.046,0.000,0.013,0.068,0.000,9.426,0.020,9.346,0.060,8120,15600,,2.00,2,0,8224x5140,P,1
6005,16.775,0.851,0.320,0.037,0.000,0.013,0.058,0.000,9.504,0.021,9.351,0.133,8120,15600,,2.00,2,0,8224x5140,P,1
6006,16.601,1.096,0.316,0.033,0.000,0.016,0.058,0.000,9.481,0.022,9.362,0.097,8120,15600,,2.00,2,0,8224x5140,P,1
6007,16.485,0.754,0.274,0.040,0.000,0.012,0.041,0.000,9.513,0.021,9.354,0.137,8120,15600,,2.00,2,0,8224x5140,P,1
6008,16.885,0.728,0.284,0.030,0.000,0.011,0.040,0.000,9.488,0.022,9.345,0.120,8120,15600,,2.00,2,0,8224x5140,P,1
6009,16.498,0.760,0.298,0.038,0.000,0.013,0.060,0.000,9.523,0.021,9.368,0.134,8120,15600,,2.00,2,0,8224x5140,P,1
6010,16.735,0.837,0.315,0.037,0.000,0.014,0.046,0.000,9.458,0.022,9.341,0.096,8120,15600,,2.00,2,0,8224x5140,P,1
6011,16.779,0.838,0.312,0.033,0.000,0.012,0.067,0.000,9.593,0.024,9.438,0.131,8120,15600,,2.00,2,0,8224x5140,P,1
6012,16.600,0.913,0.360,0.034,0.000,0.013,0.052,0.000,9.596,0.024,9.438,0.133,8120,15600,,2.00,2,0,8224x5140,P,1
6013,16.702,0.911,0.357,0.031,0.000,0.012,0.054,0.000,9.833,0.025,9.678,0.130,8120,15600,,2.00,2,0,8224x5140,P,1
6014,16.725,1.004,0.373,0.038,0.000,0.024,0.083,0.000,9.833,0.027,9.678,0.128,8120,15600,,2.00,2,0,8224x5140,P,1
6015,16.639,1.293,0.487,0.046,0.000,0.019,0.064,0.000,9.841,0.030,9.684,0.127,8120,15600,,2.00,2,0,8224x5140,P,1
6016,16.661,1.156,0.438,0.045,0.000,0.016,0.082,0.000,9.852,0.031,9.689,0.132,8120,15600,,2.00,2,0,8224x5140,P,1
6017,16.704,1.114,0.466,0.045,0.000,0.015,0.077,0.000,9.844,0.032,9.683,0.128,8120,15600,,2.00,2,0,8224x5140,P,1
6018,16.677,1.455,0.446,0.051,0.000,0.018,0.102,0.000,9.854,0.033,9.689,0.132,8120,15600,,2.00,2,0,8224x5140,P,1
6019,17.721,1.340,0.529,0.060,0.000,0.019,0.211,0.000,9.865,0.048,9.685,0.132,8120,15600,,2.00,2,0,8224x5140,P,1
6020,15.604,1.664,0.551,0.069,0.000,0.026,0.079,0.000,9.743,0.020,9.586,0.137,8120,15600,,2.00,2,0,8224x5140,P,1
6021,17.800,1.356,0.512,0.068,0.000,0.019,0.214,0.000,9.627,0.040,9.456,0.131,8120,15600,,2.00,2,0,8224x5140,P,1
6022,16.840,1.993,0.641,0.138,0.000,0.047,0.240,0.000,9.773,0.021,9.624,0.128,8120,15600,,2.00,2,0,8224x5140,P,1
6023,16.801,1.455,0.524,0.059,0.000,0.021,0.238,0.000,9.801,0.025,9.642,0.134,8120,15600,,2.00,2,0,8224x5140,P,1
6024,16.374,1.537,0.507,0.059,0.000,0.020,0.225,0.000,9.507,0.024,9.410,0.073,8120,15600,,2.00,2,0,8224x5140,P,1
6025,15.326,1.752,0.678,0.060,0.000,0.021,0.100,0.000,10.054,0.030,9.921,0.103,8120,15600,,2.00,2,0,8224x5140,P,1
6026,16.508,0.974,0.440,0.098,0.000,0.027,0.073,0.000,9.985,0.043,9.810,0.132,8120,15600,,2.00,2,0,8224x5140,P,1
6027,16.652,0.993,0.398,0.057,0.000,0.016,0.074,0.000,9.505,0.021,9.379,0.105,8120,15600,,2.00,2,0,8224x5140,P,1
6028,16.605,1.214,0.469,0.052,0.000,0.018,0.071,0.000,9.521,0.022,9.383,0.116,8120,15600,,2.00,2,0,8224x5140,P,1
6029,16.652,1.138,0.422,0.046,0.000,0.019,0.066,0.000,9.495,0.022,9.375,0.099,8120,15600,,2.00,2,0,8224x5140,P,1
6030,16.583,1.164,0.437,0.046,0.000,0.015,0.060,0.000,9.553,0.029,9.449,0.076,8120,15600,,2.00,2,0,8224x5140,P,1
6031,16.557,1.004,0.407,0.056,0.000,0.018,0.071,0.000,10.001,0.028,9.916,0.057,8120,15600,,2.00,2,0,8224x5140,P,1
6032,16.768,1.035,0.364,0.075,0.000,0.024,0.057,0.000,10.948,0.024,10.829,0.095,8120,15600,,2.00,2,0,8224x5140,P,1
6033,16.423,0.821,0.309,0.066,0.000,0.019,0.054,0.000,10.992,0.023,10.908,0.061,8120,15600,,2.00,2,0,8224x5140,P,1
6034,16.597,0.755,0.282,0.047,0.000,0.012,0.047,0.000,10.962,0.023,10.877,0.062,8120,15600,,2.00,2,0,8224x5140,P,1
6035,16.724,0.731,0.282,0.038,0.000,0.012,0.058,0.000,10.941,0.023,10.857,0.061,8120,15600,,2.00,2,0,8224x5140,P,1
6036,16.715,0.732,0.342,0.054,0.000,0.015,0.060,0.000,11.181,0.028,11.096,0.058,8120,15600,,2.00,2,0,8224x5140,P,1
6037,16.678,0.723,0.302,0.066,0.000,0.021,0.068,0.000,11.665,0.027,11.577,0.061,8120,15600,,2.00,2,0,8224x5140,P,1
6038,16.600,0.715,0.285,0.065,0.000,0.019,0.059,0.000,13.027,0.027,12.880,0.120,8120,15600,,2.00,2,0,8224x5140,P,1
6039,16.717,0.769,0.315,0.052,0.000,0.016,0.053,0.000,12.708,0.023,12.618,0.067,8120,15600,,2.00,2,0,8224x5140,P,1
6040,16.562,0.711,0.292,0.047,0.000,0.014,0.055,0.000,12.970,0.027,12.878,0.064,8120,15600,,2.00,2,0,8224x5140,P,1
6041,16.663,0.965,0.284,0.051,0.000,0.015,0.080,0.000,13.556,0.026,13.402,0.128,8120,15600,,2.00,2,0,8224x5140,P,1
6042,16.688,0.766,0.294,0.044,0.000,0.015,0.052,0.000,13.030,0.023,12.887,0.120,8120,15600,,2.00,2,0,8224x5140,P,1
6043,16.700,0.744,0.294,0.044,0.000,0.013,0.064,0.000,13.032,0.026,12.880,0.126,8120,15600,,2.00,2,0,8224x5140,P,1
6044,16.563,0.982,0.284,0.045,0.000,0.014,0.039,0.000,13.023,0.025,12.892,0.106,8120,15600,,2.00,2,0,8224x5140,P,1
6045,16.670,0.996,0.287,0.034,0.000,0.012,0.042,0.000,13.247,0.028,13.143,0.075,8120,15600,,2.00,2,0,8224x5140,P,1
6046,16.660,0.828,0.293,0.036,0.000,0.011,0.049,0.000,12.998,0.024,12.886,0.088,8120,15600,,2.00,2,0,8224x5140,P,1
6047,16.659,0.748,0.317,0.033,0.000,0.011,0.060,0.000,12.994,0.027,12.874,0.093,8120,15600,,2.00,2,0,8224x5140,P,1
6048,16.610,0.824,0.302,0.034,0.000,0.013,0.047,0.000,13.004,0.027,12.879,0.097,8120,15600,,2.00,2,0,8224x5140,P,1
6049,16.717,0.715,0.288,0.038,0.000,0.012,0.055,0.000,12.965,0.026,12.879,0.061,8120,15600,,2.00,2,0,8224x5140,P,1
6050,16.704,0.717,0.314,0.059,0.000,0.017,0.053,0.000,13.229,0.026,13.145,0.058,8120,15600,,2.00,2,0,8224x5140,P,1
6051,16.656,0.708,0.289,0.052,0.000,0.019,0.049,0.000,13.226,0.026,13.142,0.058,8120,15600,,2.00,2,0,8224x5140,P,1
6052,16.739,0.709,0.297,0.051,0.000,0.017,0.066,0.000,13.221,0.026,13.139,0.057,8120,15600,,2.00,2,0,8224x5140,P,1
6053,16.625,0.827,0.316,0.065,0.000,0.021,0.060,0.000,13.222,0.027,13.137,0.059,8120,15600,,2.00,2,0,8224x5140,P,1
6054,16.574,0.808,0.335,0.059,0.000,0.023,0.052,0.000,13.484,0.026,13.400,0.058,8120,15600,,2.00,2,0,8224x5140,P,1
6055,16.666,0.729,0.325,0.059,0.000,0.019,0.048,0.000,13.225,0.024,13.144,0.058,8120,15600,,2.00,2,0,8224x5140,P,1
6056,16.675,0.707,0.315,0.059,0.000,0.021,0.058,0.000,13.225,0.026,13.143,0.056,8120,15600,,2.00,2,0,8224x5140,P,1
6057,16.562,0.744,0.304,0.056,0.000,0.020,0.048,0.000,13.225,0.027,13.141,0.057,8120,15600,,2.00,2,0,8224x5140,P,1
6058,16.785,0.708,0.312,0.052,0.000,0.018,0.066,0.000,13.227,0.024,13.145,0.058,8120,15600,,2.00,2,0,8224x5140,P,1
6059,16.595,0.874,0.340,0.064,0.000,0.020,0.062,0.000,13.222,0.028,13.136,0.058,8120,15600,,2.00,2,0,8224x5140,P,1
6060,16.643,0.758,0.298,0.062,0.000,0.017,0.063,0.000,13.224,0.026,13.141,0.057,8120,15600,,2.00,2,0,8224x5140,P,1
6061,16.682,0.718,0.292,0.056,0.000,0.021,0.052,0.000,13.226,0.026,13.142,0.057,8120,15600,,2.00,2,0,8224x5140,P,1
6062,16.626,0.708,0.331,0.052,0.000,0.017,0.053,0.000,13.227,0.027,13.141,0.059,8120,15600,,2.00,2,0,8224x5140,P,1
6063,16.648,0.712,0.300,0.055,0.000,0.018,0.058,0.000,13.224,0.026,13.139,0.059,8120,15600,,2.00,2,0,8224x5140,P,1
6064,16.648,0.704,0.352,0.054,0.000,0.017,0.058,0.000,13.481,0.027,13.396,0.058,8120,15600,,2.00,2,0,8224x5140,P,1
6065,16.694,0.711,0.299,0.055,0.000,0.017,0.052,0.000,13.455,0.023,13.372,0.060,8120,15600,,2.00,2,0,8224x5140,P,1
6066,16.616,0.729,0.304,0.062,0.000,0.017,0.062,0.000,13.486,0.025,13.403,0.057,8120,15600,,2.00,2,0,8224x5140,P,1
6067,16.689,0.710,0.326,0.061,0.000,0.016,0.064,0.000,13.515,0.024,13.401,0.090,8120,15600,,2.00,2,0,8224x5140,P,1
6068,16.683,1.017,0.346,0.071,0.000,0.022,0.054,0.000,13.530,0.023,13.392,0.115,8120,15600,,2.00,2,0,8224x5140,P,1
6069,16.488,0.824,0.284,0.056,0.000,0.017,0.040,0.000,13.294,0.023,13.147,0.124,8120,15600,,2.00,2,0,8224x5140,P,1
6070,16.909,0.754,0.296,0.036,0.000,0.012,0.067,0.000,12.522,0.025,12.358,0.140,8120,15600,,2.00,2,0,8224x5140,P,1
6071,16.467,0.776,0.290,0.044,0.000,0.017,0.050,0.000,12.473,0.026,12.351,0.095,8120,15600,,2.00,2,0,8224x5140,P,1
6072,16.623,0.960,0.283,0.038,0.000,0.013,0.064,0.000,12.239,0.027,12.077,0.135,8120,15600,,2.00,2,0,8224x5140,P,1
6073,16.659,0.742,0.317,0.040,0.000,0.014,0.060,0.000,12.229,0.027,12.076,0.126,8120,15600,,2.00,2,0,8224x5140,P,1
6074,16.667,0.733,0.306,0.029,0.000,0.011,0.073,0.000,12.192,0.029,12.075,0.089,8120,15600,,2.00,2,0,8224x5140,P,1
6075,16.668,0.956,0.320,0.043,0.000,0.016,0.054,0.000,11.917,0.030,11.826,0.061,8120,15600,,2.00,2,0,8224x5140,P,1
6076,16.525,0.776,0.310,0.041,0.000,0.014,0.048,0.000,11.908,0.027,11.822,0.059,8120,15600,,2.00,2,0,8224x5140,P,1
6077,16.791,0.728,0.296,0.034,0.000,0.012,0.066,0.000,11.908,0.028,11.821,0.060,8120,15600,,2.00,2,0,8224x5140,P,1
6078,16.589,0.820,0.324,0.058,0.000,0.019,0.058,0.000,11.665,0.027,11.578,0.060,8120,15600,,2.00,2,0,8224x5140,P,1
6079,16.600,0.845,0.319,0.047,0.000,0.016,0.075,0.000,11.669,0.027,11.582,0.059,8120,15600,,2.00,2,0,8224x5140,P,1
6080,16.691,0.937,0.329,0.045,0.000,0.015,0.051,0.000,11.705,0.027,11.578,0.100,8120,15600,,2.00,2,0,8224x5140,P,1
6081,16.715,0.890,0.330,0.041,0.000,0.014,0.095,0.000,11.675,0.027,11.578,0.070,8120,15600,,2.00,2,0,8224x5140,P,1
6082,16.592,0.986,0.320,0.047,0.000,0.015,0.046,0.000,11.672,0.027,11.580,0.065,8120,15600,,2.00,2,0,8224x5140,P,1
6083,16.795,0.813,0.334,0.036,0.000,0.013,0.052,0.000,11.667,0.027,11.576,0.064,8120,15600,,2.00,2,0,8224x5140,P,1
6084,16.617,0.775,0.345,0.048,0.000,0.017,0.065,0.000,11.670,0.027,11.581,0.062,8120,15600,,2.00,2,0,8224x5140,P,1
6085,16.590,0.840,0.324,0.062,0.000,0.020,0.054,0.000,11.670,0.027,11.584,0.059,8120,15600,,2.00,2,0,8224x5140,P,1
6086,16.598,0.795,0.328,0.050,0.000,0.015,0.074,0.000,11.667,0.026,11.582,0.060,8120,15600,,2.00,2,0,8224x5140,P,1
6087,16.683,0.970,0.433,0.048,0.000,0.018,0.058,0.000,11.669,0.027,11.578,0.064,8120,15600,,2.00,2,0,8224x5140,P,1
6088,16.931,0.881,0.325,0.049,0.000,0.015,0.089,0.000,11.945,0.027,11.822,0.097,8120,15600,,2.00,2,0,8224x5140,P,1
6089,16.675,1.346,0.388,0.059,0.000,0.019,0.151,0.000,11.951,0.028,11.824,0.099,8120,15600,,2.00,2,0,8224x5140,P,1
6090,16.518,1.260,0.432,0.048,0.000,0.016,0.082,0.000,11.921,0.027,11.823,0.072,8120,15600,,2.00,2,0,8224x5140,P,1
6091,16.572,1.239,0.428,0.068,0.000,0.023,0.054,0.000,12.170,0.029,12.082,0.059,8120,15600,,2.00,2,0,8224x5140,P,1
6092,16.743,0.938,0.306,0.065,0.000,0.019,0.067,0.000,12.504,0.027,12.360,0.117,8120,15600,,2.00,2,0,8224x5140,P,1
6093,16.446,0.929,0.304,0.069,0.000,0.020,0.050,0.000,12.478,0.026,12.357,0.095,8120,15600,,2.00,2,0,8224x5140,P,1
6094,16.610,0.804,0.283,0.048,0.000,0.014,0.039,0.000,12.441,0.027,12.357,0.057,8120,15600,,2.00,2,0,8224x5140,P,1
6095,16.651,0.762,0.280,0.041,0.000,0.012,0.041,0.000,12.701,0.027,12.616,0.058,8120,15600,,2.00,2,0,8224x5140,P,1
6096,16.751,0.739,0.276,0.037,0.000,0.011,0.048,0.000,12.703,0.027,12.616,0.060,8120,15600,,2.00,2,0,8224x5140,P,1
6097,16.627,0.827,0.291,0.037,0.000,0.013,0.040,0.000,12.956,0.027,12.871,0.059,8120,15600,,2.00,2,0,8224x5140,P,1
6098,16.638,0.751,0.314,0.038,0.000,0.014,0.043,0.000,12.956,0.026,12.872,0.059,8120,15600,,2.00,2,0,8224x5140,P,1
6099,16.725,0.752,0.284,0.040,0.000,0.013,0.050,0.000,13.253,0.025,13.133,0.095,8120,15600,,2.00,2,0,8224x5140,P,1
6100,16.626,0.710,0.280,0.038,0.000,0.013,0.045,0.000,12.964,0.024,12.882,0.058,8120,15600,,2.00,2,0,8224x5140,P,1
6101,16.778,0.711,0.285,0.035,0.000,0.012,0.057,0.000,13.003,0.026,12.874,0.103,8120,15600,,2.00,2,0,8224x5140,P,1
6102,16.611,0.754,0.299,0.054,0.000,0.015,0.056,0.000,13.289,0.026,13.143,0.120,8120,15600,,2.00,2,0,8224x5140,P,1
6103,16.654,0.760,0.290,0.044,0.000,0.016,0.044,0.000,12.757,0.023,12.620,0.114,8120,15600,,2.00,2,0,8224x5140,P,1
6104,16.781,0.775,0.283,0.039,0.000,0.012,0.083,0.000,12.704,0.026,12.617,0.061,8120,15600,,2.00,2,0,8224x5140,P,1
6105,16.522,0.968,0.294,0.070,0.000,0.021,0.053,0.000,12.704,0.027,12.618,0.059,8120,15600,,2.00,2,0,8224x5140,P,1
6106,16.597,0.823,0.299,0.048,0.000,0.015,0.041,0.000,12.703,0.026,12.620,0.058,8120,15600,,2.00,2,0,8224x5140,P,1
6107,16.381,0.758,0.294,0.038,0.000,0.013,0.052,0.000,12.700,0.027,12.615,0.058,8120,15600,tshadow_planar,2.00,2,0,8224x5140,L,2
6108,18.439,0.747,0.281,0.034,0.000,0.010,0.071,0.000,15.470,0.095,15.317,0.058,8120,15600,,2.00,2,0,8224x5140,L,2
6109,17.550,0.931,0.303,0.041,0.000,0.013,0.049,0.000,15.181,0.082,15.034,0.065,8120,15600,,2.00,2,0,8224x5140,L,2
6110,17.376,0.806,0.283,0.032,0.000,0.010,0.046,0.000,14.840,0.086,14.697,0.056,8120,15600,,2.00,2,0,8224x5140,L,2
6111,16.858,1.451,0.288,0.030,0.000,0.017,0.034,0.000,13.993,0.075,13.859,0.059,8120,15600,,2.00,2,0,8224x5140,L,2
6112,16.116,0.722,0.272,0.028,0.000,0.009,0.045,0.000,13.323,0.052,13.220,0.052,8120,15600,,2.00,2,0,8224x5140,L,2
6113,14.977,0.731,0.281,0.028,0.000,0.009,0.050,0.000,12.901,0.037,12.808,0.056,8120,15600,,2.00,2,0,8224x5140,L,2
6114,15.451,0.000,0.334,0.029,0.000,0.009,0.063,0.000,12.717,0.057,12.607,0.053,8120,15600,,2.00,2,0,8224x5140,L,2
6115,16.680,0.975,0.308,0.037,0.000,0.018,0.047,0.000,11.502,0.036,11.411,0.055,8120,15600,,2.00,2,0,8224x5140,L,2
6116,16.469,0.798,0.376,0.050,0.000,0.018,0.068,0.000,11.147,0.069,11.029,0.050,8120,15600,,2.00,2,0,8224x5140,L,2
6117,16.573,1.097,0.333,0.044,0.000,0.012,0.055,0.000,11.162,0.071,11.036,0.055,8120,15600,,2.00,2,0,8224x5140,L,2
6118,16.555,0.990,0.347,0.037,0.000,0.012,0.056,0.000,10.766,0.064,10.647,0.055,8120,15600,,2.00,2,0,8224x5140,L,2
6119,16.809,0.929,0.345,0.036,0.000,0.011,0.084,0.000,10.393,0.067,10.273,0.053,8120,15600,,2.00,2,0,8224x5140,L,2
6120,16.605,1.013,0.346,0.046,0.000,0.021,0.052,0.000,10.278,0.055,10.166,0.057,8120,15600,,2.00,2,0,8224x5140,L,2
6121,16.761,1.057,0.391,0.042,0.000,0.015,0.067,0.000,10.087,0.056,9.982,0.049,8120,15600,,2.00,2,0,8224x5140,L,2
6122,16.650,1.145,0.432,0.046,0.000,0.017,0.060,0.000,9.934,0.067,9.819,0.049,8120,15600,,2.00,2,0,8224x5140,L,2
6123,16.691,1.134,0.426,0.049,0.000,0.016,0.076,0.000,9.751,0.070,9.633,0.048,8120,15600,,2.00,2,0,8224x5140,L,2
6124,16.711,1.357,0.498,0.052,0.000,0.016,0.102,0.000,9.570,0.076,9.440,0.054,8120,15600,,2.00,2,0,8224x5140,L,2
6125,18.338,1.544,0.504,0.064,0.000,0.024,0.298,0.000,9.196,0.076,9.074,0.046,8120,15600,,2.00,2,0,8224x5140,L,2
6126,15.692,2.098,0.788,0.168,0.000,0.064,0.087,0.000,9.239,0.017,9.178,0.045,8120,15600,,2.00,2,0,8224x5140,L,2
6127,15.919,1.356,0.503,0.060,0.000,0.018,0.090,0.000,9.280,0.083,9.152,0.045,8120,15600,,2.00,2,0,8224x5140,L,2
6128,16.687,1.514,0.537,0.071,0.000,0.023,0.112,0.000,9.195,0.081,9.066,0.048,8120,15600,,2.00,2,0,8224x5140,L,2
6129,16.541,1.409,0.512,0.080,0.000,0.023,0.090,0.000,9.195,0.076,9.069,0.049,8120,15600,,2.00,2,0,8224x5140,L,2
6130,16.553,1.133,0.369,0.060,0.000,0.018,0.102,0.000,9.128,0.056,9.027,0.045,8120,15600,,2.00,2,0,8224x5140,L,2
6131,16.555,1.076,0.380,0.048,0.000,0.014,0.064,0.000,9.119,0.053,9.020,0.047,8120,15600,,2.00,2,0,8224x5140,L,2
6132,16.700,1.147,0.421,0.049,0.000,0.017,0.079,0.000,8.957,0.054,8.856,0.048,8120,15600,,2.00,2,0,8224x5140,L,2
6133,16.613,1.556,0.432,0.050,0.000,0.020,0.062,0.000,8.962,0.054,8.860,0.048,8120,15600,,2.00,2,0,8224x5140,L,2
6134,16.711,1.212,0.438,0.038,0.000,0.016,0.081,0.000,8.962,0.065,8.850,0.047,8120,15600,,2.00,2,0,8224x5140,L,2
6135,16.683,1.351,0.516,0.049,0.000,0.017,0.080,0.000,8.969,0.069,8.850,0.050,8120,15600,,2.00,2,0,8224x5140,L,2
6136,17.540,1.330,0.486,0.049,0.000,0.016,0.178,0.000,9.123,0.070,9.009,0.044,8120,15600,,2.00,2,0,8224x5140,L,2
6137,16.126,1.909,0.686,0.127,0.000,0.043,0.129,0.000,9.043,0.074,8.925,0.045,8120,15600,,2.00,2,0,8224x5140,L,2
6138,16.533,1.853,0.672,0.127,0.000,0.043,0.129,0.000,9.098,0.053,9.002,0.044,8120,15600,,2.00,2,0,8224x5140,L,2
6139,16.847,1.756,0.548,0.125,0.000,0.035,0.120,0.000,9.140,0.057,9.038,0.045,8120,15600,,2.00,2,0,8224x5140,L,2
6140,16.423,1.981,0.679,0.124,0.000,0.053,0.125,0.000,9.186,0.059,9.082,0.045,8120,15600,,2.00,2,0,8224x5140,L,2
6141,16.711,1.851,0.672,0.132,0.000,0.054,0.146,0.000,9.167,0.058,9.064,0.046,8120,15600,,2.00,2,0,8224x5140,L,2
6142,16.488,1.881,0.657,0.123,0.000,0.041,0.135,0.000,9.176,0.058,9.073,0.045,8120,15600,,2.00,2,0,8224x5140,L,2
6143,16.752,1.866,0.598,0.124,0.000,0.041,0.131,0.000,9.074,0.052,8.974,0.047,8120,15600,,2.00,2,0,8224x5140,L,2
6144,16.621,1.870,0.605,0.125,0.000,0.041,0.137,0.000,9.179,0.059,9.075,0.045,8120,15600,,2.00,2,0,8224x5140,L,2
6145,16.704,2.448,0.697,0.140,0.000,0.044,0.131,0.000,9.361,0.066,9.250,0.045,8120,15600,,2.00,2,0,8224x5140,L,2
6146,16.514,2.038,0.607,0.132,0.000,0.041,0.133,0.000,9.543,0.063,9.435,0.046,8120,15600,,2.00,2,0,8224x5140,L,2
6147,16.863,2.014,0.633,0.130,0.000,0.045,0.154,0.000,10.074,0.067,9.962,0.045,8120,15600,,2.00,2,0,8224x5140,L,2
6148,16.517,2.078,0.654,0.144,0.000,0.043,0.226,0.000,10.283,0.057,10.179,0.047,8120,15600,,2.00,2,0,8224x5140,L,2
6149,16.705,2.282,0.650,0.130,0.000,0.043,0.161,0.000,10.131,0.019,10.065,0.048,8120,15600,,2.00,2,0,8224x5140,L,2
6150,16.521,2.307,0.701,0.138,0.000,0.042,0.125,0.000,10.292,0.060,10.186,0.046,8120,15600,,2.00,2,0,8224x5140,L,2
6151,16.244,2.090,0.655,0.143,0.000,0.049,0.083,0.000,10.274,0.063,10.163,0.048,8120,15600,,2.00,2,0,8224x5140,L,2
6152,16.599,1.155,0.448,0.093,0.000,0.026,0.080,0.000,10.531,0.068,10.416,0.047,8120,15600,,2.00,2,0,8224x5140,L,2
6153,16.711,1.164,0.354,0.086,0.000,0.022,0.100,0.000,11.082,0.064,10.971,0.047,8120,15600,,2.00,2,0,8224x5140,L,2
6154,16.464,1.396,0.422,0.099,0.000,0.026,0.085,0.000,11.622,0.072,11.504,0.047,8120,15600,,2.00,2,0,8224x5140,L,2
6155,16.557,1.361,0.422,0.072,0.000,0.019,0.070,0.000,11.598,0.067,11.482,0.049,8120,15600,,2.00,2,0,8224x5140,L,2
6156,16.884,1.268,0.451,0.065,0.000,0.018,0.104,0.000,11.588,0.065,11.473,0.050,8120,15600,,2.00,2,0,8224x5140,L,2
6157,16.610,1.383,0.449,0.100,0.000,0.027,0.097,0.000,11.915,0.082,11.784,0.049,8120,15600,,2.00,2,0,8224x5140,L,2
6158,16.709,1.482,0.462,0.097,0.000,0.028,0.087,0.000,12.611,0.082,12.480,0.049,8120,15600,,2.00,2,0,8224x5140,L,2
6159,16.729,1.571,0.467,0.096,0.000,0.027,0.126,0.000,13.268,0.080,13.140,0.048,8120,15600,,2.00,2,0,8224x5140,L,2
6160,16.420,1.516,0.447,0.091,0.000,0.028,0.141,0.000,13.509,0.079,13.381,0.049,8120,15600,,2.00,2,0,8224x5140,L,2
6161,16.685,1.360,0.463,0.076,0.000,0.026,0.113,0.000,13.362,0.021,13.289,0.052,8120,15600,,2.00,2,0,8224x5140,L,2
6162,17.454,1.430,0.457,0.075,0.000,0.025,0.176,0.000,13.505,0.076,13.370,0.059,8120,15600,,2.00,2,0,8224x5140,L,2
6163,16.889,1.630,0.594,0.152,0.000,0.044,0.119,0.000,13.796,0.043,13.696,0.058,8120,15600,,2.00,2,0,8224x5140,L,2
6164,17.121,1.659,0.669,0.182,0.000,0.056,0.104,0.000,13.819,0.023,13.738,0.058,8120,15600,,2.00,2,0,8224x5140,L,2
6165,17.175,1.643,0.657,0.161,0.000,0.044,0.114,0.000,13.861,0.021,13.781,0.058,8120,15600,,2.00,2,0,8224x5140,L,2
6166,17.293,1.619,0.668,0.198,0.000,0.074,0.123,0.000,13.952,0.021,13.873,0.058,8120,15600,,2.00,2,0,8224x5140,L,2
6167,18.198,3.301,0.890,0.185,0.000,0.084,0.184,0.000,13.970,0.021,13.891,0.058,8120,15600,,2.00,2,0,8224x5140,L,2
6168,18.336,1.672,0.678,0.158,0.000,0.055,0.096,0.000,14.277,0.025,14.194,0.058,8120,15600,,2.00,2,0,8224x5140,L,2
6169,18.447,1.642,0.620,0.148,0.000,0.043,0.202,0.000,14.351,0.023,14.274,0.054,8120,15600,,2.00,2,0,8224x5140,L,2
6170,18.465,1.639,0.738,0.171,0.000,0.054,0.116,0.000,14.372,0.030,14.286,0.056,8120,15600,,2.00,2,0,8224x5140,L,2
6171,25.452,1.598,0.867,0.178,0.000,0.065,0.234,0.000,13.452,0.028,13.373,0.052,8120,15600,,2.00,2,0,8224x5140,L,2
6172,17.403,1.776,0.724,0.163,0.000,0.067,0.109,0.000,13.959,0.025,13.876,0.058,8120,15600,,2.00,2,0,8224x5140,L,2
6173,16.649,2.679,0.507,0.129,0.000,0.032,0.101,0.000,13.816,0.021,13.740,0.056,8120,15600,,2.00,2,0,8224x5140,L,2
6174,16.334,1.485,0.479,0.104,0.000,0.027,0.097,0.000,13.965,0.021,13.889,0.055,8120,15600,,2.00,2,0,8224x5140,L,2
6175,17.179,0.000,0.443,0.066,0.000,0.019,0.094,0.000,13.878,0.021,13.802,0.055,8120,15600,,2.00,2,0,8224x5140,L,2
6176,15.323,2.789,0.502,0.118,0.000,0.025,0.090,0.000,12.572,0.022,12.497,0.052,8120,15600,,2.00,2,0,8224x5140,L,2
6177,16.911,0.000,0.452,0.066,0.000,0.018,0.067,0.000,13.865,0.021,13.786,0.058,8120,15600,,2.00,2,0,8224x5140,L,2
6178,16.990,1.159,0.518,0.060,0.000,0.016,0.076,0.000,14.086,0.044,13.982,0.060,8120,15600,,2.00,2,0,8224x5140,L,2
6179,16.893,1.122,0.469,0.056,0.000,0.015,0.075,0.000,13.906,0.021,13.833,0.052,8120,15600,,2.00,2,0,8224x5140,L,2
6180,17.194,1.123,0.479,0.057,0.000,0.017,0.103,0.000,13.869,0.074,13.742,0.053,8120,15600,,2.00,2,0,8224x5140,L,2
6181,15.333,2.699,0.475,0.098,0.000,0.024,0.085,0.000,12.708,0.079,12.579,0.050,8120,15600,,2.00,2,0,8224x5140,L,2
6182,15.878,0.000,0.509,0.082,0.000,0.022,0.068,0.000,13.019,0.021,12.945,0.052,8120,15600,,2.00,2,0,8224x5140,L,2
6183,15.827,1.328,0.370,0.054,0.000,0.016,0.065,0.000,13.140,0.023,13.061,0.055,8120,15600,,2.00,2,0,8224x5140,L,2
6184,16.334,1.331,0.376,0.046,0.000,0.013,0.063,0.000,13.058,0.061,12.941,0.057,8120,15600,,2.00,2,0,8224x5140,L,2
6185,16.802,0.986,0.334,0.039,0.000,0.011,0.065,0.000,12.764,0.070,12.640,0.055,8120,15600,,2.00,2,0,8224x5140,L,2
6186,16.708,1.058,0.324,0.044,0.000,0.017,0.067,0.000,11.969,0.084,11.827,0.058,8120,15600,,2.00,2,0,8224x5140,L,2
6187,16.561,0.836,0.306,0.049,0.000,0.010,0.053,0.000,12.062,0.077,11.927,0.058,8120,15600,,2.00,2,0,8224x5140,L,2
6188,16.642,0.809,0.299,0.049,0.000,0.013,0.048,0.000,11.646,0.069,11.525,0.052,8120,15600,,2.00,2,0,8224x5140,L,2
6189,16.846,0.831,0.302,0.042,0.000,0.012,0.067,0.000,11.633,0.068,11.514,0.051,8120,15600,,2.00,2,0,8224x5140,L,2
6190,16.590,0.836,0.295,0.036,0.000,0.010,0.079,0.000,11.527,0.065,11.413,0.050,8120,15600,,2.00,2,0,8224x5140,L,2
6191,16.673,1.153,0.370,0.069,0.000,0.020,0.084,0.000,11.268,0.069,11.152,0.047,8120,15600,,2.00,2,0,8224x5140,L,2
6192,16.631,0.923,0.416,0.069,0.000,0.020,0.073,0.000,11.468,0.072,11.351,0.046,8120,15600,,2.00,2,0,8224x5140,L,2
6193,16.767,0.963,0.312,0.081,0.000,0.021,0.076,0.000,11.120,0.062,11.008,0.050,8120,15600,,2.00,2,0,8224x5140,L,2
6194,16.488,1.026,0.409,0.084,0.000,0.023,0.090,0.000,11.126,0.064,11.010,0.052,8120,15600,,2.00,2,0,8224x5140,L,2
6195,16.687,1.506,0.377,0.048,0.000,0.015,0.070,0.000,11.307,0.060,11.199,0.048,8120,15600,,2.00,2,0,8224x5140,L,2
6196,16.633,1.247,0.433,0.047,0.000,0.024,0.077,0.000,11.130,0.076,11.000,0.054,8120,15600,,2.00,2,0,8224x5140,L,2
6197,16.812,1.304,0.360,0.048,0.000,0.014,0.076,0.000,10.715,0.065,10.602,0.048,8120,15600,,2.00,2,0,8224x5140,L,2
6198,17.357,1.794,0.527,0.095,0.000,0.029,0.157,0.000,11.146,0.062,11.030,0.054,8120,15600,,2.00,2,0,8224x5140,L,2
6199,16.922,2.217,0.527,0.069,0.000,0.025,0.234,0.000,10.924,0.026,10.845,0.053,8120,15600,,2.00,2,0,8224x5140,L,2
6200,16.423,1.782,0.695,0.131,0.000,0.039,0.154,0.000,10.309,0.019,10.241,0.049,8120,15600,,2.00,2,0,8224x5140,L,2
6201,16.876,1.653,0.555,0.115,0.000,0.032,0.210,0.000,10.457,0.025,10.381,0.051,8120,15600,,2.00,2,0,8224x5140,L,2
6202,15.630,1.573,0.600,0.118,0.000,0.035,0.097,0.000,10.327,0.018,10.260,0.049,8120,15600,,2.00,2,0,8224x5140,L,2
6203,18.002,1.799,0.529,0.076,0.000,0.027,0.251,0.000,10.313,0.069,10.191,0.053,8120,15600,,2.00,2,0,8224x5140,L,2
6204,16.424,1.695,0.598,0.135,0.000,0.066,0.263,0.000,9.815,0.027,9.738,0.050,8120,15600,,2.00,2,0,8224x5140,L,2
6205,16.702,1.639,0.571,0.074,0.000,0.026,0.251,0.000,9.811,0.018,9.748,0.045,8120,15600,,2.00,2,0,8224x5140,L,2
6206,16.579,1.851,0.663,0.131,0.000,0.043,0.242,0.000,9.431,0.023,9.361,0.047,8120,15600,,2.00,2,0,8224x5140,L,2
6207,15.434,1.903,0.605,0.088,0.000,0.033,0.107,0.000,9.922,0.019,9.856,0.047,8120,15600,,2.00,2,0,8224x5140,L,2
6208,18.100,1.848,0.510,0.066,0.000,0.025,0.276,0.000,9.475,0.090,9.339,0.047,8120,15600,,2.00,2,0,8224x5140,L,2
6209,14.763,1.659,0.544,0.064,0.000,0.022,0.082,0.000,9.469,0.087,9.338,0.045,8120,15600,,2.00,2,0,8224x5140,L,2
6210,16.614,1.033,0.352,0.070,0.000,0.018,0.064,0.000,9.124,0.058,9.021,0.045,8120,15600,,2.00,2,0,8224x5140,L,2
6211,16.629,0.940,0.297,0.083,0.000,0.020,0.073,0.000,9.311,0.059,9.207,0.045,8120,15600,,2.00,2,0,8224x5140,L,2
6212,16.586,0.775,0.329,0.061,0.000,0.016,0.068,0.000,9.307,0.063,9.200,0.044,8120,15600,,2.00,2,0,8224x5140,L,2
6213,16.733,0.916,0.332,0.067,0.000,0.019,0.068,0.000,9.174,0.061,9.067,0.046,8120,15600,,2.00,2,0,8224x5140,L,2
6214,16.669,0.937,0.323,0.076,0.000,0.021,0.066,0.000,9.166,0.062,9.056,0.047,8120,15600,,2.00,2,0,8224x5140,L,2
6215,16.757,1.039,0.343,0.079,0.000,0.022,0.139,0.000,9.313,0.069,9.198,0.045,8120,15600,,2.00,2,0,8224x5140,L,2
6216,16.645,1.050,0.379,0.086,0.000,0.025,0.082,0.000,9.304,0.062,9.197,0.045,8120,15600,,2.00,2,0,8224x5140,L,2
6217,16.774,1.199,0.373,0.081,0.000,0.022,0.145,0.000,9.764,0.065,9.654,0.046,8120,15600,,2.00,2,0,8224x5140,L,2
6218,16.561,1.064,0.368,0.078,0.000,0.023,0.081,0.000,9.452,0.066,9.341,0.045,8120,15600,,2.00,2,0,8224x5140,L,2
6219,16.508,0.947,0.335,0.060,0.000,0.017,0.081,0.000,9.935,0.060,9.830,0.045,8120,15600,,2.00,2,0,8224x5140,L,2
6220,16.564,1.161,0.363,0.068,0.000,0.019,0.074,0.000,9.905,0.055,9.806,0.045,8120,15600,,2.00,2,0,8224x5140,L,2
6221,16.675,1.185,0.352,0.056,0.000,0.017,0.077,0.000,10.072,0.062,9.965,0.044,8120,15600,,2.00,2,0,8224x5140,L,2
6222,16.752,1.162,0.360,0.057,0.000,0.017,0.075,0.000,10.227,0.064,10.113,0.050,8120,15600,,2.00,2,0,8224x5140,L,2
6223,16.772,0.966,0.354,0.055,0.000,0.016,0.083,0.000,10.232,0.062,10.122,0.048,8120,15600,,2.00,2,0,8224x5140,L,2
6224,16.567,0.982,0.367,0.048,0.000,0.014,0.086,0.000,10.259,0.060,10.144,0.055,8120,15600,,2.00,2,0,8224x5140,L,2
6225,16.578,1.205,0.357,0.049,0.000,0.021,0.065,0.000,10.260,0.057,10.150,0.053,8120,15600,,2.00,2,0,8224x5140,L,2
6226,16.674,0.940,0.326,0.035,0.000,0.013,0.117,0.000,10.252,0.059,10.143,0.050,8120,15600,,2.00,2,0,8224x5140,L,2
6227,16.580,0.839,0.329,0.036,0.000,0.012,0.051,0.000,10.236,0.065,10.117,0.053,8120,15600,,2.00,2,0,8224x5140,L,2
6228,16.671,0.806,0.324,0.034,0.000,0.015,0.050,0.000,10.245,0.059,10.130,0.055,8120,15600,,2.00,2,0,8224x5140,L,2
6229,16.816,0.798,0.312,0.032,0.000,0.010,0.058,0.000,10.310,0.071,10.188,0.051,8120,15600,,2.00,2,0,8224x5140,L,2
6230,16.638,0.827,0.302,0.039,0.000,0.012,0.065,0.000,10.517,0.074,10.390,0.053,8120,15600,,2.00,2,0,8224x5140,L,2
6231,16.638,1.039,0.343,0.045,0.000,0.015,0.063,0.000,10.507,0.065,10.387,0.055,8120,15600,,2.00,2,0,8224x5140,L,2
6232,16.609,1.013,0.334,0.036,0.000,0.015,0.053,0.000,10.518,0.072,10.393,0.053,8120,15600,,2.00,2,0,8224x5140,L,2
6233,16.722,1.040,0.380,0.039,0.000,0.013,0.057,0.000,10.719,0.079,10.586,0.054,8120,15600,,2.00,2,0,8224x5140,L,2
6234,16.632,1.028,0.379,0.039,0.000,0.013,0.111,0.000,10.500,0.083,10.364,0.053,8120,15600,,2.00,2,0,8224x5140,L,2
6235,16.875,1.560,0.481,0.064,0.000,0.026,0.093,0.000,10.728,0.078,10.603,0.047,8120,15600,,2.00,2,0,8224x5140,L,2
6236,16.329,1.515,0.430,0.061,0.000,0.018,0.083,0.000,10.748,0.067,10.622,0.059,8120,15600,,2.00,2,0,8224x5140,L,2
6237,16.896,1.266,0.440,0.055,0.000,0.016,0.120,0.000,10.690,0.067,10.563,0.060,8120,15600,,2.00,2,0,8224x5140,L,2
6238,16.613,1.403,0.523,0.070,0.000,0.021,0.108,0.000,10.710,0.069,10.587,0.054,8120,15600,,2.00,2,0,8224x5140,L,2
6239,16.616,1.609,0.553,0.068,0.000,0.022,0.099,0.000,10.703,0.080,10.573,0.050,8120,15600,,2.00,2,0,8224x5140,L,2
6240,16.789,1.426,0.499,0.062,0.000,0.018,0.073,0.000,10.706,0.069,10.586,0.050,8120,15600,,2.00,2,0,8224x5140,L,2
6241,17.933,1.401,0.495,0.059,0.000,0.023,0.280,0.000,10.713,0.074,10.588,0.051,8120,15600,,2.00,2,0,8224x5140,L,2
6242,16.369,1.961,0.522,0.056,0.000,0.022,0.225,0.000,10.591,0.021,10.521,0.050,8120,15600,,2.00,2,0,8224x5140,L,2
6243,16.802,1.772,0.652,0.125,0.000,0.045,0.224,0.000,10.389,0.021,10.318,0.051,8120,15600,,2.00,2,0,8224x5140,L,2
6244,16.452,1.759,0.633,0.121,0.000,0.037,0.224,0.000,10.387,0.020,10.317,0.050,8120,15600,,2.00,2,0,8224x5140,L,2
6245,16.943,1.601,0.508,0.060,0.000,0.022,0.233,0.000,10.411,0.048,10.312,0.051,8120,15600,,2.00,2,0,8224x5140,L,2
6246,15.121,1.613,0.500,0.060,0.000,0.022,0.083,0.000,10.386,0.020,10.312,0.053,8120,15600,,2.00,2,0,8224x5140,L,2
6247,16.685,1.336,0.526,0.060,0.000,0.022,0.071,0.000,10.286,0.094,10.146,0.047,8120,15600,,2.00,2,0,8224x5140,L,2
6248,16.519,0.953,0.371,0.072,0.000,0.022,0.086,0.000,10.513,0.075,10.381,0.056,8120,15600,,2.00,2,0,8224x5140,L,2
6249,16.517,1.033,0.393,0.057,0.000,0.015,0.068,0.000,10.552,0.062,10.436,0.055,8120,15600,,2.00,2,0,8224x5140,L,2
6250,16.828,1.022,0.379,0.048,0.000,0.014,0.082,0.000,11.535,0.070,11.415,0.051,8120,15600,,2.00,2,0,8224x5140,L,2
6251,16.474,1.388,0.435,0.055,0.000,0.018,0.069,0.000,11.658,0.083,11.516,0.059,8120,15600,,2.00,2,0,8224x5140,L,2
6252,16.902,1.223,0.415,0.047,0.000,0.016,0.101,0.000,11.618,0.063,11.500,0.056,8120,15600,,2.00,2,0,8224x5140,L,2
6253,16.584,1.425,0.455,0.054,0.000,0.017,0.090,0.000,11.931,0.083,11.794,0.054,8120,15600,,2.00,2,0,8224x5140,L,2
6254,16.571,1.298,0.472,0.082,0.000,0.024,0.075,0.000,13.371,0.084,13.234,0.052,8120,15600,,2.00,2,0,8224x5140,L,2
6255,16.574,1.128,0.447,0.079,0.000,0.021,0.092,0.000,13.162,0.059,13.043,0.059,8120,15600,,2.00,2,0,8224x5140,L,2
6256,17.135,1.366,0.520,0.070,0.000,0.019,0.138,0.000,13.617,0.090,13.468,0.059,8120,15600,,2.00,2,0,8224x5140,L,2
6257,17.267,1.694,0.645,0.135,0.000,0.049,0.116,0.000,13.924,0.030,13.837,0.057,8120,15600,,2.00,2,0,8224x5140,L,2
6258,17.429,1.734,0.645,0.165,0.000,0.045,0.148,0.000,13.968,0.021,13.890,0.057,8120,15600,,2.00,2,0,8224x5140,L,2
6259,17.865,2.038,0.771,0.172,0.000,0.056,0.170,0.000,13.966,0.022,13.888,0.056,8120,15600,,2.00,2,0,8224x5140,L,2
6260,18.989,3.888,0.803,0.171,0.000,0.058,0.266,0.000,14.125,0.027,14.039,0.058,8120,15600,,2.00,2,0,8224x5140,L,2
6261,18.313,1.957,0.811,0.153,0.000,0.057,0.081,0.000,14.393,0.025,14.310,0.058,8120,15600,,2.00,2,0,8224x5140,L,2
6262,17.627,0.999,0.389,0.068,0.000,0.018,0.049,0.000,14.661,0.099,14.510,0.052,8120,15600,,2.00,2,0,8224x5140,L,2
6263,24.939,0.752,0.278,0.039,0.000,0.011,0.045,0.000,13.568,0.079,13.438,0.051,8120,15600,,2.00,2,0,8224x5140,L,2
6264,16.635,0.735,0.278,0.037,0.000,0.011,0.048,0.000,13.620,0.078,13.480,0.062,8120,15600,,2.00,2,0,8224x5140,L,2
6265,16.753,0.759,0.281,0.045,0.000,0.011,0.077,0.000,13.749,0.092,13.595,0.062,8120,15600,,2.00,2,0,8224x5140,L,2
6266,16.655,0.781,0.298,0.045,0.000,0.014,0.052,0.000,13.394,0.023,13.310,0.061,8120,15600,,2.00,2,0,8224x5140,L,2
6267,16.648,0.798,0.275,0.048,0.000,0.013,0.058,0.000,13.192,0.071,13.069,0.052,8120,15600,,2.00,2,0,8224x5140,L,2
6268,16.628,0.746,0.300,0.032,0.000,0.012,0.057,0.000,13.237,0.094,13.087,0.056,8120,15600,,2.00,2,0,8224x5140,L,2
6269,16.825,1.018,0.294,0.038,0.000,0.014,0.066,0.000,12.855,0.068,12.737,0.050,8120,15600,,2.00,2,0,8224x5140,L,2
6270,16.673,0.799,0.302,0.064,0.000,0.017,0.066,0.000,12.858,0.079,12.729,0.050,8120,15600,,2.00,2,0,8224x5140,L,2
6271,16.445,0.756,0.284,0.069,0.000,0.018,0.054,0.000,12.700,0.074,12.576,0.049,8120,15600,,2.00,2,0,8224x5140,L,2
6272,16.689,0.732,0.281,0.059,0.000,0.012,0.060,0.000,12.637,0.084,12.504,0.049,8120,15600,,2.00,2,0,8224x5140,L,2
6273,16.678,0.867,0.284,0.051,0.000,0.013,0.078,0.000,12.640,0.078,12.513,0.049,8120,15600,,2.00,2,0,8224x5140,L,2
6274,16.601,0.737,0.289,0.035,0.000,0.012,0.047,0.000,12.635,0.077,12.508,0.049,8120,15600,,2.00,2,0,8224x5140,L,2
6275,16.670,0.732,0.280,0.033,0.000,0.010,0.050,0.000,12.398,0.070,12.279,0.049,8120,15600,,2.00,2,0,8224x5140,L,2
6276,16.842,0.714,0.295,0.038,0.000,0.012,0.050,0.000,12.469,0.072,12.349,0.048,8120,15600,,2.00,2,0,8224x5140,L,2
6277,16.535,0.726,0.284,0.038,0.000,0.011,0.047,0.000,12.414,0.085,12.280,0.050,8120,15600,,2.00,2,0,8224x5140,L,2
6278,16.587,0.988,0.277,0.045,0.000,0.012,0.052,0.000,12.388,0.070,12.268,0.050,8120,15600,,2.00,2,0,8224x5140,L,2
6279,16.724,0.699,0.326,0.035,0.000,0.010,0.065,0.000,12.418,0.068,12.293,0.057,8120,15600,,2.00,2,0,8224x5140,L,2
6280,16.911,0.984,0.358,0.053,0.000,0.018,0.065,0.000,12.198,0.074,12.068,0.055,8120,15600,,2.00,2,0,8224x5140,L,2
6281,16.618,0.847,0.287,0.046,0.000,0.014,0.054,0.000,12.230,0.087,12.088,0.056,8120,15600,,2.00,2,0,8224x5140,L,2
6282,16.385,0.882,0.298,0.037,0.000,0.012,0.042,0.000,12.237,0.069,12.117,0.051,8120,15600,,2.00,2,0,8224x5140,L,2
6283,16.950,0.759,0.269,0.034,0.000,0.012,0.057,0.000,12.158,0.076,12.032,0.050,8120,15600,,2.00,2,0,8224x5140,L,2
6284,16.526,0.969,0.319,0.058,0.000,0.015,0.041,0.000,12.225,0.074,12.099,0.052,8120,15600,,2.00,2,0,8224x5140,L,2
6285,16.650,0.822,0.284,0.039,0.000,0.012,0.058,0.000,12.439,0.081,12.306,0.053,8120,15600,,2.00,2,0,8224x5140,L,2
6286,16.484,0.927,0.306,0.037,0.000,0.013,0.041,0.000,12.484,0.076,12.346,0.062,8120,15600,,2.00,2,0,8224x5140,L,2
6287,16.750,0.814,0.281,0.030,0.000,0.010,0.045,0.000,12.466,0.088,12.318,0.060,8120,15600,,2.00,2,0,8224x5140,L,2
6288,16.711,0.775,0.272,0.030,0.000,0.010,0.049,0.000,12.436,0.079,12.302,0.055,8120,15600,,2.00,2,0,8224x5140,L,2
6289,16.664,0.754,0.275,0.029,0.000,0.009,0.070,0.000,12.451,0.087,12.306,0.059,8120,15600,,2.00,2,0,8224x5140,L,2
6290,16.585,0.926,0.316,0.040,0.000,0.029,0.068,0.000,12.740,0.079,12.599,0.062,8120,15600,,2.00,2,0,8224x5140,L,2
6291,16.674,0.935,0.384,0.039,0.000,0.013,0.059,0.000,12.745,0.090,12.603,0.052,8120,15600,,2.00,2,0,8224x5140,L,2
6292,16.718,0.928,0.333,0.033,0.000,0.011,0.067,0.000,12.736,0.093,12.586,0.057,8120,15600,,2.00,2,0,8224x5140,L,2
6293,16.558,1.032,0.418,0.043,0.000,0.015,0.050,0.000,13.070,0.091,12.921,0.058,8120,15600,,2.00,2,0,8224x5140,L,2
6294,16.878,0.999,0.436,0.041,0.000,0.015,0.066,0.000,12.894,0.050,12.790,0.054,8120,15600,,2.00,2,0,8224x5140,L,2
6295,16.448,0.999,0.391,0.049,0.000,0.015,0.074,0.000,12.950,0.080,12.811,0.059,8120,15600,,2.00,2,0,8224x5140,L,2
6296,16.766,1.072,0.390,0.044,0.000,0.014,0.067,0.000,12.948,0.061,12.835,0.053,8120,15600,,2.00,2,0,8224x5140,L,2
6297,16.573,1.195,0.449,0.049,0.000,0.014,0.059,0.000,13.258,0.092,13.110,0.056,8120,15600,,2.00,2,0,8224x5140,L,2
6298,16.715,1.144,0.448,0.047,0.000,0.014,0.070,0.000,13.129,0.053,13.019,0.056,8120,15600,,2.00,2,0,8224x5140,L,2
6299,16.746,1.283,0.424,0.044,0.000,0.019,0.111,0.000,13.199,0.081,13.059,0.059,8120,15600,,2.00,2,0,8224x5140,L,2
6300,16.614,1.438,0.472,0.051,0.000,0.017,0.079,0.000,13.200,0.074,13.073,0.053,8120,15600,,2.00,2,0,8224x5140,L,2
6301,16.612,1.366,0.506,0.063,0.000,0.019,0.073,0.000,13.449,0.083,13.307,0.059,8120,15600,,2.00,2,0,8224x5140,L,2
6302,16.800,1.387,0.514,0.065,0.000,0.021,0.106,0.000,13.215,0.064,13.098,0.053,8120,15600,,2.00,2,0,8224x5140,L,2
6303,16.556,1.369,0.525,0.074,0.000,0.022,0.092,0.000,13.288,0.096,13.137,0.055,8120,15600,,2.00,2,0,8224x5140,L,2
6304,16.658,1.366,0.516,0.065,0.000,0.023,0.095,0.000,12.988,0.021,12.915,0.052,8120,15600,,2.00,2,0,8224x5140,L,2
6305,17.344,1.356,0.558,0.056,0.000,0.027,0.236,0.000,12.962,0.092,12.811,0.059,8120,15600,,2.00,2,0,8224x5140,L,2
6306,15.877,1.848,0.723,0.178,0.000,0.057,0.083,0.000,12.875,0.025,12.799,0.052,8120,15600,,2.00,2,0,8224x5140,L,2
6307,16.796,1.148,0.498,0.080,0.000,0.028,0.086,0.000,12.695,0.054,12.590,0.052,8120,15600,,2.00,2,0,8224x5140,L,2
6308,16.270,1.141,0.444,0.061,0.000,0.023,0.069,0.000,11.983,0.093,11.838,0.052,8120,15600,,2.00,2,0,8224x5140,L,2
6309,16.421,0.991,0.410,0.045,0.000,0.014,0.064,0.000,11.755,0.093,11.608,0.054,8120,15600,,2.00,2,0,8224x5140,L,2
6310,16.559,0.970,0.392,0.051,0.000,0.013,0.085,0.000,11.793,0.103,11.638,0.053,8120,15600,,2.00,2,0,8224x5140,L,2
6311,16.593,1.020,0.408,0.054,0.000,0.019,0.079,0.000,11.715,0.085,11.578,0.052,8120,15600,,2.00,2,0,8224x5140,L,2
6312,16.166,0.924,0.368,0.052,0.000,0.016,0.063,0.000,11.667,0.087,11.533,0.048,8120,15600,,2.00,2,0,8224x5140,L,2
6313,16.734,0.773,0.327,0.060,0.000,0.015,0.087,0.000,11.576,0.061,11.466,0.049,8120,15600,,2.00,2,0,8224x5140,L,2
6314,16.333,0.791,0.326,0.076,0.000,0.027,0.085,0.000,11.614,0.067,11.496,0.051,8120,15600,,2.00,2,0,8224x5140,L,2
6315,16.401,0.878,0.318,0.069,0.000,0.018,0.063,0.000,11.471,0.069,11.353,0.048,8120,15600,,2.00,2,0,8224x5140,L,2
6316,16.406,0.853,0.316,0.063,0.000,0.016,0.061,0.000,11.556,0.058,11.440,0.058,8120,15600,,2.00,2,0,8224x5140,L,2
6317,16.760,0.974,0.307,0.056,0.000,0.022,0.072,0.000,11.534,0.072,11.415,0.047,8120,15600,,2.00,2,0,8224x5140,L,2
6318,14.040,0.842,0.293,0.065,0.000,0.018,0.056,0.000,11.540,0.069,11.425,0.047,8120,15600,,2.00,2,0,8224x5140,L,2
6319,18.943,0.819,0.286,0.050,0.000,0.016,0.051,0.000,11.120,0.073,10.994,0.053,8120,15600,,2.00,2,0,8224x5140,L,2
6320,16.523,0.792,0.299,0.045,0.000,0.014,0.059,0.000,11.148,0.074,11.024,0.050,8120,15600,,2.00,2,0,8224x5140,L,2
6321,16.518,0.775,0.282,0.039,0.000,0.013,0.066,0.000,11.164,0.060,11.048,0.056,8120,15600,,2.00,2,0,8224x5140,L,2
6322,16.667,0.968,0.301,0.054,0.000,0.015,0.048,0.000,11.101,0.068,10.981,0.053,8120,15600,,2.00,2,0,8224x5140,L,2
6323,16.448,0.801,0.305,0.048,0.000,0.015,0.071,0.000,11.142,0.065,11.026,0.051,8120,15600,drag_start,2.00,2,1,8224x5140,L,2
6324,16.597,0.833,0.291,0.039,0.000,0.012,0.051,0.000,11.044,0.074,10.921,0.049,8120,15600,,2.00,2,1,8224x5140,L,2
6325,16.601,0.794,0.285,0.036,0.000,0.013,0.058,0.000,11.052,0.062,10.943,0.046,8120,15600,,2.00,2,1,8224x5140,L,2
6326,16.610,0.914,0.360,0.063,0.000,0.019,0.062,0.000,11.235,0.072,11.114,0.049,8120,15600,,2.00,2,1,8224x5140,L,2
6327,16.747,0.880,0.351,0.069,0.000,0.023,0.079,0.000,10.338,0.068,10.224,0.046,8120,15600,,2.00,2,1,8224x5140,L,2
6328,16.762,1.014,0.296,0.066,0.000,0.018,0.068,0.000,10.379,0.059,10.264,0.056,8120,15600,,2.00,2,1,8224x5140,L,2
6329,16.525,0.997,0.321,0.053,0.000,0.015,0.078,0.000,10.379,0.063,10.268,0.048,8120,15600,,2.00,2,1,8224x5140,L,2
6330,16.546,1.099,0.329,0.071,0.000,0.019,0.063,0.000,10.343,0.055,10.241,0.047,8120,15600,,2.00,2,1,8224x5140,L,2
6331,16.706,0.846,0.315,0.060,0.000,0.019,0.069,0.000,10.362,0.058,10.252,0.051,8120,15600,,2.00,2,1,8224x5140,L,2
6332,16.510,0.993,0.306,0.070,0.000,0.018,0.065,0.000,10.183,0.058,10.079,0.047,8120,15600,,2.00,2,1,8224x5140,L,2
6333,16.737,0.863,0.301,0.057,0.000,0.016,0.068,0.000,10.187,0.066,10.076,0.045,8120,15600,,2.00,2,1,8224x5140,L,2
6334,16.657,0.980,0.331,0.069,0.000,0.021,0.074,0.000,10.189,0.051,10.092,0.046,8120,15600,,2.00,2,1,8224x5140,L,2
6335,16.670,0.991,0.324,0.073,0.000,0.021,0.074,0.000,10.022,0.059,9.916,0.046,8120,15600,,2.00,2,1,8224x5140,L,2
6336,16.573,0.991,0.310,0.074,0.000,0.020,0.071,0.000,10.022,0.059,9.919,0.044,8120,15600,,2.00,2,1,8224x5140,L,2
6337,16.597,0.878,0.325,0.066,0.000,0.019,0.064,0.000,10.186,0.062,10.078,0.046,8120,15600,,2.00,2,1,8224x5140,L,2
6338,16.693,0.827,0.297,0.061,0.000,0.018,0.060,0.000,10.190,0.062,10.079,0.049,8120,15600,,2.00,2,1,8224x5140,L,2
6339,16.729,0.780,0.305,0.055,0.000,0.016,0.065,0.000,10.186,0.056,10.083,0.046,8120,15600,,2.00,2,1,8224x5140,L,2
6340,16.576,0.948,0.323,0.069,0.000,0.021,0.067,0.000,10.184,0.054,10.085,0.045,8120,15600,,2.00,2,1,8224x5140,L,2
6341,16.701,0.963,0.305,0.065,0.000,0.020,0.065,0.000,10.331,0.065,10.219,0.047,8120,15600,,2.00,2,1,8224x5140,L,2
6342,16.522,0.835,0.332,0.066,0.000,0.019,0.061,0.000,10.334,0.057,10.230,0.047,8120,15600,,2.00,2,1,8224x5140,L,2
6343,16.744,0.768,0.297,0.056,0.000,0.016,0.060,0.000,10.321,0.065,10.209,0.047,8120,15600,,2.00,2,1,8224x5140,L,2
6344,16.699,0.995,0.317,0.069,0.000,0.018,0.065,0.000,10.327,0.067,10.213,0.047,8120,15600,,2.00,2,1,8224x5140,L,2
6345,16.561,0.862,0.317,0.063,0.000,0.020,0.061,0.000,10.334,0.060,10.227,0.047,8120,15600,,2.00,2,1,8224x5140,L,2
6346,16.778,0.782,0.325,0.058,0.000,0.016,0.064,0.000,10.328,0.063,10.218,0.047,8120,15600,,2.00,2,1,8224x5140,L,2
6347,16.633,0.744,0.303,0.055,0.000,0.018,0.070,0.000,10.345,0.063,10.234,0.047,8120,15600,,2.00,2,1,8224x5140,L,2
6348,16.527,0.873,0.333,0.063,0.000,0.017,0.061,0.000,10.335,0.058,10.231,0.046,8120,15600,,2.00,2,1,8224x5140,L,2
6349,16.651,0.780,0.327,0.056,0.000,0.017,0.061,0.000,10.481,0.077,10.357,0.047,8120,15600,,2.00,2,1,8224x5140,L,2
6350,16.570,0.744,0.292,0.059,0.000,0.015,0.077,0.000,10.835,0.075,10.714,0.046,8120,15600,,2.00,2,1,8224x5140,L,2
6351,16.617,0.901,0.309,0.065,0.000,0.019,0.127,0.000,11.016,0.060,10.909,0.047,8120,15600,,2.00,2,1,8224x5140,L,2
6352,16.323,0.801,0.342,0.069,0.000,0.022,0.064,0.000,11.400,0.065,11.287,0.048,8120,15600,,2.00,2,1,8224x5140,L,2
6353,16.503,0.836,0.324,0.061,0.000,0.017,0.062,0.000,11.735,0.080,11.607,0.048,8120,15600,,2.00,2,1,8224x5140,L,2
6354,16.570,0.807,0.315,0.067,0.000,0.019,0.076,0.000,11.735,0.085,11.601,0.050,8120,15600,,2.00,2,1,8224x5140,L,2
6355,17.686,0.946,0.320,0.068,0.000,0.020,0.055,0.000,14.714,0.061,14.605,0.047,8120,15600,,2.00,2,1,8224x5140,L,2
6356,15.080,0.958,0.304,0.063,0.000,0.016,0.059,0.000,11.934,0.067,11.817,0.049,8120,15600,,2.00,2,1,8224x5140,L,2
6357,16.768,0.774,0.325,0.061,0.000,0.016,0.054,0.000,12.112,0.064,11.996,0.052,8120,15600,,2.00,2,1,8224x5140,L,2
6358,16.429,0.787,0.299,0.058,0.000,0.016,0.089,0.000,12.296,0.085,12.159,0.052,8120,15600,,2.00,2,1,8224x5140,L,2
6359,16.380,0.988,0.314,0.067,0.000,0.019,0.055,0.000,12.365,0.072,12.235,0.058,8120,15600,,2.00,2,1,8224x5140,L,2
6360,16.490,0.968,0.283,0.045,0.000,0.013,0.052,0.000,12.969,0.064,12.850,0.055,8120,15600,,2.00,2,1,8224x5140,L,2
6361,16.538,0.811,0.294,0.043,0.000,0.012,0.047,0.000,13.244,0.085,13.100,0.059,8120,15600,,2.00,2,1,8224x5140,L,2
6362,18.482,0.786,0.284,0.041,0.000,0.012,0.042,0.000,13.731,0.037,13.248,0.447,8120,15600,,2.00,2,1,8224x5140,L,2
6363,14.985,0.764,0.291,0.038,0.000,0.010,0.037,0.000,13.031,0.067,12.862,0.102,8120,15600,,2.00,2,1,8224x5140,L,2
6364,16.380,0.747,0.270,0.037,0.000,0.010,0.072,0.000,12.560,0.070,12.437,0.052,8120,15600,,2.00,2,1,8224x5140,L,2
6365,16.390,0.816,0.290,0.054,0.000,0.015,0.049,0.000,12.057,0.074,11.933,0.050,8120,15600,,2.00,2,1,8224x5140,L,2
6366,16.761,0.775,0.323,0.037,0.000,0.011,0.091,0.000,11.698,0.060,11.590,0.048,8120,15600,,2.00,2,1,8224x5140,L,2
6367,16.466,0.889,0.301,0.062,0.000,0.017,0.056,0.000,11.718,0.070,11.599,0.049,8120,15600,,2.00,2,1,8224x5140,L,2
6368,16.741,0.913,0.300,0.043,0.000,0.012,0.050,0.000,11.794,0.064,11.678,0.052,8120,15600,,2.00,2,1,8224x5140,L,2
6369,16.575,0.838,0.301,0.037,0.000,0.011,0.070,0.000,11.880,0.073,11.749,0.058,8120,15600,,2.00,2,1,8224x5140,L,2
6370,16.548,0.981,0.287,0.046,0.000,0.014,0.050,0.000,11.868,0.069,11.745,0.054,8120,15600,,2.00,2,1,8224x5140,L,2
6371,16.464,0.972,0.279,0.034,0.000,0.012,0.061,0.000,11.819,0.067,11.696,0.055,8120,15600,,2.00,2,1,8224x5140,L,2
6372,16.611,0.852,0.304,0.033,0.000,0.012,0.039,0.000,11.873,0.083,11.732,0.059,8120,15600,,2.00,2,1,8224x5140,L,2
6373,16.599,0.791,0.294,0.030,0.000,0.010,0.071,0.000,11.863,0.074,11.739,0.050,8120,15600,,2.00,2,1,8224x5140,L,2
6374,16.711,0.874,0.306,0.040,0.000,0.014,0.068,0.000,12.059,0.077,11.930,0.053,8120,15600,,2.00,2,1,8224x5140,L,2
6375,16.425,0.980,0.330,0.060,0.000,0.018,0.059,0.000,12.050,0.084,11.916,0.050,8120,15600,,2.00,2,1,8224x5140,L,2
6376,16.496,0.857,0.322,0.065,0.000,0.018,0.069,0.000,11.809,0.079,11.680,0.050,8120,15600,,2.00,2,1,8224x5140,L,2
6377,16.553,0.784,0.308,0.059,0.000,0.017,0.057,0.000,12.044,0.082,11.912,0.050,8120,15600,,2.00,2,1,8224x5140,L,2
6378,16.470,0.880,0.303,0.065,0.000,0.019,0.060,0.000,12.045,0.073,11.921,0.051,8120,15600,,2.00,2,1,8224x5140,L,2
6379,16.588,0.829,0.309,0.064,0.000,0.018,0.070,0.000,12.283,0.073,12.160,0.050,8120,15600,,2.00,2,1,8224x5140,L,2
6380,16.577,0.838,0.323,0.058,0.000,0.017,0.099,0.000,12.286,0.076,12.160,0.049,8120,15600,,2.00,2,1,8224x5140,L,2
6381,16.427,0.800,0.303,0.055,0.000,0.015,0.051,0.000,12.520,0.084,12.387,0.050,8120,15600,,2.00,2,1,8224x5140,L,2
6382,16.527,0.776,0.363,0.058,0.000,0.015,0.061,0.000,12.770,0.083,12.637,0.050,8120,15600,,2.00,2,1,8224x5140,L,2
6383,16.526,0.774,0.317,0.053,0.000,0.017,0.056,0.000,13.150,0.080,13.021,0.050,8120,15600,,2.00,2,1,8224x5140,L,2
6384,16.564,0.771,0.301,0.052,0.000,0.013,0.055,0.000,13.151,0.088,13.011,0.052,8120,15600,,2.00,2,1,8224x5140,L,2
6385,18.552,0.775,0.328,0.055,0.000,0.024,0.054,0.000,15.410,0.082,15.233,0.096,8120,15600,,2.00,2,1,8224x5140,L,2
6386,17.380,0.774,0.291,0.055,0.000,0.014,0.052,0.000,15.358,0.056,15.212,0.090,8120,15600,,2.00,2,1,8224x5140,L,2
6387,17.105,1.526,0.324,0.055,0.000,0.016,0.064,0.000,14.810,0.080,14.679,0.052,8120,15600,,2.00,2,1,8224x5140,L,2
6388,18.724,0.928,0.321,0.066,0.000,0.016,0.062,0.000,15.906,0.023,15.830,0.053,8120,15600,,2.00,2,1,8224x5140,L,2
6389,19.868,0.846,0.306,0.064,0.000,0.016,0.069,0.000,16.934,0.068,16.812,0.053,8120,15600,,2.00,2,1,8224x5140,L,2
6390,20.074,0.979,0.351,0.077,0.000,0.022,0.071,0.000,17.701,0.098,17.548,0.055,8120,15600,,2.00,2,1,8224x5140,L,2
6391,21.064,0.972,0.308,0.072,0.000,0.018,0.080,0.000,18.327,0.028,18.240,0.059,8120,15600,,2.00,2,1,8224x5140,L,2
6392,22.231,1.062,0.338,0.067,0.000,0.016,0.063,0.000,20.154,0.028,20.067,0.059,8120,15600,,2.00,2,1,8224x5140,L,2
6393,26.358,1.852,0.307,0.053,0.000,0.018,0.053,0.000,23.384,0.096,23.229,0.059,8120,15600,,2.00,2,1,8224x5140,L,2
6394,23.132,0.881,0.316,0.046,0.000,0.012,0.054,0.000,21.212,0.105,21.049,0.057,8120,15600,,2.00,2,1,8224x5140,L,2
6395,26.367,1.690,0.306,0.047,0.000,0.012,0.083,0.000,23.621,0.079,23.483,0.059,8120,15600,,2.00,2,1,8224x5140,L,2
6396,23.366,1.024,0.324,0.050,0.000,0.013,0.059,0.000,21.203,0.079,21.067,0.057,8120,15600,,2.00,2,1,8224x5140,L,2
6397,26.366,1.753,0.314,0.045,0.000,0.013,0.064,0.000,23.406,0.028,23.320,0.058,8120,15600,,2.00,2,1,8224x5140,L,2
6398,23.194,0.898,0.320,0.048,0.000,0.013,0.063,0.000,20.221,0.029,20.129,0.062,8120,15600,,2.00,2,1,8224x5140,L,2
6399,23.920,1.700,0.348,0.048,0.000,0.012,0.062,0.000,21.293,0.028,21.203,0.061,8120,15600,,2.00,2,1,8224x5140,L,2
6400,22.104,0.849,0.321,0.049,0.000,0.012,0.074,0.000,19.070,0.085,18.921,0.064,8120,15600,,2.00,2,1,8224x5140,L,2
6401,21.249,1.108,0.332,0.058,0.000,0.015,0.056,0.000,19.089,0.103,18.927,0.059,8120,15600,,2.00,2,1,8224x5140,L,2
6402,28.467,1.667,0.290,0.048,0.000,0.013,0.062,0.000,25.364,0.023,25.271,0.070,8120,15600,,2.00,2,1,8224x5140,L,2
6403,21.071,1.005,0.314,0.053,0.000,0.015,0.083,0.000,19.070,0.029,18.984,0.057,8120,15600,,2.00,2,1,8224x5140,L,2
6404,21.887,1.846,0.311,0.056,0.000,0.015,0.063,0.000,19.097,0.064,18.954,0.078,8120,15600,,2.00,2,1,8224x5140,L,2
6405,21.062,1.053,0.332,0.047,0.000,0.013,0.073,0.000,19.037,0.028,18.950,0.059,8120,15600,,2.00,2,1,8224x5140,L,2
6406,22.022,0.835,0.304,0.041,0.000,0.012,0.053,0.000,19.036,0.088,18.886,0.061,8120,15600,,2.00,2,1,8224x5140,L,2
6407,20.623,1.748,0.297,0.059,0.000,0.015,0.074,0.000,18.633,0.028,18.547,0.057,8120,15600,,2.00,2,1,8224x5140,L,2
6408,22.097,0.871,0.310,0.050,0.000,0.012,0.065,0.000,19.091,0.028,19.006,0.057,8120,15600,,2.00,2,1,8224x5140,L,2
6409,23.020,0.842,0.340,0.060,0.000,0.014,0.057,0.000,18.401,0.029,18.313,0.059,8120,15600,,2.00,2,1,8224x5140,L,2
6410,18.115,1.609,0.286,0.046,0.000,0.012,0.066,0.000,15.887,0.093,15.737,0.057,8120,15600,,2.00,2,1,8224x5140,L,2
6411,18.673,0.985,0.295,0.041,0.000,0.013,0.050,0.000,16.561,0.084,16.424,0.053,8120,15600,,2.00,2,1,8224x5140,L,2
6412,17.482,0.902,0.288,0.039,0.000,0.012,0.045,0.000,15.412,0.097,15.252,0.063,8120,15600,,2.00,2,1,8224x5140,L,2
6413,28.915,0.828,0.340,0.044,0.000,0.013,0.045,0.000,15.202,0.100,15.048,0.054,8120,15600,,2.00,2,1,8224x5140,L,2
6414,16.400,1.628,0.285,0.035,0.000,0.010,0.073,0.000,13.245,0.083,13.095,0.068,8120,15600,,2.00,2,1,8224x5140,L,2
6415,25.152,0.942,0.291,0.040,0.000,0.014,0.073,0.000,13.555,0.041,13.465,0.049,8120,15600,,2.00,2,1,8224x5140,L,2
6416,16.595,0.958,0.312,0.037,0.000,0.013,0.065,0.000,11.566,0.094,11.421,0.051,8120,15600,,2.00,2,1,8224x5140,L,2
6417,16.424,0.943,0.310,0.043,0.000,0.013,0.054,0.000,12.812,0.074,12.674,0.063,8120,15600,,2.00,2,1,8224x5140,L,2
6418,16.773,0.991,0.344,0.044,0.000,0.012,0.067,0.000,11.784,0.080,11.647,0.056,8120,15600,,2.00,2,1,8224x5140,L,2
6419,16.483,1.211,0.367,0.050,0.000,0.016,0.061,0.000,11.552,0.072,11.424,0.056,8120,15600,,2.00,2,1,8224x5140,L,2
6420,16.623,1.031,0.340,0.042,0.000,0.013,0.092,0.000,11.183,0.072,11.057,0.054,8120,15600,,2.00,2,1,8224x5140,L,2
6421,16.604,1.204,0.383,0.042,0.000,0.013,0.070,0.000,11.227,0.071,11.103,0.054,8120,15600,,2.00,2,1,8224x5140,L,2
6422,16.571,1.321,0.377,0.044,0.000,0.014,0.066,0.000,11.239,0.073,11.111,0.056,8120,15600,,2.00,2,1,8224x5140,L,2
6423,16.588,1.159,0.391,0.042,0.000,0.013,0.054,0.000,11.220,0.072,11.092,0.057,8120,15600,,2.00,2,1,8224x5140,L,2
6424,16.609,1.145,0.380,0.046,0.000,0.015,0.080,0.000,10.868,0.081,10.737,0.050,8120,15600,,2.00,2,1,8224x5140,L,2
6425,16.520,1.372,0.400,0.052,0.000,0.018,0.084,0.000,10.681,0.075,10.560,0.046,8120,15600,,2.00,2,1,8224x5140,L,2
6426,15.592,1.112,0.420,0.041,0.000,0.013,0.067,0.000,10.503,0.078,10.380,0.045,8120,15600,,2.00,2,1,8224x5140,L,2
6427,16.624,1.429,0.465,0.049,0.000,0.016,0.068,0.000,10.332,0.079,10.204,0.049,8120,15600,,2.00,2,1,8224x5140,L,2
6428,16.493,1.405,0.434,0.050,0.000,0.024,0.068,0.000,10.151,0.079,10.023,0.048,8120,15600,,2.00,2,1,8224x5140,L,2
6429,16.641,1.265,0.430,0.051,0.000,0.016,0.065,0.000,10.017,0.075,9.895,0.047,8120,15600,,2.00,2,1,8224x5140,L,2
6430,16.686,1.327,0.440,0.046,0.000,0.015,0.093,0.000,10.015,0.073,9.894,0.048,8120,15600,,2.00,2,1,8224x5140,L,2
6431,16.535,1.494,0.417,0.045,0.000,0.020,0.077,0.000,10.025,0.087,9.891,0.046,8120,15600,,2.00,2,1,8224x5140,L,2
6432,16.400,1.091,0.413,0.061,0.000,0.020,0.109,0.000,10.000,0.073,9.882,0.044,8120,15600,,2.00,2,1,8224x5140,L,2
6433,16.479,1.309,0.387,0.051,0.000,0.016,0.066,0.000,9.883,0.060,9.775,0.048,8120,15600,,2.00,2,1,8224x5140,L,2
6434,16.579,1.231,0.362,0.046,0.000,0.014,0.082,0.000,9.888,0.064,9.776,0.048,8120,15600,,2.00,2,1,8224x5140,L,2
6435,16.553,1.297,0.464,0.043,0.000,0.019,0.071,0.000,9.034,0.054,8.934,0.046,8120,15600,,2.00,2,1,8224x5140,L,2
6436,16.754,1.275,0.423,0.046,0.000,0.018,0.076,0.000,8.925,0.056,8.822,0.047,8120,15600,,2.00,2,1,8224x5140,L,2
6437,17.993,1.616,0.499,0.059,0.000,0.018,0.207,0.000,9.461,0.064,9.350,0.047,8120,15600,,2.00,2,1,8224x5140,L,2
6438,16.670,1.659,0.605,0.129,0.000,0.044,0.234,0.000,8.996,0.016,8.936,0.044,8120,15600,,2.00,2,1,8224x5140,L,2
6439,16.320,1.896,0.630,0.126,0.000,0.040,0.200,0.000,8.654,0.020,8.589,0.045,8120,15600,,2.00,2,1,8224x5140,L,2
6440,15.624,1.831,0.621,0.132,0.000,0.040,0.087,0.000,8.538,0.024,8.470,0.044,8120,15600,,2.00,2,1,8224x5140,L,2
6441,16.399,1.118,0.382,0.066,0.000,0.016,0.058,0.000,8.673,0.069,8.559,0.045,8120,15600,,2.00,2,1,8224x5140,L,2
6442,16.764,0.826,0.316,0.064,0.000,0.017,0.063,0.000,8.645,0.053,8.548,0.044,8120,15600,,2.00,2,1,8224x5140,L,2
6443,16.398,1.020,0.343,0.069,0.000,0.016,0.048,0.000,8.648,0.057,8.547,0.044,8120,15600,,2.00,2,1,8224x5140,L,2
6444,16.625,0.851,0.286,0.043,0.000,0.012,0.049,0.000,8.643,0.049,8.550,0.044,8120,15600,,2.00,2,1,8224x5140,L,2
6445,16.688,0.776,0.279,0.038,0.000,0.010,0.069,0.000,8.637,0.057,8.536,0.044,8120,15600,,2.00,2,1,8224x5140,L,2
6446,16.670,0.942,0.294,0.040,0.000,0.012,0.043,0.000,8.642,0.049,8.546,0.047,8120,15600,,2.00,2,1,8224x5140,L,2
6447,16.867,0.782,0.312,0.047,0.000,0.018,0.066,0.000,8.646,0.050,8.552,0.044,8120,15600,,2.00,2,1,8224x5140,L,2
6448,16.629,0.947,0.324,0.075,0.000,0.022,0.102,0.000,8.647,0.061,8.542,0.044,8120,15600,,2.00,2,1,8224x5140,L,2
6449,16.633,0.939,0.321,0.074,0.000,0.022,0.065,0.000,8.646,0.055,8.547,0.044,8120,15600,,2.00,2,1,8224x5140,L,2
6450,16.652,0.847,0.308,0.054,0.000,0.013,0.073,0.000,8.651,0.056,8.551,0.044,8120,15600,,2.00,2,1,8224x5140,L,2
6451,16.538,1.006,0.294,0.062,0.000,0.018,0.063,0.000,8.647,0.053,8.550,0.045,8120,15600,,2.00,2,1,8224x5140,L,2
6452,16.752,0.791,0.286,0.045,0.000,0.015,0.059,0.000,8.644,0.055,8.546,0.044,8120,15600,,2.00,2,1,8224x5140,L,2
6453,16.599,0.975,0.312,0.053,0.000,0.015,0.056,0.000,8.644,0.049,8.551,0.044,8120,15600,,2.00,2,1,8224x5140,L,2
6454,16.702,0.892,0.297,0.040,0.000,0.013,0.044,0.000,8.660,0.061,8.552,0.047,8120,15600,,2.00,2,1,8224x5140,L,2
6455,16.683,0.844,0.292,0.035,0.000,0.011,0.047,0.000,8.785,0.060,8.679,0.047,8120,15600,,2.00,2,1,8224x5140,L,2
6456,16.416,0.780,0.303,0.032,0.000,0.010,0.044,0.000,8.897,0.062,8.790,0.045,8120,15600,,2.00,2,1,8224x5140,L,2
6457,16.829,0.758,0.278,0.033,0.000,0.010,0.067,0.000,8.904,0.052,8.808,0.044,8120,15600,,2.00,2,1,8224x5140,L,2
6458,16.317,0.992,0.305,0.054,0.000,0.015,0.060,0.000,9.019,0.056,8.919,0.044,8120,15600,,2.00,2,1,8224x5140,L,2
6459,16.498,0.782,0.287,0.048,0.000,0.014,0.053,0.000,9.155,0.060,9.052,0.044,8120,15600,,2.00,2,1,8224x5140,L,2
6460,16.516,0.820,0.315,0.046,0.000,0.013,0.047,0.000,9.181,0.051,9.086,0.044,8120,15600,,2.00,2,1,8224x5140,L,2
6461,16.837,0.748,0.286,0.037,0.000,0.011,0.074,0.000,9.173,0.056,9.072,0.045,8120,15600,,2.00,2,1,8224x5140,L,2
6462,16.416,0.789,0.289,0.051,0.000,0.015,0.065,0.000,9.217,0.056,9.113,0.048,8120,15600,drag_snap,2.00,2,0,8224x5140,L,2
6463,16.653,0.956,0.281,0.044,0.000,0.015,0.052,0.000,9.131,0.051,9.027,0.053,8120,15600,,2.00,2,0,8224x5140,L,2
6464,16.826,0.844,0.326,0.034,0.000,0.011,0.058,0.000,9.118,0.058,9.015,0.045,8120,15600,,2.00,2,0,8224x5140,L,2
6465,16.475,1.027,0.322,0.054,0.000,0.014,0.044,0.000,9.170,0.054,9.066,0.050,8120,15600,,2.00,2,0,8224x5140,L,2
6466,16.645,0.846,0.281,0.036,0.000,0.011,0.065,0.000,9.317,0.068,9.195,0.054,8120,15600,,2.00,2,0,8224x5140,L,2
6467,16.645,1.006,0.301,0.034,0.000,0.016,0.044,0.000,9.478,0.072,9.351,0.055,8120,15600,,2.00,2,0,8224x5140,L,2
6468,16.699,0.860,0.301,0.042,0.000,0.011,0.055,0.000,9.642,0.062,9.525,0.055,8120,15600,,2.00,2,0,8224x5140,L,2
6469,16.632,0.931,0.323,0.032,0.000,0.010,0.046,0.000,9.785,0.073,9.658,0.054,8120,15600,,2.00,2,0,8224x5140,L,2
6470,16.805,0.903,0.329,0.030,0.000,0.010,0.056,0.000,9.784,0.074,9.659,0.051,8120,15600,,2.00,2,0,8224x5140,L,2
6471,16.644,1.152,0.360,0.038,0.000,0.015,0.073,0.000,9.929,0.073,9.804,0.052,8120,15600,,2.00,2,0,8224x5140,L,2
6472,16.590,1.170,0.392,0.045,0.000,0.015,0.061,0.000,10.088,0.075,9.965,0.048,8120,15600,,2.00,2,0,8224x5140,L,2
6473,16.718,1.143,0.409,0.039,0.000,0.014,0.070,0.000,10.259,0.077,10.128,0.054,8120,15600,,2.00,2,0,8224x5140,L,2
6474,16.685,1.340,0.396,0.039,0.000,0.014,0.068,0.000,10.272,0.069,10.149,0.054,8120,15600,,2.00,2,0,8224x5140,L,2
6475,16.644,1.385,0.429,0.050,0.000,0.016,0.075,0.000,10.282,0.084,10.142,0.056,8120,15600,,2.00,2,0,8224x5140,L,2
6476,16.744,1.312,0.470,0.047,0.000,0.015,0.087,0.000,10.275,0.085,10.140,0.050,8120,15600,,2.00,2,0,8224x5140,L,2
6477,16.648,1.313,0.446,0.051,0.000,0.016,0.090,0.000,10.270,0.095,10.125,0.050,8120,15600,,2.00,2,0,8224x5140,L,2
6478,16.696,1.387,0.429,0.052,0.000,0.016,0.069,0.000,10.285,0.084,10.147,0.054,8120,15600,,2.00,2,0,8224x5140,L,2
6479,16.628,1.386,0.418,0.049,0.000,0.016,0.078,0.000,10.310,0.087,10.170,0.053,8120,15600,,2.00,2,0,8224x5140,L,2
6480,16.919,1.312,0.416,0.049,0.000,0.015,0.111,0.000,10.273,0.073,10.150,0.051,8120,15600,,2.00,2,0,8224x5140,L,2
6481,16.438,1.731,0.510,0.079,0.000,0.025,0.106,0.000,10.323,0.084,10.185,0.053,8120,15600,,2.00,2,0,8224x5140,L,2
6482,16.846,1.767,0.513,0.073,0.000,0.026,0.135,0.000,10.313,0.091,10.168,0.053,8120,15600,,2.00,2,0,8224x5140,L,2
6483,16.190,1.654,0.532,0.085,0.000,0.025,0.085,0.000,10.295,0.086,10.160,0.048,8120,15600,,2.00,2,0,8224x5140,L,2
6484,16.624,1.397,0.395,0.070,0.000,0.024,0.075,0.000,10.295,0.064,10.178,0.053,8120,15600,,2.00,2,0,8224x5140,L,2
6485,16.737,1.221,0.371,0.051,0.000,0.020,0.078,0.000,10.493,0.074,10.367,0.052,8120,15600,,2.00,2,0,8224x5140,L,2
6486,16.684,1.420,0.452,0.063,0.000,0.024,0.072,0.000,10.501,0.074,10.373,0.053,8120,15600,,2.00,2,0,8224x5140,L,2
6487,16.660,1.552,0.431,0.051,0.000,0.022,0.066,0.000,10.712,0.078,10.583,0.051,8120,15600,,2.00,2,0,8224x5140,L,2
6488,16.673,1.328,0.421,0.045,0.000,0.016,0.071,0.000,10.701,0.087,10.563,0.050,8120,15600,,2.00,2,0,8224x5140,L,2
6489,16.706,1.460,0.508,0.052,0.000,0.018,0.078,0.000,10.705,0.080,10.575,0.050,8120,15600,,2.00,2,0,8224x5140,L,2
6490,16.768,1.689,0.539,0.064,0.000,0.026,0.089,0.000,10.708,0.072,10.586,0.050,8120,15600,,2.00,2,0,8224x5140,L,2
6491,16.555,1.882,0.519,0.072,0.069,0.022,0.076,0.000,10.703,0.076,10.576,0.051,8120,15600,,2.00,2,0,8224x5140,L,2
6492,17.950,1.563,0.549,0.063,0.000,0.038,0.279,0.000,10.705,0.086,10.569,0.050,8120,15600,,2.00,2,0,8224x5140,L,2
6493,15.242,1.659,0.512,0.057,0.000,0.021,0.096,0.000,10.724,0.021,10.653,0.050,8120,15600,,2.00,2,0,8224x5140,L,2
6494,18.267,1.668,0.496,0.060,0.000,0.019,0.267,0.000,10.496,0.084,10.358,0.055,8120,15600,,2.00,2,0,8224x5140,L,2
6495,16.358,1.862,0.610,0.138,0.000,0.039,0.246,0.000,10.560,0.021,10.489,0.050,8120,15600,,2.00,2,0,8224x5140,L,2
6496,16.827,1.729,0.630,0.130,0.000,0.038,0.230,0.000,10.364,0.018,10.294,0.052,8120,15600,,2.00,2,0,8224x5140,L,2
6497,15.433,1.646,0.594,0.137,0.000,0.038,0.216,0.000,11.189,0.100,11.040,0.050,8120,15600,,2.00,2,0,8224x5140,L,2
6498,17.187,1.686,0.602,0.133,0.000,0.039,0.214,0.000,10.860,0.023,10.786,0.050,8120,15600,,2.00,2,0,8224x5140,L,2
6499,16.715,1.865,0.503,0.060,0.000,0.020,0.209,0.000,10.414,0.022,10.340,0.053,8120,15600,,2.00,2,0,8224x5140,L,2
6500,15.594,1.649,0.596,0.118,0.000,0.040,0.104,0.000,10.659,0.046,10.559,0.054,8120,15600,,2.00,2,0,8224x5140,L,2
6501,16.249,1.214,0.378,0.077,0.000,0.020,0.064,0.000,10.898,0.094,10.756,0.048,8120,15600,,2.00,2,0,8224x5140,L,2
6502,16.437,0.780,0.306,0.066,0.000,0.020,0.086,0.000,11.309,0.068,11.194,0.047,8120,15600,,2.00,2,0,8224x5140,L,2
6503,16.305,0.891,0.331,0.062,0.000,0.015,0.047,0.000,11.579,0.062,11.467,0.050,8120,15600,,2.00,2,0,8224x5140,L,2
6504,16.529,0.818,0.285,0.045,0.000,0.012,0.042,0.000,11.559,0.071,11.433,0.055,8120,15600,,2.00,2,0,8224x5140,L,2
6505,16.653,0.774,0.291,0.038,0.000,0.010,0.053,0.000,11.558,0.062,11.445,0.051,8120,15600,,2.00,2,0,8224x5140,L,2
6506,16.510,0.992,0.295,0.045,0.000,0.012,0.050,0.000,11.569,0.077,11.443,0.048,8120,15600,,2.00,2,0,8224x5140,L,2
6507,16.623,0.771,0.286,0.036,0.000,0.011,0.063,0.000,11.671,0.066,11.556,0.049,8120,15600,,2.00,2,0,8224x5140,L,2
6508,16.812,0.899,0.358,0.048,0.000,0.013,0.064,0.000,12.158,0.082,12.020,0.055,8120,15600,,2.00,2,0,8224x5140,L,2
6509,16.225,0.833,0.284,0.051,0.000,0.012,0.045,0.000,12.616,0.072,12.495,0.050,8120,15600,,2.00,2,0,8224x5140,L,2
6510,16.641,0.759,0.302,0.058,0.000,0.015,0.070,0.000,13.055,0.075,12.932,0.049,8120,15600,,2.00,2,0,8224x5140,L,2
6511,16.548,0.952,0.339,0.067,0.000,0.017,0.063,0.000,13.450,0.088,13.312,0.050,8120,15600,,2.00,2,0,8224x5140,L,2
6512,16.375,0.836,0.309,0.055,0.000,0.021,0.050,0.000,13.427,0.077,13.296,0.054,8120,15600,,2.00,2,0,8224x5140,L,2
6513,16.494,0.760,0.285,0.046,0.000,0.011,0.052,0.000,13.569,0.069,13.435,0.065,8120,15600,,2.00,2,0,8224x5140,L,2
6514,16.602,0.804,0.320,0.047,0.000,0.012,0.058,0.000,13.591,0.042,13.491,0.058,8120,15600,,2.00,2,0,8224x5140,L,2
6515,16.453,0.998,0.293,0.051,0.000,0.016,0.070,0.000,13.583,0.072,13.456,0.056,8120,15600,,2.00,2,0,8224x5140,L,2
6516,16.655,0.830,0.292,0.037,0.000,0.014,0.044,0.000,13.555,0.077,13.427,0.051,8120,15600,,2.00,2,0,8224x5140,L,2
6517,16.476,0.797,0.279,0.035,0.000,0.011,0.044,0.000,13.812,0.079,13.677,0.056,8120,15600,,2.00,2,0,8224x5140,L,2
6518,16.711,0.740,0.286,0.032,0.000,0.010,0.049,0.000,13.239,0.063,13.108,0.068,8120,15600,,2.00,2,0,8224x5140,L,2
6519,16.550,0.864,0.291,0.038,0.000,0.014,0.070,0.000,13.160,0.075,13.033,0.052,8120,15600,,2.00,2,0,8224x5140,L,2
6520,16.554,0.770,0.318,0.032,0.000,0.011,0.039,0.000,13.260,0.085,13.121,0.054,8120,15600,,2.00,2,0,8224x5140,L,2
6521,16.537,0.749,0.283,0.029,0.000,0.010,0.037,0.000,13.252,0.083,13.115,0.054,8120,15600,,2.00,2,0,8224x5140,L,2
6522,16.724,0.738,0.319,0.033,0.000,0.011,0.072,0.000,13.001,0.081,12.868,0.052,8120,15600,,2.00,2,0,8224x5140,L,2
6523,16.494,0.760,0.303,0.038,0.000,0.012,0.045,0.000,13.034,0.075,12.903,0.055,8120,15600,,2.00,2,0,8224x5140,L,2
6524,16.677,0.791,0.313,0.034,0.000,0.011,0.074,0.000,13.036,0.096,12.884,0.055,8120,15600,,2.00,2,0,8224x5140,L,2
6525,16.477,0.756,0.306,0.044,0.000,0.012,0.057,0.000,13.027,0.062,12.909,0.056,8120,15600,,2.00,2,0,8224x5140,L,2
6526,16.524,0.773,0.288,0.036,0.000,0.010,0.052,0.000,12.979,0.082,12.840,0.058,8120,15600,,2.00,2,0,8224x5140,L,2
6527,16.633,0.731,0.312,0.033,0.000,0.011,0.058,0.000,12.943,0.077,12.798,0.068,8120,15600,,2.00,2,0,8224x5140,L,2
6528,16.502,0.765,0.300,0.030,0.000,0.011,0.041,0.000,12.941,0.059,12.823,0.059,8120,15600,,2.00,2,0,8224x5140,L,2
6529,16.549,0.836,0.295,0.036,0.000,0.018,0.058,0.000,13.111,0.090,12.960,0.061,8120,15600,,2.00,2,0,8224x5140,L,2
6530,15.113,0.831,0.285,0.032,0.000,0.015,0.041,0.000,12.914,0.070,12.788,0.056,8120,15600,,2.00,2,0,8224x5140,L,2
6531,18.252,0.778,0.313,0.030,0.000,0.014,0.038,0.000,12.823,0.048,12.715,0.060,8120,15600,,2.00,2,0,8224x5140,L,2
6532,16.484,0.771,0.296,0.034,0.000,0.012,0.043,0.000,12.071,0.071,11.948,0.053,8120,15600,,2.00,2,0,8224x5140,L,2
6533,16.653,0.740,0.293,0.037,0.000,0.010,0.046,0.000,12.046,0.073,11.913,0.059,8120,15600,drag_start,2.00,2,1,8224x5140,L,2
6534,16.649,0.906,0.321,0.036,0.000,0.012,0.039,0.000,11.829,0.082,11.691,0.057,8120,15600,,2.00,2,1,8224x5140,L,2
6535,16.689,0.885,0.338,0.035,0.000,0.012,0.051,0.000,11.782,0.088,11.644,0.050,8120,15600,,2.00,2,1,8224x5140,L,2
6536,16.734,0.804,0.288,0.045,0.000,0.012,0.056,0.000,11.714,0.072,11.594,0.048,8120,15600,,2.00,2,1,8224x5140,L,2
6537,16.473,0.870,0.314,0.040,0.000,0.014,0.077,0.000,11.761,0.075,11.622,0.064,8120,15600,,2.00,2,1,8224x5140,L,2
6538,16.784,0.969,0.331,0.040,0.000,0.014,0.061,0.000,11.690,0.075,11.553,0.061,8120,15600,,2.00,2,1,8224x5140,L,2
6539,16.639,1.019,0.351,0.039,0.000,0.012,0.074,0.000,11.708,0.078,11.575,0.055,8120,15600,,2.00,2,1,8224x5140,L,2
6540,16.683,1.048,0.336,0.038,0.000,0.011,0.063,0.000,11.688,0.070,11.559,0.059,8120,15600,,2.00,2,1,8224x5140,L,2
6541,16.666,1.137,0.370,0.041,0.000,0.014,0.082,0.000,11.706,0.064,11.582,0.059,8120,15600,,2.00,2,1,8224x5140,L,2
6542,16.764,1.371,0.419,0.055,0.000,0.019,0.066,0.000,11.760,0.087,11.616,0.056,8120,15600,,2.00,2,1,8224x5140,L,2
6543,16.543,1.442,0.426,0.056,0.000,0.016,0.090,0.000,11.714,0.063,11.592,0.059,8120,15600,,2.00,2,1,8224x5140,L,2
6544,16.725,1.557,0.440,0.055,0.000,0.026,0.125,0.000,11.718,0.076,11.583,0.058,8120,15600,,2.00,2,1,8224x5140,L,2
6545,16.436,1.416,0.443,0.056,0.000,0.015,0.072,0.000,11.752,0.077,11.617,0.059,8120,15600,,2.00,2,1,8224x5140,L,2
6546,16.483,1.373,0.423,0.049,0.000,0.024,0.074,0.000,11.734,0.085,11.590,0.060,8120,15600,,2.00,2,1,8224x5140,L,2
6547,16.622,1.386,0.531,0.061,0.000,0.019,0.101,0.000,11.774,0.100,11.618,0.056,8120,15600,,2.00,2,1,8224x5140,L,2
6548,16.661,1.545,0.505,0.054,0.000,0.020,0.224,0.000,11.911,0.091,11.759,0.061,8120,15600,,2.00,2,1,8224x5140,L,2
6549,16.325,1.819,0.522,0.066,0.000,0.025,0.084,0.000,11.757,0.094,11.603,0.060,8120,15600,,2.00,2,1,8224x5140,L,2
6550,16.557,1.566,0.505,0.055,0.000,0.018,0.071,0.000,11.750,0.093,11.604,0.054,8120,15600,,2.00,2,1,8224x5140,L,2
6551,16.630,1.482,0.451,0.044,0.000,0.021,0.093,0.000,11.793,0.087,11.648,0.058,8120,15600,,2.00,2,1,8224x5140,L,2
6552,16.485,1.620,0.507,0.070,0.000,0.026,0.064,0.000,11.990,0.100,11.831,0.059,8120,15600,,2.00,2,1,8224x5140,L,2
6553,16.580,1.520,0.498,0.055,0.000,0.016,0.081,0.000,11.846,0.098,11.688,0.059,8120,15600,,2.00,2,1,8224x5140,L,2
6554,16.660,1.560,0.536,0.057,0.000,0.019,0.107,0.000,12.082,0.103,11.924,0.055,8120,15600,,2.00,2,1,8224x5140,L,2
6555,16.306,1.860,0.534,0.080,0.000,0.024,0.069,0.000,12.083,0.090,11.937,0.056,8120,15600,,2.00,2,1,8224x5140,L,2
6556,16.522,1.707,0.507,0.065,0.000,0.019,0.087,0.000,12.416,0.106,12.245,0.064,8120,15600,,2.00,2,1,8224x5140,L,2
6557,18.124,1.857,0.783,0.209,0.000,0.081,0.246,0.000,12.318,0.106,12.153,0.058,8120,15600,,2.00,2,1,8224x5140,L,2
6558,15.284,1.585,0.581,0.072,0.000,0.027,0.076,0.000,12.678,0.104,12.516,0.058,8120,15600,,2.00,2,1,8224x5140,L,2
6559,16.184,1.478,0.511,0.062,0.000,0.019,0.085,0.000,12.767,0.023,12.688,0.056,8120,15600,,2.00,2,1,8224x5140,L,2
6560,16.693,1.482,0.509,0.052,0.000,0.020,0.080,0.000,11.996,0.099,11.842,0.056,8120,15600,,2.00,2,1,8224x5140,L,2
6561,16.309,1.190,0.432,0.059,0.000,0.018,0.051,0.000,11.714,0.105,11.555,0.054,8120,15600,,2.00,2,1,8224x5140,L,2
6562,16.485,0.982,0.341,0.066,0.000,0.021,0.062,0.000,11.708,0.081,11.578,0.049,8120,15600,,2.00,2,1,8224x5140,L,2
6563,16.422,0.811,0.289,0.056,0.000,0.015,0.043,0.000,11.710,0.082,11.581,0.048,8120,15600,,2.00,2,1,8224x5140,L,2
6564,16.696,0.774,0.320,0.045,0.000,0.011,0.069,0.000,11.726,0.068,11.608,0.049,8120,15600,,2.00,2,1,8224x5140,L,2
6565,16.491,0.965,0.316,0.055,0.000,0.014,0.059,0.000,11.726,0.078,11.599,0.049,8120,15600,,2.00,2,1,8224x5140,L,2
6566,16.638,0.950,0.284,0.043,0.000,0.012,0.054,0.000,11.786,0.074,11.663,0.048,8120,15600,,2.00,2,1,8224x5140,L,2
6567,16.476,0.950,0.274,0.040,0.000,0.013,0.049,0.000,11.972,0.071,11.851,0.050,8120,15600,,2.00,2,1,8224x5140,L,2
6568,16.698,0.878,0.287,0.041,0.000,0.012,0.055,0.000,12.025,0.079,11.890,0.055,8120,15600,,2.00,2,1,8224x5140,L,2
6569,16.642,0.925,0.277,0.048,0.000,0.012,0.043,0.000,12.025,0.084,11.876,0.064,8120,15600,,2.00,2,1,8224x5140,L,2
6570,16.487,0.799,0.284,0.039,0.000,0.011,0.044,0.000,11.984,0.073,11.862,0.049,8120,15600,,2.00,2,1,8224x5140,L,2
6571,16.674,0.805,0.281,0.040,0.000,0.010,0.057,0.000,12.236,0.088,12.099,0.049,8120,15600,,2.00,2,1,8224x5140,L,2
6572,16.587,0.822,0.297,0.045,0.000,0.012,0.045,0.000,12.322,0.069,12.205,0.048,8120,15600,,2.00,2,1,8224x5140,L,2
6573,16.404,0.912,0.283,0.039,0.000,0.014,0.056,0.000,12.593,0.082,12.457,0.053,8120,15600,,2.00,2,1,8224x5140,L,2
6574,16.642,0.986,0.290,0.040,0.000,0.012,0.043,0.000,12.568,0.070,12.433,0.066,8120,15600,,2.00,2,1,8224x5140,L,2
6575,16.432,0.868,0.300,0.035,0.000,0.010,0.039,0.000,12.838,0.071,12.710,0.057,8120,15600,,2.00,2,1,8224x5140,L,2
6576,16.677,0.907,0.298,0.036,0.000,0.011,0.049,0.000,12.928,0.076,12.794,0.058,8120,15600,,2.00,2,1,8224x5140,L,2
6577,16.562,0.834,0.287,0.031,0.000,0.013,0.058,0.000,13.189,0.080,13.053,0.055,8120,15600,,2.00,2,1,8224x5140,L,2
6578,16.636,0.824,0.283,0.027,0.000,0.012,0.042,0.000,13.177,0.066,13.058,0.052,8120,15600,,2.00,2,1,8224x5140,L,2
6579,16.580,0.806,0.274,0.031,0.000,0.010,0.077,0.000,13.166,0.077,13.034,0.055,8120,15600,,2.00,2,1,8224x5140,L,2
6580,16.608,0.868,0.286,0.032,0.000,0.010,0.056,0.000,13.341,0.085,13.197,0.058,8120,15600,,2.00,2,1,8224x5140,L,2
6581,16.693,0.892,0.303,0.029,0.000,0.014,0.066,0.000,13.375,0.043,13.277,0.055,8120,15600,,2.00,2,1,8224x5140,L,2
6582,16.597,1.065,0.327,0.039,0.000,0.013,0.043,0.000,13.518,0.081,13.382,0.055,8120,15600,,2.00,2,1,8224x5140,L,2
6583,16.552,0.999,0.351,0.035,0.000,0.011,0.071,0.000,13.372,0.068,13.248,0.056,8120,15600,,2.00,2,1,8224x5140,L,2
6584,16.700,1.030,0.392,0.038,0.000,0.015,0.068,0.000,13.378,0.096,13.226,0.056,8120,15600,,2.00,2,1,8224x5140,L,2
6585,16.479,1.115,0.365,0.057,0.000,0.015,0.072,0.000,13.372,0.054,13.262,0.055,8120,15600,,2.00,2,1,8224x5140,L,2
6586,16.570,0.998,0.376,0.044,0.000,0.014,0.060,0.000,13.342,0.083,13.200,0.060,8120,15600,,2.00,2,1,8224x5140,L,2
6587,16.681,0.971,0.362,0.036,0.000,0.012,0.065,0.000,13.002,0.069,12.883,0.051,8120,15600,,2.00,2,1,8224x5140,L,2
6588,16.469,1.100,0.332,0.054,0.000,0.017,0.070,0.000,13.120,0.075,12.997,0.049,8120,15600,,2.00,2,1,8224x5140,L,2
6589,16.589,0.899,0.324,0.042,0.000,0.011,0.053,0.000,13.060,0.083,12.919,0.058,8120,15600,,2.00,2,1,8224x5140,L,2
6590,16.568,1.147,0.342,0.042,0.000,0.013,0.076,0.000,13.210,0.072,13.083,0.054,8120,15600,,2.00,2,1,8224x5140,L,2
6591,16.599,0.984,0.343,0.039,0.000,0.017,0.067,0.000,13.170,0.073,13.043,0.055,8120,15600,,2.00,2,1,8224x5140,L,2
6592,16.547,1.032,0.340,0.038,0.000,0.013,0.063,0.000,13.152,0.081,13.015,0.056,8120,15600,,2.00,2,1,8224x5140,L,2
6593,16.563,1.387,0.379,0.047,0.000,0.016,0.055,0.000,13.109,0.040,13.014,0.055,8120,15600,,2.00,2,1,8224x5140,L,2
6594,16.576,1.121,0.401,0.041,0.000,0.015,0.063,0.000,13.172,0.076,13.037,0.059,8120,15600,,2.00,2,1,8224x5140,L,2
6595,16.743,1.204,0.435,0.047,0.000,0.015,0.082,0.000,13.054,0.021,12.980,0.053,8120,15600,,2.00,2,1,8224x5140,L,2
6596,16.581,1.319,0.604,0.056,0.000,0.017,0.091,0.000,13.186,0.091,13.044,0.051,8120,15600,,2.00,2,1,8224x5140,L,2
6597,16.390,1.369,0.404,0.069,0.000,0.018,0.072,0.000,13.146,0.021,13.072,0.053,8120,15600,,2.00,2,1,8224x5140,L,2
6598,16.513,1.271,0.503,0.057,0.000,0.017,0.072,0.000,13.214,0.092,13.065,0.057,8120,15600,,2.00,2,1,8224x5140,L,2
6599,16.678,1.217,0.439,0.051,0.000,0.016,0.088,0.000,13.186,0.048,13.084,0.054,8120,15600,,2.00,2,1,8224x5140,L,2
6600,16.537,1.395,0.517,0.059,0.000,0.018,0.068,0.000,13.194,0.094,13.045,0.055,8120,15600,,2.00,2,1,8224x5140,L,2
6601,16.634,1.518,0.521,0.058,0.000,0.020,0.140,0.000,13.126,0.074,12.993,0.058,8120,15600,,2.00,2,1,8224x5140,L,2
6602,16.434,1.582,0.492,0.051,0.000,0.015,0.074,0.000,13.384,0.095,13.236,0.053,8120,15600,,2.00,2,1,8224x5140,L,2
6603,17.275,1.437,0.522,0.062,0.000,0.017,0.186,0.000,13.193,0.063,13.077,0.053,8120,15600,,2.00,2,1,8224x5140,L,2
6604,15.774,1.671,0.805,0.202,0.000,0.065,0.085,0.000,13.179,0.029,13.094,0.056,8120,15600,,2.00,2,1,8224x5140,L,2
6605,16.150,1.475,0.553,0.066,0.000,0.020,0.080,0.000,12.824,0.045,12.726,0.053,8120,15600,,2.00,2,1,8224x5140,L,2
6606,16.624,1.456,0.528,0.058,0.000,0.017,0.085,0.000,12.444,0.101,12.288,0.055,8120,15600,,2.00,2,1,8224x5140,L,2
6607,16.542,1.410,0.502,0.055,0.000,0.017,0.095,0.000,12.492,0.098,12.337,0.057,8120,15600,,2.00,2,1,8224x5140,L,2
6608,17.800,1.471,0.565,0.078,0.000,0.023,0.223,0.000,12.088,0.108,11.928,0.052,8120,15600,,2.00,2,1,8224x5140,L,2
6609,14.975,1.526,0.494,0.079,0.000,0.028,0.074,0.000,12.218,0.029,12.137,0.052,8120,15600,,2.00,2,1,8224x5140,L,2
6610,16.733,1.007,0.368,0.080,0.000,0.018,0.125,0.000,12.029,0.021,11.959,0.049,8120,15600,,2.00,2,1,8224x5140,L,2
6611,16.381,1.831,0.646,0.122,0.000,0.043,0.119,0.000,11.783,0.069,11.665,0.049,8120,15600,,2.00,2,1,8224x5140,L,2
6612,16.614,2.034,0.668,0.127,0.000,0.043,0.162,0.000,11.757,0.069,11.638,0.050,8120,15600,,2.00,2,1,8224x5140,L,2
6613,15.806,2.229,0.707,0.149,0.000,0.053,0.062,0.000,11.539,0.044,11.447,0.048,8120,15600,,2.00,2,1,8224x5140,L,2
6614,16.536,0.957,0.343,0.072,0.000,0.018,0.065,0.000,11.591,0.070,11.473,0.048,8120,15600,,2.00,2,1,8224x5140,L,2
6615,16.305,0.970,0.318,0.080,0.000,0.020,0.057,0.000,11.394,0.063,11.284,0.047,8120,15600,,2.00,2,1,8224x5140,L,2
6616,16.664,0.819,0.314,0.063,0.000,0.023,0.086,0.000,11.386,0.069,11.271,0.047,8120,15600,,2.00,2,1,8224x5140,L,2
6617,16.492,0.991,0.331,0.067,0.000,0.021,0.063,0.000,11.389,0.059,11.283,0.047,8120,15600,,2.00,2,1,8224x5140,L,2
6618,16.456,0.988,0.326,0.070,0.000,0.017,0.081,0.000,11.385,0.075,11.264,0.047,8120,15600,,2.00,2,1,8224x5140,L,2
6619,16.522,0.979,0.359,0.061,0.000,0.019,0.067,0.000,11.191,0.064,11.080,0.047,8120,15600,,2.00,2,1,8224x5140,L,2
6620,16.543,0.852,0.301,0.056,0.000,0.014,0.069,0.000,11.191,0.074,11.070,0.046,8120,15600,,2.00,2,1,8224x5140,L,2
6621,16.487,0.987,0.320,0.074,0.000,0.022,0.062,0.000,11.191,0.061,11.083,0.048,8120,15600,,2.00,2,1,8224x5140,L,2
6622,16.477,0.960,0.319,0.070,0.000,0.021,0.059,0.000,11.192,0.074,11.071,0.047,8120,15600,,2.00,2,1,8224x5140,L,2
6623,16.538,0.897,0.318,0.065,0.000,0.017,0.068,0.000,11.388,0.074,11.267,0.047,8120,15600,,2.00,2,1,8224x5140,L,2
6624,16.498,0.985,0.307,0.071,0.000,0.019,0.074,0.000,11.388,0.075,11.266,0.047,8120,15600,,2.00,2,1,8224x5140,L,2
6625,16.508,0.870,0.308,0.072,0.000,0.020,0.066,0.000,11.387,0.070,11.271,0.047,8120,15600,,2.00,2,1,8224x5140,L,2
6626,16.530,0.969,0.310,0.072,0.000,0.019,0.064,0.000,11.389,0.074,11.266,0.049,8120,15600,,2.00,2,1,8224x5140,L,2
6627,16.681,0.856,0.305,0.064,0.000,0.019,0.058,0.000,11.591,0.069,11.475,0.047,8120,15600,,2.00,2,1,8224x5140,L,2
6628,16.584,0.831,0.317,0.050,0.000,0.014,0.084,0.000,11.630,0.076,11.503,0.050,8120,15600,,2.00,2,1,8224x5140,L,2
6629,16.634,1.001,0.293,0.052,0.000,0.014,0.071,0.000,11.772,0.070,11.655,0.047,8120,15600,,2.00,2,1,8224x5140,L,2
6630,16.651,0.949,0.288,0.052,0.000,0.014,0.067,0.000,11.763,0.064,11.644,0.056,8120,15600,,2.00,2,1,8224x5140,L,2
6631,16.561,0.895,0.306,0.048,0.000,0.014,0.053,0.000,11.776,0.074,11.652,0.050,8120,15600,,2.00,2,1,8224x5140,L,2
6632,16.532,0.832,0.341,0.053,0.000,0.013,0.047,0.000,11.753,0.066,11.634,0.053,8120,15600,,2.00,2,1,8224x5140,L,2
6633,16.586,0.800,0.332,0.039,0.000,0.011,0.046,0.000,11.754,0.062,11.632,0.060,8120,15600,,2.00,2,1,8224x5140,L,2
6634,16.565,0.791,0.292,0.045,0.000,0.012,0.070,0.000,11.807,0.061,11.694,0.052,8120,15600,drag_snap,2.00,2,0,8224x5140,L,2
6635,16.625,0.893,0.314,0.040,0.000,0.014,0.065,0.000,11.744,0.072,11.611,0.060,8120,15600,,2.00,2,0,8224x5140,L,2
6636,16.669,0.813,0.300,0.033,0.000,0.011,0.063,0.000,11.746,0.071,11.620,0.056,8120,15600,,2.00,2,0,8224x5140,L,2
6637,16.804,1.019,0.335,0.046,0.000,0.015,0.058,0.000,11.940,0.074,11.814,0.052,8120,15600,,2.00,2,0,8224x5140,L,2
6638,16.431,0.847,0.289,0.054,0.000,0.013,0.055,0.000,12.202,0.074,12.078,0.050,8120,15600,,2.00,2,0,8224x5140,L,2
6639,16.944,0.785,0.290,0.047,0.000,0.013,0.064,0.000,12.444,0.072,12.320,0.052,8120,15600,,2.00,2,0,8224x5140,L,2
6640,16.416,0.855,0.299,0.050,0.000,0.014,0.070,0.000,12.954,0.084,12.815,0.055,8120,15600,,2.00,2,0,8224x5140,L,2
6641,16.568,0.808,0.275,0.037,0.000,0.012,0.065,0.000,13.243,0.088,13.101,0.054,8120,15600,,2.00,2,0,8224x5140,L,2
6642,16.662,0.936,0.295,0.040,0.000,0.013,0.054,0.000,13.330,0.052,13.221,0.057,8120,15600,,2.00,2,0,8224x5140,L,2
6643,16.601,0.917,0.305,0.040,0.000,0.011,0.044,0.000,13.243,0.082,13.103,0.058,8120,15600,,2.00,2,0,8224x5140,L,2
6644,16.767,0.886,0.295,0.031,0.000,0.010,0.058,0.000,13.211,0.067,13.089,0.055,8120,15600,,2.00,2,0,8224x5140,L,2
6645,16.627,0.890,0.310,0.042,0.000,0.012,0.057,0.000,13.397,0.080,13.262,0.055,8120,15600,,2.00,2,0,8224x5140,L,2
6646,16.693,1.073,0.387,0.042,0.000,0.012,0.056,0.000,13.368,0.044,13.272,0.052,8120,15600,,2.00,2,0,8224x5140,L,2
6647,16.630,1.019,0.346,0.038,0.000,0.012,0.063,0.000,13.610,0.082,13.468,0.059,8120,15600,,2.00,2,0,8224x5140,L,2
6648,16.710,1.135,0.361,0.040,0.000,0.012,0.077,0.000,13.194,0.078,13.058,0.058,8120,15600,,2.00,2,0,8224x5140,L,2
6649,16.647,1.124,0.365,0.041,0.000,0.013,0.047,0.000,13.185,0.080,13.052,0.053,8120,15600,,2.00,2,0,8224x5140,L,2
6650,16.698,1.093,0.371,0.037,0.000,0.012,0.088,0.000,13.154,0.080,13.019,0.056,8120,15600,,2.00,2,0,8224x5140,L,2
6651,16.676,1.335,0.433,0.047,0.000,0.018,0.074,0.000,13.231,0.077,13.099,0.055,8120,15600,,2.00,2,0,8224x5140,L,2
6652,16.592,1.236,0.442,0.050,0.000,0.015,0.062,0.000,13.204,0.090,13.060,0.055,8120,15600,,2.00,2,0,8224x5140,L,2
6653,16.722,1.216,0.436,0.050,0.000,0.014,0.075,0.000,13.069,0.023,12.993,0.053,8120,15600,,2.00,2,0,8224x5140,L,2
6654,17.073,1.427,0.494,0.059,0.000,0.016,0.175,0.000,13.251,0.095,13.099,0.057,8120,15600,,2.00,2,0,8224x5140,L,2
6655,17.775,1.830,0.695,0.169,0.000,0.054,0.201,0.000,13.356,0.025,13.275,0.056,8120,15600,,2.00,2,0,8224x5140,L,2
6656,16.478,2.081,0.966,0.226,0.000,0.074,0.106,0.000,13.357,0.027,13.274,0.055,8120,15600,,2.00,2,0,8224x5140,L,2
6657,15.417,1.721,0.537,0.091,0.000,0.025,0.093,0.000,12.608,0.021,12.531,0.056,8120,15600,,2.00,2,0,8224x5140,L,2
6658,16.497,1.794,0.530,0.068,0.000,0.020,0.094,0.000,12.725,0.063,12.611,0.052,8120,15600,,2.00,2,0,8224x5140,L,2
6659,16.857,1.512,0.435,0.055,0.000,0.015,0.071,0.000,12.034,0.096,11.878,0.059,8120,15600,,2.00,2,0,8224x5140,L,2
6660,17.701,1.433,0.505,0.060,0.000,0.017,0.206,0.000,11.756,0.100,11.600,0.056,8120,15600,,2.00,2,0,8224x5140,L,2
6661,15.699,1.937,0.657,0.140,0.000,0.041,0.149,0.000,11.902,0.029,11.818,0.055,8120,15600,,2.00,2,0,8224x5140,L,2
6662,17.911,2.083,0.750,0.145,0.000,0.045,0.266,0.000,11.659,0.089,11.517,0.053,8120,15600,,2.00,2,0,8224x5140,L,2
6663,15.526,2.025,0.672,0.142,0.068,0.044,0.154,0.000,11.670,0.024,11.594,0.052,8120,15600,,2.00,2,0,8224x5140,L,2
6664,17.372,1.978,0.724,0.149,0.000,0.047,0.231,0.000,11.619,0.024,11.546,0.049,8120,15600,,2.00,2,0,8224x5140,L,2
6665,15.364,1.952,0.671,0.144,0.000,0.050,0.093,0.000,11.461,0.021,11.394,0.046,8120,15600,,2.00,2,0,8224x5140,L,2
6666,16.444,1.295,0.423,0.090,0.000,0.024,0.060,0.000,11.268,0.060,11.162,0.046,8120,15600,,2.00,2,0,8224x5140,L,2
6667,16.614,0.865,0.328,0.067,0.000,0.018,0.063,0.000,11.266,0.067,11.152,0.047,8120,15600,,2.00,2,0,8224x5140,L,2
6668,16.621,0.758,0.301,0.059,0.000,0.016,0.054,0.000,11.272,0.070,11.155,0.048,8120,15600,,2.00,2,0,8224x5140,L,2
6669,16.724,0.747,0.296,0.055,0.000,0.016,0.072,0.000,11.075,0.070,10.957,0.048,8120,15600,,2.00,2,0,8224x5140,L,2
6670,16.589,0.884,0.299,0.060,0.000,0.015,0.054,0.000,11.074,0.071,10.955,0.047,8120,15600,,2.00,2,0,8224x5140,L,2
6671,16.690,0.739,0.311,0.053,0.000,0.014,0.061,0.000,11.073,0.078,10.948,0.047,8120,15600,,2.00,2,0,8224x5140,L,2
6672,16.627,0.744,0.292,0.055,0.000,0.014,0.071,0.000,11.075,0.068,10.960,0.047,8120,15600,,2.00,2,0,8224x5140,L,2
6673,16.667,0.867,0.300,0.056,0.000,0.019,0.059,0.000,11.076,0.073,10.955,0.047,8120,15600,,2.00,2,0,8224x5140,L,2
6674,16.744,0.787,0.301,0.054,0.000,0.015,0.065,0.000,11.075,0.067,10.962,0.047,8120,15600,,2.00,2,0,8224x5140,L,2
6675,16.563,0.948,0.299,0.072,0.000,0.019,0.055,0.000,11.265,0.067,11.150,0.047,8120,15600,,2.00,2,0,8224x5140,L,2
6676,16.642,0.794,0.306,0.062,0.000,0.017,0.059,0.000,11.266,0.063,11.155,0.047,8120,15600,,2.00,2,0,8224x5140,L,2
6677,16.690,0.761,0.300,0.056,0.000,0.015,0.066,0.000,11.267,0.074,11.146,0.047,8120,15600,,2.00,2,0,8224x5140,L,2
6678,16.623,0.746,0.300,0.053,0.000,0.014,0.070,0.000,11.267,0.064,11.156,0.047,8120,15600,,2.00,2,0,8224x5140,L,2
6679,16.698,0.761,0.341,0.058,0.000,0.015,0.094,0.000,11.467,0.071,11.351,0.045,8120,15600,,2.00,2,0,8224x5140,L,2
6680,16.528,0.757,0.321,0.057,0.000,0.015,0.067,0.000,11.472,0.075,11.349,0.048,8120,15600,,2.00,2,0,8224x5140,L,2
6681,16.860,0.745,0.291,0.057,0.000,0.016,0.071,0.000,11.574,0.070,11.456,0.048,8120,15600,,2.00,2,0,8224x5140,L,2
6682,16.764,0.801,0.343,0.068,0.000,0.019,0.058,0.000,11.605,0.075,11.481,0.049,8120,15600,,2.00,2,0,8224x5140,L,2
6683,16.277,0.815,0.290,0.063,0.000,0.016,0.054,0.000,11.679,0.077,11.553,0.049,8120,15600,,2.00,2,0,8224x5140,L,2
6684,16.644,0.984,0.281,0.048,0.000,0.011,0.051,0.000,11.570,0.066,11.454,0.050,8120,15600,,2.00,2,0,8224x5140,L,2
6685,16.628,0.984,0.286,0.045,0.000,0.012,0.044,0.000,11.577,0.070,11.458,0.049,8120,15600,,2.00,2,0,8224x5140,L,2
6686,16.989,0.814,0.276,0.035,0.000,0.011,0.067,0.000,11.682,0.084,11.546,0.052,8120,15600,,2.00,2,0,8224x5140,L,2
6687,16.410,1.023,0.297,0.048,0.000,0.014,0.040,0.000,11.696,0.081,11.563,0.052,8120,15600,,2.00,2,0,8224x5140,L,2
6688,16.858,0.958,0.284,0.038,0.000,0.012,0.057,0.000,11.947,0.080,11.819,0.048,8120,15600,,2.00,2,0,8224x5140,L,2
6689,16.465,0.797,0.276,0.041,0.000,0.012,0.055,0.000,12.195,0.096,12.048,0.051,8120,15600,,2.00,2,0,8224x5140,L,2
6690,16.821,0.769,0.275,0.039,0.000,0.010,0.062,0.000,12.396,0.082,12.264,0.050,8120,15600,,2.00,2,0,8224x5140,L,2
6691,16.586,0.960,0.301,0.068,0.000,0.017,0.062,0.000,12.878,0.082,12.740,0.056,8120,15600,,2.00,2,0,8224x5140,L,2
6692,16.480,0.938,0.309,0.051,0.000,0.014,0.052,0.000,13.135,0.086,12.996,0.052,8120,15600,,2.00,2,0,8224x5140,L,2
6693,16.790,0.807,0.279,0.043,0.000,0.012,0.056,0.000,13.261,0.069,13.129,0.063,8120,15600,,2.00,2,0,8224x5140,L,2
6694,16.674,0.745,0.334,0.041,0.000,0.010,0.062,0.000,13.288,0.073,13.167,0.049,8120,15600,,2.00,2,0,8224x5140,L,2
6695,16.708,0.816,0.290,0.046,0.000,0.013,0.065,0.000,13.525,0.073,13.404,0.049,8120,15600,,2.00,2,0,8224x5140,L,2
6696,16.471,0.942,0.316,0.048,0.000,0.013,0.049,0.000,13.457,0.021,13.386,0.050,8120,15600,,2.00,2,0,8224x5140,L,2
6697,16.679,0.791,0.303,0.038,0.000,0.011,0.057,0.000,13.440,0.071,13.318,0.052,8120,15600,,2.00,2,0,8224x5140,L,2
6698,16.670,0.758,0.332,0.050,0.000,0.012,0.063,0.000,13.514,0.070,13.393,0.051,8120,15600,,2.00,2,0,8224x5140,L,2
6699,16.664,0.922,0.299,0.044,0.000,0.012,0.097,0.000,13.424,0.021,13.349,0.054,8120,15600,,2.00,2,0,8224x5140,L,2
6700,16.623,0.866,0.318,0.039,0.000,0.013,0.051,0.000,13.477,0.044,13.375,0.058,8120,15600,,2.00,2,0,8224x5140,L,2
6701,16.633,0.806,0.295,0.038,0.000,0.011,0.057,0.000,13.516,0.054,13.403,0.059,8120,15600,,2.00,2,0,8224x5140,L,2
6702,16.715,0.821,0.294,0.036,0.000,0.012,0.059,0.000,13.431,0.071,13.301,0.059,8120,15600,,2.00,2,0,8224x5140,L,2
6703,16.592,1.016,0.321,0.039,0.000,0.013,0.047,0.000,13.504,0.082,13.363,0.059,8120,15600,,2.00,2,0,8224x5140,L,2
6704,16.736,0.769,0.288,0.035,0.000,0.011,0.057,0.000,13.059,0.049,12.950,0.061,8120,15600,,2.00,2,0,8224x5140,L,2
6705,16.695,0.834,0.296,0.058,0.000,0.014,0.058,0.000,13.069,0.070,12.950,0.049,8120,15600,,2.00,2,0,8224x5140,L,2
6706,16.600,0.831,0.294,0.045,0.000,0.011,0.076,0.000,13.093,0.082,12.959,0.051,8120,15600,,2.00,2,0,8224x5140,L,2
6707,16.674,0.814,0.337,0.045,0.000,0.013,0.056,0.000,12.876,0.078,12.748,0.050,8120,15600,,2.00,2,0,8224x5140,L,2
6708,17.511,0.784,0.297,0.036,0.000,0.010,0.203,0.000,13.039,0.092,12.888,0.058,8120,15600,,2.00,2,0,8224x5140,L,2
6709,16.239,1.744,0.705,0.147,0.000,0.048,0.114,0.000,12.919,0.029,12.836,0.055,8120,15600,,2.00,2,0,8224x5140,L,2
6710,16.525,1.681,0.763,0.165,0.000,0.052,0.122,0.000,12.686,0.021,12.610,0.054,8120,15600,,2.00,2,0,8224x5140,L,2
6711,16.509,1.479,0.510,0.073,0.000,0.023,0.103,0.000,12.735,0.082,12.598,0.055,8120,15600,,2.00,2,0,8224x5140,L,2
6712,16.682,1.360,0.447,0.062,0.000,0.017,0.088,0.000,12.737,0.089,12.591,0.057,8120,15600,,2.00,2,0,8224x5140,L,2
6713,16.511,1.487,0.503,0.060,0.000,0.019,0.093,0.000,12.854,0.083,12.712,0.059,8120,15600,,2.00,2,0,8224x5140,L,2
6714,17.724,1.362,0.499,0.060,0.000,0.017,0.213,0.000,12.461,0.090,12.314,0.057,8120,15600,,2.00,2,0,8224x5140,L,2
6715,15.592,1.795,0.537,0.072,0.000,0.024,0.099,0.000,12.487,0.071,12.356,0.059,8120,15600,,2.00,2,0,8224x5140,L,2
6716,16.938,1.445,0.523,0.064,0.000,0.020,0.114,0.000,12.366,0.070,12.243,0.053,8120,15600,,2.00,2,0,8224x5140,L,2
6717,16.274,1.449,0.531,0.085,0.000,0.023,0.083,0.000,12.189,0.092,12.043,0.055,8120,15600,,2.00,2,0,8224x5140,L,2
6718,16.521,1.154,0.425,0.077,0.000,0.019,0.063,0.000,11.917,0.072,11.795,0.049,8120,15600,,2.00,2,0,8224x5140,L,2
6719,16.637,0.887,0.311,0.049,0.000,0.014,0.051,0.000,11.916,0.084,11.783,0.049,8120,15600,,2.00,2,0,8224x5140,L,2
6720,16.626,0.854,0.292,0.039,0.000,0.011,0.060,0.000,11.909,0.072,11.789,0.048,8120,15600,,2.00,2,0,8224x5140,L,2
6721,16.874,0.859,0.294,0.039,0.000,0.012,0.047,0.000,11.692,0.085,11.559,0.048,8120,15600,,2.00,2,0,8224x5140,L,2
6722,16.604,0.750,0.289,0.035,0.000,0.010,0.051,0.000,11.780,0.078,11.649,0.053,8120,15600,,2.00,2,0,8224x5140,L,2
6723,16.732,0.782,0.298,0.031,0.000,0.010,0.041,0.000,11.706,0.084,11.567,0.055,8120,15600,,2.00,2,0,8224x5140,L,2
6724,16.637,0.790,0.274,0.034,0.000,0.011,0.070,0.000,11.716,0.070,11.592,0.054,8120,15600,,2.00,2,0,8224x5140,L,2
6725,16.593,0.972,0.329,0.072,0.000,0.018,0.070,0.000,11.688,0.078,11.557,0.053,8120,15600,,2.00,2,0,8224x5140,L,2
6726,16.600,0.750,0.309,0.066,0.000,0.017,0.064,0.000,11.679,0.072,11.557,0.050,8120,15600,,2.00,2,0,8224x5140,L,2
6727,16.635,0.744,0.301,0.068,0.000,0.017,0.057,0.000,11.679,0.082,11.548,0.050,8120,15600,,2.00,2,0,8224x5140,L,2
6728,16.663,0.728,0.301,0.053,0.000,0.021,0.062,0.000,11.917,0.080,11.788,0.049,8120,15600,,2.00,2,0,8224x5140,L,2
6729,16.648,0.734,0.296,0.055,0.000,0.016,0.063,0.000,11.919,0.078,11.791,0.050,8120,15600,,2.00,2,0,8224x5140,L,2
6730,16.647,0.718,0.294,0.050,0.000,0.015,0.058,0.000,11.919,0.084,11.784,0.050,8120,15600,,2.00,2,0,8224x5140,L,2
6731,16.625,0.734,0.301,0.060,0.000,0.016,0.061,0.000,11.919,0.077,11.792,0.050,8120,15600,,2.00,2,0,8224x5140,L,2
6732,16.706,0.732,0.335,0.051,0.000,0.015,0.103,0.000,12.157,0.073,12.035,0.049,8120,15600,,2.00,2,0,8224x5140,L,2
6733,16.653,0.784,0.314,0.060,0.000,0.016,0.067,0.000,12.155,0.077,12.029,0.049,8120,15600,,2.00,2,0,8224x5140,L,2
6734,16.683,0.739,0.313,0.057,0.000,0.016,0.058,0.000,12.397,0.072,12.275,0.050,8120,15600,,2.00,2,0,8224x5140,L,2
6735,16.681,1.217,0.412,0.080,0.000,0.026,0.072,0.000,12.395,0.075,12.269,0.051,8120,15600,,2.00,2,0,8224x5140,L,2
6736,16.933,1.158,0.377,0.072,0.000,0.022,0.114,0.000,12.636,0.067,12.520,0.049,8120,15600,,2.00,2,0,8224x5140,L,2
6737,16.648,1.750,0.614,0.118,0.000,0.042,0.112,0.000,12.861,0.081,12.729,0.051,8120,15600,,2.00,2,0,8224x5140,L,2
6738,16.607,1.962,0.608,0.124,0.000,0.040,0.106,0.000,12.868,0.072,12.747,0.049,8120,15600,,2.00,2,0,8224x5140,L,2
6739,16.707,1.968,0.662,0.128,0.000,0.044,0.112,0.000,13.067,0.075,12.943,0.050,8120,15600,,2.00,2,0,8224x5140,L,2
6740,16.737,1.862,0.632,0.122,0.000,0.042,0.125,0.000,13.062,0.083,12.929,0.049,8120,15600,,2.00,2,0,8224x5140,L,2
6741,16.230,2.177,0.688,0.129,0.000,0.046,0.097,0.000,13.135,0.024,13.062,0.049,8120,15600,,2.00,2,0,8224x5140,L,2
6742,16.589,1.171,0.398,0.081,0.000,0.020,0.071,0.000,12.772,0.021,12.701,0.050,8120,15600,,2.00,2,0,8224x5140,L,2
6743,16.553,1.054,0.339,0.077,0.000,0.024,0.075,0.000,13.007,0.074,12.884,0.049,8120,15600,,2.00,2,0,8224x5140,L,2
6744,16.548,1.083,0.323,0.054,0.000,0.013,0.067,0.000,12.859,0.085,12.725,0.050,8120,15600,,2.00,2,0,8224x5140,L,2
6745,16.603,0.888,0.290,0.049,0.000,0.017,0.043,0.000,13.070,0.085,12.936,0.049,8120,15600,,2.00,2,0,8224x5140,L,2
6746,16.749,0.810,0.276,0.038,0.000,0.010,0.064,0.000,13.064,0.075,12.939,0.050,8120,15600,,2.00,2,0,8224x5140,L,2
6747,16.584,1.005,0.284,0.049,0.000,0.015,0.053,0.000,13.075,0.085,12.938,0.052,8120,15600,,2.00,2,0,8224x5140,L,2
6748,16.788,0.829,0.308,0.040,0.000,0.018,0.069,0.000,13.063,0.095,12.918,0.049,8120,15600,,2.00,2,0,8224x5140,L,2
6749,16.739,0.790,0.308,0.064,0.000,0.018,0.072,0.000,13.066,0.087,12.929,0.050,8120,15600,,2.00,2,0,8224x5140,L,2
6750,16.658,0.968,0.305,0.079,0.000,0.021,0.072,0.000,13.277,0.078,13.149,0.049,8120,15600,,2.00,2,0,8224x5140,L,2
6751,16.509,0.958,0.307,0.072,0.000,0.019,0.057,0.000,13.332,0.071,13.206,0.056,8120,15600,,2.00,2,0,8224x5140,L,2
6752,16.696,0.990,0.316,0.064,0.000,0.014,0.074,0.000,13.070,0.063,12.953,0.055,8120,15600,,2.00,2,0,8224x5140,L,2
6753,16.562,1.008,0.307,0.061,0.000,0.016,0.053,0.000,13.198,0.079,13.064,0.055,8120,15600,,2.00,2,0,8224x5140,L,2
6754,16.730,0.884,0.312,0.049,0.000,0.012,0.058,0.000,13.202,0.045,13.101,0.055,8120,15600,,2.00,2,0,8224x5140,L,2
6755,16.602,1.041,0.300,0.049,0.000,0.014,0.075,0.000,13.232,0.077,13.091,0.064,8120,15600,,2.00,2,0,8224x5140,L,2
6756,16.670,0.909,0.314,0.040,0.000,0.015,0.051,0.000,13.187,0.039,13.092,0.056,8120,15600,,2.00,2,0,8224x5140,L,2
6757,16.646,0.810,0.294,0.033,0.000,0.012,0.067,0.000,13.168,0.078,13.031,0.059,8120,15600,,2.00,2,0,8224x5140,L,2
6758,16.714,1.010,0.355,0.039,0.000,0.015,0.050,0.000,13.146,0.050,13.041,0.055,8120,15600,,2.00,2,0,8224x5140,L,2
6759,16.625,0.825,0.291,0.032,0.000,0.011,0.058,0.000,13.301,0.085,13.156,0.059,8120,15600,,2.00,2,0,8224x5140,L,2
6760,16.668,0.870,0.375,0.037,0.000,0.013,0.058,0.000,12.983,0.064,12.864,0.055,8120,15600,,2.00,2,0,8224x5140,L,2
6761,16.665,0.838,0.327,0.035,0.000,0.014,0.054,0.000,12.940,0.091,12.791,0.058,8120,15600,,2.00,2,0,8224x5140,L,2
6762,16.706,0.937,0.357,0.038,0.000,0.021,0.054,0.000,12.912,0.084,12.771,0.056,8120,15600,,2.00,2,0,8224x5140,L,2
6763,16.634,0.835,0.316,0.042,0.000,0.018,0.070,0.000,12.917,0.090,12.767,0.060,8120,15600,,2.00,2,0,8224x5140,L,2
6764,16.656,1.222,0.349,0.045,0.000,0.015,0.072,0.000,12.905,0.072,12.781,0.052,8120,15600,,2.00,2,0,8224x5140,L,2
6765,16.733,0.911,0.357,0.055,0.000,0.015,0.078,0.000,12.923,0.077,12.794,0.052,8120,15600,,2.00,2,0,8224x5140,L,2
6766,16.573,1.174,0.418,0.056,0.000,0.016,0.068,0.000,12.982,0.069,12.859,0.054,8120,15600,,2.00,2,0,8224x5140,L,2
6767,16.637,1.014,0.389,0.049,0.000,0.014,0.091,0.000,12.939,0.071,12.807,0.061,8120,15600,,2.00,2,0,8224x5140,L,2
6768,16.814,1.338,0.445,0.053,0.000,0.019,0.086,0.000,12.976,0.073,12.851,0.052,8120,15600,,2.00,2,0,8224x5140,L,2
6769,16.606,1.301,0.440,0.056,0.000,0.018,0.082,0.000,13.173,0.080,13.039,0.054,8120,15600,,2.00,2,0,8224x5140,L,2
6770,16.402,1.032,0.383,0.058,0.000,0.016,0.048,0.000,13.048,0.063,12.937,0.048,8120,15600,,2.00,2,0,8224x5140,L,2
6771,16.770,0.799,0.301,0.039,0.000,0.010,0.058,0.000,13.065,0.091,12.925,0.050,8120,15600,,2.00,2,0,8224x5140,L,2
6772,16.542,0.878,0.305,0.063,0.000,0.015,0.050,0.000,13.062,0.075,12.938,0.049,8120,15600,,2.00,2,0,8224x5140,L,2
6773,16.718,0.787,0.290,0.042,0.000,0.011,0.054,0.000,13.221,0.074,13.089,0.059,8120,15600,,2.00,2,0,8224x5140,L,2
6774,16.744,1.007,0.307,0.044,0.000,0.012,0.048,0.000,13.226,0.077,13.098,0.052,8120,15600,,2.00,2,0,8224x5140,L,2
6775,16.540,0.809,0.287,0.038,0.000,0.012,0.044,0.000,13.303,0.082,13.165,0.056,8120,15600,,2.00,2,0,8224x5140,L,2
6776,16.906,0.838,0.283,0.036,0.000,0.011,0.059,0.000,12.995,0.068,12.875,0.052,8120,15600,,2.00,2,0,8224x5140,L,2
6777,16.473,0.798,0.289,0.045,0.000,0.021,0.055,0.000,12.922,0.064,12.804,0.055,8120,15600,,2.00,2,0,8224x5140,L,2
6778,16.655,0.842,0.290,0.048,0.000,0.013,0.043,0.000,12.943,0.069,12.823,0.051,8120,15600,,2.00,2,0,8224x5140,L,2
6779,16.610,0.754,0.309,0.035,0.000,0.010,0.059,0.000,12.956,0.076,12.822,0.058,8120,15600,,2.00,2,0,8224x5140,L,2
6780,16.842,0.753,0.273,0.030,0.000,0.010,0.057,0.000,12.869,0.079,12.738,0.052,8120,15600,,2.00,2,0,8224x5140,L,2
6781,16.619,0.990,0.326,0.066,0.000,0.019,0.074,0.000,13.066,0.071,12.947,0.049,8120,15600,,2.00,2,0,8224x5140,L,2
6782,16.651,1.058,0.347,0.067,0.000,0.017,0.064,0.000,13.072,0.079,12.941,0.052,8120,15600,,2.00,2,0,8224x5140,L,2
6783,16.640,1.029,0.339,0.066,0.000,0.019,0.063,0.000,13.265,0.078,13.130,0.057,8120,15600,,2.00,2,0,8224x5140,L,2
6784,16.672,1.096,0.364,0.071,0.000,0.019,0.068,0.000,13.120,0.082,12.989,0.050,8120,15600,,2.00,2,0,8224x5140,L,2
6785,16.585,1.179,0.323,0.051,0.000,0.014,0.077,0.000,13.218,0.083,13.082,0.053,8120,15600,,2.00,2,0,8224x5140,L,2
6786,16.618,1.015,0.362,0.052,0.000,0.016,0.058,0.000,13.222,0.063,13.099,0.059,8120,15600,,2.00,2,0,8224x5140,L,2
6787,16.586,1.344,0.383,0.050,0.000,0.017,0.062,0.000,13.222,0.077,13.084,0.061,8120,15600,,2.00,2,0,8224x5140,L,2
6788,16.817,1.101,0.397,0.043,0.000,0.019,0.074,0.000,13.160,0.048,13.056,0.056,8120,15600,,2.00,2,0,8224x5140,L,2
6789,16.792,1.317,0.442,0.058,0.000,0.019,0.137,0.000,13.099,0.081,12.958,0.060,8120,15600,,2.00,2,0,8224x5140,L,2
6790,16.464,1.216,0.432,0.052,0.000,0.015,0.075,0.000,13.239,0.089,13.089,0.060,8120,15600,,2.00,2,0,8224x5140,L,2
6791,16.708,1.142,0.428,0.051,0.000,0.018,0.084,0.000,13.162,0.021,13.085,0.057,8120,15600,,2.00,2,0,8224x5140,L,2
6792,16.750,1.366,0.497,0.056,0.000,0.019,0.106,0.000,13.183,0.085,13.037,0.062,8120,15600,,2.00,2,0,8224x5140,L,2
6793,16.634,1.619,0.458,0.073,0.000,0.021,0.103,0.000,13.197,0.092,13.051,0.054,8120,15600,,2.00,2,0,8224x5140,L,2
6794,16.645,1.532,0.433,0.075,0.000,0.020,0.098,0.000,12.848,0.055,12.738,0.056,8120,15600,,2.00,2,0,8224x5140,L,2
6795,16.579,1.179,0.369,0.062,0.000,0.016,0.094,0.000,12.930,0.084,12.793,0.053,8120,15600,,2.00,2,0,8224x5140,L,2
6796,16.581,1.358,0.406,0.063,0.000,0.020,0.065,0.000,12.929,0.069,12.803,0.056,8120,15600,,2.00,2,0,8224x5140,L,2
6797,16.614,1.116,0.367,0.048,0.000,0.017,0.072,0.000,13.256,0.077,13.121,0.059,8120,15600,,2.00,2,0,8224x5140,L,2
6798,16.742,1.298,0.418,0.049,0.000,0.018,0.065,0.000,13.042,0.086,12.901,0.056,8120,15600,,2.00,2,0,8224x5140,L,2
6799,16.672,1.188,0.418,0.046,0.000,0.015,0.086,0.000,13.231,0.081,13.091,0.059,8120,15600,,2.00,2,0,8224x5140,L,2
6800,16.695,1.167,0.427,0.050,0.000,0.018,0.091,0.000,13.092,0.021,13.010,0.061,8120,15600,,2.00,2,0,8224x5140,L,2
6801,16.671,1.381,0.502,0.056,0.000,0.017,0.125,0.000,13.139,0.084,12.999,0.055,8120,15600,,2.00,2,0,8224x5140,L,2
6802,16.603,1.461,0.491,0.075,0.000,0.025,0.063,0.000,13.071,0.087,12.931,0.052,8120,15600,,2.00,2,0,8224x5140,L,2
6803,16.681,0.852,0.344,0.072,0.000,0.020,0.105,0.000,13.079,0.078,12.952,0.049,8120,15600,,2.00,2,0,8224x5140,L,2
6804,16.543,1.002,0.330,0.080,0.000,0.022,0.078,0.000,13.064,0.078,12.936,0.049,8120,15600,,2.00,2,0,8224x5140,L,2
6805,16.658,0.995,0.311,0.071,0.000,0.020,0.073,0.000,13.063,0.080,12.934,0.049,8120,15600,,2.00,2,0,8224x5140,L,2
6806,16.495,0.967,0.307,0.066,0.000,0.018,0.060,0.000,13.069,0.083,12.937,0.049,8120,15600,,2.00,2,0,8224x5140,L,2
6807,16.842,0.859,0.305,0.053,0.000,0.013,0.112,0.000,13.069,0.072,12.948,0.049,8120,15600,,2.00,2,0,8224x5140,L,2
6808,16.671,0.968,0.319,0.076,0.000,0.019,0.070,0.000,13.307,0.076,13.182,0.049,8120,15600,,2.00,2,0,8224x5140,L,2
6809,16.616,0.830,0.314,0.067,0.000,0.017,0.060,0.000,13.407,0.078,13.281,0.049,8120,15600,,2.00,2,0,8224x5140,L,2
6810,16.513,0.952,0.298,0.062,0.000,0.016,0.060,0.000,13.271,0.021,13.201,0.049,8120,15600,,2.00,2,0,8224x5140,L,2
6811,16.394,0.983,0.300,0.055,0.000,0.017,0.061,0.000,13.267,0.074,13.145,0.049,8120,15600,,2.00,2,0,8224x5140,L,2
6812,16.581,0.814,0.286,0.045,0.000,0.014,0.060,0.000,13.391,0.021,13.321,0.050,8120,15600,,2.00,2,0,8224x5140,L,2
6813,16.545,0.863,0.304,0.050,0.000,0.014,0.067,0.000,13.443,0.082,13.299,0.061,8120,15600,,2.00,2,0,8224x5140,L,2
6814,16.588,0.776,0.290,0.051,0.000,0.014,0.061,0.000,13.265,0.020,13.189,0.055,8120,15600,,2.00,2,0,8224x5140,L,2
6815,16.449,1.005,0.308,0.048,0.000,0.013,0.054,0.000,13.412,0.079,13.276,0.057,8120,15600,,2.00,2,0,8224x5140,L,2
6816,16.554,0.765,0.321,0.044,0.000,0.013,0.054,0.000,13.460,0.070,13.337,0.053,8120,15600,,2.00,2,0,8224x5140,L,2
6817,16.504,0.745,0.284,0.037,0.000,0.011,0.068,0.000,13.396,0.077,13.268,0.051,8120,15600,,2.00,2,0,8224x5140,L,2
6818,16.640,0.875,0.285,0.036,0.000,0.012,0.038,0.000,13.218,0.060,13.108,0.051,8120,15600,,2.00,2,0,8224x5140,L,2
6819,16.570,0.758,0.286,0.032,0.000,0.011,0.047,0.000,13.250,0.086,13.107,0.056,8120,15600,,2.00,2,0,8224x5140,L,2
6820,16.693,0.803,0.325,0.038,0.000,0.012,0.057,0.000,12.958,0.063,12.836,0.059,8120,15600,,2.00,2,0,8224x5140,L,2
6821,16.557,1.007,0.291,0.045,0.000,0.014,0.071,0.000,12.925,0.090,12.786,0.049,8120,15600,,2.00,2,0,8224x5140,L,2
6822,16.323,0.988,0.298,0.065,0.000,0.017,0.061,0.000,12.861,0.063,12.749,0.049,8120,15600,,2.00,2,0,8224x5140,L,2
6823,16.612,0.960,0.290,0.046,0.000,0.012,0.047,0.000,12.862,0.073,12.740,0.049,8120,15600,,2.00,2,0,8224x5140,L,2
6824,16.699,0.748,0.288,0.038,0.000,0.012,0.054,0.000,12.855,0.077,12.729,0.049,8120,15600,,2.00,2,0,8224x5140,L,2
6825,16.586,0.747,0.284,0.049,0.000,0.013,0.049,0.000,12.965,0.075,12.834,0.056,8120,15600,,2.00,2,0,8224x5140,L,2
6826,16.676,0.779,0.283,0.037,0.000,0.010,0.077,0.000,12.927,0.079,12.799,0.049,8120,15600,,2.00,2,0,8224x5140,L,2
6827,16.664,0.751,0.278,0.034,0.000,0.010,0.067,0.000,13.037,0.076,12.901,0.059,8120,15600,,2.00,2,0,8224x5140,L,2
6828,16.647,0.922,0.318,0.039,0.000,0.013,0.045,0.000,12.969,0.088,12.822,0.060,8120,15600,,2.00,2,0,8224x5140,L,2
6829,16.634,0.827,0.284,0.033,0.000,0.012,0.038,0.000,13.020,0.068,12.892,0.059,8120,15600,,2.00,2,0,8224x5140,L,2
6830,16.673,0.765,0.296,0.031,0.000,0.009,0.047,0.000,12.999,0.071,12.872,0.056,8120,15600,,2.00,2,0,8224x5140,L,2
6831,16.681,0.750,0.299,0.028,0.000,0.010,0.068,0.000,13.022,0.075,12.891,0.056,8120,15600,,2.00,2,0,8224x5140,L,2
6832,16.611,0.751,0.336,0.037,0.000,0.012,0.043,0.000,13.018,0.090,12.868,0.059,8120,15600,,2.00,2,0,8224x5140,L,2
6833,16.697,0.752,0.305,0.032,0.000,0.012,0.051,0.000,12.947,0.081,12.810,0.056,8120,15600,,2.00,2,0,8224x5140,L,2
6834,16.651,0.847,0.343,0.035,0.000,0.012,0.058,0.000,13.033,0.088,12.890,0.055,8120,15600,,2.00,2,0,8224x5140,L,2
6835,16.460,0.795,0.327,0.038,0.000,0.012,0.040,0.000,13.359,0.087,13.215,0.057,8120,15600,,2.00,2,0,8224x5140,L,2
6836,16.659,0.740,0.291,0.032,0.000,0.011,0.070,0.000,13.248,0.076,13.120,0.052,8120,15600,,2.00,2,0,8224x5140,L,2
6837,16.442,0.803,0.296,0.054,0.000,0.015,0.066,0.000,13.152,0.076,13.024,0.052,8120,15600,,2.00,2,0,8224x5140,L,2
6838,16.504,0.720,0.330,0.035,0.000,0.014,0.037,0.000,13.177,0.079,13.041,0.058,8120,15600,,2.00,2,0,8224x5140,L,2
6839,16.631,0.732,0.280,0.033,0.000,0.013,0.050,0.000,13.200,0.091,13.048,0.060,8120,15600,,2.00,2,0,8224x5140,L,2
6840,16.484,0.745,0.281,0.031,0.000,0.010,0.054,0.000,13.303,0.064,13.175,0.063,8120,15600,,2.00,2,0,8224x5140,L,2
6841,16.567,0.736,0.287,0.032,0.000,0.010,0.037,0.000,13.031,0.023,12.952,0.056,8120,15600,,2.00,2,0,8224x5140,L,2
6842,16.570,0.797,0.286,0.031,0.000,0.013,0.042,0.000,13.039,0.084,12.898,0.058,8120,15600,,2.00,2,0,8224x5140,L,2
6843,16.759,0.748,0.280,0.029,0.000,0.010,0.082,0.000,12.890,0.080,12.757,0.053,8120,15600,,2.00,2,0,8224x5140,L,2
6844,16.380,0.765,0.347,0.058,0.000,0.016,0.060,0.000,12.931,0.085,12.790,0.056,8120,15600,,2.00,2,0,8224x5140,L,2
6845,16.610,0.754,0.275,0.046,0.000,0.011,0.053,0.000,13.030,0.097,12.877,0.056,8120,15600,,2.00,2,0,8224x5140,L,2
6846,16.632,0.905,0.322,0.040,0.000,0.014,0.060,0.000,13.030,0.081,12.896,0.053,8120,15600,,2.00,2,0,8224x5140,L,2
6847,16.578,0.897,0.326,0.037,0.000,0.014,0.055,0.000,13.135,0.090,12.990,0.055,8120,15600,,2.00,2,0,8224x5140,L,2
6848,16.564,0.842,0.322,0.038,0.000,0.017,0.044,0.000,13.250,0.078,13.121,0.051,8120,15600,,2.00,2,0,8224x5140,L,2
6849,16.485,0.850,0.325,0.036,0.000,0.012,0.064,0.000,13.245,0.085,13.101,0.059,8120,15600,,2.00,2,0,8224x5140,L,2
6850,16.718,0.745,0.299,0.035,0.000,0.013,0.054,0.000,13.051,0.064,12.929,0.057,8120,15600,,2.00,2,0,8224x5140,L,2
6851,16.459,0.747,0.310,0.033,0.000,0.011,0.045,0.000,12.970,0.085,12.824,0.061,8120,15600,,2.00,2,0,8224x5140,L,2
6852,16.590,0.758,0.286,0.036,0.000,0.023,0.037,0.000,13.062,0.059,12.947,0.056,8120,15600,,2.00,2,0,8224x5140,L,2
6853,16.567,0.771,0.298,0.033,0.000,0.011,0.057,0.000,12.970,0.103,12.805,0.062,8120,15600,,2.00,2,0,8224x5140,L,2
6854,16.541,0.731,0.305,0.031,0.000,0.011,0.047,0.000,12.961,0.090,12.809,0.062,8120,15600,,2.00,2,0,8224x5140,L,2
6855,16.604,0.764,0.291,0.030,0.000,0.012,0.083,0.000,13.031,0.089,12.887,0.055,8120,15600,,2.00,2,0,8224x5140,L,2
6856,16.483,0.723,0.336,0.031,0.000,0.010,0.043,0.000,13.088,0.100,12.930,0.058,8120,15600,,2.00,2,0,8224x5140,L,2
6857,14.995,0.738,0.294,0.033,0.000,0.011,0.038,0.000,13.056,0.067,12.930,0.060,8120,15600,,2.00,2,0,8224x5140,L,2
6858,18.440,0.730,0.279,0.029,0.000,0.013,0.053,0.000,12.751,0.079,12.612,0.060,8120,15600,,2.00,2,0,8224x5140,L,2
6859,16.669,0.733,0.332,0.036,0.000,0.011,0.102,0.000,11.676,0.085,11.531,0.059,8120,15600,,2.00,2,0,8224x5140,L,2
6860,16.692,0.736,0.322,0.038,0.000,0.011,0.063,0.000,11.670,0.088,11.526,0.057,8120,15600,,2.00,2,0,8224x5140,L,2
6861,16.318,0.795,0.363,0.045,0.000,0.014,0.056,0.000,11.515,0.090,11.373,0.053,8120,15600,,2.00,2,0,8224x5140,L,2
6862,16.482,0.732,0.293,0.064,0.000,0.017,0.050,0.000,11.271,0.062,11.162,0.047,8120,15600,,2.00,2,0,8224x5140,L,2
6863,16.774,0.713,0.304,0.066,0.000,0.019,0.064,0.000,11.173,0.065,11.055,0.052,8120,15600,,2.00,2,0,8224x5140,L,2
6864,16.189,0.912,0.301,0.063,0.000,0.017,0.061,0.000,11.072,0.062,10.963,0.047,8120,15600,,2.00,2,0,8224x5140,L,2
6865,16.564,0.818,0.277,0.045,0.000,0.012,0.055,0.000,11.083,0.062,10.974,0.047,8120,15600,,2.00,2,0,8224x5140,L,2
6866,16.512,0.862,0.312,0.043,0.000,0.013,0.067,0.000,10.916,0.063,10.806,0.047,8120,15600,,2.00,2,0,8224x5140,L,2
6867,16.741,0.785,0.292,0.035,0.000,0.011,0.046,0.000,10.896,0.067,10.781,0.048,8120,15600,,2.00,2,0,8224x5140,L,2
6868,16.558,0.750,0.291,0.035,0.000,0.011,0.064,0.000,10.708,0.071,10.590,0.047,8120,15600,,2.00,2,0,8224x5140,L,2
6869,16.589,0.814,0.304,0.048,0.000,0.019,0.051,0.000,10.751,0.065,10.636,0.050,8120,15600,,2.00,2,0,8224x5140,L,2
6870,16.375,0.780,0.298,0.040,0.000,0.012,0.052,0.000,10.726,0.068,10.609,0.049,8120,15600,,2.00,2,0,8224x5140,L,2
6871,16.569,0.772,0.308,0.038,0.000,0.012,0.075,0.000,10.532,0.068,10.415,0.048,8120,15600,,2.00,2,0,8224x5140,L,2
6872,12.899,0.749,0.338,0.048,0.000,0.015,0.056,0.000,10.531,0.069,10.414,0.047,8120,15600,,2.00,2,0,8224x5140,L,2
6873,20.221,0.975,0.298,0.046,0.000,0.015,0.053,0.000,10.613,0.070,10.496,0.046,8120,15600,,2.00,2,0,8224x5140,L,2
6874,16.511,0.755,0.295,0.056,0.000,0.019,0.056,0.000,10.188,0.067,10.075,0.046,8120,15600,,2.00,2,0,8224x5140,L,2
6875,16.537,0.810,0.275,0.038,0.000,0.016,0.046,0.000,10.186,0.069,10.070,0.047,8120,15600,,2.00,2,0,8224x5140,L,2
6876,16.670,0.749,0.320,0.032,0.000,0.010,0.070,0.000,10.176,0.067,10.063,0.046,8120,15600,,2.00,2,0,8224x5140,L,2
6877,16.626,0.936,0.293,0.039,0.000,0.017,0.054,0.000,10.248,0.066,10.125,0.056,8120,15600,,2.00,2,0,8224x5140,L,2
6878,16.583,0.783,0.281,0.037,0.000,0.012,0.047,0.000,10.231,0.055,10.121,0.054,8120,15600,,2.00,2,0,8224x5140,L,2
6879,16.415,0.779,0.269,0.031,0.000,0.010,0.046,0.000,10.254,0.069,10.127,0.058,8120,15600,,2.00,2,0,8224x5140,L,2
6880,16.830,0.774,0.273,0.030,0.000,0.010,0.054,0.000,10.238,0.066,10.117,0.056,8120,15600,,2.00,2,0,8224x5140,L,2
6881,16.474,0.758,0.291,0.031,0.000,0.011,0.049,0.000,10.243,0.062,10.131,0.050,8120,15600,,2.00,2,0,8224x5140,L,2
6882,16.470,0.748,0.315,0.033,0.000,0.010,0.039,0.000,10.402,0.077,10.273,0.053,8120,15600,,2.00,2,0,8224x5140,L,2
6883,16.685,0.757,0.302,0.032,0.000,0.012,0.046,0.000,10.392,0.076,10.263,0.053,8120,15600,,2.00,2,0,8224x5140,L,2
6884,16.724,0.739,0.302,0.028,0.000,0.012,0.061,0.000,10.577,0.080,10.444,0.053,8120,15600,,2.00,2,0,8224x5140,L,2
6885,16.370,0.747,0.313,0.039,0.000,0.012,0.079,0.000,10.754,0.078,10.623,0.053,8120,15600,,2.00,2,0,8224x5140,L,2
6886,16.604,0.748,0.313,0.033,0.000,0.010,0.066,0.000,10.745,0.084,10.606,0.055,8120,15600,,2.00,2,0,8224x5140,L,2
6887,16.453,0.826,0.318,0.038,0.000,0.015,0.049,0.000,10.956,0.086,10.815,0.054,8120,15600,,2.00,2,0,8224x5140,L,2
6888,16.644,0.765,0.295,0.035,0.000,0.011,0.054,0.000,11.304,0.079,11.171,0.054,8120,15600,,2.00,2,0,8224x5140,L,2
6889,16.609,0.736,0.343,0.031,0.000,0.011,0.054,0.000,11.585,0.081,11.449,0.055,8120,15600,,2.00,2,0,8224x5140,L,2
6890,16.550,0.742,0.319,0.031,0.000,0.011,0.050,0.000,11.660,0.080,11.523,0.058,8120,15600,,2.00,2,0,8224x5140,L,2
6891,16.764,0.751,0.313,0.029,0.000,0.011,0.078,0.000,11.757,0.090,11.611,0.057,8120,15600,,2.00,2,0,8224x5140,L,2
6892,16.397,0.778,0.318,0.042,0.000,0.014,0.071,0.000,11.704,0.097,11.554,0.053,8120,15600,,2.00,2,0,8224x5140,L,2
6893,16.532,0.733,0.341,0.036,0.000,0.011,0.049,0.000,11.647,0.067,11.529,0.052,8120,15600,,2.00,2,0,8224x5140,L,2
6894,16.514,0.760,0.319,0.032,0.000,0.014,0.059,0.000,11.766,0.090,11.620,0.056,8120,15600,,2.00,2,0,8224x5140,L,2
6895,16.621,1.026,0.333,0.044,0.000,0.014,0.054,0.000,12.210,0.104,12.051,0.055,8120,15600,,2.00,2,0,8224x5140,L,2
6896,16.514,0.738,0.297,0.034,0.000,0.011,0.060,0.000,12.467,0.091,12.325,0.051,8120,15600,,2.00,2,0,8224x5140,L,2
6897,16.420,0.801,0.292,0.045,0.000,0.013,0.072,0.000,12.974,0.087,12.835,0.052,8120,15600,,2.00,2,0,8224x5140,L,2
6898,16.781,0.816,0.317,0.042,0.000,0.015,0.085,0.000,13.066,0.072,12.938,0.056,8120,15600,,2.00,2,0,8224x5140,L,2
6899,16.344,0.724,0.316,0.062,0.000,0.019,0.057,0.000,13.371,0.071,13.241,0.059,8120,15600,,2.00,2,0,8224x5140,L,2
6900,16.501,0.976,0.294,0.043,0.000,0.012,0.051,0.000,13.188,0.045,13.084,0.059,8120,15600,,2.00,2,0,8224x5140,L,2
6901,16.504,0.811,0.317,0.037,0.000,0.018,0.058,0.000,13.257,0.085,13.119,0.053,8120,15600,,2.00,2,0,8224x5140,L,2
6902,16.673,0.972,0.291,0.039,0.000,0.014,0.062,0.000,13.183,0.074,13.052,0.058,8120,15600,,2.00,2,0,8224x5140,L,2
6903,16.477,0.766,0.275,0.033,0.000,0.011,0.042,0.000,13.319,0.070,13.197,0.052,8120,15600,,2.00,2,0,8224x5140,L,2
6904,17.013,0.742,0.276,0.028,0.000,0.010,0.145,0.000,13.051,0.073,12.928,0.050,8120,15600,,2.00,2,0,8224x5140,L,2
6905,16.602,0.978,0.325,0.074,0.000,0.021,0.085,0.000,13.451,0.079,13.323,0.049,8120,15600,,2.00,2,0,8224x5140,L,2
6906,16.324,0.825,0.310,0.055,0.000,0.017,0.051,0.000,13.453,0.082,13.311,0.060,8120,15600,,2.00,2,0,8224x5140,L,2
6907,16.387,0.756,0.278,0.038,0.000,0.012,0.066,0.000,12.957,0.045,12.858,0.054,8120,15600,,2.00,2,0,8224x5140,L,2
6908,16.476,0.961,0.295,0.050,0.000,0.014,0.070,0.000,12.964,0.072,12.839,0.052,8120,15600,,2.00,2,0,8224x5140,L,2
6909,16.639,0.740,0.297,0.038,0.000,0.012,0.094,0.000,12.944,0.067,12.824,0.053,8120,15600,,2.00,2,0,8224x5140,L,2
6910,16.481,0.810,0.276,0.033,0.000,0.011,0.051,0.000,13.047,0.079,12.905,0.063,8120,15600,,2.00,2,0,8224x5140,L,2
6911,16.668,0.953,0.282,0.041,0.000,0.014,0.063,0.000,12.912,0.075,12.785,0.052,8120,15600,,2.00,2,0,8224x5140,L,2
6912,16.400,0.805,0.299,0.061,0.000,0.015,0.052,0.000,12.912,0.068,12.790,0.055,8120,15600,,2.00,2,0,8224x5140,L,2
6913,16.651,0.776,0.300,0.040,0.000,0.013,0.058,0.000,12.957,0.090,12.807,0.060,8120,15600,,2.00,2,0,8224x5140,L,2
6914,16.528,0.855,0.488,0.043,0.000,0.017,0.070,0.000,12.963,0.068,12.838,0.056,8120,15600,,2.00,2,0,8224x5140,L,2
6915,16.399,1.030,0.332,0.046,0.000,0.015,0.051,0.000,12.961,0.077,12.828,0.056,8120,15600,,2.00,2,0,8224x5140,L,2
6916,16.550,0.854,0.291,0.035,0.000,0.016,0.049,0.000,13.036,0.073,12.909,0.054,8120,15600,,2.00,2,0,8224x5140,L,2
6917,16.685,0.769,0.296,0.031,0.000,0.014,0.073,0.000,12.954,0.084,12.812,0.057,8120,15600,,2.00,2,0,8224x5140,L,2
6918,16.726,0.737,0.303,0.051,0.000,0.015,0.069,0.000,12.919,0.073,12.793,0.052,8120,15600,,2.00,2,0,8224x5140,L,2
6919,16.425,0.817,0.288,0.056,0.000,0.015,0.061,0.000,12.908,0.086,12.771,0.050,8120,15600,,2.00,2,0,8224x5140,L,2
6920,16.575,0.820,0.321,0.061,0.000,0.018,0.066,0.000,12.865,0.088,12.727,0.050,8120,15600,,2.00,2,0,8224x5140,L,2
6921,16.539,0.766,0.337,0.071,0.000,0.020,0.076,0.000,12.960,0.073,12.837,0.049,8120,15600,,2.00,2,0,8224x5140,L,2
6922,16.335,0.978,0.323,0.077,0.000,0.020,0.074,0.000,12.862,0.082,12.729,0.051,8120,15600,,2.00,2,0,8224x5140,L,2
6923,16.575,0.773,0.310,0.077,0.000,0.020,0.068,0.000,13.156,0.078,13.029,0.049,8120,15600,,2.00,2,0,8224x5140,L,2
6924,16.440,0.895,0.323,0.075,0.000,0.022,0.093,0.000,13.066,0.079,12.938,0.049,8120,15600,,2.00,2,0,8224x5140,L,2
6925,16.407,0.918,0.342,0.076,0.000,0.026,0.066,0.000,13.062,0.081,12.932,0.050,8120,15600,,2.00,2,0,8224x5140,L,2
6926,16.425,0.817,0.331,0.073,0.000,0.022,0.066,0.000,13.064,0.079,12.936,0.049,8120,15600,,2.00,2,0,8224x5140,L,2
6927,16.527,0.758,0.324,0.067,0.000,0.020,0.067,0.000,13.064,0.077,12.937,0.050,8120,15600,,2.00,2,0,8224x5140,L,2
6928,16.453,0.958,0.315,0.068,0.000,0.020,0.062,0.000,13.066,0.075,12.939,0.051,8120,15600,,2.00,2,0,8224x5140,L,2
6929,16.588,0.943,0.301,0.063,0.000,0.022,0.088,0.000,13.271,0.080,13.141,0.050,8120,15600,,2.00,2,0,8224x5140,L,2
6930,16.397,0.989,0.332,0.080,0.000,0.022,0.088,0.000,13.273,0.084,13.139,0.049,8120,15600,,2.00,2,0,8224x5140,L,2
6931,16.462,0.787,0.314,0.065,0.000,0.020,0.076,0.000,13.275,0.050,13.174,0.051,8120,15600,,2.00,2,0,8224x5140,L,2
6932,16.485,0.880,0.325,0.068,0.000,0.021,0.067,0.000,13.268,0.076,13.142,0.049,8120,15600,,2.00,2,0,8224x5140,L,2
6933,16.426,0.816,0.316,0.072,0.000,0.018,0.098,0.000,13.438,0.021,13.366,0.050,8120,15600,,2.00,2,0,8224x5140,L,2
6934,16.541,0.798,0.307,0.059,0.000,0.018,0.062,0.000,13.335,0.020,13.261,0.053,8120,15600,,2.00,2,0,8224x5140,L,2
6935,16.563,0.756,0.299,0.056,0.000,0.016,0.065,0.000,13.405,0.021,13.332,0.053,8120,15600,,2.00,2,0,8224x5140,L,2
6936,16.605,0.968,0.349,0.068,0.000,0.019,0.065,0.000,13.471,0.073,13.346,0.052,8120,15600,,2.00,2,0,8224x5140,L,2
6937,16.364,0.804,0.301,0.066,0.000,0.015,0.074,0.000,13.440,0.068,13.319,0.053,8120,15600,,2.00,2,0,8224x5140,L,2
6938,16.574,0.923,0.330,0.070,0.000,0.019,0.067,0.000,13.410,0.066,13.292,0.052,8120,15600,,2.00,2,0,8224x5140,L,2
6939,16.384,0.791,0.299,0.056,0.000,0.017,0.052,0.000,13.476,0.072,13.354,0.050,8120,15600,,2.00,2,0,8224x5140,L,2
6940,16.572,0.732,0.325,0.058,0.000,0.016,0.063,0.000,13.209,0.021,13.138,0.050,8120,15600,,2.00,2,0,8224x5140,L,2
6941,16.522,0.751,0.290,0.058,0.000,0.017,0.061,0.000,13.269,0.087,13.133,0.049,8120,15600,,2.00,2,0,8224x5140,L,2
6942,16.496,0.738,0.295,0.056,0.000,0.015,0.058,0.000,13.271,0.082,13.140,0.050,8120,15600,,2.00,2,0,8224x5140,L,2
6943,16.514,0.706,0.296,0.052,0.000,0.015,0.057,0.000,13.242,0.063,13.130,0.049,8120,15600,,2.00,2,0,8224x5140,L,2
6944,16.550,0.714,0.328,0.053,0.000,0.015,0.066,0.000,13.270,0.075,13.145,0.049,8120,15600,,2.00,2,0,8224x5140,L,2
6945,16.469,0.781,0.327,0.065,0.000,0.020,0.055,0.000,13.240,0.021,13.173,0.047,8120,15600,,2.00,2,0,8224x5140,L,2
6946,16.475,0.735,0.309,0.059,0.000,0.017,0.060,0.000,13.269,0.084,13.137,0.048,8120,15600,,2.00,2,0,8224x5140,L,2
6947,16.642,0.723,0.288,0.055,0.000,0.015,0.096,0.000,13.437,0.076,13.309,0.052,8120,15600,,2.00,2,0,8224x5140,L,2
6948,16.477,0.840,0.311,0.065,0.000,0.017,0.054,0.000,13.452,0.021,13.382,0.049,8120,15600,,2.00,2,0,8224x5140,L,2
6949,16.485,0.758,0.303,0.053,0.000,0.016,0.047,0.000,13.373,0.021,13.299,0.053,8120,15600,,2.00,2,0,8224x5140,L,2
6950,16.870,0.717,0.303,0.046,0.000,0.013,0.071,0.000,13.335,0.020,13.250,0.064,8120,15600,,2.00,2,0,8224x5140,L,2
6951,16.727,1.005,0.327,0.075,0.000,0.020,0.073,0.000,13.277,0.021,13.206,0.051,8120,15600,,2.00,2,0,8224x5140,L,2
6952,18.731,0.908,0.310,0.070,0.000,0.019,0.060,0.000,19.361,3.743,15.559,0.058,8120,15600,,2.00,2,0,8224x5140,L,2
6953,15.241,0.963,0.294,0.050,0.000,0.013,0.049,0.000,13.132,0.063,13.017,0.052,8120,15600,,2.00,2,0,8224x5140,L,2
6954,15.086,0.817,0.283,0.041,0.000,0.012,0.070,0.000,12.764,0.070,12.638,0.056,8120,15600,,2.00,2,0,8224x5140,L,2
6955,16.738,0.903,0.301,0.048,0.000,0.016,0.059,0.000,12.003,0.067,11.884,0.053,8120,15600,,2.00,2,0,8224x5140,L,2
6956,16.654,0.831,0.282,0.035,0.000,0.012,0.074,0.000,11.506,0.071,11.389,0.047,8120,15600,,2.00,2,0,8224x5140,L,2
6957,16.356,0.977,0.312,0.048,0.000,0.019,0.109,0.000,11.318,0.061,11.207,0.049,8120,15600,,2.00,2,0,8224x5140,L,2
6958,16.443,0.880,0.305,0.047,0.000,0.014,0.047,0.000,13.866,0.064,13.747,0.054,8120,15600,,2.00,2,0,8224x5140,L,2
6959,16.643,0.758,0.275,0.037,0.000,0.011,0.047,0.000,11.150,0.059,11.037,0.054,8120,15600,,2.00,2,0,8224x5140,L,2
6960,16.515,0.742,0.294,0.031,0.000,0.012,0.056,0.000,10.405,0.064,10.288,0.053,8120,15600,,2.00,2,0,8224x5140,L,2
6961,16.420,0.980,0.305,0.037,0.000,0.013,0.043,0.000,10.232,0.057,10.119,0.055,8120,15600,,2.00,2,0,8224x5140,L,2
6962,12.803,0.801,0.318,0.034,0.000,0.013,0.038,0.000,10.215,0.069,10.097,0.049,8120,15600,,2.00,2,0,8224x5140,L,2
6963,20.554,0.760,0.272,0.033,0.000,0.009,0.048,0.000,9.920,0.059,9.814,0.047,8120,15600,,2.00,2,0,8224x5140,L,2
6964,16.477,0.737,0.277,0.034,0.000,0.010,0.046,0.000,9.928,0.059,9.825,0.044,8120,15600,,2.00,2,0,8224x5140,L,2
6965,16.782,0.732,0.277,0.033,0.000,0.010,0.053,0.000,9.733,0.061,9.622,0.049,8120,15600,,2.00,2,0,8224x5140,L,2
6966,16.530,0.797,0.284,0.037,0.000,0.012,0.042,0.000,9.556,0.069,9.439,0.049,8120,15600,,2.00,2,0,8224x5140,L,2
6967,16.619,0.761,0.291,0.033,0.000,0.011,0.057,0.000,9.379,0.054,9.279,0.046,8120,15600,,2.00,2,0,8224x5140,L,2
6968,16.514,0.744,0.286,0.029,0.000,0.010,0.036,0.000,9.191,0.058,9.085,0.048,8120,15600,,2.00,2,0,8224x5140,L,2
6969,16.622,0.734,0.278,0.032,0.000,0.009,0.040,0.000,9.131,0.059,9.024,0.048,8120,15600,,2.00,2,0,8224x5140,L,2
6970,16.592,0.789,0.315,0.031,0.000,0.010,0.049,0.000,9.146,0.059,9.039,0.048,8120,15600,,2.00,2,0,8224x5140,L,2
6971,16.771,0.796,0.306,0.028,0.000,0.010,0.064,0.000,9.155,0.064,9.046,0.045,8120,15600,,2.00,2,0,8224x5140,L,2
6972,16.424,0.908,0.338,0.040,0.000,0.014,0.060,0.000,9.181,0.060,9.074,0.047,8120,15600,,2.00,2,0,8224x5140,L,2
6973,16.652,0.836,0.313,0.035,0.000,0.012,0.082,0.000,9.161,0.076,9.040,0.045,8120,15600,,2.00,2,0,8224x5140,L,2
6974,16.463,0.820,0.340,0.042,0.000,0.012,0.058,0.000,9.156,0.054,9.057,0.046,8120,15600,,2.00,2,0,8224x5140,L,2
6975,16.406,0.809,0.310,0.034,0.000,0.012,0.068,0.000,9.145,0.057,9.042,0.046,8120,15600,,2.00,2,0,8224x5140,L,2
6976,11.739,0.799,0.326,0.032,0.000,0.011,0.052,0.000,9.127,0.051,9.027,0.049,8120,15600,,2.00,2,0,8224x5140,L,2
6977,21.398,0.832,0.348,0.038,0.000,0.011,0.061,0.000,9.157,0.069,9.043,0.044,8120,15600,,2.00,2,0,8224x5140,L,2
6978,16.525,0.702,0.298,0.058,0.000,0.014,0.046,0.000,9.115,0.059,9.012,0.044,8120,15600,,2.00,2,0,8224x5140,L,2
6979,16.611,0.707,0.312,0.039,0.000,0.010,0.051,0.000,9.103,0.056,9.002,0.045,8120,15600,,2.00,2,0,8224x5140,L,2
6980,16.826,0.702,0.274,0.032,0.000,0.010,0.051,0.000,9.111,0.051,9.011,0.049,8120,15600,,2.00,2,0,8224x5140,L,2
6981,16.498,0.767,0.290,0.043,0.000,0.012,0.038,0.000,11.485,0.058,11.374,0.052,8120,15600,,2.00,2,0,8224x5140,L,2
6982,16.431,0.743,0.294,0.036,0.000,0.011,0.066,0.000,9.365,0.061,9.259,0.045,8120,15600,,2.00,2,0,8224x5140,L,2
6983,16.659,0.698,0.342,0.061,0.000,0.017,0.057,0.000,9.553,0.057,9.450,0.047,8120,15600,,2.00,2,0,8224x5140,L,2
6984,16.345,0.739,0.338,0.062,0.000,0.017,0.059,0.000,9.734,0.055,9.635,0.044,8120,15600,,2.00,2,0,8224x5140,L,2
6985,16.557,0.742,0.281,0.047,0.000,0.012,0.046,0.000,10.070,0.055,9.970,0.045,8120,15600,,2.00,2,0,8224x5140,L,2
6986,16.586,0.727,0.305,0.045,0.000,0.011,0.064,0.000,10.184,0.062,10.076,0.045,8120,15600,,2.00,2,0,8224x5140,L,2
6987,16.515,0.982,0.310,0.049,0.000,0.018,0.069,0.000,10.182,0.054,10.081,0.046,8120,15600,,2.00,2,0,8224x5140,L,2
6988,16.779,0.784,0.314,0.038,0.000,0.013,0.064,0.000,10.181,0.060,10.073,0.047,8120,15600,,2.00,2,0,8224x5140,L,2
6989,16.365,0.822,0.306,0.039,0.000,0.012,0.056,0.000,10.208,0.054,10.105,0.048,8120,15600,,2.00,2,0,8224x5140,L,2
6990,16.601,0.732,0.321,0.041,0.000,0.012,0.066,0.000,10.367,0.066,10.254,0.047,8120,15600,,2.00,2,0,8224x5140,L,2
6991,16.650,0.784,0.307,0.044,0.000,0.017,0.052,0.000,10.586,0.066,10.473,0.047,8120,15600,,2.00,2,0,8224x5140,L,2
6992,16.408,0.797,0.300,0.039,0.000,0.013,0.047,0.000,11.082,0.073,10.962,0.047,8120,15600,,2.00,2,0,8224x5140,L,2
6993,16.596,0.768,0.280,0.039,0.000,0.012,0.056,0.000,11.589,0.071,11.470,0.048,8120,15600,,2.00,2,0,8224x5140,L,2
6994,16.710,0.719,0.324,0.046,0.000,0.017,0.054,0.000,11.630,0.068,11.510,0.052,8120,15600,,2.00,2,0,8224x5140,L,2
6995,16.400,0.727,0.287,0.032,0.000,0.010,0.058,0.000,11.651,0.076,11.521,0.054,8120,15600,,2.00,2,0,8224x5140,L,2
6996,15.154,0.701,0.330,0.051,0.000,0.020,0.075,0.000,11.882,0.091,11.542,0.249,8120,15600,,2.00,2,0,8224x5140,L,2
6997,15.522,0.963,0.303,0.074,0.000,0.016,0.059,0.000,12.185,0.021,12.069,0.095,8120,15600,,2.00,2,0,8224x5140,L,2
6998,15.995,0.845,0.321,0.059,0.000,0.019,0.074,0.000,12.158,0.079,12.031,0.048,8120,15600,,2.00,2,0,8224x5140,L,2
6999,16.699,0.965,0.294,0.050,0.000,0.013,0.050,0.000,12.860,0.070,12.741,0.049,8120,15600,,2.00,2,0,8224x5140,L,2
7000,16.655,0.832,0.286,0.044,0.000,0.011,0.039,0.000,13.278,0.074,13.149,0.055,8120,15600,,2.00,2,0,8224x5140,L,2
7001,16.674,0.737,0.317,0.044,0.000,0.012,0.064,0.000,13.250,0.047,13.151,0.053,8120,15600,,2.00,2,0,8224x5140,L,2
7002,16.654,0.974,0.313,0.060,0.000,0.016,0.064,0.000,13.473,0.089,13.331,0.053,8120,15600,,2.00,2,0,8224x5140,L,2
7003,16.638,0.794,0.338,0.061,0.000,0.015,0.103,0.000,13.418,0.021,13.345,0.052,8120,15600,,2.00,2,0,8224x5140,L,2
7004,16.672,0.938,0.303,0.046,0.000,0.012,0.072,0.000,13.401,0.060,13.289,0.052,8120,15600,,2.00,2,0,8224x5140,L,2
7005,16.543,0.844,0.297,0.060,0.000,0.016,0.052,0.000,13.510,0.077,13.381,0.052,8120,15600,,2.00,2,0,8224x5140,L,2
7006,16.820,0.764,0.325,0.044,0.000,0.012,0.151,0.000,13.410,0.060,13.294,0.056,8120,15600,,2.00,2,0,8224x5140,L,2
7007,16.505,0.957,0.318,0.050,0.000,0.014,0.055,0.000,13.478,0.089,13.329,0.061,8120,15600,,2.00,2,0,8224x5140,L,2
7008,16.665,1.021,0.297,0.050,0.000,0.014,0.055,0.000,13.386,0.051,13.283,0.052,8120,15600,,2.00,2,0,8224x5140,L,2
7009,16.852,0.782,0.290,0.041,0.000,0.012,0.080,0.000,13.468,0.071,13.347,0.051,8120,15600,,2.00,2,0,8224x5140,L,2
