frame,cpu_frame_ms,cpu_physics_ms,cpu_mesh_ms,cpu_egui_ms,cpu_check_win_ms,cpu_shadow_segs_ms,cpu_submit_ms,cpu_celebration_ms,gpu_total_ms,gpu_shadow_ms,gpu_hdr_ms,gpu_bloom_ms,rope_verts,rope_tris,event,render_scale,render_mode,dragging,render_size,skip,table_shadow_mode
391,65.796,3.278,0.299,0.185,0.000,0.019,0.072,0.000,63.508,0.013,63.447,0.048,8120,15600,,2.00,2,0,8224x5140,S,0
392,65.587,3.396,0.343,0.222,0.000,0.023,0.056,0.000,63.538,0.014,63.482,0.042,8120,15600,,2.00,2,0,8224x5140,S,0
393,66.415,2.372,0.226,0.090,0.000,0.018,0.059,0.000,63.538,0.013,63.477,0.048,8120,15600,,2.00,2,0,8224x5140,S,0
394,66.552,2.492,0.276,0.077,0.000,0.023,0.057,0.000,63.531,0.013,63.471,0.046,8120,15600,,2.00,2,0,8224x5140,S,0
395,65.701,2.545,0.280,0.071,0.000,0.022,0.060,0.000,63.555,0.014,63.495,0.046,8120,15600,,2.00,2,0,8224x5140,S,0
396,66.226,2.909,0.296,0.067,0.000,0.021,0.067,0.000,63.598,0.014,63.536,0.048,8120,15600,,2.00,2,0,8224x5140,S,0
397,65.449,3.245,0.321,0.075,0.000,0.021,0.052,0.000,63.515,0.013,63.455,0.046,8120,15600,,2.00,2,0,8224x5140,S,0
398,65.545,2.473,0.238,0.047,0.000,0.014,0.056,0.000,63.526,0.014,63.464,0.048,8120,15600,,2.00,2,0,8224x5140,S,0
399,69.725,2.327,0.269,0.058,0.000,0.022,0.059,0.000,66.914,0.014,66.851,0.049,8120,15600,,2.00,2,0,8224x5140,S,0
400,66.425,2.313,0.232,0.056,0.000,0.016,0.057,0.000,63.506,0.013,63.449,0.044,8120,15600,,2.00,2,0,8224x5140,S,0
401,66.265,2.314,0.242,0.067,0.000,0.018,0.058,0.000,63.502,0.014,63.443,0.045,8120,15600,,2.00,2,0,8224x5140,S,0
402,65.958,2.725,0.273,0.068,0.000,0.018,0.051,0.000,63.527,0.014,63.464,0.049,8120,15600,,2.00,2,0,8224x5140,S,0
403,65.723,2.566,0.261,0.048,0.000,0.013,0.043,0.000,63.503,0.017,63.439,0.047,8120,15600,,2.00,2,0,8224x5140,S,0
404,65.637,2.325,0.250,0.033,0.000,0.010,0.056,0.000,63.515,0.014,63.450,0.052,8120,15600,,2.00,2,0,8224x5140,S,0
405,65.482,2.351,0.240,0.058,0.000,0.016,0.062,0.000,63.552,0.014,63.491,0.047,8120,15600,,2.00,2,0,8224x5140,S,0
406,66.345,1.896,0.239,0.062,0.000,0.017,0.067,0.000,63.531,0.014,63.469,0.048,8120,15600,,2.00,2,0,8224x5140,S,0
407,65.710,2.568,0.251,0.065,0.000,0.018,0.067,0.000,63.513,0.014,63.452,0.047,8120,15600,,2.00,2,0,8224x5140,S,0
408,66.101,2.941,0.275,0.049,0.000,0.015,0.048,0.000,63.514,0.016,63.450,0.048,8120,15600,,2.00,2,0,8224x5140,S,0
409,66.320,1.963,0.220,0.029,0.000,0.009,0.049,0.000,63.529,0.017,63.464,0.048,8120,15600,,2.00,2,0,8224x5140,S,0
410,66.332,2.061,0.250,0.046,0.000,0.015,0.046,0.000,63.498,0.014,63.436,0.048,8120,15600,,2.00,2,0,8224x5140,S,0
411,65.682,2.279,0.247,0.049,0.000,0.014,0.049,0.000,63.475,0.013,63.406,0.056,8120,15600,,2.00,2,0,8224x5140,S,0
412,65.532,2.227,0.234,0.039,0.000,0.011,0.060,0.000,63.577,0.014,63.510,0.053,8120,15600,,2.00,2,0,8224x5140,S,0
413,66.070,2.232,0.231,0.050,0.000,0.013,0.051,0.000,63.571,0.014,63.514,0.043,8120,15600,,2.00,2,0,8224x5140,S,0
414,66.036,2.030,0.232,0.056,0.000,0.015,0.064,0.000,63.523,0.013,63.463,0.047,8120,15600,,2.00,2,0,8224x5140,S,0
415,66.770,2.653,0.273,0.069,0.000,0.019,0.067,0.000,63.500,0.014,63.443,0.044,8120,15600,,2.00,2,0,8224x5140,S,0
416,66.937,2.451,0.242,0.068,0.000,0.017,0.060,0.000,63.591,0.016,63.526,0.049,8120,15600,,2.00,2,0,8224x5140,S,0
417,66.607,3.170,0.302,0.055,0.000,0.015,0.060,0.000,63.579,0.017,63.514,0.048,8120,15600,,2.00,2,0,8224x5140,S,0
418,66.936,2.682,0.304,0.065,0.000,0.019,0.053,0.000,63.577,0.017,63.510,0.050,8120,15600,,2.00,2,0,8224x5140,S,0
419,66.743,2.158,0.227,0.040,0.000,0.011,0.050,0.000,63.569,0.013,63.504,0.052,8120,15600,,2.00,2,0,8224x5140,S,0
420,66.048,2.740,0.289,0.039,0.000,0.011,0.057,0.000,63.574,0.014,63.508,0.052,8120,15600,,2.00,2,0,8224x5140,S,0
421,65.589,3.307,0.337,0.041,0.000,0.014,0.047,0.000,63.566,0.014,63.498,0.054,8120,15600,,2.00,2,0,8224x5140,S,0
422,65.657,2.396,0.254,0.031,0.000,0.009,0.031,0.000,63.611,0.014,63.547,0.050,8120,15600,,2.00,2,0,8224x5140,S,0
423,66.239,1.961,0.237,0.024,0.000,0.013,0.040,0.000,63.524,0.014,63.461,0.049,8120,15600,,2.00,2,0,8224x5140,S,0
424,66.252,1.935,0.198,0.022,0.000,0.007,0.042,0.000,63.619,0.014,63.560,0.045,8120,15600,,2.00,2,0,8224x5140,S,0
425,66.305,1.951,0.222,0.031,0.000,0.010,0.052,0.000,63.581,0.014,63.522,0.046,8120,15600,,2.00,2,0,8224x5140,S,0
426,65.492,2.243,0.221,0.051,0.000,0.012,0.060,0.000,63.505,0.013,63.438,0.054,8120,15600,,2.00,2,0,8224x5140,S,0
427,65.467,2.216,0.233,0.038,0.000,0.012,0.037,0.000,63.522,0.014,63.460,0.048,8120,15600,,2.00,2,0,8224x5140,S,0
428,59.784,2.181,0.270,0.045,0.000,0.014,0.045,0.000,63.491,0.014,63.433,0.044,8120,15600,tshadow_pcf,2.00,2,0,8224x5140,P,1
429,6.833,1.724,0.262,0.059,0.000,0.016,0.038,0.000,5.095,0.014,5.028,0.053,8120,15600,,2.00,2,0,8224x5140,P,1
430,7.797,0.511,0.220,0.042,0.000,0.010,0.034,0.000,5.100,0.014,5.031,0.055,8120,15600,,2.00,2,0,8224x5140,P,1
431,7.993,0.000,0.281,0.033,0.000,0.010,0.043,0.000,5.102,0.014,5.029,0.059,8120,15600,,2.00,2,0,8224x5140,P,1
432,8.362,0.554,0.251,0.028,0.000,0.009,0.046,0.000,5.097,0.014,5.030,0.053,8120,15600,,2.00,2,0,8224x5140,P,1
433,8.434,0.000,0.357,0.037,0.000,0.011,0.108,0.000,5.096,0.016,5.027,0.052,8120,15600,,2.00,2,0,8224x5140,P,1
434,8.233,0.909,0.297,0.050,0.000,0.016,0.046,0.000,5.099,0.014,5.029,0.056,8120,15600,,2.00,2,0,8224x5140,P,1
435,8.298,0.000,0.398,0.034,0.000,0.011,0.050,0.000,5.098,0.016,5.028,0.053,8120,15600,,2.00,2,0,8224x5140,P,1
436,8.342,0.642,0.292,0.029,0.000,0.009,0.043,0.000,5.095,0.014,5.027,0.053,8120,15600,,2.00,2,0,8224x5140,P,1
437,8.399,0.000,0.298,0.035,0.000,0.012,0.043,0.000,5.099,0.016,5.029,0.053,8120,15600,,2.00,2,0,8224x5140,P,1
438,8.203,0.804,0.252,0.032,0.000,0.010,0.041,0.000,5.100,0.017,5.030,0.053,8120,15600,,2.00,2,0,8224x5140,P,1
439,8.385,0.000,0.274,0.027,0.000,0.009,0.038,0.000,5.118,0.017,5.045,0.056,8120,15600,,2.00,2,0,8224x5140,P,1
440,8.366,0.592,0.238,0.030,0.000,0.009,0.064,0.000,5.096,0.018,5.028,0.051,8120,15600,,2.00,2,0,8224x5140,P,1
441,8.245,0.000,0.282,0.046,0.000,0.018,0.043,0.000,5.098,0.016,5.027,0.054,8120,15600,,2.00,2,0,8224x5140,P,1
442,8.443,0.845,0.247,0.037,0.000,0.013,0.042,0.000,5.100,0.016,5.029,0.054,8120,15600,,2.00,2,0,8224x5140,P,1
443,8.215,0.000,0.337,0.035,0.000,0.016,0.048,0.000,5.103,0.016,5.031,0.055,8120,15600,,2.00,2,0,8224x5140,P,1
444,8.354,0.795,0.311,0.054,0.000,0.016,0.045,0.000,5.095,0.014,5.030,0.051,8120,15600,,2.00,2,0,8224x5140,P,1
445,8.375,0.000,0.371,0.055,0.000,0.015,0.102,0.000,5.099,0.017,5.029,0.053,8120,15600,,2.00,2,0,8224x5140,P,1
446,8.284,0.587,0.237,0.064,0.000,0.017,0.052,0.000,5.095,0.014,5.027,0.055,8120,15600,,2.00,2,0,8224x5140,P,1
447,8.337,0.000,0.288,0.047,0.000,0.014,0.046,0.000,5.099,0.017,5.030,0.053,8120,15600,,2.00,2,0,8224x5140,P,1
448,8.329,0.730,0.235,0.059,0.000,0.017,0.054,0.000,5.094,0.014,5.028,0.053,8120,15600,,2.00,2,0,8224x5140,P,1
449,8.291,0.000,0.389,0.056,0.000,0.018,0.039,0.000,5.102,0.017,5.032,0.053,8120,15600,,2.00,2,0,8224x5140,P,1
450,8.321,0.742,0.250,0.066,0.000,0.019,0.049,0.000,5.092,0.014,5.026,0.052,8120,15600,,2.00,2,0,8224x5140,P,1
451,8.281,0.000,0.274,0.046,0.000,0.014,0.040,0.000,5.102,0.017,5.031,0.054,8120,15600,,2.00,2,0,8224x5140,P,1
452,8.346,0.608,0.230,0.055,0.000,0.017,0.046,0.000,5.092,0.013,5.026,0.053,8120,15600,,2.00,2,0,8224x5140,P,1
453,8.321,0.000,0.403,0.082,0.000,0.028,0.047,0.000,5.101,0.017,5.031,0.053,8120,15600,,2.00,2,0,8224x5140,P,1
454,8.356,0.751,0.238,0.053,0.000,0.015,0.048,0.000,5.095,0.013,5.029,0.052,8120,15600,,2.00,2,0,8224x5140,P,1
455,8.280,0.000,0.286,0.047,0.000,0.017,0.049,0.000,5.103,0.016,5.033,0.054,8120,15600,,2.00,2,0,8224x5140,P,1
456,8.304,0.563,0.249,0.054,0.000,0.019,0.043,0.000,5.096,0.014,5.031,0.051,8120,15600,,2.00,2,0,8224x5140,P,1
457,8.318,0.000,0.278,0.045,0.000,0.016,0.043,0.000,5.100,0.016,5.031,0.053,8120,15600,,2.00,2,0,8224x5140,P,1
458,8.363,0.551,0.239,0.048,0.000,0.018,0.045,0.000,5.093,0.013,5.027,0.053,8120,15600,,2.00,2,0,8224x5140,P,1
459,8.340,0.000,0.267,0.041,0.000,0.012,0.100,0.000,5.101,0.017,5.031,0.053,8120,15600,,2.00,2,0,8224x5140,P,1
460,8.255,0.548,0.226,0.049,0.000,0.014,0.043,0.000,5.097,0.014,5.030,0.052,8120,15600,,2.00,2,0,8224x5140,P,1
461,8.372,0.000,0.285,0.039,0.000,0.011,0.044,0.000,5.099,0.016,5.030,0.053,8120,15600,,2.00,2,0,8224x5140,P,1
462,8.219,0.575,0.247,0.049,0.000,0.014,0.041,0.000,5.093,0.014,5.026,0.053,8120,15600,,2.00,2,0,8224x5140,P,1
463,8.329,0.000,0.267,0.039,0.000,0.012,0.063,0.000,5.094,0.016,5.027,0.051,8120,15600,,2.00,2,0,8224x5140,P,1
464,8.290,0.551,0.260,0.045,0.000,0.014,0.043,0.000,5.094,0.014,5.027,0.053,8120,15600,,2.00,2,0,8224x5140,P,1
465,8.335,0.000,0.409,0.040,0.000,0.016,0.043,0.000,5.100,0.016,5.032,0.052,8120,15600,,2.00,2,0,8224x5140,P,1
466,8.308,0.541,0.232,0.049,0.000,0.015,0.040,0.000,5.100,0.014,5.031,0.055,8120,15600,,2.00,2,0,8224x5140,P,1
467,8.336,0.000,0.292,0.037,0.000,0.011,0.047,0.000,5.098,0.016,5.030,0.052,8120,15600,,2.00,2,0,8224x5140,P,1
468,8.307,0.547,0.230,0.048,0.000,0.014,0.036,0.000,5.094,0.014,5.028,0.052,8120,15600,,2.00,2,0,8224x5140,P,1
469,8.366,0.000,0.272,0.038,0.000,0.011,0.043,0.000,5.102,0.017,5.033,0.053,8120,15600,,2.00,2,0,8224x5140,P,1
470,8.289,0.535,0.235,0.054,0.000,0.016,0.039,0.000,5.095,0.014,5.028,0.052,8120,15600,,2.00,2,0,8224x5140,P,1
471,8.328,0.000,0.306,0.038,0.000,0.012,0.037,0.000,5.096,0.016,5.028,0.052,8120,15600,,2.00,2,0,8224x5140,P,1
472,8.302,0.544,0.226,0.050,0.000,0.015,0.041,0.000,5.094,0.014,5.028,0.052,8120,15600,,2.00,2,0,8224x5140,P,1
473,8.363,0.000,0.270,0.040,0.000,0.011,0.040,0.000,5.094,0.017,5.029,0.048,8120,15600,,2.00,2,0,8224x5140,P,1
474,8.339,0.539,0.269,0.048,0.000,0.015,0.049,0.000,5.091,0.014,5.030,0.047,8120,15600,,2.00,2,0,8224x5140,P,1
475,8.288,0.000,0.288,0.050,0.000,0.016,0.042,0.000,5.095,0.016,5.028,0.051,8120,15600,,2.00,2,0,8224x5140,P,1
476,8.299,0.748,0.230,0.058,0.000,0.017,0.062,0.000,5.097,0.014,5.031,0.052,8120,15600,,2.00,2,0,8224x5140,P,1
477,8.224,0.000,0.267,0.043,0.000,0.013,0.032,0.000,5.105,0.017,5.032,0.057,8120,15600,,2.00,2,0,8224x5140,P,1
478,8.469,0.587,0.212,0.040,0.000,0.011,0.029,0.000,5.103,0.018,5.028,0.057,8120,15600,,2.00,2,0,8224x5140,P,1
479,8.350,0.000,0.289,0.036,0.000,0.015,0.042,0.000,5.108,0.017,5.032,0.059,8120,15600,,2.00,2,0,8224x5140,P,1
480,8.272,0.719,0.223,0.027,0.000,0.012,0.034,0.000,5.105,0.017,5.030,0.058,8120,15600,,2.00,2,0,8224x5140,P,1
481,8.297,0.000,0.263,0.022,0.000,0.007,0.025,0.000,5.105,0.016,5.031,0.058,8120,15600,,2.00,2,0,8224x5140,P,1
482,8.311,0.552,0.221,0.019,0.000,0.007,0.027,0.000,5.103,0.018,5.031,0.055,8120,15600,,2.00,2,0,8224x5140,P,1
483,8.403,0.000,0.259,0.020,0.000,0.006,0.045,0.000,5.100,0.017,5.030,0.054,8120,15600,,2.00,2,0,8224x5140,P,1
484,8.299,0.578,0.241,0.026,0.000,0.010,0.047,0.000,5.099,0.017,5.029,0.054,8120,15600,,2.00,2,0,8224x5140,P,1
485,8.316,0.000,0.290,0.024,0.000,0.012,0.039,0.000,5.102,0.017,5.029,0.056,8120,15600,,2.00,2,0,8224x5140,P,1
486,8.348,0.670,0.242,0.024,0.000,0.007,0.066,0.000,5.099,0.014,5.031,0.055,8120,15600,,2.00,2,0,8224x5140,P,1
487,8.335,0.000,0.277,0.024,0.000,0.011,0.028,0.000,5.101,0.017,5.030,0.055,8120,15600,,2.00,2,0,8224x5140,P,1
488,8.494,0.674,0.253,0.024,0.000,0.007,0.055,0.000,5.103,0.017,5.032,0.054,8120,15600,,2.00,2,0,8224x5140,P,1
489,8.177,0.000,0.323,0.024,0.000,0.014,0.042,0.000,5.106,0.018,5.032,0.057,8120,15600,,2.00,2,0,8224x5140,P,1
490,8.462,0.716,0.277,0.026,0.000,0.009,0.034,0.000,5.105,0.017,5.029,0.059,8120,15600,,2.00,2,0,8224x5140,P,1
491,8.222,0.000,0.305,0.025,0.000,0.010,0.040,0.000,5.108,0.018,5.033,0.058,8120,15600,,2.00,2,0,8224x5140,P,1
492,8.509,0.996,0.289,0.031,0.000,0.010,0.039,0.000,5.101,0.018,5.030,0.054,8120,15600,,2.00,2,0,8224x5140,P,1
493,8.174,0.000,0.315,0.026,0.000,0.008,0.055,0.000,5.107,0.018,5.031,0.059,8120,15600,,2.00,2,0,8224x5140,P,1
494,8.316,0.776,0.310,0.029,0.000,0.009,0.049,0.000,5.104,0.017,5.031,0.055,8120,15600,,2.00,2,0,8224x5140,P,1
495,8.315,0.000,0.350,0.028,0.000,0.010,0.037,0.000,5.104,0.018,5.031,0.055,8120,15600,,2.00,2,0,8224x5140,P,1
496,8.511,0.796,0.321,0.027,0.000,0.009,0.057,0.000,5.100,0.017,5.030,0.052,8120,15600,,2.00,2,0,8224x5140,P,1
497,8.143,0.000,0.439,0.033,0.000,0.023,0.061,0.000,5.118,0.022,5.037,0.058,8120,15600,,2.00,2,0,8224x5140,P,1
498,8.425,0.868,0.324,0.036,0.000,0.010,0.061,0.000,5.097,0.014,5.028,0.055,8120,15600,,2.00,2,0,8224x5140,P,1
499,8.249,0.000,0.449,0.047,0.000,0.015,0.065,0.000,5.124,0.025,5.042,0.057,8120,15600,,2.00,2,0,8224x5140,P,1
500,8.345,1.206,0.337,0.048,0.000,0.014,0.057,0.000,5.096,0.014,5.031,0.050,8120,15600,,2.00,2,0,8224x5140,P,1
501,8.272,0.000,0.404,0.047,0.000,0.014,0.051,0.000,5.096,0.014,5.029,0.053,8120,15600,,2.00,2,0,8224x5140,P,1
502,8.458,0.991,0.313,0.043,0.000,0.013,0.066,0.000,5.105,0.016,5.033,0.056,8120,15600,,2.00,2,0,8224x5140,P,1
503,8.321,0.000,0.353,0.038,0.000,0.013,0.062,0.000,5.097,0.014,5.029,0.055,8120,15600,,2.00,2,0,8224x5140,P,1
504,8.224,1.047,0.377,0.066,0.000,0.023,0.065,0.000,5.100,0.017,5.029,0.054,8120,15600,,2.00,2,0,8224x5140,P,1
505,8.387,0.000,0.390,0.039,0.000,0.013,0.073,0.000,5.100,0.017,5.030,0.053,8120,15600,,2.00,2,0,8224x5140,P,1
506,8.231,1.194,0.382,0.057,0.000,0.018,0.052,0.000,5.105,0.017,5.033,0.055,8120,15600,,2.00,2,0,8224x5140,P,1
507,8.332,0.000,0.396,0.041,0.000,0.016,0.067,0.000,5.102,0.014,5.030,0.058,8120,15600,,2.00,2,0,8224x5140,P,1
508,8.325,1.081,0.363,0.040,0.000,0.014,0.050,0.000,5.103,0.014,5.031,0.058,8120,15600,,2.00,2,0,8224x5140,P,1
509,8.332,0.000,0.419,0.035,0.000,0.018,0.062,0.000,5.104,0.018,5.030,0.056,8120,15600,,2.00,2,0,8224x5140,P,1
510,8.280,0.997,0.360,0.036,0.000,0.011,0.062,0.000,5.105,0.017,5.030,0.057,8120,15600,,2.00,2,0,8224x5140,P,1
511,8.396,0.000,0.409,0.031,0.000,0.018,0.061,0.000,5.109,0.018,5.032,0.059,8120,15600,,2.00,2,0,8224x5140,P,1
512,8.364,1.105,0.423,0.040,0.000,0.012,0.094,0.000,5.105,0.017,5.030,0.059,8120,15600,,2.00,2,0,8224x5140,P,1
513,8.333,0.000,0.486,0.059,0.000,0.023,0.081,0.000,5.116,0.023,5.038,0.055,8120,15600,,2.00,2,0,8224x5140,P,1
514,8.237,1.547,0.464,0.054,0.000,0.017,0.054,0.000,5.096,0.017,5.029,0.050,8120,15600,,2.00,2,0,8224x5140,P,1
515,8.461,0.000,0.477,0.056,0.000,0.020,0.102,0.000,5.100,0.017,5.030,0.053,8120,15600,,2.00,2,0,8224x5140,P,1
516,8.331,1.323,0.474,0.064,0.000,0.020,0.104,0.000,5.097,0.014,5.028,0.055,8120,15600,,2.00,2,0,8224x5140,P,1
517,8.333,0.000,0.428,0.070,0.000,0.021,0.078,0.000,5.099,0.016,5.031,0.052,8120,15600,,2.00,2,0,8224x5140,P,1
518,8.312,1.099,0.454,0.078,0.000,0.025,0.084,0.000,5.092,0.014,5.028,0.050,8120,15600,,2.00,2,0,8224x5140,P,1
519,8.247,0.000,0.459,0.071,0.000,0.023,0.096,0.000,5.099,0.014,5.027,0.057,8120,15600,,2.00,2,0,8224x5140,P,1
520,8.284,1.489,0.431,0.071,0.000,0.021,0.077,0.000,5.097,0.014,5.030,0.053,8120,15600,,2.00,2,0,8224x5140,P,1
521,8.300,0.000,0.441,0.056,0.000,0.022,0.066,0.000,5.100,0.014,5.028,0.058,8120,15600,,2.00,2,0,8224x5140,P,1
522,8.364,1.174,0.418,0.045,0.000,0.015,0.069,0.000,5.108,0.017,5.034,0.057,8120,15600,,2.00,2,0,8224x5140,P,1
523,8.302,0.000,0.521,0.053,0.000,0.025,0.074,0.000,5.101,0.014,5.029,0.058,8120,15600,,2.00,2,0,8224x5140,P,1
524,8.437,1.815,0.499,0.055,0.000,0.016,0.112,0.000,5.104,0.017,5.029,0.058,8120,15600,,2.00,2,0,8224x5140,P,1
525,8.888,0.000,0.579,0.068,0.000,0.024,0.228,0.000,5.101,0.014,5.030,0.057,8120,15600,,2.00,2,0,8224x5140,P,1
526,8.102,1.961,0.912,0.064,0.000,0.066,0.093,0.000,5.123,0.036,5.037,0.049,8120,15600,,2.00,2,0,8224x5140,P,1
527,7.974,0.000,0.547,0.060,0.000,0.018,0.079,0.000,5.094,0.014,5.030,0.051,8120,15600,,2.00,2,0,8224x5140,P,1
528,7.998,1.605,0.474,0.084,0.000,0.025,0.101,0.000,5.098,0.014,5.027,0.057,8120,15600,,2.00,2,0,8224x5140,P,1
529,8.205,0.000,0.475,0.056,0.000,0.024,0.070,0.000,5.099,0.014,5.029,0.056,8120,15600,,2.00,2,0,8224x5140,P,1
530,8.406,1.425,0.489,0.051,0.000,0.019,0.095,0.000,5.098,0.014,5.027,0.057,8120,15600,,2.00,2,0,8224x5140,P,1
531,8.159,0.000,0.573,0.061,0.000,0.027,0.060,0.000,5.127,0.023,5.045,0.058,8120,15600,,2.00,2,0,8224x5140,P,1
532,8.367,1.822,0.492,0.055,0.000,0.019,0.077,0.000,5.095,0.014,5.027,0.054,8120,15600,,2.00,2,0,8224x5140,P,1
533,8.600,0.000,0.535,0.060,0.000,0.019,0.109,0.000,5.122,0.024,5.040,0.058,8120,15600,,2.00,2,0,8224x5140,P,1
534,8.219,1.925,0.615,0.141,0.000,0.040,0.110,0.000,5.177,0.036,5.088,0.053,8120,15600,,2.00,2,0,8224x5140,P,1
535,8.189,0.001,0.681,0.139,0.000,0.042,0.072,0.000,5.096,0.014,5.031,0.051,8120,15600,,2.00,2,0,8224x5140,P,1
536,8.647,1.476,0.496,0.069,0.000,0.019,0.123,0.000,5.100,0.014,5.029,0.056,8120,15600,,2.00,2,0,8224x5140,P,1
537,8.715,0.001,0.761,0.127,0.000,0.055,0.115,0.000,5.136,0.036,5.043,0.056,8120,15600,,2.00,2,0,8224x5140,P,1
538,7.953,1.850,0.634,0.134,0.000,0.041,0.128,0.000,5.095,0.014,5.028,0.053,8120,15600,,2.00,2,0,8224x5140,P,1
539,8.625,0.000,0.616,0.145,0.000,0.039,0.128,0.000,5.096,0.014,5.028,0.055,8120,15600,,2.00,2,0,8224x5140,P,1
540,8.289,1.979,0.667,0.125,0.000,0.042,0.108,0.000,5.122,0.038,5.031,0.052,8120,15600,,2.00,2,0,8224x5140,P,1
541,8.883,0.001,0.715,0.133,0.000,0.043,0.195,0.000,5.096,0.014,5.031,0.051,8120,15600,,2.00,2,0,8224x5140,P,1
542,8.388,1.839,0.716,0.160,0.000,0.050,0.133,0.000,5.091,0.015,5.028,0.048,8120,15600,,2.00,2,0,8224x5140,P,1
543,9.031,0.001,0.903,0.141,0.000,0.046,0.176,0.000,5.097,0.014,5.029,0.053,8120,15600,,2.00,2,0,8224x5140,P,1
544,8.193,1.805,0.677,0.147,0.000,0.047,0.121,0.000,5.110,0.022,5.034,0.053,8120,15600,,2.00,2,0,8224x5140,P,1
545,8.075,2.184,0.601,0.093,0.000,0.030,0.098,0.000,5.094,0.014,5.028,0.051,8120,15600,,2.00,2,0,8224x5140,P,1
546,8.032,0.000,0.478,0.091,0.000,0.024,0.084,0.000,5.093,0.014,5.027,0.052,8120,15600,,2.00,2,0,8224x5140,P,1
547,8.242,1.354,0.428,0.094,0.000,0.028,0.104,0.000,5.098,0.014,5.031,0.053,8120,15600,,2.00,2,0,8224x5140,P,1
548,7.761,0.000,0.355,0.085,0.000,0.026,0.070,0.000,5.096,0.014,5.031,0.052,8120,15600,,2.00,2,0,8224x5140,P,1
549,7.311,0.826,0.306,0.081,0.000,0.025,0.053,0.000,5.093,0.014,5.028,0.052,8120,15600,,2.00,2,0,8224x5140,P,1
550,7.468,0.001,0.304,0.074,0.000,0.019,0.045,0.000,5.096,0.014,5.030,0.053,8120,15600,,2.00,2,0,8224x5140,P,1
551,7.378,0.000,0.282,0.050,0.000,0.013,0.039,0.000,5.094,0.014,5.028,0.053,8120,15600,,2.00,2,0,8224x5140,P,1
552,7.975,0.783,0.268,0.046,0.000,0.010,0.045,0.000,5.095,0.017,5.028,0.051,8120,15600,,2.00,2,0,8224x5140,P,1
553,8.295,0.000,0.263,0.038,0.000,0.011,0.033,0.000,5.099,0.017,5.030,0.052,8120,15600,,2.00,2,0,8224x5140,P,1
554,8.326,0.799,0.243,0.028,0.000,0.011,0.054,0.000,5.095,0.016,5.028,0.051,8120,15600,,2.00,2,0,8224x5140,P,1
555,8.331,0.000,0.266,0.026,0.000,0.010,0.044,0.000,5.102,0.017,5.034,0.051,8120,15600,,2.00,2,0,8224x5140,P,1
556,8.306,0.626,0.232,0.025,0.000,0.008,0.041,0.000,5.093,0.016,5.027,0.050,8120,15600,,2.00,2,0,8224x5140,P,1
557,8.317,0.000,0.258,0.023,0.000,0.008,0.044,0.000,5.102,0.017,5.030,0.054,8120,15600,,2.00,2,0,8224x5140,P,1
558,8.386,0.558,0.228,0.028,0.000,0.009,0.040,0.000,5.097,0.017,5.030,0.050,8120,15600,,2.00,2,0,8224x5140,P,1
559,8.383,0.000,0.263,0.027,0.000,0.010,0.051,0.000,5.098,0.017,5.028,0.053,8120,15600,,2.00,2,0,8224x5140,P,1
560,8.276,0.741,0.237,0.040,0.000,0.013,0.050,0.000,5.096,0.016,5.030,0.050,8120,15600,,2.00,2,0,8224x5140,P,1
561,8.276,0.000,0.279,0.040,0.000,0.016,0.037,0.000,5.102,0.015,5.031,0.057,8120,15600,,2.00,2,0,8224x5140,P,1
562,8.318,0.705,0.220,0.032,0.000,0.010,0.045,0.000,5.103,0.017,5.031,0.055,8120,15600,,2.00,2,0,8224x5140,P,1
563,8.326,0.000,0.246,0.031,0.000,0.010,0.036,0.000,5.101,0.017,5.029,0.055,8120,15600,,2.00,2,0,8224x5140,P,1
564,8.350,0.728,0.219,0.033,0.000,0.011,0.047,0.000,5.104,0.017,5.033,0.054,8120,15600,,2.00,2,0,8224x5140,P,1
565,8.359,0.000,0.273,0.029,0.000,0.010,0.031,0.000,5.101,0.017,5.028,0.056,8120,15600,,2.00,2,0,8224x5140,P,1
566,8.241,0.602,0.234,0.027,0.000,0.009,0.038,0.000,5.097,0.016,5.029,0.052,8120,15600,,2.00,2,0,8224x5140,P,1
567,8.392,0.000,0.269,0.025,0.000,0.014,0.040,0.000,5.104,0.017,5.031,0.055,8120,15600,,2.00,2,0,8224x5140,P,1
568,8.253,0.561,0.239,0.032,0.000,0.011,0.034,0.000,5.099,0.016,5.030,0.053,8120,15600,,2.00,2,0,8224x5140,P,1
569,8.671,0.000,0.254,0.023,0.000,0.009,0.051,0.000,5.107,0.017,5.031,0.059,8120,15600,,2.00,2,0,8224x5140,P,1
570,8.083,0.770,0.245,0.030,0.000,0.010,0.032,0.000,5.104,0.017,5.031,0.056,8120,15600,,2.00,2,0,8224x5140,P,1
571,8.171,0.000,0.318,0.035,0.000,0.017,0.042,0.000,5.107,0.014,5.029,0.063,8120,15600,,2.00,2,0,8224x5140,P,1
572,8.430,0.803,0.227,0.026,0.000,0.009,0.043,0.000,5.105,0.017,5.030,0.057,8120,15600,,2.00,2,0,8224x5140,P,1
573,8.213,0.000,0.272,0.027,0.000,0.013,0.045,0.000,5.106,0.017,5.030,0.060,8120,15600,,2.00,2,0,8224x5140,P,1
574,8.340,0.618,0.243,0.023,0.000,0.008,0.054,0.000,5.097,0.014,5.031,0.052,8120,15600,,2.00,2,0,8224x5140,P,1
575,8.341,0.000,0.287,0.026,0.000,0.010,0.045,0.000,5.108,0.017,5.030,0.060,8120,15600,,2.00,2,0,8224x5140,P,1
576,8.339,0.859,0.305,0.042,0.000,0.017,0.047,0.000,5.105,0.014,5.034,0.057,8120,15600,,2.00,2,0,8224x5140,P,1
577,8.333,0.000,0.301,0.039,0.000,0.017,0.049,0.000,5.098,0.014,5.027,0.057,8120,15600,,2.00,2,0,8224x5140,P,1
578,9.323,0.754,0.301,0.052,0.000,0.017,0.035,0.000,5.115,0.018,5.033,0.064,8120,15600,,2.00,2,0,8224x5140,P,1
579,15.753,0.000,0.310,0.043,0.000,0.011,0.046,0.000,5.127,0.015,5.031,0.081,8120,15600,,2.00,2,0,8224x5140,P,1
580,8.279,0.740,0.280,0.036,0.000,0.013,0.049,0.000,5.107,0.017,5.030,0.060,8120,15600,,2.00,2,0,8224x5140,P,1
581,8.287,0.968,0.320,0.038,0.000,0.012,0.047,0.000,5.107,0.017,5.030,0.060,8120,15600,,2.00,2,0,8224x5140,P,1
582,8.394,0.000,0.388,0.040,0.000,0.013,0.052,0.000,5.104,0.019,5.029,0.055,8120,15600,,2.00,2,0,8224x5140,P,1
583,8.278,0.867,0.322,0.034,0.000,0.011,0.060,0.000,5.101,0.017,5.028,0.057,8120,15600,,2.00,2,0,8224x5140,P,1
584,8.353,0.000,0.369,0.034,0.000,0.011,0.044,0.000,5.106,0.021,5.032,0.053,8120,15600,,2.00,2,0,8224x5140,P,1
585,8.280,0.923,0.384,0.039,0.000,0.013,0.045,0.000,5.103,0.014,5.032,0.057,8120,15600,,2.00,2,0,8224x5140,P,1
586,8.343,0.000,0.380,0.035,0.000,0.014,0.044,0.000,5.117,0.020,5.037,0.060,8120,15600,,2.00,2,0,8224x5140,P,1
587,8.410,0.898,0.372,0.035,0.000,0.011,0.073,0.000,5.104,0.017,5.028,0.059,8120,15600,,2.00,2,0,8224x5140,P,1
588,8.303,0.000,0.447,0.047,0.000,0.019,0.072,0.000,5.111,0.020,5.036,0.055,8120,15600,,2.00,2,0,8224x5140,P,1
589,8.272,0.968,0.361,0.039,0.000,0.012,0.046,0.000,5.103,0.017,5.029,0.057,8120,15600,,2.00,2,0,8224x5140,P,1
590,8.738,0.000,0.415,0.036,0.000,0.011,0.048,0.000,5.120,0.018,5.031,0.071,8120,15600,,2.00,2,0,8224x5140,P,1
591,16.348,1.055,0.425,0.037,0.000,0.013,0.081,0.000,5.132,0.014,5.034,0.084,8120,15600,,2.00,2,0,8224x5140,P,1
592,8.273,1.262,0.441,0.051,0.000,0.016,0.060,0.000,5.132,0.026,5.045,0.061,8120,15600,,2.00,2,0,8224x5140,P,1
593,8.326,0.000,0.424,0.045,0.000,0.015,0.065,0.000,5.103,0.014,5.029,0.061,8120,15600,,2.00,2,0,8224x5140,P,1
594,8.280,1.168,0.441,0.045,0.000,0.015,0.052,0.000,5.201,0.036,5.105,0.061,8120,15600,,2.00,2,0,8224x5140,P,1
595,8.409,0.000,0.445,0.045,0.000,0.014,0.067,0.000,5.106,0.015,5.031,0.060,8120,15600,,2.00,2,0,8224x5140,P,1
596,8.312,1.386,0.488,0.050,0.000,0.015,0.102,0.000,5.176,0.035,5.078,0.062,8120,15600,,2.00,2,0,8224x5140,P,1
597,8.993,0.000,0.540,0.054,0.000,0.027,0.199,0.000,5.103,0.014,5.031,0.058,8120,15600,,2.00,2,0,8224x5140,P,1
598,8.698,1.743,0.566,0.127,0.000,0.041,0.074,0.000,5.102,0.018,5.028,0.055,8120,15600,,2.00,2,0,8224x5140,P,1
599,7.924,0.000,0.528,0.063,0.000,0.018,0.077,0.000,5.100,0.015,5.028,0.057,8120,15600,,2.00,2,0,8224x5140,P,1
600,7.992,1.309,0.504,0.059,0.000,0.017,0.063,0.000,5.099,0.014,5.030,0.055,8120,15600,,2.00,2,0,8224x5140,P,1
601,7.964,0.000,0.451,0.065,0.000,0.020,0.064,0.000,5.095,0.014,5.027,0.054,8120,15600,,2.00,2,0,8224x5140,P,1
602,8.243,1.074,0.384,0.064,0.000,0.019,0.056,0.000,5.100,0.014,5.030,0.057,8120,15600,,2.00,2,0,8224x5140,P,1
603,8.391,0.000,0.408,0.039,0.000,0.013,0.086,0.000,5.103,0.017,5.030,0.057,8120,15600,,2.00,2,0,8224x5140,P,1
604,9.125,1.423,0.400,0.053,0.000,0.017,0.063,0.000,5.147,0.017,5.036,0.094,8120,15600,,2.00,2,0,8224x5140,P,1
605,7.647,0.000,0.422,0.043,0.000,0.014,0.054,0.000,5.134,0.014,5.033,0.087,8120,15600,,2.00,2,0,8224x5140,P,1
606,8.132,1.140,0.371,0.040,0.000,0.012,0.048,0.000,5.101,0.014,5.029,0.057,8120,15600,,2.00,2,0,8224x5140,P,1
607,8.378,0.000,0.602,0.046,0.000,0.015,0.066,0.000,5.109,0.018,5.031,0.060,8120,15600,,2.00,2,0,8224x5140,P,1
608,8.263,1.275,0.463,0.049,0.000,0.016,0.056,0.000,5.110,0.019,5.031,0.060,8120,15600,,2.00,2,0,8224x5140,P,1
609,8.299,0.000,0.470,0.039,0.000,0.015,0.080,0.000,5.109,0.014,5.032,0.063,8120,15600,,2.00,2,0,8224x5140,P,1
610,8.356,1.148,0.417,0.041,0.000,0.013,0.080,0.000,5.102,0.014,5.030,0.059,8120,15600,,2.00,2,0,8224x5140,P,1
611,8.330,0.000,0.479,0.042,0.000,0.019,0.079,0.000,5.111,0.019,5.034,0.058,8120,15600,,2.00,2,0,8224x5140,P,1
612,8.238,1.351,0.499,0.045,0.000,0.016,0.049,0.000,5.101,0.014,5.026,0.060,8120,15600,,2.00,2,0,8224x5140,P,1
613,8.579,0.000,0.436,0.047,0.000,0.016,0.092,0.000,5.106,0.014,5.032,0.060,8120,15600,,2.00,2,0,8224x5140,P,1
614,8.546,1.726,0.516,0.069,0.000,0.027,0.091,0.000,5.110,0.021,5.029,0.060,8120,15600,,2.00,2,0,8224x5140,P,1
615,7.934,0.000,0.515,0.074,0.000,0.032,0.090,0.000,5.123,0.021,5.041,0.062,8120,15600,,2.00,2,0,8224x5140,P,1
616,8.368,1.821,0.626,0.123,0.000,0.045,0.082,0.000,5.102,0.014,5.030,0.058,8120,15600,,2.00,2,0,8224x5140,P,1
617,8.652,0.000,0.540,0.065,0.000,0.027,0.117,0.000,5.129,0.024,5.044,0.061,8120,15600,,2.00,2,0,8224x5140,P,1
618,8.508,1.585,0.571,0.128,0.000,0.040,0.084,0.000,5.161,0.020,5.082,0.059,8120,15600,,2.00,2,0,8224x5140,P,1
619,8.398,0.000,0.524,0.054,0.000,0.022,0.109,0.000,5.096,0.014,5.027,0.055,8120,15600,,2.00,2,0,8224x5140,P,1
620,7.707,1.776,0.582,0.133,0.000,0.043,0.080,0.000,5.188,0.036,5.098,0.054,8120,15600,,2.00,2,0,8224x5140,P,1
621,8.589,0.000,0.511,0.062,0.000,0.017,0.111,0.000,5.105,0.014,5.035,0.056,8120,15600,,2.00,2,0,8224x5140,P,1
622,8.238,1.834,0.590,0.134,0.000,0.040,0.106,0.000,5.129,0.036,5.037,0.056,8120,15600,,2.00,2,0,8224x5140,P,1
623,8.563,0.000,0.732,0.119,0.000,0.034,0.105,0.000,5.098,0.014,5.027,0.058,8120,15600,,2.00,2,0,8224x5140,P,1
624,9.053,1.866,0.533,0.105,0.000,0.031,0.174,0.000,5.150,0.043,5.052,0.056,8120,15600,,2.00,2,0,8224x5140,P,1
625,8.684,0.001,0.779,0.110,0.000,0.037,0.118,0.000,5.096,0.016,5.026,0.054,8120,15600,,2.00,2,0,8224x5140,P,1
626,7.710,1.980,0.670,0.128,0.000,0.045,0.063,0.000,5.098,0.014,5.029,0.054,8120,15600,,2.00,2,0,8224x5140,P,1
627,8.349,0.000,0.499,0.054,0.000,0.022,0.110,0.000,5.104,0.014,5.034,0.057,8120,15600,,2.00,2,0,8224x5140,P,1
628,8.983,1.711,0.586,0.129,0.000,0.044,0.104,0.000,5.184,0.038,5.091,0.055,8120,15600,,2.00,2,0,8224x5140,P,1
629,8.592,0.001,0.737,0.130,0.000,0.047,0.112,0.000,5.141,0.035,5.047,0.059,8120,15600,,2.00,2,0,8224x5140,P,1
630,8.081,1.686,0.656,0.135,0.000,0.045,0.126,0.000,5.095,0.014,5.027,0.055,8120,15600,,2.00,2,0,8224x5140,P,1
631,8.820,0.001,0.853,0.156,0.000,0.047,0.114,0.000,5.098,0.014,5.028,0.056,8120,15600,,2.00,2,0,8224x5140,P,1
632,7.861,2.009,0.689,0.129,0.000,0.047,0.050,0.000,5.097,0.017,5.029,0.052,8120,15600,,2.00,2,0,8224x5140,P,1
633,7.999,0.000,0.304,0.062,0.000,0.017,0.091,0.000,5.102,0.014,5.032,0.057,8120,15600,,2.00,2,0,8224x5140,P,1
634,9.836,1.584,0.567,0.128,0.000,0.040,0.103,0.000,6.831,0.014,6.767,0.049,8120,15600,,2.00,2,0,8224x5140,P,1
635,14.023,1.639,0.576,0.129,0.000,0.040,0.128,0.000,5.099,0.013,5.029,0.057,8120,15600,,2.00,2,0,8224x5140,P,1
636,8.416,0.001,0.599,0.131,0.000,0.044,0.107,0.000,5.102,0.017,5.030,0.056,8120,15600,,2.00,2,0,8224x5140,P,1
637,7.486,1.711,0.659,0.121,0.000,0.043,0.050,0.000,5.100,0.014,5.030,0.056,8120,15600,,2.00,2,0,8224x5140,P,1
638,8.825,0.000,0.281,0.054,0.000,0.016,0.122,0.000,5.099,0.014,5.029,0.055,8120,15600,,2.00,2,0,8224x5140,P,1
639,8.953,2.113,0.264,0.043,0.000,0.015,0.128,0.000,5.102,0.014,5.033,0.055,8120,15600,,2.00,2,0,8224x5140,P,1
640,8.370,0.001,0.684,0.060,0.000,0.038,0.099,0.000,5.100,0.013,5.031,0.055,8120,15600,,2.00,2,0,8224x5140,P,1
641,8.938,1.696,0.551,0.110,0.000,0.039,0.116,0.000,5.102,0.016,5.030,0.056,8120,15600,,2.00,2,0,8224x5140,P,1
642,8.391,0.001,0.611,0.120,0.000,0.037,0.100,0.000,5.100,0.017,5.027,0.056,8120,15600,,2.00,2,0,8224x5140,P,1
643,7.763,1.674,0.594,0.121,0.000,0.043,0.103,0.000,5.099,0.014,5.029,0.056,8120,15600,,2.00,2,0,8224x5140,P,1
644,8.332,0.001,0.589,0.120,0.000,0.035,0.102,0.000,5.097,0.014,5.029,0.054,8120,15600,,2.00,2,0,8224x5140,P,1
645,7.807,1.648,0.615,0.125,0.000,0.043,0.118,0.000,5.094,0.014,5.028,0.052,8120,15600,,2.00,2,0,8224x5140,P,1
646,8.344,0.000,0.595,0.125,0.000,0.040,0.095,0.000,5.096,0.014,5.031,0.051,8120,15600,,2.00,2,0,8224x5140,P,1
647,7.432,1.675,0.611,0.127,0.000,0.047,0.057,0.000,5.095,0.014,5.032,0.049,8120,15600,,2.00,2,0,8224x5140,P,1
648,8.203,0.000,0.263,0.059,0.000,0.021,0.043,0.000,5.094,0.014,5.026,0.054,8120,15600,,2.00,2,0,8224x5140,P,1
649,8.323,0.749,0.261,0.050,0.000,0.014,0.037,0.000,5.095,0.014,5.028,0.053,8120,15600,,2.00,2,0,8224x5140,P,1
650,8.307,0.000,0.264,0.035,0.000,0.012,0.043,0.000,5.099,0.017,5.031,0.052,8120,15600,,2.00,2,0,8224x5140,P,1
651,8.334,0.664,0.233,0.044,0.000,0.011,0.042,0.000,5.098,0.017,5.029,0.053,8120,15600,,2.00,2,0,8224x5140,P,1
652,8.353,0.000,0.250,0.031,0.000,0.012,0.043,0.000,5.102,0.016,5.032,0.054,8120,15600,,2.00,2,0,8224x5140,P,1
653,8.287,0.726,0.266,0.034,0.000,0.011,0.037,0.000,5.101,0.018,5.031,0.053,8120,15600,,2.00,2,0,8224x5140,P,1
654,8.357,0.000,0.261,0.024,0.000,0.011,0.052,0.000,5.098,0.017,5.029,0.052,8120,15600,,2.00,2,0,8224x5140,P,1
655,8.327,0.658,0.270,0.027,0.000,0.009,0.050,0.000,5.096,0.018,5.027,0.051,8120,15600,,2.00,2,0,8224x5140,P,1
656,8.337,0.000,0.264,0.030,0.000,0.009,0.042,0.000,5.102,0.016,5.030,0.055,8120,15600,,2.00,2,0,8224x5140,P,1
657,8.370,0.824,0.284,0.035,0.000,0.012,0.036,0.000,5.101,0.017,5.031,0.054,8120,15600,,2.00,2,0,8224x5140,P,1
658,8.396,0.000,0.323,0.028,0.000,0.009,0.067,0.000,5.101,0.016,5.032,0.054,8120,15600,,2.00,2,0,8224x5140,P,1
659,8.320,0.891,0.327,0.032,0.000,0.012,0.057,0.000,5.102,0.014,5.029,0.059,8120,15600,,2.00,2,0,8224x5140,P,1
660,8.281,0.000,0.370,0.040,0.000,0.011,0.039,0.000,5.111,0.016,5.036,0.060,8120,15600,,2.00,2,0,8224x5140,P,1
661,8.346,1.047,0.316,0.031,0.000,0.011,0.101,0.000,5.100,0.014,5.028,0.058,8120,15600,,2.00,2,0,8224x5140,P,1
662,8.326,0.000,0.344,0.047,0.000,0.012,0.046,0.000,5.106,0.019,5.029,0.058,8120,15600,,2.00,2,0,8224x5140,P,1
663,8.340,0.964,0.349,0.030,0.000,0.011,0.069,0.000,5.112,0.014,5.032,0.066,8120,15600,,2.00,2,0,8224x5140,P,1
664,8.392,0.000,0.375,0.034,0.000,0.017,0.044,0.000,5.101,0.018,5.032,0.052,8120,15600,,2.00,2,0,8224x5140,P,1
665,8.409,0.886,0.349,0.034,0.000,0.011,0.049,0.000,5.115,0.019,5.040,0.057,8120,15600,,2.00,2,0,8224x5140,P,1
666,8.219,0.000,0.326,0.044,0.000,0.013,0.089,0.000,5.095,0.014,5.031,0.050,8120,15600,,2.00,2,0,8224x5140,P,1
667,8.259,0.711,0.318,0.061,0.000,0.024,0.058,0.000,5.095,0.014,5.030,0.051,8120,15600,,2.00,2,0,8224x5140,P,1
668,8.279,0.000,0.296,0.051,0.000,0.025,0.040,0.000,5.102,0.016,5.031,0.055,8120,15600,,2.00,2,0,8224x5140,P,1
669,8.390,0.706,0.285,0.051,0.000,0.015,0.063,0.000,5.099,0.014,5.032,0.053,8120,15600,,2.00,2,0,8224x5140,P,1
670,8.217,0.000,0.318,0.053,0.000,0.015,0.065,0.000,5.101,0.014,5.031,0.056,8120,15600,,2.00,2,0,8224x5140,P,1
671,8.413,0.942,0.275,0.037,0.000,0.012,0.063,0.000,5.102,0.016,5.031,0.054,8120,15600,,2.00,2,0,8224x5140,P,1
672,8.172,0.000,0.312,0.034,0.000,0.010,0.040,0.000,5.102,0.018,5.029,0.055,8120,15600,,2.00,2,0,8224x5140,P,1
673,8.354,0.820,0.273,0.026,0.000,0.009,0.037,0.000,5.103,0.018,5.033,0.053,8120,15600,,2.00,2,0,8224x5140,P,1
674,8.563,0.000,0.267,0.031,0.000,0.011,0.049,0.000,5.102,0.017,5.031,0.053,8120,15600,,2.00,2,0,8224x5140,P,1
675,8.058,0.649,0.250,0.026,0.000,0.009,0.027,0.000,5.102,0.016,5.034,0.052,8120,15600,,2.00,2,0,8224x5140,P,1
676,8.347,0.000,0.292,0.024,0.000,0.008,0.035,0.000,5.104,0.016,5.029,0.058,8120,15600,,2.00,2,0,8224x5140,P,1
677,8.401,0.706,0.235,0.024,0.000,0.009,0.052,0.000,5.098,0.017,5.033,0.048,8120,15600,,2.00,2,0,8224x5140,P,1
678,8.315,0.000,0.302,0.058,0.000,0.018,0.049,0.000,5.095,0.014,5.028,0.053,8120,15600,,2.00,2,0,8224x5140,P,1
679,8.280,0.653,0.285,0.035,0.000,0.010,0.042,0.000,5.104,0.016,5.033,0.054,8120,15600,,2.00,2,0,8224x5140,P,1
680,8.303,0.000,0.293,0.038,0.000,0.012,0.044,0.000,5.096,0.014,5.028,0.054,8120,15600,,2.00,2,0,8224x5140,P,1
681,8.321,0.642,0.240,0.027,0.000,0.010,0.056,0.000,5.104,0.018,5.031,0.054,8120,15600,,2.00,2,0,8224x5140,P,1
682,8.524,0.000,0.281,0.032,0.000,0.013,0.041,0.000,5.101,0.014,5.029,0.057,8120,15600,,2.00,2,0,8224x5140,P,1
683,8.210,0.789,0.231,0.030,0.000,0.010,0.039,0.000,5.108,0.017,5.032,0.058,8120,15600,,2.00,2,0,8224x5140,P,1
684,8.230,0.000,0.299,0.029,0.000,0.009,0.034,0.000,5.104,0.017,5.030,0.057,8120,15600,,2.00,2,0,8224x5140,P,1
685,8.317,0.653,0.247,0.035,0.000,0.012,0.049,0.000,5.097,0.014,5.027,0.056,8120,15600,,2.00,2,0,8224x5140,P,1
686,8.324,0.000,0.248,0.024,0.000,0.008,0.034,0.000,5.105,0.017,5.032,0.057,8120,15600,,2.00,2,0,8224x5140,P,1
687,8.324,0.592,0.228,0.026,0.000,0.008,0.047,0.000,5.103,0.018,5.033,0.053,8120,15600,,2.00,2,0,8224x5140,P,1
688,8.366,0.000,0.261,0.029,0.000,0.009,0.037,0.000,5.100,0.016,5.031,0.053,8120,15600,,2.00,2,0,8224x5140,P,1
689,8.361,0.582,0.231,0.026,0.000,0.010,0.044,0.000,5.105,0.014,5.034,0.056,8120,15600,,2.00,2,0,8224x5140,P,1
690,8.328,0.000,0.331,0.023,0.000,0.011,0.040,0.000,5.101,0.016,5.028,0.056,8120,15600,,2.00,2,0,8224x5140,P,1
691,8.399,0.600,0.225,0.023,0.000,0.007,0.044,0.000,5.101,0.017,5.029,0.055,8120,15600,,2.00,2,0,8224x5140,P,1
692,8.238,0.000,0.276,0.033,0.000,0.012,0.044,0.000,5.105,0.017,5.030,0.057,8120,15600,,2.00,2,0,8224x5140,P,1
693,8.457,0.866,0.269,0.029,0.000,0.010,0.068,0.000,5.097,0.014,5.032,0.051,8120,15600,,2.00,2,0,8224x5140,P,1
694,8.487,0.000,0.385,0.053,0.000,0.018,0.100,0.000,5.101,0.016,5.031,0.054,8120,15600,,2.00,2,0,8224x5140,P,1
695,8.167,0.913,0.324,0.078,0.000,0.025,0.053,0.000,5.103,0.014,5.032,0.057,8120,15600,,2.00,2,0,8224x5140,P,1
696,8.379,0.000,0.367,0.082,0.000,0.025,0.063,0.000,5.096,0.014,5.027,0.055,8120,15600,,2.00,2,0,8224x5140,P,1
697,8.416,0.927,0.300,0.080,0.000,0.023,0.054,0.000,5.102,0.017,5.031,0.055,8120,15600,,2.00,2,0,8224x5140,P,1
698,8.146,0.000,0.342,0.070,0.000,0.020,0.059,0.000,5.099,0.014,5.030,0.056,8120,15600,,2.00,2,0,8224x5140,P,1
699,8.329,0.865,0.286,0.070,0.000,0.021,0.071,0.000,5.098,0.014,5.030,0.054,8120,15600,,2.00,2,0,8224x5140,P,1
700,8.492,0.000,0.325,0.061,0.000,0.018,0.052,0.000,5.102,0.018,5.030,0.054,8120,15600,,2.00,2,0,8224x5140,P,1
701,8.078,0.822,0.306,0.079,0.000,0.022,0.058,0.000,5.099,0.014,5.030,0.056,8120,15600,,2.00,2,0,8224x5140,P,1
702,8.195,0.000,0.314,0.048,0.000,0.020,0.045,0.000,5.103,0.014,5.027,0.061,8120,15600,,2.00,2,0,8224x5140,P,1
703,8.333,0.745,0.287,0.037,0.000,0.017,0.042,0.000,5.104,0.017,5.030,0.057,8120,15600,,2.00,2,0,8224x5140,P,1
704,8.384,0.000,0.308,0.027,0.000,0.008,0.066,0.000,5.107,0.016,5.031,0.060,8120,15600,,2.00,2,0,8224x5140,P,1
705,8.479,1.018,0.307,0.038,0.000,0.014,0.054,0.000,5.107,0.017,5.029,0.061,8120,15600,,2.00,2,0,8224x5140,P,1
706,8.182,0.000,0.328,0.034,0.000,0.013,0.048,0.000,5.106,0.016,5.032,0.058,8120,15600,,2.00,2,0,8224x5140,P,1
707,8.285,1.016,0.298,0.029,0.000,0.010,0.051,0.000,5.103,0.014,5.031,0.058,8120,15600,,2.00,2,0,8224x5140,P,1
708,8.354,0.000,0.378,0.031,0.000,0.010,0.040,0.000,5.114,0.020,5.032,0.061,8120,15600,,2.00,2,0,8224x5140,P,1
709,8.431,0.840,0.294,0.032,0.000,0.010,0.062,0.000,5.105,0.017,5.030,0.058,8120,15600,,2.00,2,0,8224x5140,P,1
710,8.266,0.000,0.368,0.033,0.000,0.013,0.045,0.000,5.120,0.018,5.040,0.062,8120,15600,,2.00,2,0,8224x5140,P,1
711,8.293,1.039,0.326,0.033,0.000,0.011,0.065,0.000,5.112,0.014,5.039,0.059,8120,15600,,2.00,2,0,8224x5140,P,1
712,8.340,0.000,0.372,0.031,0.000,0.015,0.048,0.000,5.110,0.018,5.033,0.059,8120,15600,,2.00,2,0,8224x5140,P,1
713,8.368,0.918,0.356,0.032,0.000,0.013,0.095,0.000,5.105,0.014,5.034,0.057,8120,15600,,2.00,2,0,8224x5140,P,1
714,8.353,0.000,0.402,0.068,0.000,0.017,0.078,0.000,5.112,0.018,5.034,0.060,8120,15600,,2.00,2,0,8224x5140,P,1
715,8.256,1.366,0.395,0.034,0.000,0.012,0.057,0.000,5.107,0.018,5.029,0.060,8120,15600,,2.00,2,0,8224x5140,P,1
716,8.356,0.000,0.451,0.036,0.000,0.014,0.073,0.000,5.126,0.025,5.040,0.061,8120,15600,,2.00,2,0,8224x5140,P,1
717,8.301,1.061,0.377,0.039,0.000,0.013,0.060,0.000,5.110,0.014,5.031,0.066,8120,15600,,2.00,2,0,8224x5140,P,1
718,8.309,0.000,0.437,0.038,0.000,0.013,0.057,0.000,5.125,0.024,5.040,0.061,8120,15600,,2.00,2,0,8224x5140,P,1
719,8.432,1.025,0.391,0.040,0.000,0.012,0.060,0.000,5.104,0.015,5.030,0.060,8120,15600,,2.00,2,0,8224x5140,P,1
720,8.307,0.000,0.471,0.061,0.000,0.018,0.074,0.000,5.127,0.027,5.043,0.057,8120,15600,,2.00,2,0,8224x5140,P,1
721,8.305,1.100,0.410,0.058,0.000,0.018,0.078,0.000,5.100,0.014,5.030,0.056,8120,15600,,2.00,2,0,8224x5140,P,1
722,8.276,0.000,0.461,0.053,0.000,0.016,0.069,0.000,5.101,0.014,5.028,0.059,8120,15600,,2.00,2,0,8224x5140,P,1
723,8.329,1.340,0.429,0.043,0.000,0.014,0.079,0.000,5.113,0.017,5.034,0.061,8120,15600,,2.00,2,0,8224x5140,P,1
724,8.377,0.000,0.486,0.048,0.000,0.017,0.091,0.000,5.108,0.017,5.032,0.058,8120,15600,,2.00,2,0,8224x5140,P,1
725,8.241,1.573,0.464,0.056,0.000,0.021,0.068,0.000,5.105,0.014,5.031,0.059,8120,15600,,2.00,2,0,8224x5140,P,1
726,8.395,0.000,0.431,0.067,0.000,0.014,0.079,0.000,5.107,0.017,5.030,0.060,8120,15600,,2.00,2,0,8224x5140,P,1
727,8.256,1.145,0.433,0.044,0.000,0.015,0.064,0.000,5.106,0.014,5.030,0.062,8120,15600,,2.00,2,0,8224x5140,P,1
728,8.418,0.000,0.443,0.042,0.000,0.014,0.092,0.000,5.105,0.020,5.030,0.055,8120,15600,,2.00,2,0,8224x5140,P,1
729,8.245,1.504,0.511,0.051,0.000,0.018,0.075,0.000,5.097,0.014,5.030,0.053,8120,15600,,2.00,2,0,8224x5140,P,1
730,8.431,0.000,0.497,0.047,0.000,0.019,0.070,0.000,5.099,0.014,5.030,0.054,8120,15600,,2.00,2,0,8224x5140,P,1
731,8.717,1.178,0.453,0.071,0.000,0.023,0.119,0.000,5.107,0.018,5.034,0.055,8120,15600,,2.00,2,0,8224x5140,P,1
732,8.755,0.001,0.829,0.131,0.000,0.043,0.109,0.000,5.099,0.017,5.028,0.054,8120,15600,,2.00,2,0,8224x5140,P,1
733,8.098,1.901,0.606,0.125,0.000,0.040,0.104,0.000,5.104,0.017,5.029,0.057,8120,15600,,2.00,2,0,8224x5140,P,1
734,8.594,0.000,0.702,0.132,0.000,0.041,0.100,0.000,5.103,0.014,5.032,0.056,8120,15600,,2.00,2,0,8224x5140,P,1
735,9.198,1.869,0.635,0.136,0.000,0.045,0.111,0.000,5.098,0.015,5.030,0.054,8120,15600,,2.00,2,0,8224x5140,P,1
736,8.462,0.001,0.651,0.113,0.000,0.034,0.133,0.000,5.102,0.016,5.030,0.056,8120,15600,,2.00,2,0,8224x5140,P,1
737,7.814,0.934,0.339,0.077,0.000,0.026,0.120,0.000,5.099,0.014,5.030,0.055,8120,15600,,2.00,2,0,8224x5140,P,1
738,8.368,0.000,0.529,0.087,0.000,0.025,0.123,0.000,5.098,0.014,5.029,0.055,8120,15600,,2.00,2,0,8224x5140,P,1
739,7.375,1.632,0.656,0.111,0.000,0.043,0.057,0.000,5.099,0.014,5.028,0.056,8120,15600,,2.00,2,0,8224x5140,P,1
740,8.246,0.000,0.413,0.084,0.000,0.028,0.106,0.000,5.104,0.014,5.031,0.060,8120,15600,,2.00,2,0,8224x5140,P,1
741,8.717,1.735,0.547,0.117,0.000,0.039,0.088,0.000,5.175,0.021,5.096,0.059,8120,15600,,2.00,2,0,8224x5140,P,1
742,8.401,0.000,0.540,0.075,0.000,0.030,0.117,0.000,5.112,0.018,5.034,0.059,8120,15600,,2.00,2,0,8224x5140,P,1
743,7.496,1.699,0.567,0.124,0.000,0.042,0.079,0.000,5.099,0.014,5.029,0.056,8120,15600,,2.00,2,0,8224x5140,P,1
744,8.406,0.000,0.561,0.071,0.000,0.021,0.110,0.000,5.101,0.013,5.030,0.058,8120,15600,,2.00,2,0,8224x5140,P,1
745,8.597,1.664,0.546,0.105,0.000,0.033,0.095,0.000,5.108,0.020,5.032,0.056,8120,15600,,2.00,2,0,8224x5140,P,1
746,8.384,0.000,0.558,0.093,0.000,0.034,0.117,0.000,5.115,0.019,5.035,0.061,8120,15600,,2.00,2,0,8224x5140,P,1
747,7.501,1.668,0.529,0.097,0.000,0.037,0.101,0.000,5.100,0.014,5.029,0.057,8120,15600,,2.00,2,0,8224x5140,P,1
748,8.582,0.000,0.567,0.091,0.000,0.027,0.108,0.000,5.102,0.014,5.027,0.061,8120,15600,,2.00,2,0,8224x5140,P,1
749,8.734,1.797,0.582,0.117,0.000,0.041,0.085,0.000,5.126,0.036,5.037,0.053,8120,15600,,2.00,2,0,8224x5140,P,1
750,7.773,0.000,0.436,0.096,0.000,0.021,0.070,0.000,5.120,0.023,5.042,0.056,8120,15600,,2.00,2,0,8224x5140,P,1
751,8.113,1.260,0.363,0.065,0.000,0.018,0.076,0.000,5.092,0.014,5.030,0.047,8120,15600,,2.00,2,0,8224x5140,P,1
752,8.284,0.000,0.362,0.092,0.000,0.025,0.067,0.000,5.099,0.015,5.030,0.055,8120,15600,,2.00,2,0,8224x5140,P,1
753,8.190,1.041,0.319,0.079,0.000,0.023,0.045,0.000,5.101,0.014,5.028,0.058,8120,15600,,2.00,2,0,8224x5140,P,1
754,8.329,0.000,0.322,0.049,0.000,0.018,0.063,0.000,5.097,0.014,5.027,0.057,8120,15600,,2.00,2,0,8224x5140,P,1
755,8.423,0.862,0.283,0.051,0.000,0.015,0.048,0.000,5.106,0.017,5.032,0.057,8120,15600,,2.00,2,0,8224x5140,P,1
756,8.364,0.000,0.287,0.064,0.000,0.019,0.056,0.000,5.096,0.014,5.031,0.051,8120,15600,,2.00,2,0,8224x5140,P,1
757,8.314,0.810,0.271,0.071,0.000,0.020,0.087,0.000,5.107,0.017,5.031,0.059,8120,15600,,2.00,2,0,8224x5140,P,1
758,8.126,0.000,0.301,0.044,0.000,0.017,0.045,0.000,5.108,0.018,5.033,0.057,8120,15600,,2.00,2,0,8224x5140,P,1
759,8.349,0.892,0.263,0.041,0.000,0.012,0.061,0.000,5.112,0.017,5.033,0.062,8120,15600,,2.00,2,0,8224x5140,P,1
760,8.276,0.000,0.332,0.028,0.000,0.012,0.053,0.000,5.108,0.017,5.029,0.062,8120,15600,,2.00,2,0,8224x5140,P,1
761,8.411,0.898,0.303,0.029,0.000,0.011,0.059,0.000,5.104,0.017,5.030,0.057,8120,15600,,2.00,2,0,8224x5140,P,1
762,8.280,0.000,0.332,0.038,0.000,0.015,0.031,0.000,5.105,0.014,5.031,0.060,8120,15600,,2.00,2,0,8224x5140,P,1
763,8.291,0.947,0.286,0.030,0.000,0.010,0.044,0.000,5.100,0.014,5.029,0.057,8120,15600,,2.00,2,0,8224x5140,P,1
764,8.273,0.000,0.307,0.026,0.000,0.009,0.033,0.000,5.103,0.017,5.030,0.056,8120,15600,,2.00,2,0,8224x5140,P,1
765,8.537,0.801,0.276,0.024,0.000,0.009,0.034,0.000,5.104,0.017,5.033,0.053,8120,15600,,2.00,2,0,8224x5140,P,1
766,8.543,0.000,0.322,0.027,0.000,0.015,0.052,0.000,5.114,0.018,5.036,0.060,8120,15600,,2.00,2,0,8224x5140,P,1
767,7.956,0.931,0.290,0.034,0.000,0.010,0.052,0.000,5.103,0.014,5.031,0.058,8120,15600,,2.00,2,0,8224x5140,P,1
768,8.484,0.000,0.320,0.037,0.000,0.016,0.059,0.000,5.101,0.017,5.029,0.055,8120,15600,,2.00,2,0,8224x5140,P,1
769,8.424,0.903,0.342,0.028,0.000,0.011,0.048,0.000,5.107,0.017,5.034,0.057,8120,15600,,2.00,2,0,8224x5140,P,1
770,8.033,0.000,0.346,0.029,0.000,0.010,0.068,0.000,5.105,0.014,5.030,0.061,8120,15600,,2.00,2,0,8224x5140,P,1
771,8.410,0.934,0.305,0.036,0.000,0.012,0.053,0.000,5.107,0.014,5.032,0.060,8120,15600,,2.00,2,0,8224x5140,P,1
772,8.299,0.000,0.356,0.032,0.000,0.022,0.056,0.000,5.115,0.020,5.035,0.059,8120,15600,,2.00,2,0,8224x5140,P,1
773,8.549,0.930,0.341,0.032,0.000,0.012,0.084,0.000,5.105,0.017,5.031,0.056,8120,15600,,2.00,2,0,8224x5140,P,1
774,8.101,0.000,0.407,0.034,0.000,0.011,0.065,0.000,5.127,0.024,5.039,0.065,8120,15600,,2.00,2,0,8224x5140,P,1
775,8.543,0.897,0.342,0.035,0.000,0.011,0.083,0.000,5.102,0.013,5.032,0.056,8120,15600,,2.00,2,0,8224x5140,P,1
776,8.156,0.000,0.449,0.052,0.000,0.018,0.075,0.000,5.126,0.024,5.042,0.061,8120,15600,,2.00,2,0,8224x5140,P,1
777,8.301,1.053,0.378,0.040,0.000,0.012,0.055,0.000,5.105,0.015,5.033,0.057,8120,15600,,2.00,2,0,8224x5140,P,1
778,8.329,0.000,0.454,0.036,0.000,0.012,0.050,0.000,5.142,0.028,5.054,0.060,8120,15600,,2.00,2,0,8224x5140,P,1
779,8.373,1.073,0.382,0.038,0.000,0.012,0.065,0.000,5.101,0.014,5.030,0.057,8120,15600,,2.00,2,0,8224x5140,P,1
780,8.327,0.000,0.472,0.042,0.000,0.016,0.067,0.000,5.133,0.028,5.042,0.063,8120,15600,,2.00,2,0,8224x5140,P,1
781,8.287,1.166,0.427,0.043,0.000,0.013,0.049,0.000,5.100,0.014,5.030,0.057,8120,15600,,2.00,2,0,8224x5140,P,1
782,8.327,0.000,0.483,0.039,0.000,0.015,0.046,0.000,5.185,0.036,5.089,0.061,8120,15600,,2.00,2,0,8224x5140,P,1
783,8.378,1.158,0.413,0.041,0.000,0.013,0.062,0.000,5.106,0.014,5.033,0.059,8120,15600,,2.00,2,0,8224x5140,P,1
784,8.340,0.000,0.549,0.052,0.000,0.015,0.078,0.000,5.146,0.042,5.046,0.058,8120,15600,,2.00,2,0,8224x5140,P,1
785,8.255,1.683,0.438,0.062,0.000,0.021,0.055,0.000,5.100,0.014,5.030,0.056,8120,15600,,2.00,2,0,8224x5140,P,1
786,8.365,0.000,0.399,0.046,0.000,0.015,0.071,0.000,5.102,0.017,5.032,0.053,8120,15600,,2.00,2,0,8224x5140,P,1
787,8.594,0.954,0.358,0.065,0.000,0.017,0.054,0.000,5.099,0.017,5.029,0.052,8120,15600,,2.00,2,0,8224x5140,P,1
788,7.980,0.000,0.461,0.064,0.000,0.019,0.051,0.000,5.100,0.017,5.031,0.053,8120,15600,,2.00,2,0,8224x5140,P,1
789,8.234,0.800,0.293,0.055,0.000,0.015,0.050,0.000,5.102,0.014,5.032,0.057,8120,15600,,2.00,2,0,8224x5140,P,1
790,8.339,0.000,0.313,0.034,0.000,0.011,0.054,0.000,5.100,0.017,5.029,0.054,8120,15600,,2.00,2,0,8224x5140,P,1
791,8.471,0.865,0.331,0.041,0.000,0.012,0.046,0.000,5.101,0.014,5.031,0.056,8120,15600,,2.00,2,0,8224x5140,P,1
792,8.211,0.000,0.327,0.047,0.000,0.013,0.055,0.000,5.097,0.017,5.027,0.053,8120,15600,,2.00,2,0,8224x5140,P,1
793,8.325,0.865,0.299,0.069,0.000,0.021,0.042,0.000,5.097,0.014,5.031,0.053,8120,15600,,2.00,2,0,8224x5140,P,1
794,8.295,0.000,0.422,0.048,0.000,0.014,0.049,0.000,5.102,0.016,5.032,0.053,8120,15600,,2.00,2,0,8224x5140,P,1
795,8.280,0.636,0.303,0.060,0.000,0.019,0.048,0.000,5.095,0.014,5.029,0.053,8120,15600,,2.00,2,0,8224x5140,P,1
796,8.367,0.000,0.395,0.044,0.000,0.012,0.051,0.000,5.099,0.016,5.030,0.053,8120,15600,,2.00,2,0,8224x5140,P,1
797,8.329,0.592,0.255,0.056,0.000,0.018,0.053,0.000,5.092,0.015,5.028,0.049,8120,15600,,2.00,2,0,8224x5140,P,1
798,8.248,0.000,0.414,0.050,0.000,0.015,0.053,0.000,5.097,0.016,5.029,0.052,8120,15600,,2.00,2,0,8224x5140,P,1
799,8.434,0.568,0.233,0.058,0.000,0.017,0.054,0.000,5.100,0.014,5.032,0.055,8120,15600,,2.00,2,0,8224x5140,P,1
800,8.231,0.000,0.270,0.053,0.000,0.017,0.043,0.000,5.097,0.016,5.029,0.052,8120,15600,,2.00,2,0,8224x5140,P,1
801,8.341,0.661,0.264,0.058,0.000,0.017,0.056,0.000,5.103,0.015,5.035,0.053,8120,15600,,2.00,2,0,8224x5140,P,1
802,8.336,0.000,0.263,0.047,0.000,0.015,0.039,0.000,5.100,0.017,5.028,0.054,8120,15600,,2.00,2,0,8224x5140,P,1
803,8.268,0.590,0.270,0.050,0.000,0.018,0.044,0.000,5.093,0.014,5.027,0.052,8120,15600,,2.00,2,0,8224x5140,P,1
804,8.443,0.000,0.275,0.059,0.000,0.017,0.049,0.000,5.093,0.014,5.026,0.053,8120,15600,,2.00,2,0,8224x5140,P,1
805,8.287,0.715,0.261,0.056,0.000,0.016,0.051,0.000,5.098,0.018,5.030,0.051,8120,15600,,2.00,2,0,8224x5140,P,1
806,8.283,0.000,0.393,0.058,0.000,0.019,0.046,0.000,5.095,0.014,5.027,0.054,8120,15600,,2.00,2,0,8224x5140,P,1
807,8.327,0.667,0.240,0.059,0.000,0.016,0.041,0.000,5.107,0.017,5.036,0.053,8120,15600,,2.00,2,0,8224x5140,P,1
808,8.333,0.000,0.310,0.054,0.000,0.021,0.042,0.000,5.098,0.014,5.031,0.053,8120,15600,,2.00,2,0,8224x5140,P,1
809,8.268,0.657,0.241,0.060,0.000,0.019,0.050,0.000,5.097,0.016,5.030,0.051,8120,15600,,2.00,2,0,8224x5140,P,1
810,8.384,0.000,0.408,0.051,0.000,0.015,0.047,0.000,5.095,0.015,5.028,0.052,8120,15600,,2.00,2,0,8224x5140,P,1
811,8.327,0.634,0.260,0.054,0.000,0.016,0.056,0.000,5.101,0.016,5.034,0.051,8120,15600,,2.00,2,0,8224x5140,P,1
812,8.303,0.000,0.288,0.054,0.000,0.023,0.058,0.000,5.096,0.014,5.029,0.053,8120,15600,,2.00,2,0,8224x5140,P,1
813,8.378,0.778,0.270,0.071,0.000,0.021,0.056,0.000,5.099,0.014,5.032,0.053,8120,15600,,2.00,2,0,8224x5140,P,1
814,8.231,0.000,0.270,0.054,0.000,0.019,0.049,0.000,5.100,0.017,5.030,0.053,8120,15600,,2.00,2,0,8224x5140,P,1
815,8.315,0.774,0.273,0.068,0.000,0.021,0.043,0.000,5.097,0.014,5.030,0.053,8120,15600,,2.00,2,0,8224x5140,P,1
816,8.409,0.000,0.311,0.058,0.000,0.019,0.060,0.000,5.096,0.014,5.029,0.053,8120,15600,,2.00,2,0,8224x5140,P,1
817,8.284,0.733,0.272,0.061,0.000,0.020,0.054,0.000,5.099,0.014,5.030,0.055,8120,15600,,2.00,2,0,8224x5140,P,1
818,8.358,0.000,0.316,0.074,0.000,0.020,0.064,0.000,5.096,0.014,5.030,0.052,8120,15600,,2.00,2,0,8224x5140,P,1
819,8.471,0.954,0.282,0.066,0.000,0.020,0.054,0.000,5.104,0.017,5.033,0.054,8120,15600,,2.00,2,0,8224x5140,P,1
820,8.135,0.000,0.330,0.073,0.000,0.024,0.057,0.000,5.099,0.014,5.030,0.055,8120,15600,,2.00,2,0,8224x5140,P,1
821,8.385,0.801,0.260,0.070,0.000,0.020,0.062,0.000,5.093,0.014,5.029,0.049,8120,15600,,2.00,2,0,8224x5140,P,1
822,8.218,0.000,0.288,0.062,0.000,0.017,0.057,0.000,5.100,0.016,5.032,0.051,8120,15600,,2.00,2,0,8224x5140,P,1
823,8.284,0.767,0.262,0.065,0.000,0.019,0.064,0.000,5.096,0.015,5.028,0.053,8120,15600,,2.00,2,0,8224x5140,P,1
824,8.327,0.000,0.448,0.058,0.000,0.017,0.053,0.000,5.103,0.017,5.032,0.054,8120,15600,,2.00,2,0,8224x5140,P,1
825,8.312,0.752,0.262,0.059,0.000,0.020,0.055,0.000,5.103,0.014,5.034,0.054,8120,15600,,2.00,2,0,8224x5140,P,1
826,8.299,0.000,0.274,0.062,0.000,0.016,0.049,0.000,5.098,0.017,5.029,0.053,8120,15600,,2.00,2,0,8224x5140,P,1
827,8.339,0.778,0.405,0.063,0.000,0.019,0.050,0.000,5.097,0.014,5.030,0.053,8120,15600,,2.00,2,0,8224x5140,P,1
828,8.280,0.000,0.318,0.072,0.000,0.021,0.049,0.000,5.096,0.013,5.030,0.053,8120,15600,,2.00,2,0,8224x5140,P,1
829,8.329,0.756,0.266,0.055,0.000,0.017,0.055,0.000,5.096,0.014,5.031,0.051,8120,15600,,2.00,2,0,8224x5140,P,1
830,4.972,0.599,0.294,0.071,0.000,0.027,0.053,0.000,5.102,0.017,5.030,0.056,8120,15600,tshadow_off,2.00,2,0,8224x5140,N,2
831,8.258,0.000,0.304,0.060,0.000,0.019,0.047,0.000,2.575,0.014,2.505,0.056,8120,15600,,2.00,2,0,8224x5140,N,2
832,8.336,0.000,0.262,0.041,0.000,0.013,0.044,0.000,2.573,0.016,2.501,0.056,8120,15600,,2.00,2,0,8224x5140,N,2
833,8.301,0.753,0.257,0.091,0.000,0.022,0.041,0.000,2.558,0.018,2.485,0.055,8120,15600,,2.00,2,0,8224x5140,N,2
834,8.418,0.000,0.303,0.050,0.000,0.017,0.072,0.000,2.585,0.017,2.513,0.055,8120,15600,,2.00,2,0,8224x5140,N,2
835,8.387,1.127,0.422,0.109,0.000,0.029,0.056,0.000,2.560,0.018,2.486,0.056,8120,15600,,2.00,2,0,8224x5140,N,2
836,8.303,0.000,0.369,0.050,0.000,0.013,0.064,0.000,2.524,0.018,2.445,0.061,8120,15600,,2.00,2,0,8224x5140,N,2
837,8.263,1.079,0.405,0.050,0.000,0.014,0.088,0.000,2.520,0.016,2.443,0.061,8120,15600,,2.00,2,0,8224x5140,N,2
838,8.275,0.000,0.410,0.056,0.000,0.016,0.057,0.000,2.523,0.017,2.445,0.060,8120,15600,,2.00,2,0,8224x5140,N,2
839,8.531,1.364,0.384,0.041,0.000,0.018,0.082,0.000,2.530,0.019,2.452,0.058,8120,15600,,2.00,2,0,8224x5140,N,2
840,8.113,0.000,0.389,0.043,0.000,0.014,0.057,0.000,2.600,0.017,2.530,0.054,8120,15600,,2.00,2,0,8224x5140,N,2
841,8.327,1.152,0.388,0.050,0.000,0.015,0.051,0.000,2.520,0.018,2.442,0.060,8120,15600,,2.00,2,0,8224x5140,N,2
842,8.428,0.000,0.390,0.040,0.000,0.018,0.047,0.000,2.533,0.018,2.455,0.060,8120,15600,,2.00,2,0,8224x5140,N,2
843,8.327,1.192,0.422,0.043,0.000,0.015,0.047,0.000,2.530,0.020,2.451,0.059,8120,15600,,2.00,2,0,8224x5140,N,2
844,8.287,0.000,0.432,0.056,0.000,0.013,0.048,0.000,2.540,0.018,2.462,0.061,8120,15600,,2.00,2,0,8224x5140,N,2
845,8.416,1.161,0.438,0.043,0.000,0.014,0.070,0.000,2.540,0.019,2.460,0.061,8120,15600,,2.00,2,0,8224x5140,N,2
846,8.394,0.000,0.515,0.048,0.000,0.018,0.080,0.000,2.540,0.018,2.462,0.059,8120,15600,,2.00,2,0,8224x5140,N,2
847,8.265,1.552,0.520,0.057,0.000,0.020,0.077,0.000,2.544,0.022,2.461,0.061,8120,15600,,2.00,2,0,8224x5140,N,2
848,8.240,0.000,0.549,0.059,0.000,0.018,0.057,0.000,2.595,0.021,2.512,0.062,8120,15600,,2.00,2,0,8224x5140,N,2
849,9.820,1.404,0.508,0.051,0.000,0.016,0.207,0.000,2.586,0.022,2.504,0.060,8120,15600,,2.00,2,0,8224x5140,N,2
850,6.929,0.001,0.786,0.131,0.000,0.050,0.071,0.000,2.530,0.015,2.456,0.059,8120,15600,,2.00,2,0,8224x5140,N,2
851,9.514,1.408,0.498,0.067,0.000,0.023,0.194,0.000,2.653,0.024,2.572,0.058,8120,15600,,2.00,2,0,8224x5140,N,2
852,6.432,0.000,0.589,0.077,0.000,0.025,0.109,0.000,2.683,0.035,2.587,0.061,8120,15600,,2.00,2,0,8224x5140,N,2
853,8.233,1.879,0.649,0.068,0.000,0.020,0.110,0.000,2.759,0.028,2.671,0.060,8120,15600,,2.00,2,0,8224x5140,N,2
854,8.066,0.001,0.533,0.084,0.000,0.038,0.061,0.000,2.697,0.028,2.613,0.057,8120,15600,,2.00,2,0,8224x5140,N,2
855,8.244,1.002,0.340,0.046,0.000,0.012,0.072,0.000,2.723,0.019,2.645,0.059,8120,15600,,2.00,2,0,8224x5140,N,2
856,8.252,0.000,0.400,0.055,0.000,0.016,0.028,0.000,2.758,0.017,2.684,0.057,8120,15600,,2.00,2,0,8224x5140,N,2
857,8.353,0.728,0.291,0.030,0.000,0.009,0.039,0.000,2.765,0.018,2.688,0.059,8120,15600,,2.00,2,0,8224x5140,N,2
858,8.325,0.000,0.291,0.034,0.000,0.008,0.031,0.000,2.798,0.024,2.716,0.059,8120,15600,,2.00,2,0,8224x5140,N,2
859,8.253,0.618,0.259,0.025,0.000,0.009,0.022,0.000,2.917,0.017,2.841,0.058,8120,15600,,2.00,2,0,8224x5140,N,2
860,8.622,0.000,0.263,0.023,0.000,0.007,0.039,0.000,2.896,0.018,2.822,0.056,8120,15600,,2.00,2,0,8224x5140,N,2
861,8.262,0.807,0.246,0.026,0.000,0.007,0.034,0.000,2.934,0.019,2.854,0.061,8120,15600,,2.00,2,0,8224x5140,N,2
862,8.289,0.000,0.255,0.022,0.000,0.008,0.059,0.000,3.145,0.019,3.068,0.059,8120,15600,,2.00,2,0,8224x5140,N,2
863,8.387,0.744,0.262,0.029,0.000,0.010,0.035,0.000,3.217,0.019,3.141,0.058,8120,15600,,2.00,2,0,8224x5140,N,2
864,8.309,0.000,0.276,0.024,0.000,0.012,0.041,0.000,3.206,0.019,3.129,0.058,8120,15600,,2.00,2,0,8224x5140,N,2
865,8.354,0.673,0.249,0.025,0.000,0.008,0.034,0.000,3.263,0.020,3.180,0.062,8120,15600,,2.00,2,0,8224x5140,N,2
866,8.284,0.000,0.271,0.026,0.000,0.011,0.042,0.000,3.576,0.021,3.493,0.063,8120,15600,,2.00,2,0,8224x5140,N,2
867,8.343,0.812,0.266,0.026,0.000,0.009,0.034,0.000,3.592,0.022,3.508,0.062,8120,15600,,2.00,2,0,8224x5140,N,2
868,8.384,0.000,0.314,0.026,0.000,0.008,0.057,0.000,3.583,0.021,3.505,0.057,8120,15600,,2.00,2,0,8224x5140,N,2
869,8.375,0.788,0.286,0.032,0.000,0.010,0.093,0.000,3.910,0.024,3.825,0.061,8120,15600,,2.00,2,0,8224x5140,N,2
870,8.336,0.000,0.302,0.026,0.000,0.013,0.057,0.000,4.098,0.025,4.004,0.069,8120,15600,,2.00,2,0,8224x5140,N,2
871,8.330,0.859,0.316,0.028,0.000,0.009,0.053,0.000,4.103,0.025,4.016,0.062,8120,15600,,2.00,2,0,8224x5140,N,2
872,8.374,0.000,0.313,0.032,0.000,0.010,0.057,0.000,4.272,0.027,4.176,0.069,8120,15600,,2.00,2,0,8224x5140,N,2
873,8.122,0.815,0.307,0.032,0.000,0.010,0.061,0.000,4.640,0.026,4.546,0.068,8120,15600,,2.00,2,0,8224x5140,N,2
874,8.283,0.000,0.350,0.033,0.000,0.012,0.037,0.000,5.027,0.026,4.919,0.082,8120,15600,,2.00,2,0,8224x5140,N,2
875,8.407,0.798,0.290,0.030,0.000,0.009,0.067,0.000,4.939,0.023,4.834,0.081,8120,15600,,2.00,2,0,8224x5140,N,2
876,8.334,0.000,0.382,0.040,0.000,0.026,0.059,0.000,4.948,0.026,4.847,0.075,8120,15600,,2.00,2,0,8224x5140,N,2
877,8.249,0.886,0.342,0.034,0.000,0.010,0.040,0.000,5.265,0.028,5.165,0.071,8120,15600,,2.00,2,0,8224x5140,N,2
878,8.352,0.000,0.373,0.036,0.000,0.012,0.037,0.000,5.074,0.029,4.964,0.080,8120,15600,,2.00,2,0,8224x5140,N,2
879,8.425,0.886,0.330,0.031,0.000,0.010,0.074,0.000,5.254,0.033,5.147,0.074,8120,15600,,2.00,2,0,8224x5140,N,2
880,8.180,0.000,0.424,0.037,0.000,0.012,0.042,0.000,5.296,0.028,5.190,0.077,8120,15600,,2.00,2,0,8224x5140,N,2
881,8.424,1.084,0.405,0.038,0.000,0.011,0.088,0.000,5.165,0.029,5.056,0.080,8120,15600,,2.00,2,0,8224x5140,N,2
882,8.343,0.000,0.451,0.049,0.000,0.015,0.068,0.000,4.999,0.034,4.891,0.074,8120,15600,,2.00,2,0,8224x5140,N,2
883,8.305,1.168,0.423,0.047,0.000,0.015,0.057,0.000,5.249,0.034,5.144,0.070,8120,15600,,2.00,2,0,8224x5140,N,2
884,8.350,0.000,0.424,0.036,0.000,0.013,0.053,0.000,5.101,0.028,5.000,0.073,8120,15600,,2.00,2,0,8224x5140,N,2
885,8.311,1.128,0.454,0.041,0.000,0.014,0.061,0.000,5.174,0.034,5.071,0.069,8120,15600,,2.00,2,0,8224x5140,N,2
886,8.315,0.000,0.451,0.042,0.000,0.017,0.048,0.000,5.137,0.028,5.031,0.078,8120,15600,,2.00,2,0,8224x5140,N,2
887,8.342,1.111,0.442,0.043,0.000,0.014,0.061,0.000,5.164,0.029,5.062,0.073,8120,15600,,2.00,2,0,8224x5140,N,2
888,8.454,0.000,0.542,0.049,0.000,0.017,0.117,0.000,5.240,0.036,5.129,0.075,8120,15600,,2.00,2,0,8224x5140,N,2
889,8.422,1.718,0.492,0.063,0.000,0.023,0.080,0.000,5.224,0.028,5.121,0.075,8120,15600,,2.00,2,0,8224x5140,N,2
890,8.131,0.000,0.556,0.063,0.000,0.023,0.084,0.000,5.082,0.039,4.964,0.079,8120,15600,,2.00,2,0,8224x5140,N,2
891,8.341,1.830,0.531,0.068,0.000,0.019,0.066,0.000,5.229,0.028,5.121,0.080,8120,15600,,2.00,2,0,8224x5140,N,2
892,8.271,0.000,0.520,0.060,0.000,0.018,0.062,0.000,5.233,0.029,5.124,0.080,8120,15600,,2.00,2,0,8224x5140,N,2
893,8.748,1.336,0.549,0.049,0.000,0.017,0.169,0.000,5.212,0.028,5.109,0.075,8120,15600,,2.00,2,0,8224x5140,N,2
894,9.117,0.001,0.935,0.234,0.000,0.087,0.135,0.000,4.989,0.027,4.880,0.082,8120,15600,,2.00,2,0,8224x5140,N,2
895,8.967,1.822,1.191,0.231,0.000,0.069,0.178,0.000,4.875,0.027,4.778,0.069,8120,15600,,2.00,2,0,8224x5140,N,2
896,8.000,0.001,1.137,0.223,0.000,0.097,0.121,0.000,4.757,0.027,4.652,0.078,8120,15600,,2.00,2,0,8224x5140,N,2
897,7.984,1.669,0.937,0.197,0.000,0.125,0.097,0.000,4.904,0.024,4.814,0.065,8120,15600,,2.00,2,0,8224x5140,N,2
898,7.915,0.000,0.546,0.080,0.000,0.028,0.079,0.000,4.956,0.024,4.858,0.074,8120,15600,,2.00,2,0,8224x5140,N,2
899,7.359,1.468,0.565,0.062,0.000,0.017,0.059,0.000,4.757,0.024,4.661,0.072,8120,15600,,2.00,2,0,8224x5140,N,2
900,8.975,0.000,0.502,0.054,0.000,0.018,0.192,0.000,4.760,0.023,4.665,0.072,8120,15600,,2.00,2,0,8224x5140,N,2
901,7.993,1.924,0.996,0.069,0.000,0.031,0.060,0.000,4.471,0.029,4.376,0.067,8120,15600,,2.00,2,0,8224x5140,N,2
902,9.140,0.000,0.516,0.055,0.000,0.015,0.180,0.000,4.478,0.023,4.386,0.068,8120,15600,,2.00,2,0,8224x5140,N,2
903,7.752,1.786,0.701,0.208,0.001,0.056,0.081,0.000,4.192,0.028,4.097,0.067,8120,15600,,2.00,2,0,8224x5140,N,2
904,7.588,0.000,0.566,0.072,0.000,0.020,0.062,0.000,4.198,0.023,4.102,0.073,8120,15600,,2.00,2,0,8224x5140,N,2
905,8.495,1.306,0.544,0.067,0.000,0.020,0.065,0.000,4.220,0.049,4.102,0.069,8120,15600,,2.00,2,0,8224x5140,N,2
906,8.155,0.000,0.515,0.065,0.000,0.034,0.079,0.000,4.089,0.042,3.982,0.065,8120,15600,,2.00,2,0,8224x5140,N,2
907,8.300,0.852,0.439,0.091,0.000,0.022,0.048,0.000,4.132,0.032,4.039,0.062,8120,15600,,2.00,2,0,8224x5140,N,2
908,8.402,0.000,0.483,0.058,0.000,0.017,0.091,0.000,4.025,0.023,3.941,0.061,8120,15600,,2.00,2,0,8224x5140,N,2
909,8.141,0.891,0.299,0.063,0.000,0.019,0.062,0.000,4.087,0.023,3.998,0.066,8120,15600,,2.00,2,0,8224x5140,N,2
910,8.312,0.000,0.315,0.041,0.000,0.016,0.061,0.000,4.115,0.022,4.031,0.062,8120,15600,,2.00,2,0,8224x5140,N,2
911,8.276,0.902,0.290,0.049,0.000,0.013,0.056,0.000,4.026,0.023,3.941,0.063,8120,15600,,2.00,2,0,8224x5140,N,2
912,8.298,0.000,0.303,0.031,0.000,0.009,0.044,0.000,4.023,0.022,3.937,0.063,8120,15600,,2.00,2,0,8224x5140,N,2
913,8.316,0.867,0.281,0.031,0.000,0.009,0.033,0.000,4.026,0.023,3.938,0.065,8120,15600,,2.00,2,0,8224x5140,N,2
914,8.355,0.000,0.290,0.026,0.000,0.008,0.056,0.000,4.029,0.022,3.945,0.062,8120,15600,,2.00,2,0,8224x5140,N,2
915,8.289,0.706,0.254,0.027,0.000,0.009,0.032,0.000,4.025,0.023,3.940,0.063,8120,15600,,2.00,2,0,8224x5140,N,2
916,8.311,0.000,0.293,0.022,0.000,0.011,0.031,0.000,4.020,0.023,3.936,0.061,8120,15600,,2.00,2,0,8224x5140,N,2
917,8.391,0.661,0.235,0.024,0.000,0.007,0.041,0.000,4.017,0.023,3.938,0.056,8120,15600,,2.00,2,0,8224x5140,N,2
918,8.379,0.000,0.279,0.032,0.000,0.010,0.041,0.000,4.090,0.023,4.001,0.066,8120,15600,,2.00,2,0,8224x5140,N,2
919,8.290,0.584,0.243,0.034,0.000,0.010,0.046,0.000,4.025,0.022,3.940,0.063,8120,15600,,2.00,2,0,8224x5140,N,2
920,8.337,0.000,0.262,0.028,0.000,0.009,0.047,0.000,4.060,0.023,3.976,0.061,8120,15600,,2.00,2,0,8224x5140,N,2
921,8.451,0.621,0.231,0.033,0.000,0.010,0.042,0.000,4.073,0.024,3.987,0.061,8120,15600,,2.00,2,0,8224x5140,N,2
922,8.322,0.000,0.241,0.025,0.000,0.008,0.041,0.000,4.082,0.024,3.997,0.061,8120,15600,,2.00,2,0,8224x5140,N,2
923,8.199,0.613,0.237,0.026,0.000,0.012,0.030,0.000,4.117,0.027,4.030,0.060,8120,15600,,2.00,2,0,8224x5140,N,2
924,8.517,0.000,0.266,0.024,0.000,0.007,0.037,0.000,4.220,0.027,4.132,0.061,8120,15600,,2.00,2,0,8224x5140,N,2
925,8.097,0.666,0.237,0.032,0.000,0.010,0.041,0.000,4.262,0.027,4.173,0.062,8120,15600,,2.00,2,0,8224x5140,N,2
926,8.627,0.000,0.284,0.027,0.000,0.014,0.051,0.000,4.334,0.027,4.246,0.061,8120,15600,,2.00,2,0,8224x5140,N,2
927,8.298,0.760,0.238,0.044,0.000,0.013,0.043,0.000,4.471,0.027,4.384,0.061,8120,15600,,2.00,2,0,8224x5140,N,2
928,8.127,0.000,0.272,0.023,0.000,0.007,0.028,0.000,4.764,0.027,4.674,0.063,8120,15600,,2.00,2,0,8224x5140,N,2
929,8.320,0.603,0.233,0.026,0.000,0.008,0.037,0.000,4.659,0.026,4.563,0.071,8120,15600,,2.00,2,0,8224x5140,N,2
930,8.379,0.000,0.274,0.025,0.000,0.008,0.043,0.000,4.819,0.026,4.715,0.077,8120,15600,,2.00,2,0,8224x5140,N,2
931,8.354,0.835,0.259,0.038,0.000,0.012,0.046,0.000,4.658,0.026,4.569,0.063,8120,15600,,2.00,2,0,8224x5140,N,2
932,8.250,0.000,0.260,0.044,0.000,0.013,0.046,0.000,4.659,0.027,4.568,0.064,8120,15600,,2.00,2,0,8224x5140,N,2
933,8.341,0.757,0.243,0.040,0.000,0.012,0.053,0.000,4.660,0.027,4.569,0.064,8120,15600,,2.00,2,0,8224x5140,N,2
934,8.596,0.000,0.271,0.033,0.000,0.011,0.044,0.000,4.657,0.027,4.571,0.060,8120,15600,,2.00,2,0,8224x5140,N,2
935,7.979,0.592,0.264,0.036,0.000,0.010,0.044,0.000,4.977,0.026,4.879,0.072,8120,15600,,2.00,2,0,8224x5140,N,2
936,8.517,0.000,0.263,0.026,0.000,0.008,0.041,0.000,4.830,0.029,4.724,0.077,8120,15600,,2.00,2,0,8224x5140,N,2
937,8.153,0.792,0.228,0.026,0.000,0.009,0.032,0.000,4.828,0.033,4.715,0.079,8120,15600,,2.00,2,0,8224x5140,N,2
938,8.511,0.000,0.273,0.024,0.000,0.007,0.035,0.000,4.945,0.031,4.848,0.067,8120,15600,,2.00,2,0,8224x5140,N,2
939,8.213,0.673,0.246,0.028,0.000,0.009,0.045,0.000,5.037,0.034,4.938,0.065,8120,15600,,2.00,2,0,8224x5140,N,2
940,8.293,0.000,0.300,0.032,0.000,0.010,0.039,0.000,5.231,0.030,5.108,0.093,8120,15600,,2.00,2,0,8224x5140,N,2
941,8.308,0.650,0.248,0.024,0.000,0.007,0.066,0.000,5.189,0.031,5.085,0.073,8120,15600,,2.00,2,0,8224x5140,N,2
942,8.372,0.000,0.326,0.038,0.000,0.015,0.034,0.000,5.326,0.029,5.219,0.078,8120,15600,,2.00,2,0,8224x5140,N,2
943,8.256,0.706,0.275,0.028,0.000,0.009,0.057,0.000,5.101,0.028,5.000,0.073,8120,15600,,2.00,2,0,8224x5140,N,2
944,8.491,0.000,0.340,0.033,0.000,0.010,0.062,0.000,4.816,0.028,4.717,0.071,8120,15600,,2.00,2,0,8224x5140,N,2
945,8.341,0.840,0.334,0.067,0.000,0.020,0.061,0.000,4.658,0.027,4.570,0.061,8120,15600,,2.00,2,0,8224x5140,N,2
946,8.313,0.000,0.343,0.077,0.000,0.022,0.060,0.000,4.662,0.027,4.571,0.064,8120,15600,,2.00,2,0,8224x5140,N,2
947,8.323,0.845,0.282,0.073,0.000,0.023,0.071,0.000,4.666,0.027,4.574,0.064,8120,15600,,2.00,2,0,8224x5140,N,2
948,8.260,0.000,0.357,0.054,0.000,0.018,0.054,0.000,4.661,0.027,4.570,0.064,8120,15600,,2.00,2,0,8224x5140,N,2
949,8.299,0.914,0.288,0.060,0.000,0.018,0.050,0.000,4.660,0.028,4.569,0.064,8120,15600,,2.00,2,0,8224x5140,N,2
950,8.322,0.000,0.308,0.041,0.000,0.014,0.044,0.000,4.729,0.033,4.632,0.064,8120,15600,,2.00,2,0,8224x5140,N,2
951,8.347,1.033,0.277,0.050,0.000,0.014,0.060,0.000,4.757,0.033,4.652,0.072,8120,15600,,2.00,2,0,8224x5140,N,2
952,8.342,0.000,0.399,0.041,0.000,0.018,0.085,0.000,4.910,0.033,4.796,0.080,8120,15600,,2.00,2,0,8224x5140,N,2
953,8.361,1.222,0.369,0.055,0.000,0.017,0.053,0.000,4.919,0.032,4.820,0.067,8120,15600,,2.00,2,0,8224x5140,N,2
954,8.297,0.000,0.362,0.035,0.000,0.010,0.068,0.000,5.026,0.029,4.922,0.075,8120,15600,,2.00,2,0,8224x5140,N,2
955,8.341,1.122,0.379,0.041,0.000,0.013,0.076,0.000,4.833,0.034,4.731,0.068,8120,15600,,2.00,2,0,8224x5140,N,2
956,8.272,0.000,0.349,0.046,0.000,0.020,0.060,0.000,4.916,0.033,4.813,0.071,8120,15600,,2.00,2,0,8224x5140,N,2
957,8.410,1.153,0.348,0.073,0.000,0.020,0.059,0.000,4.732,0.029,4.640,0.063,8120,15600,,2.00,2,0,8224x5140,N,2
958,8.166,0.000,0.352,0.052,0.000,0.014,0.045,0.000,4.834,0.034,4.734,0.066,8120,15600,,2.00,2,0,8224x5140,N,2
959,8.313,0.969,0.289,0.043,0.000,0.011,0.038,0.000,4.862,0.034,4.763,0.065,8120,15600,,2.00,2,0,8224x5140,N,2
960,8.408,0.000,0.331,0.030,0.000,0.015,0.063,0.000,4.883,0.032,4.788,0.062,8120,15600,,2.00,2,0,8224x5140,N,2
961,8.218,0.840,0.287,0.044,0.000,0.022,0.041,0.000,4.856,0.033,4.758,0.065,8120,15600,,2.00,2,0,8224x5140,N,2
962,8.317,0.000,0.279,0.029,0.000,0.008,0.043,0.000,4.998,0.033,4.903,0.063,8120,15600,,2.00,2,0,8224x5140,N,2
963,8.314,0.639,0.243,0.029,0.000,0.009,0.037,0.000,5.281,0.029,5.165,0.087,8120,15600,,2.00,2,0,8224x5140,N,2
964,8.321,0.000,0.297,0.027,0.000,0.010,0.036,0.000,5.130,0.030,5.024,0.075,8120,15600,,2.00,2,0,8224x5140,N,2
965,8.340,0.607,0.241,0.022,0.000,0.007,0.035,0.000,5.095,0.029,4.999,0.067,8120,15600,,2.00,2,0,8224x5140,N,2
966,8.392,0.000,0.274,0.024,0.000,0.008,0.052,0.000,5.005,0.033,4.898,0.074,8120,15600,,2.00,2,0,8224x5140,N,2
967,8.302,0.695,0.258,0.026,0.000,0.016,0.054,0.000,5.128,0.032,5.021,0.076,8120,15600,,2.00,2,0,8224x5140,N,2
968,8.451,0.000,0.299,0.024,0.000,0.008,0.060,0.000,4.965,0.030,4.866,0.069,8120,15600,,2.00,2,0,8224x5140,N,2
969,8.264,0.888,0.301,0.059,0.000,0.017,0.055,0.000,4.840,0.034,4.742,0.064,8120,15600,,2.00,2,0,8224x5140,N,2
970,8.275,0.000,0.300,0.043,0.000,0.013,0.049,0.000,4.864,0.033,4.767,0.064,8120,15600,,2.00,2,0,8224x5140,N,2
971,8.363,0.718,0.290,0.043,0.000,0.014,0.049,0.000,5.009,0.033,4.909,0.067,8120,15600,,2.00,2,0,8224x5140,N,2
972,8.274,0.000,0.358,0.049,0.000,0.015,0.052,0.000,5.173,0.028,5.058,0.086,8120,15600,,2.00,2,0,8224x5140,N,2
973,8.372,0.729,0.279,0.036,0.000,0.015,0.054,0.000,5.029,0.029,4.929,0.070,8120,15600,,2.00,2,0,8224x5140,N,2
974,8.336,0.000,0.344,0.042,0.000,0.012,0.067,0.000,4.957,0.034,4.835,0.089,8120,15600,,2.00,2,0,8224x5140,N,2
975,8.279,1.073,0.308,0.031,0.000,0.011,0.049,0.000,4.919,0.029,4.820,0.070,8120,15600,,2.00,2,0,8224x5140,N,2
976,8.382,0.000,0.341,0.030,0.000,0.010,0.075,0.000,5.157,0.033,5.050,0.073,8120,15600,,2.00,2,0,8224x5140,N,2
977,8.290,1.137,0.326,0.043,0.000,0.014,0.061,0.000,4.918,0.028,4.821,0.069,8120,15600,,2.00,2,0,8224x5140,N,2
978,8.349,0.000,0.338,0.036,0.000,0.011,0.051,0.000,5.058,0.033,4.949,0.076,8120,15600,,2.00,2,0,8224x5140,N,2
979,8.281,1.231,0.353,0.039,0.000,0.012,0.050,0.000,4.979,0.029,4.880,0.070,8120,15600,,2.00,2,0,8224x5140,N,2
980,8.794,0.000,0.374,0.039,0.000,0.011,0.054,0.000,4.911,0.032,4.809,0.070,8120,15600,,2.00,2,0,8224x5140,N,2
981,7.825,0.894,0.353,0.040,0.000,0.013,0.066,0.000,4.765,0.034,4.662,0.070,8120,15600,,2.00,2,0,8224x5140,N,2
982,8.335,0.000,0.377,0.039,0.000,0.011,0.069,0.000,5.031,0.028,4.930,0.073,8120,15600,,2.00,2,0,8224x5140,N,2
983,8.344,1.004,0.342,0.034,0.000,0.011,0.055,0.000,5.069,0.034,4.966,0.069,8120,15600,,2.00,2,0,8224x5140,N,2
984,8.243,0.000,0.446,0.035,0.000,0.012,0.046,0.000,5.085,0.031,4.983,0.071,8120,15600,,2.00,2,0,8224x5140,N,2
985,8.404,1.018,0.418,0.038,0.000,0.012,0.042,0.000,5.003,0.031,4.900,0.072,8120,15600,,2.00,2,0,8224x5140,N,2
986,8.383,0.000,0.453,0.040,0.000,0.012,0.070,0.000,5.113,0.038,5.003,0.072,8120,15600,,2.00,2,0,8224x5140,N,2
987,8.344,1.311,0.480,0.058,0.000,0.019,0.130,0.000,4.938,0.028,4.841,0.069,8120,15600,,2.00,2,0,8224x5140,N,2
988,8.273,0.000,0.492,0.053,0.000,0.024,0.073,0.000,4.999,0.031,4.892,0.076,8120,15600,,2.00,2,0,8224x5140,N,2
989,8.318,1.574,0.475,0.051,0.000,0.017,0.085,0.000,5.103,0.040,4.987,0.075,8120,15600,,2.00,2,0,8224x5140,N,2
990,8.335,0.000,0.481,0.053,0.000,0.017,0.084,0.000,5.161,0.037,5.050,0.074,8120,15600,,2.00,2,0,8224x5140,N,2
991,8.356,1.302,0.511,0.048,0.000,0.016,0.077,0.000,4.982,0.031,4.883,0.068,8120,15600,,2.00,2,0,8224x5140,N,2
992,8.258,0.000,0.488,0.058,0.000,0.018,0.079,0.000,5.028,0.036,4.913,0.078,8120,15600,,2.00,2,0,8224x5140,N,2
993,8.312,1.353,0.454,0.059,0.000,0.016,0.074,0.000,5.014,0.028,4.911,0.076,8120,15600,,2.00,2,0,8224x5140,N,2
994,8.328,0.000,0.477,0.051,0.000,0.015,0.047,0.000,5.327,0.038,5.209,0.080,8120,15600,,2.00,2,0,8224x5140,N,2
995,8.359,1.195,0.443,0.046,0.000,0.015,0.106,0.000,5.026,0.028,4.925,0.073,8120,15600,,2.00,2,0,8224x5140,N,2
996,8.322,0.000,0.497,0.044,0.000,0.016,0.060,0.000,4.984,0.029,4.878,0.077,8120,15600,,2.00,2,0,8224x5140,N,2
997,8.349,1.365,0.566,0.052,0.000,0.016,0.079,0.000,4.970,0.037,4.861,0.073,8120,15600,,2.00,2,0,8224x5140,N,2
998,8.336,0.000,0.563,0.061,0.000,0.018,0.090,0.000,4.922,0.031,4.818,0.073,8120,15600,,2.00,2,0,8224x5140,N,2
999,8.655,1.328,0.595,0.057,0.000,0.020,0.118,0.000,4.873,0.041,4.760,0.073,8120,15600,,2.00,2,0,8224x5140,N,2
1000,9.252,0.001,1.007,0.223,0.000,0.067,0.167,0.000,4.771,0.030,4.663,0.078,8120,15600,,2.00,2,0,8224x5140,N,2
1001,8.280,1.841,0.978,0.300,0.000,0.134,0.080,0.000,4.911,0.044,4.790,0.077,8120,15600,,2.00,2,0,8224x5140,N,2
1002,8.472,0.000,0.543,0.065,0.000,0.017,0.202,0.000,4.860,0.026,4.764,0.070,8120,15600,,2.00,2,0,8224x5140,N,2
1003,8.139,1.741,1.031,0.267,0.000,0.132,0.075,0.000,4.996,0.029,4.897,0.070,8120,15600,,2.00,2,0,8224x5140,N,2
1004,8.485,0.000,0.506,0.059,0.000,0.017,0.168,0.000,4.984,0.023,4.887,0.074,8120,15600,,2.00,2,0,8224x5140,N,2
1005,7.422,1.681,0.659,0.069,0.000,0.021,0.093,0.000,4.508,0.026,4.415,0.066,8120,15600,,2.00,2,0,8224x5140,N,2
1006,7.970,0.000,0.512,0.054,0.000,0.022,0.113,0.000,4.598,0.023,4.506,0.069,8120,15600,,2.00,2,0,8224x5140,N,2
1007,8.419,1.677,0.871,0.071,0.000,0.025,0.169,0.000,4.399,0.043,4.287,0.069,8120,15600,,2.00,2,0,8224x5140,N,2
1008,7.791,0.001,0.762,0.062,0.000,0.021,0.053,0.000,4.186,0.027,4.090,0.069,8120,15600,,2.00,2,0,8224x5140,N,2
1009,8.338,1.135,0.492,0.070,0.000,0.019,0.062,0.000,4.252,0.025,4.161,0.066,8120,15600,,2.00,2,0,8224x5140,N,2
1010,8.507,0.000,0.402,0.055,0.000,0.017,0.082,0.000,4.052,0.023,3.965,0.064,8120,15600,,2.00,2,0,8224x5140,N,2
1011,8.166,0.997,0.360,0.060,0.000,0.014,0.057,0.000,4.064,0.023,3.970,0.071,8120,15600,,2.00,2,0,8224x5140,N,2
1012,8.293,0.000,0.405,0.050,0.000,0.013,0.046,0.000,4.083,0.023,3.989,0.071,8120,15600,,2.00,2,0,8224x5140,N,2
1013,8.476,1.124,0.381,0.039,0.000,0.013,0.067,0.000,4.043,0.022,3.951,0.070,8120,15600,,2.00,2,0,8224x5140,N,2
1014,8.258,0.000,0.402,0.041,0.000,0.012,0.073,0.000,4.076,0.024,3.983,0.070,8120,15600,,2.00,2,0,8224x5140,N,2
1015,8.349,1.278,0.439,0.051,0.000,0.019,0.064,0.000,4.052,0.024,3.963,0.065,8120,15600,,2.00,2,0,8224x5140,N,2
1016,8.286,0.000,0.433,0.048,0.000,0.014,0.050,0.000,4.112,0.024,4.015,0.073,8120,15600,,2.00,2,0,8224x5140,N,2
1017,8.370,1.164,0.419,0.045,0.000,0.014,0.062,0.000,4.063,0.028,3.962,0.073,8120,15600,,2.00,2,0,8224x5140,N,2
1018,8.388,0.000,0.452,0.047,0.000,0.019,0.101,0.000,4.106,0.029,4.009,0.068,8120,15600,,2.00,2,0,8224x5140,N,2
1019,8.347,1.559,0.484,0.063,0.000,0.023,0.096,0.000,4.068,0.029,3.967,0.072,8120,15600,,2.00,2,0,8224x5140,N,2
1020,8.225,0.000,0.483,0.049,0.000,0.028,0.072,0.000,4.091,0.030,3.991,0.070,8120,15600,,2.00,2,0,8224x5140,N,2
1021,8.379,1.572,0.436,0.052,0.000,0.018,0.071,0.000,4.084,0.030,3.982,0.072,8120,15600,,2.00,2,0,8224x5140,N,2
1022,8.313,0.000,0.533,0.065,0.000,0.018,0.091,0.000,4.076,0.029,3.980,0.067,8120,15600,,2.00,2,0,8224x5140,N,2
1023,8.362,1.329,0.534,0.051,0.000,0.017,0.074,0.000,4.059,0.030,3.965,0.063,8120,15600,,2.00,2,0,8224x5140,N,2
1024,8.467,0.000,0.543,0.058,0.000,0.017,0.155,0.000,4.131,0.030,4.036,0.064,8120,15600,,2.00,2,0,8224x5140,N,2
1025,8.061,1.535,0.534,0.065,0.000,0.019,0.062,0.000,4.108,0.029,4.017,0.063,8120,15600,,2.00,2,0,8224x5140,N,2
1026,8.402,0.000,0.488,0.061,0.000,0.019,0.080,0.000,4.107,0.031,4.008,0.068,8120,15600,,2.00,2,0,8224x5140,N,2
1027,8.016,0.891,0.501,0.080,0.001,0.021,0.051,0.000,4.105,0.032,4.012,0.061,8120,15600,,2.00,2,0,8224x5140,N,2
1028,8.442,0.000,0.366,0.047,0.000,0.012,0.063,0.000,4.019,0.023,3.935,0.061,8120,15600,,2.00,2,0,8224x5140,N,2
1029,8.156,0.866,0.346,0.068,0.000,0.020,0.047,0.000,4.066,0.023,3.978,0.065,8120,15600,,2.00,2,0,8224x5140,N,2
1030,8.350,0.000,0.448,0.045,0.000,0.012,0.056,0.000,4.061,0.023,3.967,0.071,8120,15600,,2.00,2,0,8224x5140,N,2
1031,8.315,0.766,0.278,0.043,0.000,0.013,0.060,0.000,4.037,0.023,3.945,0.069,8120,15600,,2.00,2,0,8224x5140,N,2
1032,8.299,0.000,0.318,0.035,0.000,0.011,0.040,0.000,4.061,0.023,3.970,0.068,8120,15600,,2.00,2,0,8224x5140,N,2
1033,8.332,0.903,0.268,0.040,0.000,0.013,0.037,0.000,4.021,0.023,3.937,0.061,8120,15600,,2.00,2,0,8224x5140,N,2
1034,8.330,0.000,0.275,0.032,0.000,0.013,0.044,0.000,4.027,0.023,3.941,0.062,8120,15600,,2.00,2,0,8224x5140,N,2
1035,8.259,0.803,0.245,0.032,0.000,0.010,0.037,0.000,4.116,0.028,4.028,0.060,8120,15600,,2.00,2,0,8224x5140,N,2
1036,8.318,0.000,0.262,0.028,0.000,0.010,0.044,0.000,4.127,0.027,4.039,0.061,8120,15600,,2.00,2,0,8224x5140,N,2
1037,8.609,0.641,0.232,0.027,0.000,0.009,0.041,0.000,4.246,0.025,4.163,0.058,8120,15600,,2.00,2,0,8224x5140,N,2
1038,8.136,0.000,0.271,0.034,0.000,0.010,0.044,0.000,4.370,0.027,4.282,0.060,8120,15600,,2.00,2,0,8224x5140,N,2
1039,8.526,0.598,0.232,0.031,0.000,0.009,0.047,0.000,4.431,0.027,4.343,0.062,8120,15600,,2.00,2,0,8224x5140,N,2
1040,8.305,0.000,0.254,0.031,0.000,0.009,0.036,0.000,4.536,0.028,4.447,0.061,8120,15600,,2.00,2,0,8224x5140,N,2
1041,8.079,0.766,0.223,0.032,0.000,0.009,0.031,0.000,4.754,0.027,4.657,0.070,8120,15600,,2.00,2,0,8224x5140,N,2
1042,8.486,0.000,0.267,0.026,0.000,0.008,0.052,0.000,4.712,0.024,4.615,0.072,8120,15600,,2.00,2,0,8224x5140,N,2
1043,8.226,0.658,0.238,0.027,0.000,0.008,0.033,0.000,4.705,0.026,4.617,0.063,8120,15600,,2.00,2,0,8224x5140,N,2
1044,8.438,0.000,0.425,0.023,0.000,0.008,0.045,0.000,4.654,0.026,4.564,0.063,8120,15600,,2.00,2,0,8224x5140,N,2
1045,8.208,0.579,0.224,0.025,0.000,0.012,0.042,0.000,4.690,0.026,4.600,0.064,8120,15600,,2.00,2,0,8224x5140,N,2
1046,8.420,0.000,0.253,0.028,0.000,0.010,0.034,0.000,4.677,0.027,4.572,0.078,8120,15600,,2.00,2,0,8224x5140,N,2
1047,8.245,0.691,0.224,0.035,0.000,0.010,0.049,0.000,5.068,0.033,4.962,0.073,8120,15600,,2.00,2,0,8224x5140,N,2
1048,8.392,0.000,0.286,0.029,0.000,0.010,0.033,0.000,5.115,0.029,5.008,0.078,8120,15600,,2.00,2,0,8224x5140,N,2
1049,8.237,0.767,0.230,0.025,0.000,0.015,0.030,0.000,5.111,0.032,4.994,0.085,8120,15600,,2.00,2,0,8224x5140,N,2
1050,8.439,0.000,0.281,0.026,0.000,0.008,0.068,0.000,5.244,0.030,5.139,0.075,8120,15600,,2.00,2,0,8224x5140,N,2
1051,8.239,0.657,0.253,0.026,0.000,0.009,0.027,0.000,5.401,0.033,5.301,0.068,8120,15600,,2.00,2,0,8224x5140,N,2
1052,8.345,0.000,0.426,0.026,0.000,0.008,0.037,0.000,5.243,0.030,5.145,0.069,8120,15600,,2.00,2,0,8224x5140,N,2
1053,8.310,0.754,0.261,0.024,0.000,0.011,0.029,0.000,4.998,0.029,4.892,0.077,8120,15600,,2.00,2,0,8224x5140,N,2
1054,8.385,0.000,0.292,0.025,0.000,0.007,0.048,0.000,5.134,0.033,5.031,0.070,8120,15600,,2.00,2,0,8224x5140,N,2
1055,8.285,0.766,0.314,0.033,0.000,0.011,0.032,0.000,5.078,0.030,4.979,0.069,8120,15600,,2.00,2,0,8224x5140,N,2
1056,8.320,0.000,0.308,0.030,0.000,0.009,0.030,0.000,4.949,0.033,4.824,0.092,8120,15600,,2.00,2,0,8224x5140,N,2
1057,8.317,0.794,0.292,0.026,0.000,0.009,0.029,0.000,5.058,0.032,4.957,0.070,8120,15600,,2.00,2,0,8224x5140,N,2
1058,8.357,0.000,0.303,0.026,0.000,0.008,0.041,0.000,5.173,0.034,5.069,0.070,8120,15600,,2.00,2,0,8224x5140,N,2
1059,8.324,0.823,0.300,0.028,0.000,0.009,0.047,0.000,5.368,0.029,5.265,0.074,8120,15600,,2.00,2,0,8224x5140,N,2
1060,8.338,0.000,0.353,0.031,0.000,0.009,0.048,0.000,4.799,0.029,4.703,0.066,8120,15600,,2.00,2,0,8224x5140,N,2
1061,8.280,0.711,0.326,0.052,0.000,0.021,0.048,0.000,4.735,0.034,4.636,0.065,8120,15600,,2.00,2,0,8224x5140,N,2
1062,8.348,0.000,0.309,0.047,0.000,0.012,0.086,0.000,4.741,0.034,4.644,0.062,8120,15600,,2.00,2,0,8224x5140,N,2
1063,8.340,0.647,0.280,0.061,0.000,0.018,0.041,0.000,4.668,0.027,4.577,0.064,8120,15600,,2.00,2,0,8224x5140,N,2
1064,8.290,0.000,0.423,0.047,0.000,0.017,0.046,0.000,4.663,0.026,4.574,0.063,8120,15600,,2.00,2,0,8224x5140,N,2
1065,8.308,0.575,0.268,0.052,0.000,0.016,0.038,0.000,4.657,0.026,4.569,0.062,8120,15600,,2.00,2,0,8224x5140,N,2
1066,8.340,0.000,0.398,0.043,0.000,0.013,0.042,0.000,4.664,0.027,4.573,0.063,8120,15600,,2.00,2,0,8224x5140,N,2
1067,8.350,0.556,0.259,0.052,0.000,0.015,0.037,0.000,4.657,0.027,4.567,0.063,8120,15600,,2.00,2,0,8224x5140,N,2
1068,8.286,0.000,0.278,0.040,0.000,0.013,0.043,0.000,4.665,0.027,4.575,0.062,8120,15600,,2.00,2,0,8224x5140,N,2
1069,8.312,0.601,0.231,0.047,0.000,0.015,0.043,0.000,4.656,0.026,4.567,0.062,8120,15600,,2.00,2,0,8224x5140,N,2
1070,8.365,0.000,0.282,0.039,0.000,0.011,0.042,0.000,4.665,0.027,4.575,0.062,8120,15600,,2.00,2,0,8224x5140,N,2
1071,8.309,0.564,0.244,0.046,0.000,0.014,0.065,0.000,4.658,0.027,4.568,0.064,8120,15600,,2.00,2,0,8224x5140,N,2
1072,8.298,0.000,0.288,0.044,0.000,0.017,0.041,0.000,4.733,0.033,4.639,0.062,8120,15600,,2.00,2,0,8224x5140,N,2
1073,8.394,0.547,0.232,0.047,0.000,0.014,0.041,0.000,4.734,0.033,4.639,0.062,8120,15600,,2.00,2,0,8224x5140,N,2
1074,8.262,0.000,0.283,0.041,0.000,0.012,0.041,0.000,4.726,0.033,4.630,0.063,8120,15600,,2.00,2,0,8224x5140,N,2
1075,8.307,0.543,0.225,0.047,0.000,0.014,0.043,0.000,4.728,0.034,4.633,0.061,8120,15600,,2.00,2,0,8224x5140,N,2
1076,8.476,0.000,0.276,0.036,0.000,0.018,0.042,0.000,4.739,0.034,4.643,0.062,8120,15600,,2.00,2,0,8224x5140,N,2
1077,8.192,0.529,0.245,0.049,0.000,0.015,0.045,0.000,4.823,0.033,4.727,0.063,8120,15600,,2.00,2,0,8224x5140,N,2
1078,8.300,0.000,0.284,0.051,0.000,0.014,0.043,0.000,4.908,0.029,4.815,0.064,8120,15600,,2.00,2,0,8224x5140,N,2
1079,8.305,0.549,0.227,0.047,0.000,0.015,0.040,0.000,4.860,0.033,4.765,0.061,8120,15600,,2.00,2,0,8224x5140,N,2
1080,8.358,0.000,0.270,0.037,0.000,0.017,0.061,0.000,4.997,0.034,4.901,0.062,8120,15600,,2.00,2,0,8224x5140,N,2
1081,8.297,0.549,0.245,0.048,0.000,0.014,0.042,0.000,5.028,0.029,4.937,0.063,8120,15600,,2.00,2,0,8224x5140,N,2
1082,8.316,0.000,0.280,0.038,0.000,0.013,0.040,0.000,5.009,0.032,4.914,0.063,8120,15600,,2.00,2,0,8224x5140,N,2
1083,8.350,0.532,0.221,0.047,0.000,0.014,0.045,0.000,5.171,0.029,5.080,0.062,8120,15600,,2.00,2,0,8224x5140,N,2
1084,8.353,0.000,0.280,0.040,0.000,0.012,0.045,0.000,5.108,0.032,5.018,0.058,8120,15600,,2.00,2,0,8224x5140,N,2
1085,8.281,0.536,0.229,0.050,0.000,0.018,0.048,0.000,5.156,0.029,5.067,0.059,8120,15600,,2.00,2,0,8224x5140,N,2
1086,8.312,0.000,0.291,0.050,0.000,0.014,0.042,0.000,5.161,0.029,5.069,0.063,8120,15600,,2.00,2,0,8224x5140,N,2
1087,8.345,0.530,0.216,0.048,0.000,0.015,0.044,0.000,5.119,0.033,5.025,0.060,8120,15600,,2.00,2,0,8224x5140,N,2
1088,8.281,0.000,0.279,0.046,0.000,0.015,0.028,0.000,5.221,0.028,5.120,0.073,8120,15600,,2.00,2,0,8224x5140,N,2
1089,8.294,0.539,0.206,0.036,0.000,0.010,0.045,0.000,5.430,0.029,5.333,0.067,8120,15600,,2.00,2,0,8224x5140,N,2
1090,8.347,0.000,0.262,0.025,0.000,0.009,0.030,0.000,5.153,0.030,5.036,0.086,8120,15600,,2.00,2,0,8224x5140,N,2
1091,8.267,0.509,0.207,0.020,0.000,0.007,0.025,0.000,5.116,0.031,5.013,0.072,8120,15600,,2.00,2,0,8224x5140,N,2
1092,8.428,0.000,0.280,0.022,0.000,0.008,0.033,0.000,5.024,0.032,4.924,0.068,8120,15600,,2.00,2,0,8224x5140,N,2
1093,8.228,0.563,0.227,0.023,0.000,0.009,0.030,0.000,4.841,0.033,4.736,0.072,8120,15600,,2.00,2,0,8224x5140,N,2
1094,8.341,0.000,0.261,0.021,0.000,0.007,0.030,0.000,4.924,0.032,4.821,0.071,8120,15600,,2.00,2,0,8224x5140,N,2
1095,8.319,0.596,0.243,0.023,0.000,0.008,0.025,0.000,4.821,0.026,4.724,0.070,8120,15600,,2.00,2,0,8224x5140,N,2
1096,8.400,0.000,0.278,0.022,0.000,0.007,0.033,0.000,4.949,0.026,4.847,0.076,8120,15600,,2.00,2,0,8224x5140,N,2
1097,8.451,0.632,0.250,0.023,0.000,0.008,0.046,0.000,4.734,0.026,4.631,0.077,8120,15600,,2.00,2,0,8224x5140,N,2
1098,8.261,0.000,0.297,0.035,0.000,0.012,0.063,0.000,4.932,0.026,4.834,0.071,8120,15600,,2.00,2,0,8224x5140,N,2
1099,8.307,0.944,0.275,0.034,0.000,0.011,0.039,0.000,4.933,0.025,4.832,0.076,8120,15600,,2.00,2,0,8224x5140,N,2
1100,8.328,0.000,0.284,0.026,0.000,0.015,0.051,0.000,4.771,0.026,4.676,0.068,8120,15600,,2.00,2,0,8224x5140,N,2
1101,8.296,0.722,0.288,0.026,0.000,0.009,0.034,0.000,4.856,0.027,4.750,0.078,8120,15600,,2.00,2,0,8224x5140,N,2
1102,8.302,0.000,0.318,0.027,0.000,0.008,0.034,0.000,4.939,0.028,4.831,0.080,8120,15600,,2.00,2,0,8224x5140,N,2
1103,8.429,0.721,0.272,0.026,0.000,0.008,0.046,0.000,4.696,0.023,4.600,0.073,8120,15600,,2.00,2,0,8224x5140,N,2
1104,8.271,0.000,0.347,0.038,0.000,0.012,0.045,0.000,5.008,0.027,4.909,0.072,8120,15600,,2.00,2,0,8224x5140,N,2
1105,8.349,1.120,0.314,0.034,0.000,0.010,0.041,0.000,4.940,0.023,4.845,0.072,8120,15600,,2.00,2,0,8224x5140,N,2
1106,8.303,0.000,0.361,0.031,0.000,0.009,0.039,0.000,4.998,0.028,4.900,0.071,8120,15600,,2.00,2,0,8224x5140,N,2
1107,8.480,1.101,0.307,0.031,0.000,0.009,0.041,0.000,4.880,0.023,4.787,0.069,8120,15600,,2.00,2,0,8224x5140,N,2
1108,8.174,0.000,0.365,0.034,0.000,0.010,0.087,0.000,4.963,0.027,4.868,0.068,8120,15600,,2.00,2,0,8224x5140,N,2
1109,8.489,0.863,0.341,0.039,0.000,0.011,0.042,0.000,4.916,0.023,4.826,0.068,8120,15600,,2.00,2,0,8224x5140,N,2
1110,8.230,0.000,0.394,0.038,0.000,0.011,0.072,0.000,4.821,0.032,4.722,0.068,8120,15600,,2.00,2,0,8224x5140,N,2
1111,8.501,0.759,0.336,0.051,0.000,0.015,0.055,0.000,4.651,0.023,4.567,0.061,8120,15600,,2.00,2,0,8224x5140,N,2
1112,8.083,0.000,0.351,0.053,0.000,0.014,0.058,0.000,4.711,0.027,4.621,0.064,8120,15600,,2.00,2,0,8224x5140,N,2
1113,8.463,0.776,0.296,0.048,0.000,0.011,0.052,0.000,4.697,0.026,4.607,0.063,8120,15600,,2.00,2,0,8224x5140,N,2
1114,8.199,0.000,0.334,0.036,0.000,0.016,0.043,0.000,4.748,0.027,4.656,0.065,8120,15600,,2.00,2,0,8224x5140,N,2
1115,8.305,0.865,0.325,0.035,0.000,0.011,0.060,0.000,4.854,0.027,4.752,0.076,8120,15600,,2.00,2,0,8224x5140,N,2
1116,8.124,0.000,0.332,0.038,0.000,0.011,0.044,0.000,4.730,0.025,4.636,0.069,8120,15600,tshadow_sdf,2.00,2,0,8224x5140,S,0
1117,79.114,0.861,0.350,0.037,0.000,0.010,0.076,0.000,75.974,0.028,75.879,0.067,8120,15600,,2.00,2,0,8224x5140,S,0
1118,65.738,3.664,0.363,0.045,0.000,0.015,0.028,0.000,63.600,0.014,63.538,0.047,8120,15600,,2.00,2,0,8224x5140,S,0
1119,66.161,1.977,0.209,0.025,0.000,0.007,0.029,0.000,63.560,0.018,63.496,0.046,8120,15600,,2.00,2,0,8224x5140,S,0
1120,65.959,1.905,0.194,0.022,0.000,0.006,0.049,0.000,63.507,0.017,63.447,0.043,8120,15600,,2.00,2,0,8224x5140,S,0
1121,66.297,2.230,0.242,0.056,0.000,0.015,0.067,0.000,63.496,0.014,63.437,0.045,8120,15600,,2.00,2,0,8224x5140,S,0
1122,65.722,2.716,0.292,0.060,0.000,0.018,0.051,0.000,63.520,0.014,63.464,0.043,8120,15600,,2.00,2,0,8224x5140,S,0
1123,66.584,2.258,0.224,0.054,0.000,0.015,0.052,0.000,63.552,0.014,63.492,0.046,8120,15600,,2.00,2,0,8224x5140,S,0
1124,65.972,2.828,0.279,0.052,0.000,0.014,0.052,0.000,63.536,0.014,63.471,0.051,8120,15600,,2.00,2,0,8224x5140,S,0
1125,66.472,2.431,0.262,0.055,0.000,0.016,0.053,0.000,63.590,0.014,63.524,0.052,8120,15600,,2.00,2,0,8224x5140,S,0
1126,66.351,2.407,0.231,0.052,0.000,0.014,0.049,0.000,63.597,0.014,63.534,0.050,8120,15600,,2.00,2,0,8224x5140,S,0
1127,66.557,2.086,0.225,0.047,0.000,0.013,0.053,0.000,63.525,0.014,63.463,0.048,8120,15600,,2.00,2,0,8224x5140,S,0
1128,66.785,2.300,0.227,0.044,0.000,0.012,0.033,0.000,63.602,0.020,63.529,0.054,8120,15600,,2.00,2,0,8224x5140,S,0
1129,65.432,2.237,0.227,0.034,0.000,0.011,0.043,0.000,63.529,0.018,63.464,0.048,8120,15600,,2.00,2,0,8224x5140,S,0
1130,65.907,1.516,0.214,0.038,0.000,0.013,0.057,0.000,63.533,0.014,63.470,0.050,8120,15600,,2.00,2,0,8224x5140,S,0
1131,66.370,1.943,0.235,0.033,0.000,0.010,0.051,0.000,63.493,0.018,63.426,0.050,8120,15600,,2.00,2,0,8224x5140,S,0
1132,66.264,1.948,0.239,0.036,0.000,0.011,0.039,0.000,63.589,0.014,63.531,0.044,8120,15600,,2.00,2,0,8224x5140,S,0
1133,66.226,1.997,0.211,0.029,0.000,0.008,0.037,0.000,63.495,0.017,63.425,0.052,8120,15600,,2.00,2,0,8224x5140,S,0
1134,66.171,1.947,0.209,0.027,0.000,0.007,0.025,0.000,63.534,0.018,63.464,0.053,8120,15600,,2.00,2,0,8224x5140,S,0
1135,66.078,1.949,0.211,0.024,0.000,0.007,0.066,0.000,63.510,0.017,63.449,0.045,8120,15600,,2.00,2,0,8224x5140,S,0
1136,66.611,2.474,0.249,0.063,0.000,0.017,0.059,0.000,63.525,0.014,63.459,0.052,8120,15600,,2.00,2,0,8224x5140,S,0
1137,66.489,2.289,0.310,0.062,0.000,0.019,0.066,0.000,63.503,0.014,63.446,0.044,8120,15600,,2.00,2,0,8224x5140,S,0
1138,66.543,2.351,0.274,0.066,0.000,0.018,0.059,0.000,63.502,0.014,63.444,0.044,8120,15600,,2.00,2,0,8224x5140,S,0
1139,66.532,2.283,0.260,0.061,0.000,0.017,0.051,0.000,63.486,0.015,63.423,0.049,8120,15600,,2.00,2,0,8224x5140,S,0
1140,66.150,2.768,0.295,0.062,0.000,0.017,0.054,0.000,63.602,0.014,63.533,0.055,8120,15600,,2.00,2,0,8224x5140,S,0
1141,65.644,2.328,0.240,0.043,0.000,0.012,0.054,0.000,63.576,0.014,63.510,0.052,8120,15600,,2.00,2,0,8224x5140,S,0
1142,65.656,2.355,0.252,0.038,0.000,0.012,0.053,0.000,63.522,0.014,63.458,0.049,8120,15600,,2.00,2,0,8224x5140,S,0
1143,66.300,1.988,0.227,0.048,0.000,0.013,0.032,0.000,63.543,0.013,63.484,0.046,8120,15600,,2.00,2,0,8224x5140,S,0
1144,66.249,1.930,0.219,0.035,0.000,0.009,0.040,0.000,63.503,0.018,63.435,0.050,8120,15600,,2.00,2,0,8224x5140,S,0
1145,65.457,2.256,0.223,0.036,0.000,0.010,0.047,0.000,63.562,0.017,63.490,0.055,8120,15600,,2.00,2,0,8224x5140,S,0
1146,66.337,1.993,0.235,0.031,0.000,0.009,0.042,0.000,63.512,0.014,63.443,0.055,8120,15600,,2.00,2,0,8224x5140,S,0
1147,66.286,1.947,0.217,0.034,0.000,0.010,0.047,0.000,63.611,0.017,63.547,0.047,8120,15600,,2.00,2,0,8224x5140,S,0
1148,65.887,2.006,0.242,0.058,0.000,0.016,0.062,0.000,63.519,0.014,63.461,0.044,8120,15600,,2.00,2,0,8224x5140,S,0
1149,65.755,2.713,0.308,0.076,0.000,0.027,0.070,0.000,63.505,0.014,63.442,0.049,8120,15600,,2.00,2,0,8224x5140,S,0
1150,66.107,2.772,0.312,0.053,0.000,0.015,0.060,0.000,63.561,0.014,63.503,0.044,8120,15600,,2.00,2,0,8224x5140,S,0
1151,66.390,2.270,0.226,0.065,0.000,0.017,0.060,0.000,63.494,0.014,63.434,0.047,8120,15600,,2.00,2,0,8224x5140,S,0
1152,65.880,2.795,0.253,0.061,0.000,0.017,0.078,0.000,63.544,0.014,63.485,0.046,8120,15600,,2.00,2,0,8224x5140,S,0
1153,65.865,2.438,0.246,0.061,0.000,0.017,0.055,0.000,63.525,0.014,63.461,0.050,8120,15600,,2.00,2,0,8224x5140,S,0
1154,66.497,3.189,0.292,0.050,0.000,0.015,0.073,0.000,63.555,0.015,63.496,0.044,8120,15600,,2.00,2,0,8224x5140,S,0
1155,66.344,2.945,0.300,0.071,0.000,0.020,0.044,0.000,63.509,0.014,63.443,0.052,8120,15600,,2.00,2,0,8224x5140,S,0
1156,65.572,2.253,0.227,0.046,0.000,0.015,0.047,0.000,63.579,0.014,63.511,0.054,8120,15600,,2.00,2,0,8224x5140,S,0
1157,65.505,2.285,0.228,0.038,0.000,0.011,0.057,0.000,63.485,0.014,63.422,0.049,8120,15600,,2.00,2,0,8224x5140,S,0
1158,66.713,2.259,0.237,0.044,0.000,0.014,0.070,0.000,63.575,0.014,63.513,0.048,8120,15600,,2.00,2,0,8224x5140,S,0
1159,66.703,2.255,0.227,0.051,0.000,0.015,0.040,0.000,63.577,0.017,63.506,0.053,8120,15600,,2.00,2,0,8224x5140,S,0
1160,65.434,2.239,0.216,0.035,0.000,0.010,0.041,0.000,63.588,0.017,63.522,0.048,8120,15600,,2.00,2,0,8224x5140,S,0
1161,66.612,2.130,0.388,0.048,0.000,0.015,0.074,0.000,63.520,0.015,63.457,0.048,8120,15600,,2.00,2,0,8224x5140,S,0
1162,66.288,2.759,0.343,0.066,0.000,0.016,0.084,0.000,63.541,0.014,63.472,0.055,8120,15600,,2.00,2,0,8224x5140,S,0
1163,66.108,2.848,0.295,0.045,0.000,0.013,0.049,0.000,63.472,0.017,63.405,0.050,8120,15600,,2.00,2,0,8224x5140,S,0
1164,65.312,1.973,0.228,0.038,0.000,0.010,0.069,0.000,63.568,0.014,63.506,0.048,8120,15600,tshadow_pcf,2.00,2,0,8224x5140,P,1
1165,7.701,2.267,0.468,0.073,0.000,0.024,0.054,0.000,5.098,0.014,5.030,0.053,8120,15600,,2.00,2,0,8224x5140,P,1
1166,8.114,0.731,0.233,0.044,0.000,0.011,0.045,0.000,5.100,0.014,5.032,0.055,8120,15600,,2.00,2,0,8224x5140,P,1
1167,7.444,0.000,0.297,0.049,0.000,0.014,0.039,0.000,5.097,0.014,5.029,0.053,8120,15600,,2.00,2,0,8224x5140,P,1
1168,7.971,0.612,0.210,0.042,0.000,0.013,0.041,0.000,5.098,0.014,5.030,0.055,8120,15600,,2.00,2,0,8224x5140,P,1
1169,7.442,0.000,0.303,0.045,0.000,0.015,0.041,0.000,5.100,0.014,5.033,0.053,8120,15600,,2.00,2,0,8224x5140,P,1
1170,7.923,0.562,0.243,0.043,0.000,0.012,0.038,0.000,5.102,0.014,5.031,0.057,8120,15600,,2.00,2,0,8224x5140,P,1
1171,7.441,0.000,0.272,0.040,0.000,0.012,0.041,0.000,5.102,0.014,5.031,0.057,8120,15600,,2.00,2,0,8224x5140,P,1
1172,8.117,0.550,0.235,0.051,0.000,0.016,0.061,0.000,5.096,0.014,5.029,0.053,8120,15600,,2.00,2,0,8224x5140,P,1
1173,7.668,0.000,0.262,0.076,0.000,0.020,0.057,0.000,5.100,0.014,5.031,0.055,8120,15600,,2.00,2,0,8224x5140,P,1
1174,7.807,0.731,0.250,0.080,0.000,0.021,0.052,0.000,5.093,0.014,5.027,0.053,8120,15600,,2.00,2,0,8224x5140,P,1
1175,8.419,0.000,0.267,0.062,0.000,0.019,0.060,0.000,5.096,0.014,5.029,0.053,8120,15600,,2.00,2,0,8224x5140,P,1
1176,8.234,0.737,0.230,0.069,0.000,0.018,0.059,0.000,5.102,0.016,5.030,0.056,8120,15600,,2.00,2,0,8224x5140,P,1
1177,8.250,0.000,0.277,0.065,0.000,0.018,0.045,0.000,5.099,0.015,5.029,0.055,8120,15600,,2.00,2,0,8224x5140,P,1
1178,8.287,0.751,0.224,0.052,0.000,0.013,0.046,0.000,5.101,0.017,5.029,0.054,8120,15600,,2.00,2,0,8224x5140,P,1
1179,8.426,0.000,0.247,0.043,0.000,0.012,0.058,0.000,5.101,0.015,5.031,0.056,8120,15600,,2.00,2,0,8224x5140,P,1
1180,8.283,0.761,0.228,0.057,0.000,0.018,0.057,0.000,5.098,0.018,5.029,0.052,8120,15600,,2.00,2,0,8224x5140,P,1
1181,8.270,0.000,0.257,0.068,0.000,0.019,0.052,0.000,5.099,0.014,5.030,0.054,8120,15600,,2.00,2,0,8224x5140,P,1
1182,8.338,0.610,0.226,0.049,0.000,0.013,0.046,0.000,5.104,0.016,5.035,0.053,8120,15600,,2.00,2,0,8224x5140,P,1
1183,8.347,0.000,0.264,0.049,0.000,0.016,0.044,0.000,5.094,0.014,5.029,0.051,8120,15600,,2.00,2,0,8224x5140,P,1
1184,8.383,0.597,0.250,0.063,0.000,0.017,0.060,0.000,5.100,0.016,5.028,0.055,8120,15600,,2.00,2,0,8224x5140,P,1
1185,8.355,0.000,0.275,0.071,0.000,0.020,0.059,0.000,5.100,0.015,5.032,0.053,8120,15600,,2.00,2,0,8224x5140,P,1
1186,8.345,0.771,0.254,0.078,0.000,0.020,0.057,0.000,5.101,0.016,5.032,0.053,8120,15600,,2.00,2,0,8224x5140,P,1
1187,8.259,0.000,0.261,0.073,0.000,0.024,0.049,0.000,5.097,0.015,5.031,0.052,8120,15600,,2.00,2,0,8224x5140,P,1
1188,8.205,0.616,0.242,0.068,0.000,0.017,0.055,0.000,5.106,0.016,5.035,0.054,8120,15600,,2.00,2,0,8224x5140,P,1
1189,8.348,0.000,0.270,0.049,0.000,0.018,0.050,0.000,5.100,0.014,5.031,0.055,8120,15600,,2.00,2,0,8224x5140,P,1
1190,8.400,0.793,0.225,0.040,0.000,0.011,0.091,0.000,5.098,0.016,5.028,0.053,8120,15600,,2.00,2,0,8224x5140,P,1
1191,8.368,0.000,0.283,0.073,0.000,0.020,0.061,0.000,5.094,0.014,5.028,0.052,8120,15600,,2.00,2,0,8224x5140,P,1
1192,8.228,0.768,0.236,0.068,0.000,0.018,0.045,0.000,5.107,0.017,5.031,0.058,8120,15600,,2.00,2,0,8224x5140,P,1
1193,8.303,0.000,0.279,0.043,0.000,0.013,0.036,0.000,5.100,0.014,5.030,0.055,8120,15600,,2.00,2,0,8224x5140,P,1
1194,8.264,0.721,0.238,0.052,0.000,0.012,0.061,0.000,5.108,0.016,5.031,0.061,8120,15600,,2.00,2,0,8224x5140,P,1
1195,8.470,0.000,0.300,0.039,0.000,0.012,0.035,0.000,5.106,0.017,5.032,0.056,8120,15600,,2.00,2,0,8224x5140,P,1
1196,8.096,0.720,0.252,0.034,0.000,0.010,0.035,0.000,5.111,0.017,5.035,0.059,8120,15600,,2.00,2,0,8224x5140,P,1
1197,8.329,0.000,0.279,0.031,0.000,0.011,0.048,0.000,5.098,0.014,5.028,0.056,8120,15600,,2.00,2,0,8224x5140,P,1
1198,8.336,0.617,0.251,0.060,0.000,0.016,0.056,0.000,5.103,0.017,5.031,0.056,8120,15600,,2.00,2,0,8224x5140,P,1
1199,8.244,0.001,0.249,0.050,0.000,0.014,0.042,0.000,5.101,0.014,5.032,0.056,8120,15600,,2.00,2,0,8224x5140,P,1
1200,8.335,0.570,0.248,0.050,0.000,0.014,0.045,0.000,5.101,0.017,5.030,0.053,8120,15600,,2.00,2,0,8224x5140,P,1
1201,8.411,0.000,0.266,0.058,0.000,0.015,0.044,0.000,5.106,0.015,5.032,0.059,8120,15600,,2.00,2,0,8224x5140,P,1
1202,8.217,0.816,0.237,0.037,0.000,0.011,0.038,0.000,5.104,0.017,5.030,0.057,8120,15600,,2.00,2,0,8224x5140,P,1
1203,8.450,0.000,0.287,0.041,0.000,0.009,0.037,0.000,5.106,0.018,5.028,0.060,8120,15600,,2.00,2,0,8224x5140,P,1
1204,8.234,0.872,0.234,0.024,0.000,0.009,0.038,0.000,5.111,0.017,5.033,0.060,8120,15600,,2.00,2,0,8224x5140,P,1
1205,8.370,0.000,0.293,0.030,0.000,0.011,0.047,0.000,5.108,0.018,5.030,0.060,8120,15600,,2.00,2,0,8224x5140,P,1
1206,8.263,0.766,0.254,0.024,0.000,0.008,0.063,0.000,5.111,0.018,5.032,0.061,8120,15600,,2.00,2,0,8224x5140,P,1
1207,8.452,0.000,0.329,0.034,0.000,0.014,0.047,0.000,5.105,0.017,5.031,0.057,8120,15600,,2.00,2,0,8224x5140,P,1
1208,8.345,0.987,0.262,0.031,0.000,0.013,0.044,0.000,5.112,0.017,5.032,0.063,8120,15600,,2.00,2,0,8224x5140,P,1
1209,8.265,0.000,0.299,0.026,0.000,0.010,0.053,0.000,5.105,0.014,5.029,0.061,8120,15600,,2.00,2,0,8224x5140,P,1
1210,8.351,0.897,0.300,0.028,0.000,0.014,0.045,0.000,5.109,0.018,5.030,0.060,8120,15600,,2.00,2,0,8224x5140,P,1
1211,8.305,0.000,0.322,0.038,0.000,0.014,0.080,0.000,5.107,0.014,5.032,0.060,8120,15600,,2.00,2,0,8224x5140,P,1
1212,8.329,1.041,0.289,0.031,0.000,0.010,0.040,0.000,5.106,0.018,5.029,0.059,8120,15600,,2.00,2,0,8224x5140,P,1
1213,8.493,0.000,0.387,0.030,0.000,0.010,0.090,0.000,5.104,0.019,5.033,0.052,8120,15600,,2.00,2,0,8224x5140,P,1
1214,8.161,1.073,0.328,0.059,0.000,0.017,0.053,0.000,5.100,0.014,5.030,0.056,8120,15600,,2.00,2,0,8224x5140,P,1
1215,8.351,0.000,0.374,0.041,0.000,0.013,0.058,0.000,5.106,0.017,5.033,0.056,8120,15600,,2.00,2,0,8224x5140,P,1
1216,8.282,0.991,0.351,0.040,0.000,0.012,0.041,0.000,5.114,0.021,5.037,0.056,8120,15600,,2.00,2,0,8224x5140,P,1
1217,8.395,0.000,0.371,0.033,0.000,0.011,0.072,0.000,5.100,0.015,5.030,0.056,8120,15600,,2.00,2,0,8224x5140,P,1
1218,8.455,0.910,0.351,0.040,0.000,0.013,0.049,0.000,5.122,0.023,5.042,0.056,8120,15600,,2.00,2,0,8224x5140,P,1
1219,8.158,0.000,0.373,0.041,0.000,0.014,0.072,0.000,5.104,0.014,5.030,0.059,8120,15600,,2.00,2,0,8224x5140,P,1
1220,8.314,1.014,0.364,0.039,0.000,0.012,0.043,0.000,5.103,0.014,5.030,0.059,8120,15600,,2.00,2,0,8224x5140,P,1
1221,8.346,0.000,0.439,0.047,0.000,0.012,0.055,0.000,5.137,0.029,5.050,0.059,8120,15600,,2.00,2,0,8224x5140,P,1
1222,8.336,0.978,0.361,0.041,0.000,0.012,0.049,0.000,5.098,0.014,5.029,0.054,8120,15600,,2.00,2,0,8224x5140,P,1
1223,8.348,0.000,0.405,0.045,0.000,0.014,0.066,0.000,5.102,0.017,5.031,0.054,8120,15600,,2.00,2,0,8224x5140,P,1
1224,8.317,1.119,0.451,0.044,0.000,0.013,0.056,0.000,5.141,0.027,5.056,0.058,8120,15600,,2.00,2,0,8224x5140,P,1
1225,8.292,0.000,0.464,0.046,0.000,0.013,0.050,0.000,5.101,0.014,5.030,0.057,8120,15600,,2.00,2,0,8224x5140,P,1
1226,8.457,1.119,0.428,0.046,0.000,0.015,0.153,0.000,5.165,0.034,5.077,0.053,8120,15600,,2.00,2,0,8224x5140,P,1
1227,8.327,0.000,0.485,0.078,0.000,0.022,0.098,0.000,5.100,0.015,5.030,0.056,8120,15600,,2.00,2,0,8224x5140,P,1
1228,8.223,1.540,0.431,0.058,0.000,0.019,0.074,0.000,5.150,0.042,5.051,0.057,8120,15600,,2.00,2,0,8224x5140,P,1
1229,8.345,0.000,0.440,0.050,0.000,0.015,0.071,0.000,5.106,0.014,5.033,0.060,8120,15600,,2.00,2,0,8224x5140,P,1
1230,8.288,1.387,0.493,0.050,0.000,0.020,0.056,0.000,5.212,0.040,5.112,0.060,8120,15600,,2.00,2,0,8224x5140,P,1
1231,8.355,0.000,0.540,0.055,0.000,0.017,0.068,0.000,5.098,0.014,5.028,0.055,8120,15600,,2.00,2,0,8224x5140,P,1
1232,8.284,1.357,0.497,0.055,0.000,0.016,0.054,0.000,5.174,0.034,5.081,0.059,8120,15600,,2.00,2,0,8224x5140,P,1
1233,8.887,0.000,0.513,0.064,0.000,0.015,0.173,0.000,5.098,0.014,5.027,0.057,8120,15600,,2.00,2,0,8224x5140,P,1
1234,8.688,1.751,0.758,0.060,0.000,0.030,0.067,0.000,5.117,0.022,5.037,0.058,8120,15600,,2.00,2,0,8224x5140,P,1
1235,7.634,0.000,0.443,0.059,0.000,0.017,0.044,0.000,5.100,0.014,5.030,0.056,8120,15600,,2.00,2,0,8224x5140,P,1
1236,7.900,0.965,0.374,0.048,0.000,0.012,0.029,0.000,5.100,0.013,5.030,0.056,8120,15600,,2.00,2,0,8224x5140,P,1
1237,8.304,0.000,0.355,0.029,0.000,0.014,0.033,0.000,5.102,0.014,5.032,0.057,8120,15600,,2.00,2,0,8224x5140,P,1
1238,8.429,0.698,0.281,0.025,0.000,0.009,0.069,0.000,5.103,0.017,5.030,0.057,8120,15600,,2.00,2,0,8224x5140,P,1
1239,8.207,0.000,0.276,0.024,0.000,0.008,0.025,0.000,5.107,0.018,5.032,0.057,8120,15600,,2.00,2,0,8224x5140,P,1
1240,8.348,0.640,0.244,0.026,0.000,0.007,0.035,0.000,5.106,0.017,5.031,0.058,8120,15600,,2.00,2,0,8224x5140,P,1
1241,8.481,0.000,0.271,0.024,0.000,0.014,0.040,0.000,5.106,0.018,5.030,0.058,8120,15600,,2.00,2,0,8224x5140,P,1
1242,8.147,0.583,0.226,0.019,0.000,0.007,0.029,0.000,5.105,0.016,5.029,0.060,8120,15600,,2.00,2,0,8224x5140,P,1
1243,8.316,0.000,0.279,0.025,0.000,0.008,0.024,0.000,5.110,0.014,5.035,0.061,8120,15600,,2.00,2,0,8224x5140,P,1
1244,8.362,0.636,0.258,0.020,0.000,0.007,0.031,0.000,5.108,0.018,5.032,0.058,8120,15600,,2.00,2,0,8224x5140,P,1
1245,8.446,0.000,0.296,0.023,0.000,0.008,0.038,0.000,5.104,0.014,5.031,0.058,8120,15600,,2.00,2,0,8224x5140,P,1
1246,8.176,0.747,0.277,0.028,0.000,0.009,0.029,0.000,5.107,0.017,5.030,0.059,8120,15600,,2.00,2,0,8224x5140,P,1
1247,8.547,0.000,0.315,0.026,0.000,0.010,0.040,0.000,5.103,0.014,5.031,0.057,8120,15600,,2.00,2,0,8224x5140,P,1
1248,8.224,0.777,0.290,0.034,0.000,0.012,0.038,0.000,5.106,0.018,5.031,0.057,8120,15600,,2.00,2,0,8224x5140,P,1
1249,8.281,0.000,0.405,0.035,0.000,0.017,0.036,0.000,5.104,0.018,5.030,0.055,8120,15600,,2.00,2,0,8224x5140,P,1
1250,8.339,0.723,0.293,0.030,0.000,0.009,0.036,0.000,5.115,0.018,5.041,0.056,8120,15600,,2.00,2,0,8224x5140,P,1
1251,8.331,0.000,0.337,0.031,0.000,0.010,0.052,0.000,5.107,0.018,5.032,0.058,8120,15600,,2.00,2,0,8224x5140,P,1
1252,8.333,0.887,0.302,0.030,0.000,0.011,0.040,0.000,5.099,0.018,5.029,0.052,8120,15600,,2.00,2,0,8224x5140,P,1
1253,8.335,0.000,0.337,0.028,0.000,0.010,0.038,0.000,5.104,0.018,5.031,0.055,8120,15600,,2.00,2,0,8224x5140,P,1
1254,8.425,0.776,0.334,0.033,0.000,0.012,0.052,0.000,5.124,0.025,5.046,0.054,8120,15600,,2.00,2,0,8224x5140,P,1
1255,8.214,0.000,0.353,0.049,0.000,0.021,0.048,0.000,5.106,0.015,5.036,0.055,8120,15600,,2.00,2,0,8224x5140,P,1
1256,8.415,0.879,0.381,0.040,0.000,0.013,0.039,0.000,5.102,0.017,5.027,0.057,8120,15600,,2.00,2,0,8224x5140,P,1
1257,8.267,0.000,0.468,0.043,0.000,0.012,0.056,0.000,5.104,0.014,5.035,0.055,8120,15600,,2.00,2,0,8224x5140,P,1
1258,8.282,0.835,0.297,0.059,0.000,0.018,0.041,0.000,5.098,0.017,5.028,0.054,8120,15600,,2.00,2,0,8224x5140,P,1
1259,8.383,0.000,0.290,0.046,0.000,0.013,0.053,0.000,5.098,0.014,5.028,0.055,8120,15600,,2.00,2,0,8224x5140,P,1
1260,8.264,0.716,0.314,0.064,0.000,0.019,0.050,0.000,5.099,0.016,5.030,0.053,8120,15600,,2.00,2,0,8224x5140,P,1
1261,8.509,0.000,0.275,0.057,0.000,0.021,0.065,0.000,5.097,0.014,5.031,0.052,8120,15600,,2.00,2,0,8224x5140,P,1
1262,8.138,1.356,0.392,0.076,0.000,0.021,0.079,0.000,5.099,0.017,5.027,0.054,8120,15600,,2.00,2,0,8224x5140,P,1
1263,8.296,0.000,0.378,0.063,0.000,0.019,0.041,0.000,5.099,0.015,5.032,0.053,8120,15600,,2.00,2,0,8224x5140,P,1
1264,8.765,0.756,0.303,0.038,0.000,0.013,0.106,0.000,5.100,0.017,5.030,0.053,8120,15600,,2.00,2,0,8224x5140,P,1
1265,7.944,0.000,0.488,0.081,0.000,0.028,0.057,0.000,5.105,0.018,5.030,0.057,8120,15600,,2.00,2,0,8224x5140,P,1
1266,8.468,0.792,0.343,0.050,0.000,0.017,0.072,0.000,5.099,0.014,5.030,0.055,8120,15600,,2.00,2,0,8224x5140,P,1
1267,8.196,0.000,0.437,0.076,0.000,0.024,0.064,0.000,5.104,0.018,5.034,0.052,8120,15600,,2.00,2,0,8224x5140,P,1
1268,8.303,1.112,0.340,0.065,0.000,0.022,0.054,0.000,5.095,0.014,5.028,0.053,8120,15600,,2.00,2,0,8224x5140,P,1
1269,8.370,0.000,0.408,0.069,0.000,0.022,0.055,0.000,5.098,0.014,5.029,0.054,8120,15600,,2.00,2,0,8224x5140,P,1
1270,8.453,0.819,0.307,0.079,0.000,0.024,0.052,0.000,5.099,0.014,5.027,0.058,8120,15600,,2.00,2,0,8224x5140,P,1
1271,8.054,0.000,0.552,0.067,0.000,0.029,0.051,0.000,5.098,0.014,5.032,0.051,8120,15600,,2.00,2,0,8224x5140,P,1
1272,8.448,1.099,0.269,0.066,0.000,0.016,0.084,0.000,5.099,0.014,5.030,0.054,8120,15600,,2.00,2,0,8224x5140,P,1
1273,8.717,0.000,0.307,0.037,0.000,0.011,0.141,0.000,5.101,0.017,5.028,0.055,8120,15600,,2.00,2,0,8224x5140,P,1
1274,9.616,1.743,0.739,0.121,0.000,0.052,0.232,0.000,5.094,0.015,5.027,0.051,8120,15600,,2.00,2,0,8224x5140,P,1
1275,8.700,0.001,0.809,0.129,0.000,0.052,0.102,0.000,5.095,0.015,5.029,0.051,8120,15600,,2.00,2,0,8224x5140,P,1
1276,7.806,1.652,0.624,0.129,0.000,0.042,0.118,0.000,5.097,0.014,5.030,0.053,8120,15600,,2.00,2,0,8224x5140,P,1
1277,8.419,0.000,0.630,0.128,0.000,0.041,0.130,0.000,5.099,0.014,5.031,0.054,8120,15600,,2.00,2,0,8224x5140,P,1
1278,9.134,1.735,0.613,0.129,0.000,0.044,0.126,0.000,5.219,0.040,5.127,0.052,8120,15600,,2.00,2,0,8224x5140,P,1
1279,8.963,0.001,0.858,0.153,0.000,0.099,0.128,0.000,5.109,0.021,5.036,0.052,8120,15600,,2.00,2,0,8224x5140,P,1
1280,8.929,1.694,0.663,0.146,0.000,0.059,0.113,0.000,5.225,0.042,5.132,0.051,8120,15600,,2.00,2,0,8224x5140,P,1
1281,8.054,0.000,0.572,0.100,0.000,0.029,0.077,0.000,5.108,0.018,5.038,0.052,8120,15600,,2.00,2,0,8224x5140,P,1
1282,7.478,1.858,0.508,0.067,0.000,0.020,0.078,0.000,5.096,0.014,5.028,0.054,8120,15600,,2.00,2,0,8224x5140,P,1
1283,8.258,0.000,0.524,0.061,0.000,0.016,0.102,0.000,5.099,0.014,5.031,0.054,8120,15600,,2.00,2,0,8224x5140,P,1
1284,7.622,1.653,0.658,0.137,0.000,0.046,0.087,0.000,5.097,0.014,5.032,0.050,8120,15600,,2.00,2,0,8224x5140,P,1
1285,8.214,0.000,0.520,0.093,0.000,0.026,0.112,0.000,5.107,0.014,5.034,0.060,8120,15600,,2.00,2,0,8224x5140,P,1
1286,7.806,1.694,0.558,0.115,0.000,0.036,0.110,0.000,5.099,0.014,5.028,0.058,8120,15600,,2.00,2,0,8224x5140,P,1
1287,8.596,0.000,0.695,0.116,0.000,0.037,0.104,0.000,5.102,0.014,5.033,0.056,8120,15600,,2.00,2,0,8224x5140,P,1
1288,7.455,1.821,0.516,0.068,0.000,0.024,0.068,0.000,5.111,0.019,5.035,0.057,8120,15600,,2.00,2,0,8224x5140,P,1
1289,7.862,0.000,0.520,0.060,0.000,0.017,0.073,0.000,5.103,0.014,5.030,0.058,8120,15600,,2.00,2,0,8224x5140,P,1
1290,7.864,1.646,0.490,0.064,0.000,0.016,0.064,0.000,5.107,0.014,5.032,0.061,8120,15600,,2.00,2,0,8224x5140,P,1
1291,8.394,0.000,0.530,0.050,0.000,0.016,0.081,0.000,5.100,0.014,5.029,0.056,8120,15600,,2.00,2,0,8224x5140,P,1
1292,8.244,1.428,0.440,0.074,0.000,0.024,0.085,0.000,5.119,0.022,5.039,0.058,8120,15600,,2.00,2,0,8224x5140,P,1
1293,8.242,0.000,0.422,0.073,0.000,0.020,0.056,0.000,5.097,0.014,5.028,0.054,8120,15600,,2.00,2,0,8224x5140,P,1
1294,8.249,1.036,0.362,0.066,0.000,0.018,0.050,0.000,5.099,0.014,5.030,0.054,8120,15600,,2.00,2,0,8224x5140,P,1
1295,8.503,0.000,0.383,0.054,0.000,0.016,0.061,0.000,5.099,0.016,5.030,0.052,8120,15600,,2.00,2,0,8224x5140,P,1
1296,8.258,0.961,0.318,0.077,0.000,0.021,0.087,0.000,5.097,0.014,5.028,0.056,8120,15600,,2.00,2,0,8224x5140,P,1
1297,8.223,0.000,0.311,0.040,0.000,0.016,0.044,0.000,5.104,0.017,5.030,0.057,8120,15600,,2.00,2,0,8224x5140,P,1
1298,8.337,0.771,0.283,0.038,0.000,0.011,0.051,0.000,5.098,0.014,5.030,0.054,8120,15600,,2.00,2,0,8224x5140,P,1
1299,8.273,0.001,0.315,0.045,0.000,0.012,0.066,0.000,5.100,0.016,5.031,0.052,8120,15600,,2.00,2,0,8224x5140,P,1
1300,8.327,0.885,0.285,0.042,0.000,0.014,0.044,0.000,5.099,0.014,5.032,0.053,8120,15600,,2.00,2,0,8224x5140,P,1
1301,8.274,0.000,0.286,0.029,0.000,0.010,0.036,0.000,5.101,0.017,5.032,0.053,8120,15600,,2.00,2,0,8224x5140,P,1
1302,8.336,0.764,0.271,0.028,0.000,0.010,0.070,0.000,5.100,0.017,5.030,0.053,8120,15600,,2.00,2,0,8224x5140,P,1
1303,8.391,0.000,0.346,0.029,0.000,0.014,0.057,0.000,5.098,0.017,5.030,0.052,8120,15600,,2.00,2,0,8224x5140,P,1
1304,8.239,0.615,0.262,0.034,0.000,0.012,0.038,0.000,5.098,0.017,5.029,0.052,8120,15600,,2.00,2,0,8224x5140,P,1
1305,8.434,0.000,0.267,0.026,0.000,0.009,0.042,0.000,5.100,0.017,5.030,0.054,8120,15600,,2.00,2,0,8224x5140,P,1
1306,8.257,0.804,0.250,0.032,0.000,0.010,0.037,0.000,5.104,0.014,5.032,0.057,8120,15600,,2.00,2,0,8224x5140,P,1
1307,8.366,0.000,0.268,0.030,0.000,0.010,0.034,0.000,5.102,0.017,5.032,0.053,8120,15600,,2.00,2,0,8224x5140,P,1
1308,8.252,0.647,0.224,0.029,0.000,0.009,0.044,0.000,5.103,0.019,5.030,0.055,8120,15600,,2.00,2,0,8224x5140,P,1
1309,8.308,0.000,0.275,0.023,0.000,0.008,0.031,0.000,5.101,0.017,5.030,0.053,8120,15600,,2.00,2,0,8224x5140,P,1
1310,8.388,0.817,0.229,0.024,0.000,0.008,0.022,0.000,5.100,0.017,5.030,0.054,8120,15600,,2.00,2,0,8224x5140,P,1
1311,8.332,0.000,0.270,0.021,0.000,0.008,0.036,0.000,5.101,0.017,5.030,0.054,8120,15600,,2.00,2,0,8224x5140,P,1
1312,8.311,0.613,0.230,0.023,0.000,0.008,0.038,0.000,5.105,0.018,5.032,0.056,8120,15600,,2.00,2,0,8224x5140,P,1
1313,8.305,0.000,0.272,0.034,0.000,0.011,0.038,0.000,5.103,0.017,5.033,0.053,8120,15600,,2.00,2,0,8224x5140,P,1
1314,8.368,0.700,0.227,0.028,0.000,0.009,0.038,0.000,5.101,0.018,5.028,0.055,8120,15600,,2.00,2,0,8224x5140,P,1
1315,8.353,0.000,0.261,0.022,0.000,0.007,0.028,0.000,5.116,0.017,5.041,0.058,8120,15600,,2.00,2,0,8224x5140,P,1
1316,8.355,0.632,0.221,0.023,0.000,0.007,0.089,0.000,5.102,0.017,5.026,0.059,8120,15600,,2.00,2,0,8224x5140,P,1
1317,8.339,0.000,0.255,0.025,0.000,0.008,0.041,0.000,5.107,0.017,5.030,0.059,8120,15600,,2.00,2,0,8224x5140,P,1
1318,8.334,0.667,0.245,0.024,0.000,0.008,0.056,0.000,5.109,0.018,5.031,0.060,8120,15600,,2.00,2,0,8224x5140,P,1
1319,8.275,0.000,0.291,0.025,0.000,0.010,0.042,0.000,5.107,0.017,5.031,0.059,8120,15600,,2.00,2,0,8224x5140,P,1
1320,8.363,0.827,0.262,0.023,0.000,0.013,0.033,0.000,5.100,0.017,5.030,0.053,8120,15600,,2.00,2,0,8224x5140,P,1
1321,8.306,0.000,0.293,0.024,0.000,0.008,0.032,0.000,5.103,0.018,5.033,0.052,8120,15600,,2.00,2,0,8224x5140,P,1
1322,8.305,0.785,0.287,0.025,0.000,0.008,0.046,0.000,5.100,0.014,5.029,0.056,8120,15600,,2.00,2,0,8224x5140,P,1
1323,8.332,0.000,0.318,0.027,0.000,0.014,0.031,0.000,5.113,0.020,5.038,0.055,8120,15600,,2.00,2,0,8224x5140,P,1
1324,8.406,0.734,0.275,0.029,0.000,0.009,0.052,0.000,5.099,0.017,5.029,0.052,8120,15600,,2.00,2,0,8224x5140,P,1
1325,8.313,0.000,0.350,0.032,0.000,0.011,0.056,0.000,5.111,0.018,5.036,0.057,8120,15600,,2.00,2,0,8224x5140,P,1
1326,8.350,0.842,0.300,0.032,0.000,0.009,0.058,0.000,5.103,0.017,5.030,0.055,8120,15600,,2.00,2,0,8224x5140,P,1
1327,8.355,0.000,0.359,0.030,0.000,0.010,0.043,0.000,5.108,0.019,5.035,0.055,8120,15600,,2.00,2,0,8224x5140,P,1
1328,8.309,0.887,0.303,0.034,0.000,0.011,0.043,0.000,5.104,0.017,5.030,0.057,8120,15600,,2.00,2,0,8224x5140,P,1
1329,8.302,0.000,0.402,0.031,0.000,0.011,0.040,0.000,5.131,0.022,5.055,0.055,8120,15600,,2.00,2,0,8224x5140,P,1
1330,8.362,0.911,0.324,0.033,0.000,0.010,0.061,0.000,5.101,0.014,5.028,0.059,8120,15600,,2.00,2,0,8224x5140,P,1
1331,8.284,0.000,0.373,0.033,0.000,0.011,0.055,0.000,5.102,0.014,5.029,0.059,8120,15600,,2.00,2,0,8224x5140,P,1
1332,8.392,1.007,0.364,0.032,0.000,0.011,0.070,0.000,5.120,0.022,5.043,0.055,8120,15600,,2.00,2,0,8224x5140,P,1
1333,8.294,0.000,0.424,0.036,0.000,0.012,0.044,0.000,5.101,0.014,5.030,0.058,8120,15600,,2.00,2,0,8224x5140,P,1
1334,8.310,1.016,0.365,0.035,0.000,0.011,0.041,0.000,5.126,0.022,5.047,0.057,8120,15600,,2.00,2,0,8224x5140,P,1
1335,8.362,0.000,0.412,0.035,0.000,0.011,0.051,0.000,5.105,0.017,5.032,0.056,8120,15600,,2.00,2,0,8224x5140,P,1
1336,8.343,1.127,0.414,0.040,0.000,0.013,0.049,0.000,5.139,0.029,5.052,0.058,8120,15600,,2.00,2,0,8224x5140,P,1
1337,8.310,0.000,0.433,0.045,0.000,0.020,0.059,0.000,5.099,0.014,5.031,0.055,8120,15600,,2.00,2,0,8224x5140,P,1
1338,8.314,1.137,0.443,0.046,0.000,0.014,0.062,0.000,5.194,0.037,5.104,0.053,8120,15600,,2.00,2,0,8224x5140,P,1
1339,8.299,0.000,0.405,0.067,0.000,0.024,0.058,0.000,5.098,0.014,5.031,0.053,8120,15600,,2.00,2,0,8224x5140,P,1
1340,8.277,1.109,0.370,0.072,0.000,0.022,0.050,0.000,5.099,0.016,5.028,0.054,8120,15600,,2.00,2,0,8224x5140,P,1
1341,8.305,0.000,0.421,0.049,0.000,0.017,0.046,0.000,5.098,0.014,5.031,0.052,8120,15600,,2.00,2,0,8224x5140,P,1
1342,8.320,0.775,0.326,0.053,0.000,0.018,0.039,0.000,5.101,0.016,5.030,0.054,8120,15600,,2.00,2,0,8224x5140,P,1
1343,8.260,0.000,0.302,0.050,0.000,0.015,0.046,0.000,5.103,0.014,5.035,0.053,8120,15600,,2.00,2,0,8224x5140,P,1
1344,8.300,0.618,0.284,0.052,0.000,0.016,0.034,0.000,5.100,0.017,5.029,0.054,8120,15600,,2.00,2,0,8224x5140,P,1
1345,8.374,0.000,0.366,0.051,0.000,0.016,0.047,0.000,5.095,0.014,5.029,0.052,8120,15600,,2.00,2,0,8224x5140,P,1
1346,8.277,0.759,0.247,0.050,0.000,0.016,0.041,0.000,5.102,0.017,5.033,0.052,8120,15600,,2.00,2,0,8224x5140,P,1
1347,8.358,0.000,0.310,0.056,0.000,0.019,0.041,0.000,5.098,0.014,5.032,0.052,8120,15600,,2.00,2,0,8224x5140,P,1
1348,8.288,0.603,0.232,0.050,0.000,0.014,0.049,0.000,5.100,0.017,5.031,0.052,8120,15600,,2.00,2,0,8224x5140,P,1
1349,8.322,0.000,0.287,0.047,0.000,0.021,0.038,0.000,5.105,0.014,5.039,0.052,8120,15600,,2.00,2,0,8224x5140,P,1
1350,8.321,0.552,0.250,0.045,0.000,0.014,0.048,0.000,5.102,0.017,5.032,0.053,8120,15600,,2.00,2,0,8224x5140,P,1
1351,8.390,0.000,0.279,0.048,0.000,0.014,0.050,0.000,5.094,0.014,5.027,0.053,8120,15600,,2.00,2,0,8224x5140,P,1
1352,8.291,0.748,0.263,0.060,0.000,0.017,0.052,0.000,5.100,0.017,5.031,0.052,8120,15600,,2.00,2,0,8224x5140,P,1
1353,8.309,0.000,0.290,0.057,0.000,0.019,0.045,0.000,5.099,0.014,5.031,0.053,8120,15600,,2.00,2,0,8224x5140,P,1
1354,8.303,0.657,0.277,0.052,0.000,0.015,0.054,0.000,5.103,0.017,5.033,0.053,8120,15600,,2.00,2,0,8224x5140,P,1
1355,8.328,0.000,0.312,0.048,0.000,0.017,0.048,0.000,5.101,0.014,5.035,0.053,8120,15600,,2.00,2,0,8224x5140,P,1
1356,8.301,0.539,0.238,0.048,0.000,0.014,0.039,0.000,5.098,0.017,5.029,0.053,8120,15600,,2.00,2,0,8224x5140,P,1
1357,8.337,0.000,0.278,0.050,0.000,0.015,0.040,0.000,5.097,0.015,5.030,0.052,8120,15600,,2.00,2,0,8224x5140,P,1
1358,8.340,0.582,0.240,0.045,0.000,0.014,0.050,0.000,5.097,0.016,5.027,0.053,8120,15600,,2.00,2,0,8224x5140,P,1
1359,8.260,0.000,0.271,0.043,0.000,0.013,0.042,0.000,5.102,0.014,5.035,0.052,8120,15600,,2.00,2,0,8224x5140,P,1
1360,8.340,0.555,0.237,0.046,0.000,0.013,0.036,0.000,5.098,0.014,5.031,0.053,8120,15600,,2.00,2,0,8224x5140,P,1
1361,8.327,0.000,0.272,0.044,0.000,0.011,0.044,0.000,5.105,0.017,5.035,0.054,8120,15600,,2.00,2,0,8224x5140,P,1
1362,8.362,0.559,0.249,0.045,0.000,0.015,0.055,0.000,5.087,0.014,5.026,0.047,8120,15600,,2.00,2,0,8224x5140,P,1
1363,8.339,0.000,0.282,0.045,0.000,0.016,0.045,0.000,5.097,0.017,5.030,0.049,8120,15600,,2.00,2,0,8224x5140,P,1
1364,8.199,0.604,0.246,0.050,0.000,0.022,0.039,0.000,5.096,0.014,5.028,0.054,8120,15600,,2.00,2,0,8224x5140,P,1
1365,8.452,0.000,0.401,0.046,0.000,0.017,0.052,0.000,5.099,0.014,5.031,0.054,8120,15600,,2.00,2,0,8224x5140,P,1
1366,8.248,0.609,0.226,0.050,0.000,0.014,0.042,0.000,5.101,0.017,5.030,0.054,8120,15600,,2.00,2,0,8224x5140,P,1
1367,8.356,0.000,0.290,0.036,0.000,0.013,0.043,0.000,5.110,0.018,5.034,0.058,8120,15600,,2.00,2,0,8224x5140,P,1
1368,8.277,0.602,0.217,0.027,0.000,0.008,0.042,0.000,5.100,0.017,5.028,0.056,8120,15600,,2.00,2,0,8224x5140,P,1
1369,8.389,0.000,0.250,0.024,0.000,0.008,0.040,0.000,5.104,0.017,5.031,0.056,8120,15600,,2.00,2,0,8224x5140,P,1
1370,8.266,0.621,0.228,0.021,0.000,0.008,0.032,0.000,5.101,0.017,5.031,0.053,8120,15600,,2.00,2,0,8224x5140,P,1
1371,8.385,0.000,0.275,0.019,0.000,0.007,0.024,0.000,5.098,0.014,5.030,0.054,8120,15600,,2.00,2,0,8224x5140,P,1
1372,8.314,0.599,0.227,0.019,0.000,0.007,0.039,0.000,5.103,0.017,5.032,0.054,8120,15600,,2.00,2,0,8224x5140,P,1
1373,8.285,0.000,0.295,0.028,0.000,0.010,0.043,0.000,5.108,0.017,5.034,0.057,8120,15600,,2.00,2,0,8224x5140,P,1
1374,8.343,0.623,0.250,0.022,0.000,0.008,0.039,0.000,5.101,0.016,5.030,0.055,8120,15600,,2.00,2,0,8224x5140,P,1
1375,8.371,0.000,0.291,0.022,0.000,0.008,0.045,0.000,5.100,0.018,5.029,0.053,8120,15600,,2.00,2,0,8224x5140,P,1
1376,8.278,0.673,0.254,0.022,0.000,0.007,0.032,0.000,5.104,0.019,5.031,0.054,8120,15600,,2.00,2,0,8224x5140,P,1
1377,8.496,0.000,0.304,0.022,0.000,0.008,0.084,0.000,5.096,0.014,5.030,0.051,8120,15600,,2.00,2,0,8224x5140,P,1
1378,8.308,0.966,0.278,0.037,0.000,0.014,0.056,0.000,5.096,0.017,5.029,0.051,8120,15600,,2.00,2,0,8224x5140,P,1
1379,8.288,0.000,0.312,0.033,0.000,0.017,0.055,0.000,5.100,0.018,5.029,0.053,8120,15600,,2.00,2,0,8224x5140,P,1
1380,8.253,0.728,0.310,0.032,0.000,0.012,0.041,0.000,5.101,0.016,5.030,0.055,8120,15600,,2.00,2,0,8224x5140,P,1
1381,8.287,0.000,0.355,0.034,0.000,0.013,0.053,0.000,5.105,0.017,5.033,0.055,8120,15600,,2.00,2,0,8224x5140,P,1
1382,8.340,0.719,0.295,0.025,0.000,0.009,0.047,0.000,5.105,0.017,5.031,0.058,8120,15600,,2.00,2,0,8224x5140,P,1
1383,8.389,0.000,0.339,0.030,0.000,0.009,0.049,0.000,5.097,0.014,5.030,0.053,8120,15600,,2.00,2,0,8224x5140,P,1
1384,7.968,0.780,0.323,0.034,0.000,0.011,0.061,0.000,5.107,0.018,5.032,0.056,8120,15600,tshadow_off,2.00,2,0,8224x5140,N,2
1385,8.365,0.000,0.366,0.034,0.000,0.010,0.045,0.000,2.556,0.014,2.482,0.060,8120,15600,,2.00,2,0,8224x5140,N,2
1386,8.213,1.020,0.345,0.039,0.000,0.012,0.043,0.000,2.611,0.019,2.534,0.058,8120,15600,,2.00,2,0,8224x5140,N,2
1387,8.370,0.000,0.449,0.040,0.000,0.012,0.053,0.000,2.601,0.014,2.530,0.057,8120,15600,,2.00,2,0,8224x5140,N,2
1388,8.349,0.903,1.557,0.090,0.000,0.032,0.057,0.000,2.583,0.014,2.513,0.056,8120,15600,,2.00,2,0,8224x5140,N,2
1389,8.506,0.000,0.380,0.056,0.000,0.019,0.086,0.000,2.568,0.015,2.497,0.056,8120,15600,,2.00,2,0,8224x5140,N,2
1390,8.168,1.196,0.411,0.139,0.000,0.034,0.058,0.000,3.529,0.551,2.923,0.055,8120,15600,,2.00,2,0,8224x5140,N,2
1391,8.482,0.000,0.362,0.052,0.000,0.018,0.086,0.000,2.600,0.017,2.529,0.054,8120,15600,,2.00,2,0,8224x5140,N,2
1392,8.183,1.216,0.463,0.093,0.000,0.029,0.055,0.000,2.610,0.018,2.538,0.054,8120,15600,,2.00,2,0,8224x5140,N,2
1393,8.351,0.000,0.416,0.075,0.000,0.029,0.073,0.000,2.594,0.018,2.521,0.054,8120,15600,,2.00,2,0,8224x5140,N,2
1394,8.454,1.127,0.338,0.088,0.000,0.023,0.071,0.000,2.548,0.017,2.473,0.058,8120,15600,,2.00,2,0,8224x5140,N,2
1395,8.091,0.000,0.374,0.059,0.000,0.018,0.051,0.000,2.555,0.016,2.481,0.058,8120,15600,,2.00,2,0,8224x5140,N,2
1396,8.318,1.113,0.316,0.052,0.000,0.013,0.083,0.000,2.539,0.018,2.462,0.059,8120,15600,,2.00,2,0,8224x5140,N,2
1397,8.541,0.000,0.372,0.040,0.000,0.019,0.061,0.000,2.532,0.017,2.456,0.059,8120,15600,,2.00,2,0,8224x5140,N,2
1398,8.193,1.226,0.359,0.042,0.000,0.015,0.062,0.000,2.535,0.019,2.458,0.058,8120,15600,,2.00,2,0,8224x5140,N,2
1399,8.269,0.000,0.370,0.050,0.000,0.024,0.062,0.000,2.530,0.018,2.454,0.057,8120,15600,,2.00,2,0,8224x5140,N,2
1400,8.334,1.193,0.382,0.109,0.000,0.026,0.075,0.000,2.610,0.024,2.532,0.054,8120,15600,,2.00,2,0,8224x5140,N,2
1401,8.257,0.000,0.355,0.063,0.000,0.019,0.051,0.000,2.551,0.016,2.479,0.055,8120,15600,,2.00,2,0,8224x5140,N,2
1402,8.264,1.371,0.546,0.059,0.000,0.017,0.066,0.000,2.557,0.016,2.486,0.054,8120,15600,,2.00,2,0,8224x5140,N,2
1403,8.133,0.000,0.389,0.050,0.000,0.015,0.074,0.000,2.555,0.016,2.483,0.056,8120,15600,,2.00,2,0,8224x5140,N,2
1404,8.397,1.416,0.387,0.056,0.000,0.018,0.066,0.000,2.548,0.018,2.475,0.055,8120,15600,,2.00,2,0,8224x5140,N,2
1405,8.460,0.000,0.461,0.060,0.000,0.020,0.079,0.000,2.529,0.017,2.456,0.057,8120,15600,,2.00,2,0,8224x5140,N,2
1406,8.107,1.540,0.433,0.060,0.000,0.018,0.078,0.000,2.539,0.017,2.465,0.056,8120,15600,,2.00,2,0,8224x5140,N,2
1407,8.447,0.000,0.440,0.054,0.000,0.016,0.057,0.000,2.539,0.018,2.466,0.055,8120,15600,,2.00,2,0,8224x5140,N,2
1408,8.404,1.300,0.447,0.045,0.000,0.015,0.079,0.000,2.541,0.018,2.467,0.056,8120,15600,,2.00,2,0,8224x5140,N,2
1409,8.341,0.000,0.592,0.048,0.000,0.018,0.078,0.000,2.542,0.018,2.468,0.056,8120,15600,,2.00,2,0,8224x5140,N,2
1410,8.291,1.238,0.445,0.049,0.000,0.018,0.085,0.000,2.526,0.017,2.452,0.057,8120,15600,,2.00,2,0,8224x5140,N,2
1411,8.342,0.000,0.617,0.051,0.000,0.018,0.084,0.000,2.543,0.018,2.469,0.056,8120,15600,,2.00,2,0,8224x5140,N,2
1412,8.316,1.516,0.496,0.058,0.000,0.018,0.086,0.000,2.575,0.020,2.499,0.056,8120,15600,,2.00,2,0,8224x5140,N,2
1413,8.180,0.000,0.625,0.050,0.000,0.021,0.076,0.000,2.557,0.021,2.479,0.058,8120,15600,,2.00,2,0,8224x5140,N,2
1414,8.242,1.589,0.450,0.085,0.000,0.026,0.061,0.000,2.564,0.021,2.487,0.056,8120,15600,,2.00,2,0,8224x5140,N,2
1415,8.244,0.000,0.524,0.056,0.000,0.017,0.065,0.000,2.578,0.016,2.507,0.055,8120,15600,,2.00,2,0,8224x5140,N,2
1416,8.314,0.819,0.350,0.059,0.000,0.018,0.063,0.000,2.600,0.017,2.528,0.054,8120,15600,,2.00,2,0,8224x5140,N,2
1417,8.417,0.000,0.312,0.059,0.000,0.019,0.056,0.000,2.535,0.017,2.463,0.055,8120,15600,,2.00,2,0,8224x5140,N,2
1418,8.201,0.996,0.334,0.075,0.000,0.019,0.050,0.000,2.609,0.017,2.536,0.056,8120,15600,,2.00,2,0,8224x5140,N,2
1419,8.362,0.000,0.314,0.049,0.000,0.016,0.067,0.000,2.682,0.017,2.609,0.056,8120,15600,,2.00,2,0,8224x5140,N,2
1420,8.176,1.107,0.352,0.056,0.000,0.016,0.042,0.000,2.670,0.017,2.600,0.054,8120,15600,,2.00,2,0,8224x5140,N,2
1421,8.289,0.000,0.318,0.035,0.000,0.010,0.047,0.000,2.701,0.017,2.629,0.055,8120,15600,,2.00,2,0,8224x5140,N,2
1422,8.472,0.821,0.269,0.032,0.000,0.009,0.058,0.000,2.709,0.018,2.620,0.071,8120,15600,,2.00,2,0,8224x5140,N,2
1423,16.652,0.000,0.316,0.042,0.000,0.015,0.057,0.000,2.776,0.017,2.677,0.081,8120,15600,,2.00,2,0,8224x5140,N,2
1424,8.205,0.849,0.305,0.078,0.000,0.022,0.045,0.000,2.659,0.018,2.586,0.055,8120,15600,,2.00,2,0,8224x5140,N,2
1425,8.285,0.687,0.272,0.047,0.000,0.013,0.040,0.000,2.715,0.018,2.641,0.056,8120,15600,,2.00,2,0,8224x5140,N,2
1426,8.357,0.000,0.272,0.031,0.000,0.010,0.036,0.000,2.788,0.018,2.714,0.056,8120,15600,,2.00,2,0,8224x5140,N,2
1427,8.539,0.671,0.277,0.036,0.000,0.009,0.036,0.000,2.792,0.018,2.718,0.056,8120,15600,,2.00,2,0,8224x5140,N,2
1428,8.130,0.000,0.267,0.027,0.000,0.009,0.026,0.000,2.791,0.018,2.717,0.057,8120,15600,,2.00,2,0,8224x5140,N,2
1429,8.521,0.577,0.244,0.026,0.000,0.010,0.039,0.000,2.874,0.018,2.798,0.058,8120,15600,,2.00,2,0,8224x5140,N,2
1430,8.397,0.000,0.267,0.029,0.000,0.009,0.046,0.000,2.923,0.018,2.847,0.058,8120,15600,,2.00,2,0,8224x5140,N,2
1431,8.273,0.737,0.249,0.034,0.000,0.011,0.040,0.000,2.916,0.018,2.844,0.055,8120,15600,,2.00,2,0,8224x5140,N,2
1432,8.202,0.000,0.261,0.026,0.000,0.008,0.044,0.000,3.044,0.019,2.969,0.056,8120,15600,,2.00,2,0,8224x5140,N,2
1433,8.246,0.856,0.258,0.041,0.000,0.012,0.049,0.000,3.173,0.019,3.096,0.058,8120,15600,,2.00,2,0,8224x5140,N,2
1434,8.492,0.000,0.275,0.030,0.000,0.010,0.042,0.000,3.158,0.020,3.081,0.056,8120,15600,,2.00,2,0,8224x5140,N,2
1435,8.135,0.739,0.262,0.032,0.000,0.010,0.037,0.000,3.161,0.019,3.084,0.058,8120,15600,,2.00,2,0,8224x5140,N,2
1436,8.538,0.000,0.258,0.023,0.000,0.008,0.040,0.000,3.396,0.020,3.317,0.058,8120,15600,,2.00,2,0,8224x5140,N,2
1437,8.212,0.619,0.266,0.025,0.000,0.008,0.038,0.000,3.536,0.021,3.456,0.058,8120,15600,,2.00,2,0,8224x5140,N,2
1438,8.472,0.000,0.270,0.036,0.000,0.011,0.038,0.000,3.565,0.020,3.485,0.059,8120,15600,,2.00,2,0,8224x5140,N,2
1439,8.239,0.810,0.237,0.032,0.000,0.009,0.049,0.000,3.713,0.023,3.633,0.057,8120,15600,,2.00,2,0,8224x5140,N,2
1440,8.331,0.000,0.412,0.025,0.000,0.008,0.054,0.000,3.938,0.023,3.858,0.058,8120,15600,,2.00,2,0,8224x5140,N,2
1441,8.204,0.697,0.269,0.068,0.000,0.018,0.060,0.000,4.016,0.023,3.934,0.059,8120,15600,,2.00,2,0,8224x5140,N,2
1442,8.344,0.000,0.270,0.040,0.000,0.016,0.038,0.000,4.024,0.023,3.940,0.061,8120,15600,,2.00,2,0,8224x5140,N,2
1443,8.300,0.734,0.224,0.031,0.000,0.010,0.037,0.000,4.320,0.026,4.233,0.061,8120,15600,,2.00,2,0,8224x5140,N,2
1444,8.286,0.000,0.299,0.025,0.000,0.008,0.030,0.000,4.638,0.027,4.550,0.061,8120,15600,,2.00,2,0,8224x5140,N,2
1445,8.573,0.676,0.220,0.022,0.000,0.007,0.037,0.000,4.660,0.026,4.572,0.062,8120,15600,,2.00,2,0,8224x5140,N,2
1446,8.141,0.000,0.286,0.025,0.000,0.009,0.028,0.000,5.053,0.034,4.940,0.078,8120,15600,,2.00,2,0,8224x5140,N,2
1447,8.285,0.569,0.213,0.022,0.000,0.007,0.026,0.000,5.374,0.030,5.272,0.072,8120,15600,,2.00,2,0,8224x5140,N,2
1448,8.410,0.000,0.278,0.023,0.000,0.007,0.029,0.000,5.000,0.030,4.903,0.066,8120,15600,,2.00,2,0,8224x5140,N,2
1449,8.274,0.774,0.227,0.023,0.000,0.008,0.044,0.000,5.192,0.034,5.086,0.072,8120,15600,,2.00,2,0,8224x5140,N,2
1450,8.395,0.000,0.280,0.025,0.000,0.009,0.038,0.000,5.224,0.030,5.118,0.075,8120,15600,,2.00,2,0,8224x5140,N,2
1451,8.326,0.829,0.241,0.026,0.000,0.015,0.040,0.000,5.126,0.030,5.026,0.070,8120,15600,,2.00,2,0,8224x5140,N,2
1452,8.320,0.000,0.270,0.024,0.000,0.008,0.043,0.000,5.220,0.032,5.119,0.069,8120,15600,,2.00,2,0,8224x5140,N,2
1453,8.308,0.870,0.259,0.023,0.000,0.008,0.039,0.000,5.164,0.030,5.059,0.075,8120,15600,,2.00,2,0,8224x5140,N,2
1454,8.315,0.000,0.301,0.026,0.000,0.014,0.029,0.000,5.284,0.031,5.179,0.073,8120,15600,,2.00,2,0,8224x5140,N,2
1455,11.441,0.700,0.265,0.025,0.000,0.008,0.038,0.000,5.176,0.029,4.964,0.183,8120,15600,,2.00,2,0,8224x5140,N,2
1456,6.232,0.000,0.306,0.026,0.000,0.011,0.031,0.000,4.171,0.024,4.022,0.125,8120,15600,,2.00,2,0,8224x5140,N,2
1457,7.274,0.727,0.265,0.029,0.000,0.009,0.030,0.000,4.093,0.021,4.001,0.071,8120,15600,,2.00,2,0,8224x5140,N,2
1458,8.461,0.000,0.312,0.027,0.000,0.008,0.034,0.000,4.001,0.023,3.912,0.066,8120,15600,,2.00,2,0,8224x5140,N,2
1459,8.503,0.819,0.292,0.031,0.000,0.010,0.058,0.000,3.635,0.022,3.554,0.060,8120,15600,,2.00,2,0,8224x5140,N,2
1460,8.242,0.000,0.335,0.029,0.000,0.009,0.039,0.000,3.645,0.022,3.554,0.069,8120,15600,,2.00,2,0,8224x5140,N,2
1461,8.374,0.785,0.306,0.027,0.000,0.009,0.083,0.000,3.583,0.023,3.496,0.064,8120,15600,,2.00,2,0,8224x5140,N,2
1462,8.294,0.000,0.337,0.030,0.000,0.014,0.041,0.000,3.467,0.022,3.387,0.058,8120,15600,,2.00,2,0,8224x5140,N,2
1463,8.348,0.877,0.360,0.032,0.000,0.011,0.042,0.000,3.244,0.020,3.164,0.060,8120,15600,,2.00,2,0,8224x5140,N,2
1464,8.374,0.000,0.351,0.031,0.000,0.012,0.037,0.000,3.234,0.021,3.152,0.061,8120,15600,,2.00,2,0,8224x5140,N,2
1465,8.243,0.897,0.382,0.034,0.000,0.016,0.070,0.000,3.236,0.023,3.154,0.060,8120,15600,,2.00,2,0,8224x5140,N,2
1466,8.390,0.000,0.378,0.033,0.000,0.011,0.057,0.000,3.216,0.022,3.136,0.058,8120,15600,,2.00,2,0,8224x5140,N,2
1467,8.337,1.121,0.411,0.040,0.000,0.014,0.053,0.000,3.049,0.025,2.964,0.060,8120,15600,,2.00,2,0,8224x5140,N,2
1468,8.303,0.000,0.463,0.039,0.000,0.012,0.047,0.000,2.927,0.026,2.842,0.060,8120,15600,,2.00,2,0,8224x5140,N,2
1469,8.369,1.038,0.384,0.036,0.000,0.011,0.058,0.000,2.930,0.025,2.844,0.061,8120,15600,,2.00,2,0,8224x5140,N,2
1470,8.320,0.000,0.430,0.037,0.000,0.017,0.055,0.000,3.033,0.028,2.946,0.059,8120,15600,,2.00,2,0,8224x5140,N,2
1471,8.391,1.097,0.424,0.039,0.000,0.013,0.062,0.000,2.958,0.028,2.870,0.060,8120,15600,,2.00,2,0,8224x5140,N,2
1472,8.199,0.000,0.472,0.041,0.000,0.013,0.074,0.000,2.899,0.027,2.817,0.056,8120,15600,,2.00,2,0,8224x5140,N,2
1473,8.421,1.115,0.424,0.048,0.000,0.014,0.081,0.000,2.859,0.028,2.772,0.059,8120,15600,,2.00,2,0,8224x5140,N,2
1474,8.292,0.000,0.559,0.058,0.000,0.016,0.070,0.000,2.849,0.034,2.756,0.058,8120,15600,,2.00,2,0,8224x5140,N,2
1475,8.297,1.538,0.507,0.052,0.000,0.018,0.065,0.000,2.875,0.037,2.780,0.057,8120,15600,,2.00,2,0,8224x5140,N,2
1476,8.233,0.000,0.556,0.050,0.000,0.016,0.057,0.000,2.820,0.044,2.719,0.057,8120,15600,,2.00,2,0,8224x5140,N,2
1477,8.443,1.311,0.519,0.051,0.000,0.016,0.149,0.000,2.809,0.043,2.707,0.058,8120,15600,,2.00,2,0,8224x5140,N,2
1478,7.897,0.000,0.550,0.050,0.000,0.019,0.072,0.000,2.802,0.038,2.707,0.058,8120,15600,,2.00,2,0,8224x5140,N,2
1479,8.235,1.159,0.488,0.053,0.000,0.017,0.124,0.000,2.809,0.036,2.715,0.058,8120,15600,,2.00,2,0,8224x5140,N,2
1480,8.110,0.000,0.606,0.073,0.000,0.020,0.084,0.000,2.807,0.039,2.706,0.061,8120,15600,,2.00,2,0,8224x5140,N,2
1481,8.020,1.751,0.468,0.073,0.000,0.021,0.080,0.000,2.856,0.038,2.756,0.063,8120,15600,,2.00,2,0,8224x5140,N,2
1482,8.247,0.000,0.588,0.064,0.000,0.019,0.063,0.000,2.830,0.041,2.728,0.061,8120,15600,,2.00,2,0,8224x5140,N,2
1483,8.173,1.268,0.449,0.052,0.000,0.019,0.179,0.000,2.834,0.038,2.734,0.062,8120,15600,,2.00,2,0,8224x5140,N,2
1484,8.174,0.000,0.546,0.055,0.000,0.020,0.071,0.000,2.828,0.040,2.730,0.058,8120,15600,,2.00,2,0,8224x5140,N,2
1485,7.891,1.180,0.445,0.045,0.000,0.016,0.051,0.000,2.825,0.037,2.731,0.057,8120,15600,,2.00,2,0,8224x5140,N,2
1486,8.476,0.000,0.583,0.041,0.000,0.015,0.067,0.000,2.762,0.016,2.687,0.060,8120,15600,,2.00,2,0,8224x5140,N,2
1487,8.182,1.355,0.543,0.061,0.000,0.017,0.070,0.000,2.803,0.037,2.706,0.060,8120,15600,,2.00,2,0,8224x5140,N,2
1488,8.216,0.000,0.586,0.057,0.000,0.029,0.086,0.000,2.922,0.039,2.827,0.056,8120,15600,,2.00,2,0,8224x5140,N,2
1489,8.030,1.384,0.548,0.058,0.000,0.021,0.062,0.000,2.949,0.038,2.854,0.057,8120,15600,,2.00,2,0,8224x5140,N,2
1490,8.522,0.000,0.549,0.055,0.000,0.017,0.109,0.000,3.033,0.041,2.935,0.057,8120,15600,,2.00,2,0,8224x5140,N,2
1491,7.836,1.337,0.516,0.077,0.000,0.025,0.083,0.000,2.965,0.036,2.872,0.057,8120,15600,,2.00,2,0,8224x5140,N,2
1492,8.337,0.000,0.589,0.056,0.000,0.023,0.096,0.000,2.949,0.044,2.849,0.057,8120,15600,,2.00,2,0,8224x5140,N,2
1493,7.631,1.356,0.432,0.101,0.000,0.032,0.071,0.000,3.023,0.037,2.930,0.056,8120,15600,,2.00,2,0,8224x5140,N,2
1494,8.128,0.000,0.491,0.065,0.000,0.019,0.059,0.000,3.154,0.019,3.080,0.055,8120,15600,,2.00,2,0,8224x5140,N,2
1495,8.240,0.969,0.381,0.063,0.000,0.022,0.061,0.000,3.160,0.020,3.082,0.057,8120,15600,,2.00,2,0,8224x5140,N,2
1496,8.463,0.000,0.389,0.060,0.000,0.019,0.086,0.000,3.167,0.019,3.092,0.056,8120,15600,,2.00,2,0,8224x5140,N,2
1497,7.825,1.283,0.366,0.081,0.000,0.022,0.056,0.000,3.187,0.019,3.107,0.061,8120,15600,,2.00,2,0,8224x5140,N,2
1498,8.191,0.000,0.389,0.045,0.000,0.020,0.054,0.000,3.217,0.021,3.137,0.059,8120,15600,,2.00,2,0,8224x5140,N,2
1499,8.291,1.228,0.370,0.058,0.000,0.021,0.065,0.000,3.581,0.022,3.496,0.064,8120,15600,,2.00,2,0,8224x5140,N,2
1500,8.179,0.000,0.397,0.041,0.000,0.012,0.080,0.000,3.646,0.020,3.565,0.060,8120,15600,,2.00,2,0,8224x5140,N,2
1501,8.252,1.201,0.459,0.042,0.000,0.015,0.044,0.000,5.991,1.326,4.605,0.059,8120,15600,,2.00,2,0,8224x5140,N,2
1502,8.103,0.000,0.399,0.039,0.000,0.012,0.057,0.000,3.649,0.021,3.567,0.062,8120,15600,,2.00,2,0,8224x5140,N,2
1503,8.242,0.930,0.314,0.036,0.000,0.013,0.059,0.000,3.600,0.020,3.517,0.062,8120,15600,,2.00,2,0,8224x5140,N,2
1504,8.185,0.000,0.487,0.045,0.000,0.016,0.059,0.000,3.577,0.022,3.491,0.064,8120,15600,,2.00,2,0,8224x5140,N,2
1505,8.268,1.059,0.315,0.033,0.000,0.011,0.068,0.000,3.722,0.024,3.617,0.081,8120,15600,,2.00,2,0,8224x5140,N,2
1506,8.450,0.000,0.365,0.041,0.000,0.012,0.055,0.000,3.970,0.024,3.863,0.083,8120,15600,,2.00,2,0,8224x5140,N,2
1507,8.277,1.222,0.367,0.038,0.000,0.012,0.054,0.000,4.061,0.024,3.970,0.067,8120,15600,,2.00,2,0,8224x5140,N,2
1508,8.169,0.000,0.361,0.044,0.000,0.011,0.046,0.000,4.078,0.024,3.985,0.068,8120,15600,,2.00,2,0,8224x5140,N,2
1509,8.344,1.254,0.353,0.035,0.000,0.012,0.041,0.000,4.065,0.025,3.967,0.074,8120,15600,,2.00,2,0,8224x5140,N,2
1510,8.311,0.000,0.377,0.036,0.000,0.012,0.042,0.000,4.051,0.024,3.961,0.067,8120,15600,,2.00,2,0,8224x5140,N,2
1511,8.314,1.128,0.404,0.039,0.000,0.017,0.049,0.000,4.291,0.029,4.187,0.074,8120,15600,,2.00,2,0,8224x5140,N,2
1512,8.361,0.000,0.441,0.038,0.000,0.011,0.079,0.000,4.628,0.033,4.524,0.071,8120,15600,,2.00,2,0,8224x5140,N,2
1513,8.345,1.072,0.424,0.047,0.000,0.016,0.058,0.000,4.889,0.034,4.785,0.070,8120,15600,,2.00,2,0,8224x5140,N,2
1514,8.295,0.000,0.435,0.038,0.000,0.013,0.069,0.000,4.982,0.033,4.871,0.078,8120,15600,,2.00,2,0,8224x5140,N,2
1515,8.348,1.187,0.477,0.046,0.000,0.014,0.064,0.000,4.884,0.023,4.786,0.074,8120,15600,,2.00,2,0,8224x5140,N,2
1516,8.300,0.000,0.515,0.048,0.000,0.021,0.051,0.000,4.810,0.041,4.696,0.073,8120,15600,,2.00,2,0,8224x5140,N,2
1517,8.318,1.160,0.481,0.053,0.000,0.015,0.059,0.000,5.351,0.029,5.240,0.081,8120,15600,,2.00,2,0,8224x5140,N,2
1518,8.316,0.000,0.451,0.045,0.000,0.013,0.055,0.000,5.188,0.028,5.089,0.071,8120,15600,,2.00,2,0,8224x5140,N,2
1519,8.390,1.155,0.502,0.047,0.000,0.014,0.098,0.000,5.147,0.028,5.044,0.075,8120,15600,,2.00,2,0,8224x5140,N,2
1520,8.341,0.000,0.602,0.055,0.000,0.019,0.079,0.000,5.257,0.059,5.127,0.072,8120,15600,,2.00,2,0,8224x5140,N,2
1521,8.264,1.497,0.541,0.076,0.000,0.017,0.059,0.000,5.166,0.029,5.065,0.072,8120,15600,,2.00,2,0,8224x5140,N,2
1522,8.330,0.000,0.515,0.052,0.000,0.016,0.055,0.000,5.202,0.028,5.093,0.081,8120,15600,,2.00,2,0,8224x5140,N,2
1523,8.965,1.344,0.579,0.049,0.000,0.017,0.186,0.000,5.073,0.028,4.967,0.078,8120,15600,,2.00,2,0,8224x5140,N,2
1524,8.640,0.000,0.987,0.245,0.000,0.076,0.078,0.000,4.836,0.032,4.727,0.077,8120,15600,,2.00,2,0,8224x5140,N,2
1525,8.817,1.311,0.536,0.066,0.000,0.025,0.187,0.000,4.916,0.024,4.819,0.073,8120,15600,,2.00,2,0,8224x5140,N,2
1526,8.413,0.002,0.860,0.225,0.000,0.073,0.103,0.000,4.758,0.033,4.649,0.077,8120,15600,,2.00,2,0,8224x5140,N,2
1527,7.577,1.448,0.584,0.075,0.000,0.022,0.106,0.000,4.888,0.023,4.783,0.081,8120,15600,,2.00,2,0,8224x5140,N,2
1528,8.411,0.001,0.639,0.158,0.000,0.046,0.112,0.000,4.842,0.023,4.742,0.077,8120,15600,,2.00,2,0,8224x5140,N,2
1529,8.589,1.955,0.996,0.172,0.000,0.100,0.114,0.000,4.813,0.030,4.708,0.076,8120,15600,,2.00,2,0,8224x5140,N,2
1530,9.094,0.001,0.805,0.211,0.000,0.052,0.199,0.000,4.725,0.047,4.609,0.069,8120,15600,,2.00,2,0,8224x5140,N,2
1531,8.156,1.900,0.871,0.323,0.000,0.063,0.079,0.000,4.461,0.026,4.365,0.069,8120,15600,,2.00,2,0,8224x5140,N,2
1532,6.765,0.000,0.511,0.070,0.000,0.017,0.081,0.000,4.532,0.025,4.438,0.069,8120,15600,,2.00,2,0,8224x5140,N,2
1533,7.920,1.370,0.606,0.070,0.000,0.019,0.059,0.000,4.732,0.023,4.640,0.069,8120,15600,,2.00,2,0,8224x5140,N,2
1534,8.428,0.000,0.560,0.102,0.000,0.027,0.072,0.000,4.527,0.049,4.412,0.066,8120,15600,,2.00,2,0,8224x5140,N,2
1535,8.109,1.174,0.369,0.085,0.000,0.023,0.048,0.000,4.304,0.027,4.216,0.061,8120,15600,,2.00,2,0,8224x5140,N,2
1536,8.415,0.000,0.410,0.058,0.000,0.016,0.059,0.000,4.320,0.026,4.235,0.059,8120,15600,,2.00,2,0,8224x5140,N,2
1537,8.303,0.881,0.293,0.063,0.000,0.017,0.060,0.000,4.307,0.027,4.213,0.068,8120,15600,,2.00,2,0,8224x5140,N,2
1538,8.228,0.000,0.425,0.041,0.000,0.015,0.042,0.000,4.246,0.027,4.155,0.063,8120,15600,,2.00,2,0,8224x5140,N,2
1539,8.519,0.869,0.276,0.049,0.000,0.014,0.063,0.000,4.269,0.026,4.181,0.062,8120,15600,,2.00,2,0,8224x5140,N,2
1540,8.120,0.000,0.346,0.056,0.000,0.016,0.062,0.000,4.085,0.027,3.996,0.062,8120,15600,,2.00,2,0,8224x5140,N,2
1541,8.374,0.850,0.280,0.045,0.000,0.015,0.046,0.000,4.118,0.026,4.029,0.064,8120,15600,,2.00,2,0,8224x5140,N,2
1542,8.383,0.000,0.303,0.041,0.000,0.012,0.055,0.000,4.115,0.028,4.027,0.059,8120,15600,,2.00,2,0,8224x5140,N,2
1543,8.149,0.815,0.258,0.063,0.000,0.016,0.042,0.000,4.105,0.027,4.015,0.063,8120,15600,,2.00,2,0,8224x5140,N,2
1544,8.352,0.000,0.416,0.041,0.000,0.011,0.058,0.000,4.130,0.027,4.040,0.063,8120,15600,,2.00,2,0,8224x5140,N,2
1545,8.382,0.642,0.230,0.048,0.000,0.012,0.036,0.000,4.123,0.027,4.034,0.061,8120,15600,,2.00,2,0,8224x5140,N,2
1546,8.330,0.000,0.281,0.033,0.000,0.012,0.035,0.000,4.112,0.027,4.023,0.062,8120,15600,,2.00,2,0,8224x5140,N,2
1547,8.233,0.630,0.223,0.036,0.000,0.011,0.035,0.000,4.113,0.026,4.025,0.062,8120,15600,,2.00,2,0,8224x5140,N,2
1548,8.440,0.000,0.267,0.027,0.000,0.009,0.028,0.000,4.297,0.027,4.208,0.062,8120,15600,,2.00,2,0,8224x5140,N,2
1549,8.207,0.612,0.200,0.028,0.000,0.008,0.033,0.000,4.328,0.027,4.229,0.072,8120,15600,,2.00,2,0,8224x5140,N,2
1550,8.533,0.000,0.272,0.028,0.000,0.011,0.045,0.000,4.269,0.026,4.175,0.068,8120,15600,,2.00,2,0,8224x5140,N,2
1551,8.108,0.533,0.217,0.027,0.000,0.008,0.024,0.000,4.415,0.026,4.327,0.062,8120,15600,,2.00,2,0,8224x5140,N,2
1552,8.529,0.000,0.249,0.024,0.000,0.007,0.042,0.000,4.338,0.027,4.249,0.063,8120,15600,,2.00,2,0,8224x5140,N,2
1553,8.174,0.625,0.220,0.033,0.000,0.010,0.031,0.000,4.425,0.028,4.336,0.062,8120,15600,,2.00,2,0,8224x5140,N,2
1554,8.521,0.000,0.297,0.025,0.000,0.008,0.038,0.000,4.481,0.027,4.392,0.062,8120,15600,,2.00,2,0,8224x5140,N,2
1555,8.129,0.616,0.225,0.029,0.000,0.009,0.034,0.000,4.625,0.027,4.527,0.071,8120,15600,,2.00,2,0,8224x5140,N,2
1556,8.468,0.000,0.247,0.024,0.000,0.007,0.040,0.000,4.605,0.026,4.506,0.074,8120,15600,,2.00,2,0,8224x5140,N,2
1557,8.196,0.791,0.245,0.031,0.000,0.009,0.054,0.000,4.723,0.027,4.608,0.087,8120,15600,,2.00,2,0,8224x5140,N,2
1558,8.373,0.000,0.272,0.031,0.000,0.009,0.040,0.000,4.693,0.027,4.596,0.070,8120,15600,,2.00,2,0,8224x5140,N,2
1559,8.404,0.793,0.253,0.039,0.000,0.011,0.060,0.000,4.657,0.027,4.568,0.062,8120,15600,,2.00,2,0,8224x5140,N,2
1560,8.285,0.000,0.300,0.058,0.000,0.016,0.052,0.000,4.663,0.027,4.572,0.064,8120,15600,,2.00,2,0,8224x5140,N,2
1561,8.393,0.830,0.423,0.056,0.000,0.017,0.058,0.000,4.660,0.027,4.569,0.063,8120,15600,,2.00,2,0,8224x5140,N,2
1562,8.249,0.000,0.304,0.056,0.000,0.017,0.064,0.000,4.663,0.026,4.572,0.065,8120,15600,,2.00,2,0,8224x5140,N,2
1563,8.352,0.830,0.303,0.077,0.000,0.023,0.055,0.000,4.691,0.026,4.586,0.079,8120,15600,,2.00,2,0,8224x5140,N,2
1564,8.183,0.000,0.313,0.050,0.000,0.013,0.044,0.000,4.773,0.027,4.663,0.083,8120,15600,,2.00,2,0,8224x5140,N,2
1565,8.266,0.878,0.272,0.036,0.000,0.010,0.035,0.000,4.735,0.026,4.629,0.080,8120,15600,,2.00,2,0,8224x5140,N,2
1566,8.429,0.000,0.308,0.030,0.000,0.015,0.042,0.000,4.794,0.034,4.693,0.067,8120,15600,,2.00,2,0,8224x5140,N,2
1567,8.249,0.986,0.293,0.037,0.000,0.014,0.060,0.000,4.932,0.033,4.825,0.075,8120,15600,,2.00,2,0,8224x5140,N,2
1568,8.442,0.000,0.332,0.033,0.000,0.013,0.054,0.000,5.288,0.029,5.182,0.076,8120,15600,,2.00,2,0,8224x5140,N,2
1569,8.311,1.008,0.311,0.047,0.000,0.015,0.056,0.000,5.055,0.031,4.947,0.076,8120,15600,,2.00,2,0,8224x5140,N,2
1570,8.288,0.000,0.353,0.039,0.000,0.017,0.080,0.000,5.099,0.034,4.988,0.077,8120,15600,,2.00,2,0,8224x5140,N,2
1571,8.399,1.144,0.431,0.045,0.000,0.017,0.061,0.000,5.121,0.028,5.017,0.076,8120,15600,,2.00,2,0,8224x5140,N,2
1572,8.214,0.000,0.355,0.036,0.000,0.012,0.043,0.000,5.191,0.034,5.081,0.076,8120,15600,,2.00,2,0,8224x5140,N,2
1573,8.366,1.141,0.315,0.034,0.000,0.011,0.049,0.000,5.229,0.029,5.127,0.074,8120,15600,,2.00,2,0,8224x5140,N,2
1574,8.342,0.000,0.389,0.035,0.000,0.012,0.058,0.000,5.251,0.032,5.144,0.076,8120,15600,,2.00,2,0,8224x5140,N,2
1575,8.405,1.284,0.357,0.043,0.000,0.017,0.055,0.000,5.315,0.031,5.200,0.085,8120,15600,,2.00,2,0,8224x5140,N,2
1576,8.210,0.000,0.401,0.043,0.000,0.015,0.049,0.000,4.988,0.029,4.887,0.073,8120,15600,,2.00,2,0,8224x5140,N,2
1577,8.377,1.241,0.390,0.042,0.000,0.013,0.062,0.000,5.044,0.031,4.942,0.071,8120,15600,,2.00,2,0,8224x5140,N,2
1578,8.255,0.000,0.391,0.035,0.000,0.011,0.059,0.000,5.022,0.041,4.906,0.075,8120,15600,,2.00,2,0,8224x5140,N,2
1579,8.358,1.168,0.429,0.046,0.000,0.015,0.063,0.000,5.072,0.028,4.962,0.083,8120,15600,,2.00,2,0,8224x5140,N,2
1580,8.290,0.000,0.424,0.045,0.000,0.013,0.050,0.000,5.090,0.031,4.988,0.071,8120,15600,,2.00,2,0,8224x5140,N,2
1581,8.350,1.089,0.402,0.042,0.000,0.012,0.068,0.000,4.927,0.034,4.819,0.074,8120,15600,,2.00,2,0,8224x5140,N,2
1582,8.352,0.000,0.453,0.038,0.000,0.012,0.074,0.000,4.766,0.025,4.663,0.078,8120,15600,,2.00,2,0,8224x5140,N,2
1583,8.415,1.128,0.535,0.051,0.000,0.015,0.063,0.000,4.924,0.038,4.811,0.075,8120,15600,,2.00,2,0,8224x5140,N,2
1584,8.228,0.000,0.624,0.059,0.000,0.017,0.053,0.000,4.852,0.027,4.749,0.076,8120,15600,,2.00,2,0,8224x5140,N,2
1585,8.045,1.276,0.648,0.063,0.000,0.019,0.052,0.000,4.927,0.048,4.806,0.073,8120,15600,,2.00,2,0,8224x5140,N,2
1586,8.085,0.000,0.408,0.047,0.000,0.012,0.059,0.000,4.765,0.023,4.671,0.071,8120,15600,,2.00,2,0,8224x5140,N,2
1587,8.135,1.108,0.450,0.059,0.000,0.018,0.052,0.000,4.851,0.047,4.728,0.076,8120,15600,,2.00,2,0,8224x5140,N,2
1588,8.302,0.000,0.405,0.044,0.000,0.012,0.058,0.000,4.981,0.025,4.885,0.072,8120,15600,,2.00,2,0,8224x5140,N,2
1589,8.147,1.066,0.490,0.047,0.000,0.012,0.057,0.000,5.035,0.045,4.918,0.072,8120,15600,,2.00,2,0,8224x5140,N,2
1590,8.181,0.000,0.382,0.043,0.000,0.013,0.092,0.000,4.762,0.023,4.655,0.084,8120,15600,,2.00,2,0,8224x5140,N,2
1591,8.258,0.913,0.397,0.040,0.000,0.012,0.053,0.000,4.838,0.049,4.716,0.074,8120,15600,,2.00,2,0,8224x5140,N,2
1592,8.171,0.000,0.410,0.056,0.000,0.023,0.064,0.000,5.002,0.029,4.898,0.075,8120,15600,,2.00,2,0,8224x5140,N,2
1593,8.175,1.235,0.472,0.057,0.000,0.019,0.071,0.000,5.018,0.046,4.893,0.078,8120,15600,,2.00,2,0,8224x5140,N,2
1594,8.325,0.000,0.393,0.054,0.000,0.014,0.079,0.000,4.725,0.023,4.634,0.068,8120,15600,,2.00,2,0,8224x5140,N,2
1595,8.062,1.076,0.437,0.121,0.000,0.043,0.058,0.000,4.993,0.049,4.880,0.064,8120,15600,,2.00,2,0,8224x5140,N,2
1596,8.129,0.000,0.315,0.069,0.000,0.024,0.054,0.000,4.652,0.024,4.565,0.063,8120,15600,,2.00,2,0,8224x5140,N,2
1597,8.155,0.955,0.356,0.091,0.000,0.028,0.056,0.000,4.662,0.028,4.571,0.063,8120,15600,,2.00,2,0,8224x5140,N,2
1598,8.184,0.000,0.300,0.054,0.000,0.018,0.062,0.000,4.660,0.028,4.570,0.063,8120,15600,,2.00,2,0,8224x5140,N,2
1599,8.218,0.901,0.322,0.073,0.000,0.022,0.064,0.000,4.672,0.027,4.581,0.064,8120,15600,,2.00,2,0,8224x5140,N,2
1600,8.029,0.000,0.361,0.074,0.000,0.037,0.061,0.000,4.661,0.025,4.572,0.063,8120,15600,,2.00,2,0,8224x5140,N,2
1601,8.306,0.864,0.288,0.072,0.000,0.022,0.059,0.000,4.695,0.027,4.593,0.075,8120,15600,,2.00,2,0,8224x5140,N,2
1602,8.342,0.000,0.336,0.072,0.000,0.016,0.063,0.000,4.945,0.026,4.832,0.088,8120,15600,,2.00,2,0,8224x5140,N,2
1603,8.373,0.998,0.300,0.053,0.000,0.015,0.051,0.000,4.674,0.024,4.582,0.068,8120,15600,,2.00,2,0,8224x5140,N,2
1604,8.257,0.000,0.323,0.036,0.000,0.012,0.048,0.000,4.777,0.033,4.675,0.069,8120,15600,,2.00,2,0,8224x5140,N,2
1605,8.369,1.080,0.322,0.034,0.000,0.011,0.058,0.000,4.977,0.032,4.854,0.091,8120,15600,,2.00,2,0,8224x5140,N,2
1606,8.205,0.000,0.359,0.042,0.000,0.016,0.041,0.000,4.945,0.030,4.844,0.071,8120,15600,,2.00,2,0,8224x5140,N,2
1607,8.394,1.099,0.319,0.035,0.000,0.014,0.064,0.000,4.949,0.034,4.823,0.092,8120,15600,,2.00,2,0,8224x5140,N,2
1608,8.311,0.000,0.362,0.037,0.000,0.010,0.076,0.000,4.962,0.033,4.839,0.090,8120,15600,,2.00,2,0,8224x5140,N,2
1609,8.366,1.205,0.412,0.043,0.000,0.015,0.057,0.000,5.050,0.028,4.938,0.084,8120,15600,,2.00,2,0,8224x5140,N,2
1610,8.277,0.000,0.374,0.044,0.000,0.013,0.047,0.000,5.089,0.033,4.983,0.073,8120,15600,,2.00,2,0,8224x5140,N,2
1611,8.389,1.015,0.378,0.035,0.000,0.017,0.057,0.000,5.084,0.028,4.987,0.068,8120,15600,,2.00,2,0,8224x5140,N,2
1612,8.297,0.000,0.394,0.038,0.000,0.013,0.067,0.000,5.121,0.033,5.019,0.069,8120,15600,,2.00,2,0,8224x5140,N,2
1613,8.343,1.233,0.342,0.040,0.000,0.012,0.078,0.000,5.169,0.029,5.069,0.071,8120,15600,,2.00,2,0,8224x5140,N,2
1614,8.328,0.000,0.448,0.047,0.000,0.016,0.057,0.000,5.036,0.029,4.933,0.074,8120,15600,,2.00,2,0,8224x5140,N,2
1615,8.242,1.391,0.396,0.049,0.000,0.016,0.055,0.000,5.262,0.035,5.157,0.070,8120,15600,,2.00,2,0,8224x5140,N,2
1616,8.389,0.000,0.404,0.046,0.000,0.013,0.055,0.000,5.292,0.028,5.200,0.065,8120,15600,,2.00,2,0,8224x5140,N,2
1617,8.288,1.124,0.478,0.073,0.000,0.020,0.089,0.000,5.097,0.028,5.000,0.068,8120,15600,,2.00,2,0,8224x5140,N,2
1618,8.324,0.000,0.405,0.045,0.000,0.014,0.086,0.000,5.005,0.029,4.908,0.068,8120,15600,,2.00,2,0,8224x5140,N,2
1619,8.366,1.159,0.430,0.052,0.000,0.017,0.087,0.000,4.931,0.037,4.825,0.069,8120,15600,,2.00,2,0,8224x5140,N,2
1620,8.330,0.000,0.447,0.049,0.000,0.019,0.092,0.000,4.833,0.025,4.738,0.070,8120,15600,,2.00,2,0,8224x5140,N,2
1621,7.986,1.368,0.498,0.114,0.000,0.034,0.065,0.000,4.837,0.034,4.735,0.067,8120,15600,,2.00,2,0,8224x5140,N,2
1622,8.180,0.000,0.473,0.059,0.000,0.019,0.075,0.000,4.772,0.024,4.677,0.070,8120,15600,,2.00,2,0,8224x5140,N,2
1623,8.168,1.051,0.426,0.052,0.000,0.017,0.060,0.000,4.765,0.035,4.659,0.071,8120,15600,,2.00,2,0,8224x5140,N,2
1624,8.129,0.000,0.469,0.049,0.000,0.014,0.047,0.000,4.896,0.044,4.784,0.068,8120,15600,,2.00,2,0,8224x5140,N,2
1625,8.279,0.992,0.435,0.041,0.000,0.013,0.077,0.000,4.977,0.025,4.883,0.070,8120,15600,,2.00,2,0,8224x5140,N,2
1626,8.362,0.000,0.496,0.040,0.000,0.023,0.131,0.000,4.793,0.047,4.681,0.065,8120,15600,,2.00,2,0,8224x5140,N,2
1627,8.070,1.162,0.497,0.104,0.000,0.028,0.077,0.000,4.994,0.025,4.903,0.067,8120,15600,,2.00,2,0,8224x5140,N,2
1628,8.012,0.000,0.415,0.074,0.000,0.022,0.061,0.000,4.781,0.026,4.687,0.067,8120,15600,,2.00,2,0,8224x5140,N,2
1629,8.304,1.092,0.374,0.059,0.000,0.017,0.070,0.000,4.912,0.026,4.820,0.066,8120,15600,,2.00,2,0,8224x5140,N,2
1630,8.224,0.000,0.410,0.074,0.000,0.021,0.071,0.000,4.662,0.027,4.571,0.064,8120,15600,,2.00,2,0,8224x5140,N,2
1631,7.986,1.223,0.400,0.086,0.000,0.028,0.064,0.000,4.741,0.027,4.643,0.071,8120,15600,,2.00,2,0,8224x5140,N,2
1632,8.160,0.000,0.434,0.062,0.000,0.021,0.073,0.000,4.717,0.027,4.618,0.072,8120,15600,,2.00,2,0,8224x5140,N,2
1633,8.067,1.238,0.358,0.065,0.000,0.020,0.065,0.000,4.804,0.027,4.706,0.071,8120,15600,,2.00,2,0,8224x5140,N,2
1634,8.200,0.000,0.371,0.046,0.000,0.013,0.061,0.000,4.718,0.027,4.615,0.076,8120,15600,,2.00,2,0,8224x5140,N,2
1635,8.191,1.030,0.349,0.044,0.000,0.012,0.078,0.000,4.760,0.027,4.658,0.075,8120,15600,,2.00,2,0,8224x5140,N,2
1636,8.212,0.000,0.391,0.045,0.000,0.014,0.048,0.000,4.711,0.027,4.617,0.067,8120,15600,,2.00,2,0,8224x5140,N,2
1637,8.264,1.088,0.365,0.039,0.000,0.017,0.059,0.000,4.776,0.027,4.682,0.067,8120,15600,,2.00,2,0,8224x5140,N,2
1638,8.238,0.000,0.377,0.053,0.000,0.018,0.058,0.000,4.779,0.027,4.684,0.068,8120,15600,,2.00,2,0,8224x5140,N,2
1639,8.155,1.146,0.338,0.040,0.000,0.016,0.070,0.000,4.732,0.027,4.632,0.072,8120,15600,,2.00,2,0,8224x5140,N,2
1640,8.288,0.000,0.381,0.040,0.000,0.013,0.059,0.000,4.745,0.027,4.633,0.086,8120,15600,,2.00,2,0,8224x5140,N,2
1641,8.157,1.115,0.345,0.053,0.000,0.018,0.053,0.000,4.765,0.027,4.673,0.065,8120,15600,,2.00,2,0,8224x5140,N,2
1642,8.279,0.000,0.411,0.045,0.000,0.014,0.064,0.000,4.746,0.026,4.656,0.064,8120,15600,,2.00,2,0,8224x5140,N,2
1643,8.146,1.161,0.359,0.053,0.000,0.016,0.055,0.000,4.749,0.026,4.658,0.065,8120,15600,,2.00,2,0,8224x5140,N,2
1644,8.245,0.000,0.335,0.047,0.000,0.013,0.067,0.000,4.724,0.033,4.625,0.066,8120,15600,,2.00,2,0,8224x5140,N,2
1645,8.206,0.987,0.306,0.044,0.000,0.017,0.054,0.000,4.772,0.033,4.674,0.065,8120,15600,,2.00,2,0,8224x5140,N,2
1646,8.306,0.000,0.432,0.042,0.000,0.013,0.036,0.000,4.747,0.034,4.649,0.064,8120,15600,,2.00,2,0,8224x5140,N,2
1647,8.309,0.858,0.255,0.029,0.000,0.009,0.044,0.000,4.882,0.033,4.783,0.066,8120,15600,,2.00,2,0,8224x5140,N,2
1648,8.250,0.000,0.271,0.025,0.000,0.008,0.023,0.000,4.892,0.033,4.792,0.067,8120,15600,,2.00,2,0,8224x5140,N,2
1649,8.340,0.652,0.231,0.023,0.000,0.007,0.028,0.000,5.033,0.032,4.936,0.065,8120,15600,,2.00,2,0,8224x5140,N,2
1650,8.286,0.000,0.250,0.024,0.000,0.007,0.068,0.000,5.179,0.032,5.066,0.081,8120,15600,,2.00,2,0,8224x5140,N,2
1651,8.245,0.685,0.235,0.025,0.000,0.008,0.047,0.000,5.173,0.032,5.058,0.083,8120,15600,,2.00,2,0,8224x5140,N,2
1652,8.401,0.000,0.292,0.027,0.000,0.009,0.037,0.000,5.142,0.029,5.033,0.081,8120,15600,,2.00,2,0,8224x5140,N,2
1653,8.341,0.767,0.240,0.025,0.000,0.008,0.043,0.000,5.160,0.034,5.062,0.065,8120,15600,,2.00,2,0,8224x5140,N,2
1654,8.326,0.000,0.285,0.042,0.000,0.014,0.051,0.000,5.166,0.031,5.071,0.063,8120,15600,,2.00,2,0,8224x5140,N,2
1655,8.282,0.757,0.247,0.056,0.000,0.016,0.043,0.000,5.169,0.030,5.079,0.060,8120,15600,,2.00,2,0,8224x5140,N,2
1656,8.103,0.000,0.246,0.057,0.000,0.015,0.054,0.000,5.318,0.028,5.220,0.070,8120,15600,,2.00,2,0,8224x5140,N,2
1657,8.389,0.658,0.236,0.043,0.000,0.013,0.049,0.000,5.067,0.029,4.972,0.065,8120,15600,,2.00,2,0,8224x5140,N,2
1658,8.299,0.000,0.275,0.048,0.000,0.015,0.047,0.000,4.994,0.033,4.897,0.064,8120,15600,,2.00,2,0,8224x5140,N,2
1659,8.308,0.584,0.266,0.056,0.000,0.018,0.047,0.000,4.918,0.029,4.826,0.063,8120,15600,,2.00,2,0,8224x5140,N,2
1660,8.328,0.000,0.370,0.059,0.000,0.016,0.055,0.000,4.875,0.034,4.779,0.063,8120,15600,,2.00,2,0,8224x5140,N,2
1661,8.307,0.602,0.269,0.062,0.000,0.017,0.050,0.000,4.877,0.032,4.782,0.062,8120,15600,,2.00,2,0,8224x5140,N,2
1662,8.355,0.001,0.279,0.050,0.000,0.018,0.047,0.000,4.880,0.034,4.784,0.062,8120,15600,,2.00,2,0,8224x5140,N,2
1663,8.210,0.632,0.221,0.044,0.000,0.014,0.042,0.000,4.863,0.034,4.766,0.064,8120,15600,,2.00,2,0,8224x5140,N,2
1664,8.324,0.000,0.277,0.035,0.000,0.015,0.039,0.000,4.957,0.029,4.865,0.064,8120,15600,,2.00,2,0,8224x5140,N,2
1665,8.308,0.614,0.215,0.039,0.000,0.011,0.053,0.000,4.899,0.033,4.801,0.065,8120,15600,,2.00,2,0,8224x5140,N,2
1666,8.362,0.000,0.264,0.035,0.000,0.010,0.040,0.000,4.943,0.033,4.828,0.081,8120,15600,,2.00,2,0,8224x5140,N,2
1667,8.121,0.601,0.230,0.042,0.000,0.012,0.035,0.000,5.132,0.032,5.032,0.068,8120,15600,,2.00,2,0,8224x5140,N,2
1668,8.327,0.000,0.272,0.030,0.000,0.009,0.057,0.000,5.074,0.029,4.979,0.065,8120,15600,,2.00,2,0,8224x5140,N,2
1669,8.224,0.609,0.229,0.028,0.000,0.010,0.034,0.000,4.977,0.033,4.876,0.068,8120,15600,,2.00,2,0,8224x5140,N,2
1670,8.337,0.000,0.401,0.024,0.000,0.007,0.023,0.000,5.019,0.032,4.922,0.065,8120,15600,,2.00,2,0,8224x5140,N,2
1671,8.248,0.580,0.229,0.029,0.000,0.009,0.043,0.000,5.100,0.031,4.997,0.073,8120,15600,,2.00,2,0,8224x5140,N,2
1672,8.312,0.000,0.405,0.025,0.000,0.008,0.034,0.000,5.099,0.033,5.003,0.064,8120,15600,,2.00,2,0,8224x5140,N,2
1673,8.237,0.527,0.244,0.031,0.000,0.010,0.047,0.000,5.305,0.029,5.208,0.068,8120,15600,,2.00,2,0,8224x5140,N,2
1674,8.378,0.000,0.255,0.027,0.000,0.009,0.032,0.000,4.966,0.031,4.867,0.069,8120,15600,,2.00,2,0,8224x5140,N,2
1675,8.154,0.662,0.232,0.023,0.000,0.008,0.037,0.000,4.978,0.033,4.873,0.072,8120,15600,,2.00,2,0,8224x5140,N,2
1676,8.411,0.000,0.273,0.022,0.000,0.010,0.041,0.000,4.979,0.030,4.883,0.066,8120,15600,,2.00,2,0,8224x5140,N,2
1677,8.265,0.744,0.225,0.024,0.000,0.013,0.034,0.000,4.940,0.026,4.849,0.066,8120,15600,,2.00,2,0,8224x5140,N,2
1678,8.148,0.000,0.233,0.026,0.000,0.009,0.033,0.000,4.939,0.027,4.847,0.066,8120,15600,,2.00,2,0,8224x5140,N,2
1679,8.519,0.629,0.224,0.022,0.000,0.007,0.033,0.000,4.770,0.031,4.665,0.074,8120,15600,,2.00,2,0,8224x5140,N,2
1680,8.128,0.000,0.257,0.024,0.000,0.007,0.030,0.000,4.728,0.026,4.638,0.064,8120,15600,,2.00,2,0,8224x5140,N,2
1681,8.326,0.620,0.221,0.024,0.000,0.007,0.041,0.000,4.826,0.026,4.721,0.079,8120,15600,,2.00,2,0,8224x5140,N,2
1682,8.352,0.000,0.275,0.023,0.000,0.008,0.028,0.000,4.837,0.027,4.744,0.066,8120,15600,,2.00,2,0,8224x5140,N,2
1683,8.432,0.594,0.239,0.024,0.000,0.007,0.053,0.000,4.668,0.026,4.574,0.068,8120,15600,,2.00,2,0,8224x5140,N,2
1684,8.129,0.000,0.287,0.069,0.000,0.019,0.060,0.000,4.662,0.028,4.574,0.061,8120,15600,,2.00,2,0,8224x5140,N,2
1685,8.207,0.959,0.304,0.083,0.000,0.021,0.048,0.000,4.661,0.027,4.569,0.065,8120,15600,,2.00,2,0,8224x5140,N,2
1686,8.380,0.000,0.322,0.058,0.000,0.016,0.056,0.000,4.664,0.027,4.573,0.065,8120,15600,,2.00,2,0,8224x5140,N,2
1687,8.337,0.913,0.417,0.075,0.000,0.025,0.069,0.000,4.662,0.027,4.571,0.064,8120,15600,,2.00,2,0,8224x5140,N,2
1688,8.318,0.000,0.337,0.070,0.000,0.019,0.060,0.000,4.702,0.027,4.610,0.065,8120,15600,,2.00,2,0,8224x5140,N,2
1689,8.253,0.939,0.306,0.073,0.000,0.021,0.071,0.000,4.738,0.026,4.629,0.084,8120,15600,,2.00,2,0,8224x5140,N,2
1690,8.291,0.000,0.331,0.050,0.000,0.017,0.054,0.000,4.758,0.028,4.647,0.083,8120,15600,,2.00,2,0,8224x5140,N,2
1691,8.243,1.072,0.289,0.045,0.000,0.014,0.065,0.000,4.893,0.027,4.786,0.080,8120,15600,,2.00,2,0,8224x5140,N,2
1692,8.401,0.000,0.371,0.042,0.000,0.014,0.045,0.000,5.054,0.029,4.955,0.070,8120,15600,,2.00,2,0,8224x5140,N,2
1693,8.328,1.131,0.312,0.038,0.000,0.012,0.045,0.000,4.820,0.033,4.712,0.075,8120,15600,,2.00,2,0,8224x5140,N,2
1694,8.321,0.000,0.442,0.039,0.000,0.012,0.046,0.000,4.904,0.033,4.797,0.074,8120,15600,,2.00,2,0,8224x5140,N,2
1695,8.308,1.293,0.474,0.036,0.000,0.014,0.043,0.000,4.943,0.032,4.838,0.073,8120,15600,,2.00,2,0,8224x5140,N,2
1696,8.359,0.000,0.387,0.038,0.000,0.015,0.079,0.000,4.996,0.029,4.892,0.075,8120,15600,,2.00,2,0,8224x5140,N,2
